stage,intervention,locked_option,mean_spearman,mean_pairwise_accuracy,mean_top1,mean_top3,mean_regret,mean_coverage,random_top1_base_rate,T3_tuned
T3-HO_locked_evaluation,I0_no_intervention,none,0.5574567834883621,0.7049809811443188,0.2222222222222222,0.3333333333333333,0.03690395717543856,0.4444444444444444,0.008646551921228235,0
T3-HO_locked_evaluation,I3_shared_class_vector,one_vs_rest_2|0.4,0.5684591708409636,0.7111003247975797,0.1111111111111111,0.3333333333333333,0.044278421620933345,0.2222222222222222,0.008646551921228235,0
T3-HO_locked_evaluation,I4_shared_temperature,1.0,0.7638300134629631,0.7895319782096236,0.4444444444444444,0.5555555555555556,0.08981435500506392,0.5555555555555556,0.008646551921228235,0
T3-HO_locked_evaluation,I5_construction_candidate_gauge,0.0,0.5574567834883621,0.7049809811443188,0.2222222222222222,0.3333333333333333,0.03690395717543856,0.4444444444444444,0.008646551921228235,0
T3-HO_locked_evaluation,I5_random_matched_gauge,0.25,0.5757448250728829,0.7127888223704643,0.1111111111111111,0.4444444444444444,0.04318388404131609,0.2222222222222222,0.008646551921228235,0
