stage,model_fit_stage,source_beta,construction_beta,fit_rows,T2_fit_r2,evaluation_r2,residual_gauge_variance_fraction,source_score_join_fraction,target_labels_used_for_source_features
T2,T2,0.008552308323650483,0.7425008388329609,216,0.5110183366238447,0.5110183366238447,0.48898166337615534,1.0,0
T3-HO,T2_locked,0.008552308323650483,0.7425008388329609,216,0.5110183366238447,0.5684215566765364,0.4315784433234636,1.0,0
