tag,dataset,endpoint,information_regime,removal_kind,rank,cohen_kappa,balanced_accuracy,nll,n_units,prediction_sha256,delta_kappa_vs_unchanged,delta_bacc_vs_unchanged,delta_nll_vs_unchanged,fit_removed_energy_fraction,source_removed_energy_fraction,target_removed_energy_fraction
released,seedv,fresh_head,source_only,unchanged,0,0.17553191489361697,0.34042553191489355,1.6052167410854656,235,64182aa95b774cb5601327363a2e97631bea89ea3dff3f4d3f052e660466bf9e,0.0,0.0,0.0,0.0,0.0,0.0
released,seedv,exact_head,source_only,unchanged,0,0.17553191489361697,0.34042553191489355,1.6052167410854656,235,64182aa95b774cb5601327363a2e97631bea89ea3dff3f4d3f052e660466bf9e,0.0,0.0,0.0,0.0,0.0,0.0
released,seedv,fresh_head,global_oracle,subject_leace,15,0.19148936170212771,0.3531914893617021,1.9082327256370542,235,dc31640c60e1f4831f5df7a2ddfb8aa5bdf1f37368774fe8af1453f9eda9757c,0.015957446808510745,0.012765957446808529,0.3030159845515885,0.8775891837957349,0.8554065423564968,0.8910457063041474
released,seedv,exact_head,global_oracle,subject_leace,15,0.13297872340425532,0.30638297872340425,1.5463275548321413,235,262636b4a32c0d4bfc61e17cf3065d1bd32c37a5a57b5530010dfbfc8b585a48,-0.04255319148936165,-0.0340425531914893,-0.05888918625332429,0.8775891837957349,0.8554065423564968,0.8910457063041474
released,seedv,fresh_head,source_only,subject_leace,15,0.20744680851063835,0.3659574468085106,2.040170623521705,235,188b7ac3aa0c0eff8d1890e24d2ea26656e634cde3d957e1c97282a949310388,0.03191489361702138,0.025531914893617058,0.43495388243623956,0.8963846482939047,0.8963846482939047,0.9182110401388522
released,seedv,exact_head,source_only,subject_leace,15,0.15957446808510634,0.32765957446808514,1.5936677848796075,235,a3dacafb4f95de58f2ad378cdacd333682e7a65baad8f7a7d408f7f2ca95313f,-0.015957446808510634,-0.012765957446808418,-0.011548956205858163,0.8963846482939047,0.8963846482939047,0.9182110401388522
