{
  "decision": "POST_ALIGN_ABSTENTION_ONLY",
  "sample_admissible": {
    "g_unc": false,
    "s_support": false,
    "s_sep": true,
    "pr_cmi_proxy": false
  },
  "batch_admissible": {
    "g_unc": false,
    "s_support": false,
    "s_sep": false,
    "pr_cmi_proxy": false
  },
  "metamorphic_guard": "PASS",
  "serialized_verify_maxabs": 0.0,
  "double_run_hash": "82719b20f12a2bbc",
  "double_run_match": true,
  "sample_auc": {
    "g_unc": {
      "PD": 0.6339924262851492,
      "SCZ": 0.6956526850870501
    },
    "s_support": {
      "PD": 0.47489946282043266,
      "SCZ": 0.45009188582091353
    },
    "s_sep": {
      "PD": 0.6876965305504908,
      "SCZ": 0.7137359251692548
    },
    "pr_cmi_proxy": {
      "PD": 0.42439787396002265,
      "SCZ": 0.3838687951045543
    }
  },
  "sample_auprc": {
    "g_unc": {
      "PD": 0.5765966079340552,
      "SCZ": 0.587026198113883
    },
    "s_support": {
      "PD": 0.4458072726745463,
      "SCZ": 0.396811352196321
    },
    "s_sep": {
      "PD": 0.6334001709297762,
      "SCZ": 0.6098413155073128
    },
    "pr_cmi_proxy": {
      "PD": 0.46844534807037136,
      "SCZ": 0.40952464614868844
    }
  },
  "per_family_auc": {
    "g_unc": {
      "PD/lowmargin_rot": 0.6877676740741909,
      "PD/highmargin_cbw": 0.664427195322107,
      "SCZ/lowmargin_rot": 0.7155886558170714,
      "SCZ/highmargin_cbw": 0.6911716270071796
    },
    "s_support": {
      "PD/lowmargin_rot": 0.47929599308380294,
      "PD/highmargin_cbw": 0.48769930074265794,
      "SCZ/lowmargin_rot": 0.45313011908606293,
      "SCZ/highmargin_cbw": 0.4569885077609712
    },
    "s_sep": {
      "PD/lowmargin_rot": 0.7047272107682704,
      "PD/highmargin_cbw": 0.6760624933611805,
      "SCZ/lowmargin_rot": 0.7378203299121654,
      "SCZ/highmargin_cbw": 0.7258436053295683
    },
    "pr_cmi_proxy": {
      "PD/lowmargin_rot": 0.3773334181843275,
      "PD/highmargin_cbw": 0.4090961415624739,
      "SCZ/lowmargin_rot": 0.38419323315073245,
      "SCZ/highmargin_cbw": 0.3815510445594525
    }
  },
  "batch": {
    "g_unc": {
      "PD": {
        "spearman": -0.0123303505806984,
        "cindex": 0.4953528296657643,
        "auc_pos": 0.500771641928082,
        "n": 9380
      },
      "SCZ": {
        "spearman": -0.40396765129236556,
        "cindex": 0.36240587359262677,
        "auc_pos": 0.30952110927433774,
        "n": 9905
      }
    },
    "s_support": {
      "PD": {
        "spearman": 0.04506130006882417,
        "cindex": 0.5155746600841068,
        "auc_pos": 0.532013110447732,
        "n": 9380
      },
      "SCZ": {
        "spearman": 0.025964812577243104,
        "cindex": 0.50877789276376,
        "auc_pos": 0.50229961642133,
        "n": 9905
      }
    },
    "s_sep": {
      "PD": {
        "spearman": 0.11224490596880243,
        "cindex": 0.5368850215984999,
        "auc_pos": 0.5712737642353843,
        "n": 9380
      },
      "SCZ": {
        "spearman": 0.07654111852719564,
        "cindex": 0.52263410575761,
        "auc_pos": 0.5933564165147324,
        "n": 9905
      }
    },
    "pr_cmi_proxy": {
      "PD": {
        "spearman": 0.08484610712394984,
        "cindex": 0.5272247600366493,
        "auc_pos": 0.5224621689785625,
        "n": 9380
      },
      "SCZ": {
        "spearman": 0.12855348498971522,
        "cindex": 0.5421424553500763,
        "auc_pos": 0.600090278889504,
        "n": 9905
      }
    }
  },
  "batch_logfo": {
    "g_unc": {
      "PD": {
        "-lowmargin_rot": {
          "spearman": 0.007791286389407926,
          "cindex": 0.5026296172569903,
          "auc_pos": 0.5182404835390946,
          "n": 4020
        },
        "-highmargin_cbw": {
          "spearman": -0.04574379240065359,
          "cindex": 0.483977468358046,
          "auc_pos": 0.47390920769080835,
          "n": 5360
        }
      },
      "SCZ": {
        "-lowmargin_rot": {
          "spearman": -0.3780532143347682,
          "cindex": 0.372787959768573,
          "auc_pos": 0.3298064067820165,
          "n": 4245
        },
        "-highmargin_cbw": {
          "spearman": -0.42718396875493053,
          "cindex": 0.35262982072398513,
          "auc_pos": 0.27831013570256136,
          "n": 5660
        }
      }
    },
    "s_support": {
      "PD": {
        "-lowmargin_rot": {
          "spearman": 0.08886044188038393,
          "cindex": 0.5310121858015042,
          "auc_pos": 0.5601617798353911,
          "n": 4020
        },
        "-highmargin_cbw": {
          "spearman": 0.017325620990890234,
          "cindex": 0.5060120352110437,
          "auc_pos": 0.5093001440266828,
          "n": 5360
        }
      },
      "SCZ": {
        "-lowmargin_rot": {
          "spearman": 0.06893182757868464,
          "cindex": 0.5230566570044316,
          "auc_pos": 0.5318535195608367,
          "n": 4245
        },
        "-highmargin_cbw": {
          "spearman": -0.008665935786505957,
          "cindex": 0.4972228483724915,
          "auc_pos": 0.47741829535188507,
          "n": 5660
        }
      }
    },
    "s_sep": {
      "PD": {
        "-lowmargin_rot": {
          "spearman": 0.1503167445765517,
          "cindex": 0.550600120737869,
          "auc_pos": 0.5833783436213992,
          "n": 4020
        },
        "-highmargin_cbw": {
          "spearman": 0.02332213674095901,
          "cindex": 0.506797718288482,
          "auc_pos": 0.5298608328640735,
          "n": 5360
        }
      },
      "SCZ": {
        "-lowmargin_rot": {
          "spearman": 0.16654725307469662,
          "cindex": 0.5533628788638802,
          "auc_pos": 0.6412274338127997,
          "n": 4245
        },
        "-highmargin_cbw": {
          "spearman": 0.007840922051402107,
          "cindex": 0.4994497648137961,
          "auc_pos": 0.5292576837678614,
          "n": 5660
        }
      }
    },
    "pr_cmi_proxy": {
      "PD": {
        "-lowmargin_rot": {
          "spearman": 0.0327722786548094,
          "cindex": 0.508620292288736,
          "auc_pos": 0.4979313271604939,
          "n": 4020
        },
        "-highmargin_cbw": {
          "spearman": 0.1325422794956489,
          "cindex": 0.5438664464108496,
          "auc_pos": 0.5505839578099281,
          "n": 5360
        }
      },
      "SCZ": {
        "-lowmargin_rot": {
          "spearman": 0.10570304069824188,
          "cindex": 0.5348650925567016,
          "auc_pos": 0.5748003613369468,
          "n": 4245
        },
        "-highmargin_cbw": {
          "spearman": 0.14736510906619985,
          "cindex": 0.5482846361872673,
          "auc_pos": 0.6299697563970429,
          "n": 5660
        }
      }
    }
  },
  "batch_by_cohort": {
    "g_unc": {
      "PD": {
        "ds002778": 0.09235386526268116,
        "ds003490": 0.02647705027915192,
        "ds004584": -0.013578407090818138
      },
      "SCZ": {
        "ds003944": -0.07650180499438063,
        "ds003947": 0.08459437259625474,
        "ds004000": 0.16765037548833658,
        "ds004367": 0.23349551335230503
      }
    },
    "s_support": {
      "PD": {
        "ds002778": -0.29220824487635366,
        "ds003490": 0.1713338472450324,
        "ds004584": 0.17739218360477277
      },
      "SCZ": {
        "ds003944": -0.18554764872593987,
        "ds003947": 0.02255778810313065,
        "ds004000": -0.2815722430608619,
        "ds004367": -0.028248709709148136
      }
    },
    "s_sep": {
      "PD": {
        "ds002778": -0.04290930665170245,
        "ds003490": 0.08612794436664699,
        "ds004584": 0.08507409695783748
      },
      "SCZ": {
        "ds003944": -0.04078370252582538,
        "ds003947": 0.10127590662057755,
        "ds004000": 0.2003382992463372,
        "ds004367": 0.28159891293621553
      }
    },
    "pr_cmi_proxy": {
      "PD": {
        "ds002778": -0.08727083725578873,
        "ds003490": 0.04315884234297184,
        "ds004584": -0.13018380003162924
      },
      "SCZ": {
        "ds003944": -0.027998488206411862,