{
  "dataset": "BNCI2014_001",
  "subject": "8",
  "seed": 2,
  "warmup_hash": "bcfb05ea0cc4375d",
  "lam": 1.0,
  "protocol": "full_strength_no_ramp_no_rollback",
  "weight_status": "ok",
  "effective_weight_support": 11.215370908937109,
  "mean_source_late_risk_weight": 0.02597270279700915,
  "save_epochs": [
    0,
    1,
    2,
    5,
    10,
    15,
    20
  ],
  "arms": {
    "A_erm_continue": {
      "dump": "BNCI2014_001_sub8_seed2_A_erm_continue.npz",
      "per_epoch": {
        "0": {
          "source_val_bacc": 0.7079741379310345,
          "aux_loss": 0.0,
          "source_late_risk": 0.7629961371421814,
          "target_bacc": 0.59375,
          "eff_rank": 12.153929710388184,
          "contrast_norm": 0.33786917279163997,
          "task_margin": 0.7350701689720154
        },
        "1": {
          "source_val_bacc": 0.7047413793103448,
          "aux_loss": 0.0,
          "source_late_risk": 0.7642446160316467,
          "target_bacc": 0.5954861111111112,
          "eff_rank": 12.16329288482666,
          "contrast_norm": 0.33812948341170945,
          "task_margin": 0.7270737886428833
        },
        "2": {
          "source_val_bacc": 0.7036637931034483,
          "aux_loss": 0.0,
          "source_late_risk": 0.7648374438285828,
          "target_bacc": 0.6024305555555555,
          "eff_rank": 12.153749465942383,
          "contrast_norm": 0.33620269199212394,
          "task_margin": 0.7225052118301392
        },
        "5": {
          "source_val_bacc": 0.6961206896551725,
          "aux_loss": 0.0,
          "source_late_risk": 0.7659249305725098,
          "target_bacc": 0.6024305555555556,
          "eff_rank": 12.161500930786133,
          "contrast_norm": 0.3354613553732634,
          "task_margin": 0.71421879529953
        },
        "10": {
          "source_val_bacc": 0.6918103448275863,
          "aux_loss": 0.0,
          "source_late_risk": 0.7622714638710022,
          "target_bacc": 0.6041666666666666,
          "eff_rank": 12.196144104003906,
          "contrast_norm": 0.33257730764647325,
          "task_margin": 0.7015200853347778
        },
        "15": {
          "source_val_bacc": 0.6928879310344828,
          "aux_loss": 0.0,
          "source_late_risk": 0.7626680135726929,
          "target_bacc": 0.6076388888888888,
          "eff_rank": 12.102032661437988,
          "contrast_norm": 0.33530893673499423,
          "task_margin": 0.6943233609199524
        },
        "20": {
          "source_val_bacc": 0.6928879310344828,
          "aux_loss": 0.0,
          "source_late_risk": 0.7598678469657898,
          "target_bacc": 0.5989583333333334,
          "eff_rank": 12.134700775146484,
          "contrast_norm": 0.33945659808814527,
          "task_margin": 0.6918664574623108
        }
      },
      "target_bacc_final": 0.5989583333333334,
      "source_val_bacc_final": 0.6928879310344828
    },
    "B_cs_rw_mcc": {
      "dump": "BNCI2014_001_sub8_seed2_B_cs_rw_mcc.npz",
      "per_epoch": {
        "0": {
          "source_val_bacc": 0.7079741379310345,
          "aux_loss": 0.0,
          "source_late_risk": 0.7629961371421814,
          "target_bacc": 0.59375,
          "eff_rank": 12.153929710388184,
          "contrast_norm": 0.33786917279163997,
          "task_margin": 0.7350701689720154
        },
        "1": {
          "source_val_bacc": 0.7025862068965517,
          "aux_loss": 0.44249693410737173,
          "source_late_risk": 0.7671646475791931,
          "target_bacc": 0.5989583333333334,
          "eff_rank": 12.115537643432617,
          "contrast_norm": 0.3405189381291469,
          "task_margin": 0.7252916693687439
        },
        "2": {
          "source_val_bacc": 0.6961206896551724,
          "aux_loss": 0.4337325000337192,
          "source_late_risk": 0.7663871645927429,
          "target_bacc": 0.59375,
          "eff_rank": 12.138103485107422,
          "contrast_norm": 0.3363233016182979,
          "task_margin": 0.7250186204910278
        },
        "5": {
          "source_val_bacc": 0.6950431034482758,
          "aux_loss": 0.41667049271719797,
          "source_late_risk": 0.7697663307189941,
          "target_bacc": 0.5815972222222222,
          "eff_rank": 12.098085403442383,
          "contrast_norm": 0.3364203907549381,
          "task_margin": 0.7189517617225647
        },
        "10": {
          "source_val_bacc": 0.6928879310344828,
          "aux_loss": 0.407183974981308,
          "source_late_risk": 0.770403265953064,
          "target_bacc": 0.5833333333333334,
          "eff_rank": 12.052529335021973,
          "contrast_norm": 0.3354871628185113,
          "task_margin": 0.705359935760498
        },
        "15": {
          "source_val_bacc": 0.6939655172413792,
          "aux_loss": 0.3967539998037474,
          "source_late_risk": 0.7687387466430664,
          "target_bacc": 0.5885416666666667,
          "eff_rank": 11.976297378540039,
          "contrast_norm": 0.3365846623977025,
          "task_margin": 0.7015917301177979
        },
        "20": {
          "source_val_bacc": 0.6864224137931034,
          "aux_loss": 0.40279338508844376,
          "source_late_risk": 0.7677131295204163,
          "target_bacc": 0.5954861111111112,
          "eff_rank": 11.97486686706543,
          "contrast_norm": 0.3396779822806517,
          "task_margin": 0.6928982138633728
        }
      },
      "target_bacc_final": 0.5954861111111112,
      "source_val_bacc_final": 0.6864224137931034
    },
    "C_cs_rw_perm": {
      "dump": "BNCI2014_001_sub8_seed2_C_cs_rw_perm.npz",
      "per_epoch": {
        "0": {
          "source_val_bacc": 0.7079741379310345,
          "aux_loss": 0.0,
          "source_late_risk": 0.7629961371421814,
          "target_bacc": 0.59375,
          "eff_rank": 12.153929710388184,
          "contrast_norm": 0.33786917279163997,
          "task_margin": 0.7350701689720154
        },
        "1": {
          "source_val_bacc": 0.7036637931034483,
          "aux_loss": 0.47329959699085783,
          "source_late_risk": 0.7703521847724915,
          "target_bacc": 0.6041666666666667,
          "eff_rank": 12.131834030151367,
          "contrast_norm": 0.34110030680894854,
          "task_margin": 0.7238748073577881
        },
        "2": {
          "source_val_bacc": 0.697198275862069,
          "aux_loss": 0.4688537205968584,
          "source_late_risk": 0.7716333866119385,
          "target_bacc": 0.5972222222222223,
          "eff_rank": 12.13282585144043,
          "contrast_norm": 0.33745303203662236,
          "task_margin": 0.7150337100028992
        },
        "5": {
          "source_val_bacc": 0.697198275862069,
          "aux_loss": 0.4485360362700054,
          "source_late_risk": 0.770555853843689,
          "target_bacc": 0.5972222222222223,
          "eff_rank": 12.137605667114258,
          "contrast_norm": 0.33783134408295157,
          "task_margin": 0.7116180062294006
        },
        "10": {
          "source_val_bacc": 0.6864224137931034,
          "aux_loss": 0.44833346562726156,
          "source_late_risk": 0.7684261798858643,
          "target_bacc": 0.6006944444444444,
          "eff_rank": 12.164806365966797,
          "contrast_norm": 0.3341377911468347,
          "task_margin": 0.7027871608734131
        },
        "15": {
          "source_val_bacc": 0.6875,
          "aux_loss": 0.4373177673135485,
          "source_late_risk": 0.7691015601158142,
          "target_bacc": 0.6163194444444444,
          "eff_rank": 12.099288940429688,
          "contrast_norm": 0.33258328698575496,
          "task_margin": 0.6872833371162415
        },
        "20": {
          "source_val_bacc": 0.6810344827586207,
          "aux_loss": 0.43566095722573145,
          "source_late_risk": 0.7699027061462402,
          "target_bacc": 0.611111111111111,
          "eff_rank": 12.083145141601562,
          "contrast_norm": 0.33841755663355194,
          "task_margin": 0.6819702386856079
        }
      },