{
  "dataset": "BNCI2014_001",
  "subject": "3",
  "seed": 0,
  "warmup_hash": "e23566e89a41383d",
  "lam": 1.0,
  "protocol": "full_strength_no_ramp_no_rollback",
  "weight_status": "ok",
  "effective_weight_support": 15.565232562294772,
  "mean_source_late_risk_weight": 0.027225021736064652,
  "save_epochs": [
    0,
    1,
    2,
    5,
    10,
    15,
    20
  ],
  "arms": {
    "A_erm_continue": {
      "dump": "BNCI2014_001_sub3_seed0_A_erm_continue.npz",
      "per_epoch": {
        "0": {
          "source_val_bacc": 0.677801724137931,
          "aux_loss": 0.0,
          "source_late_risk": 0.7691599130630493,
          "target_bacc": 0.46354166666666663,
          "eff_rank": 11.516671180725098,
          "contrast_norm": 0.28888480986158055,
          "task_margin": 0.7368161678314209
        },
        "1": {
          "source_val_bacc": 0.6788793103448275,
          "aux_loss": 0.0,
          "source_late_risk": 0.7682440876960754,
          "target_bacc": 0.46701388888888884,
          "eff_rank": 11.498473167419434,
          "contrast_norm": 0.2917717039585114,
          "task_margin": 0.7404524683952332
        },
        "2": {
          "source_val_bacc": 0.6788793103448275,
          "aux_loss": 0.0,
          "source_late_risk": 0.7696282863616943,
          "target_bacc": 0.44965277777777773,
          "eff_rank": 11.491925239562988,
          "contrast_norm": 0.29058056361973283,
          "task_margin": 0.725299596786499
        },
        "5": {
          "source_val_bacc": 0.6745689655172414,
          "aux_loss": 0.0,
          "source_late_risk": 0.7662757039070129,
          "target_bacc": 0.4635416666666667,
          "eff_rank": 11.510127067565918,
          "contrast_norm": 0.29014984468619026,
          "task_margin": 0.729526698589325
        },
        "10": {
          "source_val_bacc": 0.6745689655172414,
          "aux_loss": 0.0,
          "source_late_risk": 0.7672393321990967,
          "target_bacc": 0.4513888888888889,
          "eff_rank": 11.541974067687988,
          "contrast_norm": 0.29033059626817703,
          "task_margin": 0.7123288512229919
        },
        "15": {
          "source_val_bacc": 0.6713362068965518,
          "aux_loss": 0.0,
          "source_late_risk": 0.7613781690597534,
          "target_bacc": 0.45833333333333337,
          "eff_rank": 11.534687042236328,
          "contrast_norm": 0.29188498891890047,
          "task_margin": 0.7239159941673279
        },
        "20": {
          "source_val_bacc": 0.6648706896551724,
          "aux_loss": 0.0,
          "source_late_risk": 0.7624952793121338,
          "target_bacc": 0.453125,
          "eff_rank": 11.501349449157715,
          "contrast_norm": 0.29335662834346293,
          "task_margin": 0.7118611335754395
        }
      },
      "target_bacc_final": 0.453125,
      "source_val_bacc_final": 0.6648706896551724
    },
    "B_cs_rw_mcc": {
      "dump": "BNCI2014_001_sub3_seed0_B_cs_rw_mcc.npz",
      "per_epoch": {
        "0": {
          "source_val_bacc": 0.677801724137931,
          "aux_loss": 0.0,
          "source_late_risk": 0.7691599130630493,
          "target_bacc": 0.46354166666666663,
          "eff_rank": 11.516671180725098,
          "contrast_norm": 0.28888480986158055,
          "task_margin": 0.7368161678314209
        },
        "1": {
          "source_val_bacc": 0.677801724137931,
          "aux_loss": 0.5687443007315908,
          "source_late_risk": 0.7728014588356018,
          "target_bacc": 0.4652777777777778,
          "eff_rank": 11.483160972595215,
          "contrast_norm": 0.29348709993064404,
          "task_margin": 0.728685200214386
        },
        "2": {
          "source_val_bacc": 0.6745689655172413,
          "aux_loss": 0.5702859269721168,
          "source_late_risk": 0.7721253633499146,
          "target_bacc": 0.4618055555555555,
          "eff_rank": 11.485940933227539,
          "contrast_norm": 0.2926232904195786,
          "task_margin": 0.7175026535987854
        },
        "5": {
          "source_val_bacc": 0.6702586206896551,
          "aux_loss": 0.5718529298901558,
          "source_late_risk": 0.7705616354942322,
          "target_bacc": 0.4756944444444444,
          "eff_rank": 11.515595436096191,
          "contrast_norm": 0.2923550034562747,
          "task_margin": 0.7174086570739746
        },
        "10": {
          "source_val_bacc": 0.6691810344827587,
          "aux_loss": 0.5659635396940368,
          "source_late_risk": 0.7696112394332886,
          "target_bacc": 0.4652777777777778,
          "eff_rank": 11.605055809020996,
          "contrast_norm": 0.29518879142900306,
          "task_margin": 0.7072441577911377
        },
        "15": {
          "source_val_bacc": 0.665948275862069,
          "aux_loss": 0.5373551909412656,
          "source_late_risk": 0.7688701748847961,
          "target_bacc": 0.4670138888888889,
          "eff_rank": 11.592876434326172,
          "contrast_norm": 0.297558332234621,
          "task_margin": 0.6970290541648865
        },
        "20": {
          "source_val_bacc": 0.6659482758620691,
          "aux_loss": 0.5165264968361173,
          "source_late_risk": 0.7688060998916626,
          "target_bacc": 0.4756944444444445,
          "eff_rank": 11.576655387878418,
          "contrast_norm": 0.3007209030290445,
          "task_margin": 0.6932523250579834
        }
      },
      "target_bacc_final": 0.4756944444444445,
      "source_val_bacc_final": 0.6659482758620691
    },
    "C_cs_rw_perm": {
      "dump": "BNCI2014_001_sub3_seed0_C_cs_rw_perm.npz",
      "per_epoch": {
        "0": {
          "source_val_bacc": 0.677801724137931,
          "aux_loss": 0.0,
          "source_late_risk": 0.7691599130630493,
          "target_bacc": 0.46354166666666663,
          "eff_rank": 11.516671180725098,
          "contrast_norm": 0.28888480986158055,
          "task_margin": 0.7368161678314209
        },
        "1": {
          "source_val_bacc": 0.6810344827586207,
          "aux_loss": 0.5907930859497615,
          "source_late_risk": 0.7703239321708679,
          "target_bacc": 0.46354166666666663,
          "eff_rank": 11.488144874572754,
          "contrast_norm": 0.291640388717254,
          "task_margin": 0.7326444387435913
        },
        "2": {
          "source_val_bacc": 0.6767241379310344,
          "aux_loss": 0.5789614298513958,
          "source_late_risk": 0.771833598613739,
          "target_bacc": 0.4496527777777778,
          "eff_rank": 11.487926483154297,
          "contrast_norm": 0.2911481436342001,
          "task_margin": 0.719624400138855
        },
        "5": {
          "source_val_bacc": 0.6745689655172414,
          "aux_loss": 0.5998272980962481,
          "source_late_risk": 0.7691741585731506,
          "target_bacc": 0.4670138888888889,
          "eff_rank": 11.517940521240234,
          "contrast_norm": 0.29232052763303124,
          "task_margin": 0.7269317507743835
        },
        "10": {
          "source_val_bacc": 0.6767241379310345,
          "aux_loss": 0.5784910704408374,
          "source_late_risk": 0.7679063677787781,
          "target_bacc": 0.4548611111111111,
          "eff_rank": 11.622848510742188,
          "contrast_norm": 0.2923325567195813,
          "task_margin": 0.716216504573822
        },
        "15": {
          "source_val_bacc": 0.6756465517241379,
          "aux_loss": 0.5676130641783986,
          "source_late_risk": 0.767015278339386,
          "target_bacc": 0.4496527777777778,
          "eff_rank": 11.62594223022461,
          "contrast_norm": 0.29485987052321433,
          "task_margin": 0.7122130393981934
        },
        "20": {
          "source_val_bacc": 0.6713362068965517,
          "aux_loss": 0.563576873924051,
          "source_late_risk": 0.7653630971908569,
          "target_bacc": 0.46875,
          "eff_rank": 11.60387134552002,
          "contrast_norm": 0.2974493612845739,