{
  "dataset": "BNCI2015_001",
  "subject": "3",
  "seed": 0,
  "warmup_hash": "98d77b1452369585",
  "lam": 1.0,
  "protocol": "full_strength_no_ramp_no_rollback",
  "weight_status": "ok",
  "effective_weight_support": 2.5829310508326437,
  "mean_source_late_risk_weight": 0.024675697702872836,
  "save_epochs": [
    0,
    1,
    2,
    5,
    10,
    15,
    20
  ],
  "arms": {
    "A_erm_continue": {
      "dump": "BNCI2015_001_sub3_seed0_A_erm_continue.npz",
      "per_epoch": {
        "0": {
          "source_val_bacc": 0.8846153846153846,
          "aux_loss": 0.0,
          "source_late_risk": 0.2972763180732727,
          "target_bacc": 0.56,
          "eff_rank": 11.471258163452148,
          "contrast_norm": 0.440324998327664,
          "task_margin": 2.2696995735168457
        },
        "1": {
          "source_val_bacc": 0.8846153846153846,
          "aux_loss": 0.0,
          "source_late_risk": 0.29595038294792175,
          "target_bacc": 0.555,
          "eff_rank": 11.480957984924316,
          "contrast_norm": 0.44269665649959017,
          "task_margin": 2.2750535011291504
        },
        "2": {
          "source_val_bacc": 0.8788461538461538,
          "aux_loss": 0.0,
          "source_late_risk": 0.2984786629676819,
          "target_bacc": 0.555,
          "eff_rank": 11.436505317687988,
          "contrast_norm": 0.4488023391791752,
          "task_margin": 2.3003804683685303
        },
        "5": {
          "source_val_bacc": 0.8759615384615385,
          "aux_loss": 0.0,
          "source_late_risk": 0.30012232065200806,
          "target_bacc": 0.5625,
          "eff_rank": 11.467585563659668,
          "contrast_norm": 0.4471038984400885,
          "task_margin": 2.2953333854675293
        },
        "10": {
          "source_val_bacc": 0.8798076923076923,
          "aux_loss": 0.0,
          "source_late_risk": 0.29725146293640137,
          "target_bacc": 0.565,
          "eff_rank": 11.449155807495117,
          "contrast_norm": 0.44974114213671,
          "task_margin": 2.297227382659912
        },
        "15": {
          "source_val_bacc": 0.8788461538461538,
          "aux_loss": 0.0,
          "source_late_risk": 0.2970743477344513,
          "target_bacc": 0.565,
          "eff_rank": 11.425580024719238,
          "contrast_norm": 0.4536334638084684,
          "task_margin": 2.3125014305114746
        },
        "20": {
          "source_val_bacc": 0.8807692307692307,
          "aux_loss": 0.0,
          "source_late_risk": 0.2940848767757416,
          "target_bacc": 0.56,
          "eff_rank": 11.530416488647461,
          "contrast_norm": 0.43947877415588926,
          "task_margin": 2.2417869567871094
        }
      },
      "target_bacc_final": 0.56,
      "source_val_bacc_final": 0.8807692307692307
    },
    "B_cs_rw_mcc": {
      "dump": "BNCI2015_001_sub3_seed0_B_cs_rw_mcc.npz",
      "per_epoch": {
        "0": {
          "source_val_bacc": 0.8846153846153846,
          "aux_loss": 0.0,
          "source_late_risk": 0.2972763180732727,
          "target_bacc": 0.56,
          "eff_rank": 11.471258163452148,
          "contrast_norm": 0.440324998327664,
          "task_margin": 2.2696995735168457
        },
        "1": {
          "source_val_bacc": 0.8759615384615385,
          "aux_loss": 0.2733754319079379,
          "source_late_risk": 0.30275094509124756,
          "target_bacc": 0.5625,
          "eff_rank": 11.394858360290527,
          "contrast_norm": 0.4531582530055727,
          "task_margin": 2.336080551147461
        },
        "2": {
          "source_val_bacc": 0.8730769230769231,
          "aux_loss": 0.25831044607974113,
          "source_late_risk": 0.3015665113925934,
          "target_bacc": 0.5625,
          "eff_rank": 11.315254211425781,
          "contrast_norm": 0.46280108392238617,
          "task_margin": 2.3780577182769775
        },
        "5": {
          "source_val_bacc": 0.8721153846153846,
          "aux_loss": 0.22477569795669394,
          "source_late_risk": 0.30605214834213257,
          "target_bacc": 0.575,
          "eff_rank": 11.19843578338623,
          "contrast_norm": 0.47869605677468435,
          "task_margin": 2.452317953109741
        },
        "10": {
          "source_val_bacc": 0.8653846153846154,
          "aux_loss": 0.20303531815396977,
          "source_late_risk": 0.30599701404571533,
          "target_bacc": 0.57,
          "eff_rank": 11.163128852844238,
          "contrast_norm": 0.4857276507786342,
          "task_margin": 2.462649345397949
        },
        "15": {
          "source_val_bacc": 0.8596153846153847,
          "aux_loss": 0.18456122818145346,
          "source_late_risk": 0.3131558299064636,
          "target_bacc": 0.58,
          "eff_rank": 11.0381498336792,
          "contrast_norm": 0.4993085797343935,
          "task_margin": 2.4896633625030518
        },
        "20": {
          "source_val_bacc": 0.851923076923077,
          "aux_loss": 0.17563162537965368,
          "source_late_risk": 0.3074999749660492,
          "target_bacc": 0.56,
          "eff_rank": 11.147224426269531,
          "contrast_norm": 0.4848220965691975,
          "task_margin": 2.3991432189941406
        }
      },
      "target_bacc_final": 0.56,
      "source_val_bacc_final": 0.851923076923077
    },
    "C_cs_rw_perm": {
      "dump": "BNCI2015_001_sub3_seed0_C_cs_rw_perm.npz",
      "per_epoch": {
        "0": {
          "source_val_bacc": 0.8846153846153846,
          "aux_loss": 0.0,
          "source_late_risk": 0.2972763180732727,
          "target_bacc": 0.56,
          "eff_rank": 11.471258163452148,
          "contrast_norm": 0.440324998327664,
          "task_margin": 2.2696995735168457
        },
        "1": {
          "source_val_bacc": 0.8798076923076923,
          "aux_loss": 0.39633053129023693,
          "source_late_risk": 0.2981124520301819,
          "target_bacc": 0.5525,
          "eff_rank": 11.428816795349121,
          "contrast_norm": 0.4504158943891525,
          "task_margin": 2.322723388671875
        },
        "2": {
          "source_val_bacc": 0.8759615384615385,
          "aux_loss": 0.3499764871407062,
          "source_late_risk": 0.301939457654953,
          "target_bacc": 0.555,
          "eff_rank": 11.342169761657715,
          "contrast_norm": 0.4619006110089166,
          "task_margin": 2.3816261291503906
        },
        "5": {
          "source_val_bacc": 0.8673076923076923,
          "aux_loss": 0.358720360284156,
          "source_late_risk": 0.3122662305831909,
          "target_bacc": 0.5625,
          "eff_rank": 11.212897300720215,
          "contrast_norm": 0.4782042247908456,
          "task_margin": 2.4654014110565186
        },
        "10": {
          "source_val_bacc": 0.8625,
          "aux_loss": 0.29713839894913613,
          "source_late_risk": 0.3154827356338501,
          "target_bacc": 0.5725,
          "eff_rank": 11.106947898864746,
          "contrast_norm": 0.4872285617249353,
          "task_margin": 2.4995808601379395
        },
        "15": {
          "source_val_bacc": 0.8634615384615385,
          "aux_loss": 0.29175721505220903,
          "source_late_risk": 0.30931559205055237,
          "target_bacc": 0.5575,
          "eff_rank": 11.095725059509277,
          "contrast_norm": 0.4881250858306885,
          "task_margin": 2.4850258827209473
        },
        "20": {
          "source_val_bacc": 0.8625,
          "aux_loss": 0.2663177559350399,
          "source_late_risk": 0.3073492646217346,
          "target_bacc": 0.5525,
          "eff_rank": 11.189474105834961,
          "contrast_norm": 0.47373455337115694,
          "task_margin": 2.4136886596679688
        }
      },
      "target_bacc_final": 0.5525,
      "source_val_bacc_final": 0.8625
    },
    "D_cs_risk": {
      "dump": "BNCI2015_001_sub3_seed0_D_cs_risk.npz",
      "per_epoch": {
        "0": {
          "source_val_bacc": 0.8846153846153846,
          "aux_loss": 0.0,