{
  "dataset": "BNCI2014_001",
  "subject": "6",
  "seed": 2,
  "warmup_hash": "93005d82d54f0999",
  "lam": 1.0,
  "protocol": "full_strength_no_ramp_no_rollback",
  "weight_status": "ok",
  "effective_weight_support": 17.56498382020235,
  "mean_source_late_risk_weight": 0.047766097630690306,
  "save_epochs": [
    0,
    1,
    2,
    5,
    10,
    15,
    20
  ],
  "arms": {
    "A_erm_continue": {
      "dump": "BNCI2014_001_sub6_seed2_A_erm_continue.npz",
      "per_epoch": {
        "0": {
          "source_val_bacc": 0.7392241379310345,
          "aux_loss": 0.0,
          "source_late_risk": 0.6829457879066467,
          "target_bacc": 0.24305555555555555,
          "eff_rank": 11.264206886291504,
          "contrast_norm": 0.4346148731807868,
          "task_margin": 1.0464037656784058
        },
        "1": {
          "source_val_bacc": 0.7327586206896552,
          "aux_loss": 0.0,
          "source_late_risk": 0.687175989151001,
          "target_bacc": 0.24652777777777776,
          "eff_rank": 11.252038955688477,
          "contrast_norm": 0.4352477990090847,
          "task_margin": 1.0356736183166504
        },
        "2": {
          "source_val_bacc": 0.7359913793103449,
          "aux_loss": 0.0,
          "source_late_risk": 0.6846761107444763,
          "target_bacc": 0.23958333333333331,
          "eff_rank": 11.263406753540039,
          "contrast_norm": 0.4352281947930654,
          "task_margin": 1.031885027885437
        },
        "5": {
          "source_val_bacc": 0.7316810344827587,
          "aux_loss": 0.0,
          "source_late_risk": 0.6856756806373596,
          "target_bacc": 0.24652777777777776,
          "eff_rank": 11.26368522644043,
          "contrast_norm": 0.43264088133970896,
          "task_margin": 1.0276408195495605
        },
        "10": {
          "source_val_bacc": 0.7349137931034484,
          "aux_loss": 0.0,
          "source_late_risk": 0.6841335892677307,
          "target_bacc": 0.24305555555555555,
          "eff_rank": 11.286121368408203,
          "contrast_norm": 0.4322601427634557,
          "task_margin": 1.0171736478805542
        },
        "15": {
          "source_val_bacc": 0.7392241379310345,
          "aux_loss": 0.0,
          "source_late_risk": 0.6784949898719788,
          "target_bacc": 0.24305555555555555,
          "eff_rank": 11.273131370544434,
          "contrast_norm": 0.4343723985056082,
          "task_margin": 1.0095608234405518
        },
        "20": {
          "source_val_bacc": 0.7273706896551724,
          "aux_loss": 0.0,
          "source_late_risk": 0.6814371943473816,
          "target_bacc": 0.23958333333333331,
          "eff_rank": 11.2506742477417,
          "contrast_norm": 0.4381414160132408,
          "task_margin": 1.0040805339813232
        }
      },
      "target_bacc_final": 0.23958333333333331,
      "source_val_bacc_final": 0.7273706896551724
    },
    "B_cs_rw_mcc": {
      "dump": "BNCI2014_001_sub6_seed2_B_cs_rw_mcc.npz",
      "per_epoch": {
        "0": {
          "source_val_bacc": 0.7392241379310345,
          "aux_loss": 0.0,
          "source_late_risk": 0.6829457879066467,
          "target_bacc": 0.24305555555555555,
          "eff_rank": 11.264206886291504,
          "contrast_norm": 0.4346148731807868,
          "task_margin": 1.0464037656784058
        },
        "1": {
          "source_val_bacc": 0.7262931034482759,
          "aux_loss": 0.5610154771379062,
          "source_late_risk": 0.6923739910125732,
          "target_bacc": 0.23958333333333331,
          "eff_rank": 11.204044342041016,
          "contrast_norm": 0.4367288204530875,
          "task_margin": 1.0344172716140747
        },
        "2": {
          "source_val_bacc": 0.7262931034482758,
          "aux_loss": 0.5459451590265546,
          "source_late_risk": 0.687290370464325,
          "target_bacc": 0.23958333333333331,
          "eff_rank": 11.211186408996582,
          "contrast_norm": 0.43853569130102793,
          "task_margin": 1.0368378162384033
        },
        "5": {
          "source_val_bacc": 0.7295258620689655,
          "aux_loss": 0.5296961345842907,
          "source_late_risk": 0.6869227886199951,
          "target_bacc": 0.23958333333333331,
          "eff_rank": 11.108086585998535,
          "contrast_norm": 0.4385133976737658,
          "task_margin": 1.0209790468215942
        },
        "10": {
          "source_val_bacc": 0.7306034482758621,
          "aux_loss": 0.5247222163847515,
          "source_late_risk": 0.6886908411979675,
          "target_bacc": 0.24479166666666669,
          "eff_rank": 11.03437614440918,
          "contrast_norm": 0.4418099202215672,
          "task_margin": 1.0012145042419434
        },
        "15": {
          "source_val_bacc": 0.7295258620689655,
          "aux_loss": 0.5019696769969804,
          "source_late_risk": 0.6853334307670593,
          "target_bacc": 0.24305555555555555,
          "eff_rank": 10.959283828735352,
          "contrast_norm": 0.44749746744831403,
          "task_margin": 0.995559573173523
        },
        "20": {
          "source_val_bacc": 0.7230603448275862,
          "aux_loss": 0.521271251142025,
          "source_late_risk": 0.693443238735199,
          "target_bacc": 0.2378472222222222,
          "eff_rank": 10.892545700073242,
          "contrast_norm": 0.4534188042084376,
          "task_margin": 0.9778817296028137
        }
      },
      "target_bacc_final": 0.2378472222222222,
      "source_val_bacc_final": 0.7230603448275862
    },
    "C_cs_rw_perm": {
      "dump": "BNCI2014_001_sub6_seed2_C_cs_rw_perm.npz",
      "per_epoch": {
        "0": {
          "source_val_bacc": 0.7392241379310345,
          "aux_loss": 0.0,
          "source_late_risk": 0.6829457879066467,
          "target_bacc": 0.24305555555555555,
          "eff_rank": 11.264206886291504,
          "contrast_norm": 0.4346148731807868,
          "task_margin": 1.0464037656784058
        },
        "1": {
          "source_val_bacc": 0.7252155172413793,
          "aux_loss": 0.48797313230378286,
          "source_late_risk": 0.6892381310462952,
          "target_bacc": 0.24479166666666669,
          "eff_rank": 11.20942211151123,
          "contrast_norm": 0.438345118612051,
          "task_margin": 1.0346410274505615
        },
        "2": {
          "source_val_bacc": 0.7209051724137931,
          "aux_loss": 0.4748639911413193,
          "source_late_risk": 0.6896417737007141,
          "target_bacc": 0.2465277777777778,
          "eff_rank": 11.223031044006348,
          "contrast_norm": 0.4396782706181208,
          "task_margin": 1.032968521118164
        },
        "5": {
          "source_val_bacc": 0.71875,
          "aux_loss": 0.4485784300736019,
          "source_late_risk": 0.6901479363441467,
          "target_bacc": 0.24479166666666669,
          "eff_rank": 11.107551574707031,
          "contrast_norm": 0.4406340293586254,
          "task_margin": 1.029431700706482
        },
        "10": {
          "source_val_bacc": 0.7306034482758621,
          "aux_loss": 0.43909917771816254,
          "source_late_risk": 0.6946357488632202,
          "target_bacc": 0.2465277777777778,
          "eff_rank": 11.053465843200684,
          "contrast_norm": 0.4402255485455195,
          "task_margin": 1.0016387701034546
        },
        "15": {
          "source_val_bacc": 0.7306034482758621,
          "aux_loss": 0.42085689093385426,
          "source_late_risk": 0.6863644123077393,
          "target_bacc": 0.2326388888888889,
          "eff_rank": 11.041171073913574,
          "contrast_norm": 0.4429093321164449,
          "task_margin": 0.9949705600738525
        },
        "20": {
          "source_val_bacc": 0.7176724137931034,
          "aux_loss": 0.4408057906797954,
          "source_late_risk": 0.6959704160690308,
          "target_bacc": 0.22916666666666666,
          "eff_rank": 10.943142890930176,
          "contrast_norm": 0.450718180090189,