{
  "per_dataset": [
    {
      "dataset": "BNCI2014_001",
      "n_subjects": 9,
      "dU_B_A_20": {
        "mean": -0.00012860082304525265,
        "lcb": -0.005336934156378581,
        "ucb": 0.004565329218107029,
        "signflip_p": 0.53125
      },
      "dU_D_A_20": {
        "mean": -0.0007073045267489655,
        "lcb": -0.003215020576131705,
        "ucb": 0.0018647119341564026,
        "signflip_p": 0.7109375
      },
      "dU_B_C_20": {
        "mean": -0.0009645061728394892,
        "lcb": -0.00713734567901234,
        "ucb": 0.003922325102880662,
        "signflip_p": 0.591796875
      },
      "dU_D_E_20": {
        "mean": -0.0023791152263374373,
        "lcb": -0.007780349794238675,
        "ucb": 0.003279320987654346,
        "signflip_p": 0.78125
      },
      "dU_D_B_20": {
        "mean": -0.0005787037037037132,
        "lcb": -0.004050925925925926,
        "ucb": 0.003150720164609033,
        "signflip_p": 0.63671875
      },
      "ORACLE_UB_B_C_maxE": {
        "mean": 0.005851337448559671,
        "lcb": 0.00045010288065846387,
        "ucb": 0.01041666666666665,
        "note": "TARGET-EPOCH ORACLE UPPER BOUND (non-deployable)"
      },
      "ORACLE_UB_D_E_maxE": {
        "mean": 0.00688014403292184,
        "lcb": 0.002572016460905378,
        "ucb": 0.011123971193415672,
        "note": "TARGET-EPOCH ORACLE UPPER BOUND (non-deployable)"
      },
      "target_trajectory": {
        "A_erm_continue": {
          "0": 0.4254115226337448,
          "1": 0.42399691358024694,
          "2": 0.4243184156378601,
          "5": 0.4258616255144034,
          "10": 0.422582304526749,
          "15": 0.42502572016460904,
          "20": 0.425733024691358
        },
        "B_cs_rw_mcc": {
          "0": 0.4254115226337448,
          "1": 0.42476851851851855,
          "2": 0.42676183127572015,
          "5": 0.42650462962962965,
          "10": 0.4229681069958847,
          "15": 0.4256044238683128,
          "20": 0.42560442386831276
        },
        "C_cs_rw_perm": {
          "0": 0.4254115226337448,
          "1": 0.42457561728395066,
          "2": 0.4270190329218107,
          "5": 0.4281121399176955,
          "10": 0.42431841563786005,
          "15": 0.424704218106996,
          "20": 0.42656893004115226
        },
        "D_cs_risk": {
          "0": 0.4254115226337448,
          "1": 0.42586162551440326,
          "2": 0.4265689300411523,
          "5": 0.42798353909465014,
          "10": 0.42489711934156377,
          "15": 0.4248971193415638,
          "20": 0.425025720164609
        },
        "E_cs_risk_perm": {
          "0": 0.4254115226337448,
          "1": 0.42463991769547327,
          "2": 0.4292052469135803,
          "5": 0.4286908436213992,
          "10": 0.42451131687242794,
          "15": 0.42656893004115226,
          "20": 0.4274048353909465
        }
      }
    },
    {
      "dataset": "BNCI2015_001",
      "n_subjects": 12,
      "dU_B_A_20": {
        "mean": 0.0012268518518518403,
        "lcb": -0.004050925925925945,
        "ucb": 0.007013888888888886,
        "signflip_p": 0.349609375
      },
      "dU_D_A_20": {
        "mean": -0.0006481481481481474,
        "lcb": -0.0072453703703703595,
        "ucb": 0.006458333333333319,
        "signflip_p": 0.58447265625
      },
      "dU_B_C_20": {
        "mean": -0.003657407407407399,
        "lcb": -0.00997685185185184,
        "ucb": 0.0025231481481481476,
        "signflip_p": 0.8486328125
      },
      "dU_D_E_20": {
        "mean": -0.005995370370370364,
        "lcb": -0.013796296296296291,
        "ucb": 0.002338541666666673,
        "signflip_p": 0.9052734375
      },
      "dU_D_B_20": {
        "mean": -0.0018749999999999884,
        "lcb": -0.008380208333333323,
        "ucb": 0.004212962962962973,
        "signflip_p": 0.708740234375
      },
      "ORACLE_UB_B_C_maxE": {
        "mean": 0.0054629629629629655,
        "lcb": 0.0018055555555555414,
        "ucb": 0.0091898148148148,
        "note": "TARGET-EPOCH ORACLE UPPER BOUND (non-deployable)"
      },
      "ORACLE_UB_D_E_maxE": {
        "mean": 0.007037037037037042,
        "lcb": 0.0014351851851851904,
        "ucb": 0.01393518518518517,
        "note": "TARGET-EPOCH ORACLE UPPER BOUND (non-deployable)"
      },
      "target_trajectory": {
        "A_erm_continue": {
          "0": 0.6422685185185185,
          "1": 0.6431712962962963,
          "2": 0.6413657407407407,
          "5": 0.641736111111111,
          "10": 0.645300925925926,
          "15": 0.6471064814814815,
          "20": 0.642013888888889
        },
        "B_cs_rw_mcc": {
          "0": 0.6422685185185185,
          "1": 0.6448842592592592,
          "2": 0.6452777777777778,
          "5": 0.6441203703703703,
          "10": 0.6465277777777777,
          "15": 0.6473148148148148,
          "20": 0.6432407407407409
        },
        "C_cs_rw_perm": {
          "0": 0.6422685185185185,
          "1": 0.6444907407407408,
          "2": 0.6453240740740741,
          "5": 0.645486111111111,
          "10": 0.6500462962962963,
          "15": 0.651736111111111,
          "20": 0.6468981481481483
        },
        "D_cs_risk": {
          "0": 0.6422685185185185,
          "1": 0.6426157407407408,
          "2": 0.6434953703703703,
          "5": 0.6427314814814816,
          "10": 0.6454861111111111,
          "15": 0.646712962962963,
          "20": 0.6413657407407407
        },
        "E_cs_risk_perm": {
          "0": 0.6422685185185185,
          "1": 0.6431712962962961,
          "2": 0.6422222222222221,
          "5": 0.6417592592592593,
          "10": 0.6479398148148148,
          "15": 0.6504861111111112,
          "20": 0.6473611111111112
        }
      }
    }
  ],
  "routing": {
    "verdict": "FS-B_EPOCH_SPECIFIC_ORACLE_ONLY",
    "next": "epoch-20 is null on both datasets, but the max_{e>=5} TARGET-EPOCH ORACLE upper bound (non-deployable) is positive on >=1 dataset -> a transient epoch-specific effect visible ONLY with target-label epoch selection; does NOT support a method and does NOT overturn the deployable negative; carry to the ladder as an epoch-selection information question"
  },
  "n_bundles": 63,
  "incomplete_bundles": 0,
  "save_epochs": [
    0,
    1,
    2,
    5,
    10,
    15,
    20
  ],
  "endpoints": "PRIMARY = epoch-20 decisive dU_B-C^(20)/dU_D-E^(20) (+ B-A/D-A/D-B); trajectory = diagnostic; max_{e>=5} = TARGET-EPOCH ORACLE UPPER BOUND (non-deployable ceiling)",
  "discipline": "inference unit=target subject (3 seeds->subj first), subject-cluster bootstrap + exact sign-flip; a positive epoch-20 result localizes failure to source-only SELECTABILITY, does NOT overturn the deployable negative; manuscript FROZEN"
}