tag,source_val_kappa,source_val_nll,source_val_balanced_accuracy,source_val_weighted_f1,target_test_kappa,target_test_nll,target_test_balanced_accuracy,target_test_weighted_f1,primary_metric,downstream_seeds_averaged,task_gate_pass
random,0.5923627786818499,0.8185636390302798,0.6305786084295405,0.6781413455112146,0.5270727601796203,0.8989946374776743,0.5764615589193406,0.6229533176758494,target_test_kappa,3,False
released,0.7523510910861031,0.5705127198110367,0.7823036891498205,0.8062176882693437,0.6840139876140714,0.6515536167690955,0.72684760996785,0.7523794723857332,target_test_kappa,3,True
H200_s0,0.5842049797640749,0.8803694711068932,0.6326127833924332,0.6758424213578822,0.43418333063606007,1.0713803568883047,0.52915331291611,0.5532197511200094,target_test_kappa,3,False
H1000_s0,0.7013698533295387,0.6648134734364158,0.7431815601560722,0.7672131140215033,0.5767054622012242,0.8563526065952133,0.6512911668418414,0.6674872074940061,target_test_kappa,3,True
H2000_s0,0.712292770074002,0.6519925304238289,0.7446375937728347,0.7734636857420135,0.5983238376469038,0.8032856606723606,0.6541667032870893,0.6816153798819122,target_test_kappa,3,True
