dataset,hypothesis,estimate,ci_low,ci_high,bootstrap_p_one_sided,raw_primary_p,holm_adjusted_p,task_gate_all_required_cells_pass,primary_pass,same_rank_empirical_p,variance_matched_empirical_p
seedv,P2_H1,-3.700743415417188e-17,-0.025709219858156034,0.026602147360126015,0.5078984203159368,0.9405940594059405,0.9405940594059405,False,False,0.9405940594059405,0.5544554455445545
seedv,P2_H2,0.0035460992907801283,-0.021701388888888916,0.027777777777777807,0.3837232553489302,0.3564356435643564,0.7128712871287128,False,False,0.2871287128712871,0.3564356435643564
seedv,P2_H3,0.05407801418439717,0.017730496453900717,0.09219858156028375,0.0013997200559888023,0.0013997200559888023,0.004199160167966407,False,False,,
