{
  "FACED": {
    "l5_positive_cells": [],
    "primary_overlap_decrease": true,
    "primary_subject_early": true,
    "primary_task_nll_later": false,
    "task_point": {
      "H1000_s0": {
        "bacc": 0.1668008588298443,
        "kappa": 0.06453973364554366
      },
      "H1000_s1": {
        "bacc": 0.1737788513150832,
        "kappa": 0.0701128564574337
      },
      "H2000_s0": {
        "bacc": 0.1706924315619968,
        "kappa": 0.06820601682707372
      },
      "H2000_s1": {
        "bacc": 0.17525496511003757,
        "kappa": 0.07254967440307225
      },
      "H200_s0": {
        "bacc": 0.14371980676328502,
        "kappa": 0.036236119228521324
      },
      "H200_s1": {
        "bacc": 0.15405260332796566,
        "kappa": 0.04827125438449964
      },
      "H500_s0": {
        "bacc": 0.17887815351583466,
        "kappa": 0.07737311686412174
      },
      "H500_s1": {
        "bacc": 0.1705582393988191,
        "kappa": 0.06732854997497073
      },
      "random": {
        "bacc": 0.13714439076757917,
        "kappa": 0.0285368348537669
      },
      "released": {
        "bacc": 0.17632850241545894,
        "kappa": 0.07547169811320742
      }
    }
  },
  "ISRUC_S3": {
    "l5_positive_cells": [
      "H500_s0",
      "H1000_s0",
      "H2000_s1"
    ],
    "overlap": {
      "H1000_s0": 0.021765276608356605,
      "H1000_s1": 0.020497453892075638,
      "H2000_s0": 0.021473644527407132,
      "H2000_s1": 0.02240673632224185,
      "H200_s0": 0.0573331846173288,
      "H200_s1": 0.06688156654672295,
      "H500_s0": 0.02941025143177626,
      "H500_s1": 0.0268747744545308,
      "random": 0.1373282112392636,
      "released": 0.023815712053130912
    },
    "overlap_decreases_descriptively": true,
    "paired_seed_replicated": false,
    "subject_nll": {
      "H1000_s0": 0.2401617025331067,
      "H1000_s1": 0.24173774141974688,
      "H2000_s0": 0.24934327990989175,
      "H2000_s1": 0.24679376721827087,
      "H200_s0": 0.49616067426397314,
      "H200_s1": 0.5586374083163657,
      "H500_s0": 0.32833715096628197,
      "H500_s1": 0.275797366150193,
      "random": 1.3296442003536533,
      "released": 0.22344025508918305
    },
    "subject_strengthens_descriptively": true,
    "task_kappa": {
      "H1000_s0": 0.5853609323465054,
      "H1000_s1": 0.6256688484360907,
      "H2000_s0": 0.6091783951014966,
      "H2000_s1": 0.6377932279126566,
      "H200_s0": 0.44705850157142957,
      "H200_s1": 0.40017362142955315,
      "H500_s0": 0.5891964468699671,
      "H500_s1": 0.5399502855801868,
      "random": 0.5313710267086881,
      "released": 0.6910443230088184
    }
  },
  "SEED-V": {
    "kappa_budget_means": {
      "200": 0.14893617021276595,
      "500": 0.19414893617021273,
      "1000": 0.25265957446808507,
      "2000": 0.23936170212765956
    },
    "kappa_monotonic": false,
    "l5_positive_cells": [],
    "overlap_decrease": false,
    "subject_continues": true,
    "subject_early": true,
    "task_kappa_higher_than_h200": true,
    "task_nll_higher_than_h200": true
  }
}
