metric,contrast,point,bootstrap_mean,bootstrap_se,ci95_low,ci95_high,p_raw,alternative,bootstrap_replicates,bootstrap_seed,p_holm,reject_holm_0p05
projection_overlap_rank4,H500_minus_H200,-6.62306860111123e-05,-0.0008648671857898229,0.0012055749143639084,-0.003429831031541149,0.001412278520496823,0.4403119376124775,two_sided,5000,20260714,0.770245950809838,False
projection_overlap_rank4,H1000_minus_H200,-0.000911221957231137,-0.001652519759607089,0.0012540875351595474,-0.004590091002280441,0.0004099120937410574,0.1271745650869826,two_sided,5000,20260714,0.5086982603479304,False
projection_overlap_rank4,H2000_minus_H200,-0.0007251547602874758,-0.0010998451641994133,0.0013969930452796438,-0.0041525961556685784,0.0016292497560954852,0.3723255348930214,two_sided,5000,20260714,0.770245950809838,False
projection_overlap_rank4,pooled_higher_minus_H200,-0.000567535801176575,-0.0012057440365321084,0.00116273865984515,-0.0038812380021834396,0.0007578356480198519,0.25674865026994603,two_sided,5000,20260714,0.770245950809838,False
