metric,contrast,point,bootstrap_mean,bootstrap_se,ci95_low,ci95_high,p_raw,alternative,bootstrap_replicates,bootstrap_seed,p_holm,reject_holm_0p05
subject_probe_nll_improvement,random_minus_H200,0.306532186442555,0.3071709340709069,0.04584975152544072,0.21845992600216507,0.3997122269702114,0.0001999600079984003,greater,5000,20260714,0.0003999200159968006,True
subject_probe_nll_improvement,H200_minus_pooled_higher,0.03231410650425754,0.032341094822328185,0.00529848873121471,0.022361551294560644,0.04299094225922041,0.0001999600079984003,greater,5000,20260714,0.0003999200159968006,True
