tag,dataset,endpoint,information_regime,removal_kind,rank,cohen_kappa,balanced_accuracy,nll,n_units,prediction_sha256,delta_kappa_vs_unchanged,delta_bacc_vs_unchanged,delta_nll_vs_unchanged,fit_removed_energy_fraction,source_removed_energy_fraction,target_removed_energy_fraction
H1000_s1,seedv,fresh_head,source_only,unchanged,0,0.037234042553191515,0.22978723404255322,2.1172936865732304,235,95980480d0721c5c09679858404b61770f8e8c8b132b56213806070800605f28,0.0,0.0,0.0,0.0,0.0,0.0
H1000_s1,seedv,exact_head,source_only,unchanged,0,0.037234042553191515,0.22978723404255322,2.1172936865732304,235,95980480d0721c5c09679858404b61770f8e8c8b132b56213806070800605f28,0.0,0.0,0.0,0.0,0.0,0.0
H1000_s1,seedv,fresh_head,global_oracle,subject_leace,15,0.06914893617021278,0.25531914893617025,2.570577323196145,235,1157865e1aa7cafcd55658ef572b547900c0fbb0d2b4b192a9e715913d119098,0.03191489361702127,0.02553191489361703,0.4532836366229147,0.8256104655443262,0.7877123646421826,0.8624510038429011
H1000_s1,seedv,exact_head,global_oracle,subject_leace,15,0.0478723404255319,0.23829787234042557,2.057561936049041,235,21afc186a438a3121c94fc8a42062f43f5b89418e15e03aceeecd2cd956c4251,0.010638297872340385,0.008510638297872353,-0.05973175052418922,0.8256104655443262,0.7877123646421826,0.8624510038429011
H1000_s1,seedv,fresh_head,source_only,subject_leace,15,0.07446808510638303,0.2595744680851064,2.7169647972782904,235,9a829292976051c7f69d752b2d10f40f2359139de8bdeff65ec78d09d017fe81,0.037234042553191515,0.029787234042553207,0.5996711107050601,0.8190076808397866,0.8190076808397866,0.874921551081574
H1000_s1,seedv,exact_head,source_only,subject_leace,15,0.06914893617021278,0.2553191489361702,2.111470611274242,235,0357f6fc2110b7352f0e6a9241dfeddbf6118991984d9a97b5003049f5900039,0.03191489361702127,0.025531914893616975,-0.0058230752989882895,0.8190076808397866,0.8190076808397866,0.874921551081574
