{
  "panel": "W1A",
  "n_rows": 690,
  "per_dataset": {
    "BNCI2014_001": {
      "identity": {
        "n": 9,
        "bacc": 0.6790123456790124,
        "mean_delta": 0.0,
        "delta_ci": [
          0.0,
          0.0
        ],
        "macro_f1": 0.6602110947040201,
        "harm_rate": 0.0,
        "worst_quartile": 0.0
      },
      "euclidean_alignment": {
        "n": 9,
        "bacc": 0.6944444444444444,
        "mean_delta": 0.015432098765432105,
        "delta_ci": [
          -0.02160493827160491,
          0.05555555555555555
        ],
        "macro_f1": 0.686206078760189,
        "harm_rate": 0.2222222222222222,
        "worst_quartile": -0.0625
      },
      "always_pooled": {
        "n": 9,
        "bacc": 0.7299382716049383,
        "mean_delta": 0.050925925925925916,
        "delta_ci": [
          0.018518518518518552,
          0.09108796296296243
        ],
        "macro_f1": 0.7286872720762756,
        "harm_rate": 0.0,
        "worst_quartile": 0.006944444444444475
      },
      "always_canonical_CC": {
        "n": 9,
        "bacc": 0.7021604938271604,
        "mean_delta": 0.023148148148148154,
        "delta_ci": [
          0.0030864197530864087,
          0.05246913580246913
        ],
        "macro_f1": 0.6962075425172674,
        "harm_rate": 0.1111111111111111,
        "worst_quartile": -0.006944444444444475
      },
      "current_joint": {
        "n": 9,
        "bacc": 0.6867283950617283,
        "mean_delta": 0.007716049382716022,
        "delta_ci": [
          -0.018518518518518528,
          0.041666666666666644
        ],
        "macro_f1": 0.6619187345507167,
        "harm_rate": 0.4444444444444444,
        "worst_quartile": -0.03472222222222221
      },
      "spdim": {
        "n": 9,
        "bacc": 0.7098765432098765,
        "mean_delta": 0.030864197530864175,
        "delta_ci": [
          -0.0030864197530864213,
          0.07253086419753081
        ],
        "macro_f1": 0.7066139568954065,
        "harm_rate": 0.2222222222222222,
        "worst_quartile": -0.027777777777777735
      }
    },
    "Cho2017": {
      "identity": {
        "n": 52,
        "bacc": 0.6278205128205128,
        "mean_delta": 0.0,
        "delta_ci": [
          0.0,
          0.0
        ],
        "macro_f1": 0.3777218588535484,
        "harm_rate": 0.0,
        "worst_quartile": 0.0
      },
      "euclidean_alignment": {
        "n": 52,
        "bacc": 0.6933653846153848,
        "mean_delta": 0.06554487179487181,
        "delta_ci": [
          0.024740384615384626,
          0.10615384615384617
        ],
        "macro_f1": 0.40587117767211356,
        "harm_rate": 0.3269230769230769,
        "worst_quartile": -0.10846153846153847
      },
      "always_pooled": {
        "n": 52,
        "bacc": 0.754423076923077,
        "mean_delta": 0.1266025641025641,
        "delta_ci": [
          0.08281891025641026,
          0.17176362179487184
        ],
        "macro_f1": 0.4279095441783395,
        "harm_rate": 0.21153846153846154,
        "worst_quartile": -0.07025641025641027
      },
      "always_canonical_CC": {
        "n": 52,
        "bacc": 0.7322115384615385,
        "mean_delta": 0.10439102564102565,
        "delta_ci": [
          0.06862099358974356,
          0.1419270833333333
        ],
        "macro_f1": 0.42039794143679493,
        "harm_rate": 0.21153846153846154,
        "worst_quartile": -0.0476923076923077
      },
      "current_joint": {
        "n": 52,
        "bacc": 0.8081730769230767,
        "mean_delta": 0.18035256410256414,
        "delta_ci": [
          0.14368509615384611,
          0.21730929487179482
        ],
        "macro_f1": 0.44499154332627006,
        "harm_rate": 0.057692307692307696,
        "worst_quartile": 0.02064102564102564
      },
      "spdim": {
        "n": 52,
        "bacc": 0.7232371794871795,
        "mean_delta": 0.09541666666666665,
        "delta_ci": [
          0.05368349358974358,
          0.13795192307692303
        ],
        "macro_f1": 0.41676578558058,
        "harm_rate": 0.23076923076923078,
        "worst_quartile": -0.08307692307692308
      }
    },
    "Lee2019_MI": {
      "identity": {
        "n": 54,
        "bacc": 0.7111000468488392,
        "mean_delta": 0.0,
        "delta_ci": [
          0.0,
          0.0
        ],
        "macro_f1": 0.6982751763764092,
        "harm_rate": 0.0,
        "worst_quartile": 0.0
      },
      "euclidean_alignment": {
        "n": 54,
        "bacc": 0.7089230796175935,
        "mean_delta": -0.0021769672312456365,
        "delta_ci": [
          -0.014479642988982062,
          0.010308351745931574
        ],
        "macro_f1": 0.7002649041911374,
        "harm_rate": 0.5370370370370371,
        "worst_quartile": -0.055962555962555935
      },
      "always_pooled": {
        "n": 54,
        "bacc": 0.7262658224312813,
        "mean_delta": 0.015165775582442254,
        "delta_ci": [
          0.0026794994198011375,
          0.028222454362899763
        ],
        "macro_f1": 0.7209843234352186,
        "harm_rate": 0.3148148148148148,
        "worst_quartile": -0.040932487053176696
      },
      "always_canonical_CC": {
        "n": 54,
        "bacc": 0.7202043817434037,
        "mean_delta": 0.009104334894564784,
        "delta_ci": [
          -0.0009954309074280288,
          0.0189976719879737
        ],
        "macro_f1": 0.713697462221196,
        "harm_rate": 0.3333333333333333,
        "worst_quartile": -0.03812434250100031
      },
      "current_joint": {
        "n": 54,
        "bacc": 0.7281915104826565,
        "mean_delta": 0.017091463633817458,
        "delta_ci": [
          0.006542851765162491,
          0.02838586313216185
        ],
        "macro_f1": 0.722792847530036,
        "harm_rate": 0.24074074074074073,
        "worst_quartile": -0.027845227850994192
      },
      "spdim": {
        "n": 54,
        "bacc": 0.7244165232306579,
        "mean_delta": 0.01331647638181872,
        "delta_ci": [
          0.002747729823645004,
          0.024466431623400006
        ],
        "macro_f1": 0.717945567967666,
        "harm_rate": 0.3148148148148148,
        "worst_quartile": -0.033691945236173096
      }
    }
  },
  "overall": {
    "identity": {
      "n": 115,
      "bacc": 0.6709320026749137,
      "mean_delta": 0.0,
      "delta_ci": [
        0.0,
        0.0
      ],
      "macro_f1": 0.5503504003221461,
      "harm_rate": 0.0,
      "worst_quartile": 0.0
    },
    "euclidean_alignment": {
      "n": 115,
      "bacc": 0.7007551852117395,
      "mean_delta": 0.029823182536825726,
      "delta_ci": [
        0.009420138335205814,
        0.051119543117219286
      ],
      "macro_f1": 0.5660474849922873,
      "harm_rate": 0.41739130434782606,
      "worst_quartile": -0.08093453834525262
    },
    "always_pooled": {
      "n": 115,
      "bacc": 0.739285207441162,
      "mean_delta": 0.06835320476624826,
      "delta_ci": [
        0.04533065658521056,
        0.09288082355758517
      ],
      "macro_f1": 0.5890663931431473,
      "harm_rate": 0.24347826086956523,
      "worst_quartile": -0.05372111775744781
    },
    "always_canonical_CC": {
      "n": 115,
      "bacc": 0.7242215744225066,
      "mean_delta": 0.05328957174759273,
      "delta_ci": [
        0.03439390943888695,
        0.07404583245756406
      ],
      "macro_f1": 0.5797062938896811,
      "harm_rate": 0.2608695652173913,
      "worst_quartile": -0.042495821775378424
    },
    "current_joint": {
      "n": 115,
      "bacc": 0.7611121488836435,
      "mean_delta": 0.09018014620872973,
      "delta_ci": [
        0.06755487892165993,
        0.1137581022706226
      ],
      "macro_f1": 0.5924142837438646,
      "harm_rate": 0.17391304347826086,
      "worst_quartile": -0.02261068118478699
    },
    "spdim": {
      "n": 115,
      "bacc": 0.7227453432754586,
      "mean_delta": 0.05181334060054483,