{
  "marker": "WAVE0_METRICSWITCH_SLEEP",
  "crossnight": {
    "balanced_accuracy": {
      "Unif": {
        "mean": 0.6572339090773796,
        "ci": [
          0.6347,
          0.6781
        ],
        "n": 75
      },
      "rho_A": {
        "mean": 0.48983692026377573,
        "ci": [
          0.471,
          0.5089
        ],
        "n": 75
      },
      "rho_E": {
        "mean": 0.49529891118929936,
        "ci": [
          0.4754,
          0.5156
        ],
        "n": 75
      },
      "pi_J": {
        "mean": 0.5133428034608775,
        "ci": [
          0.4894,
          0.537
        ],
        "n": 75
      }
    },
    "ordinary_accuracy": {
      "Unif": {
        "mean": 0.7733267943855562,
        "ci": [
          0.7489,
          0.7934
        ],
        "n": 75
      },
      "rho_A": {
        "mean": 0.7119032654925723,
        "ci": [
          0.69,
          0.7316
        ],
        "n": 75
      },
      "rho_E": {
        "mean": 0.7287368874755563,
        "ci": [
          0.7094,
          0.7457
        ],
        "n": 75
      },
      "pi_J": {
        "mean": 0.6862043235604203,
        "ci": [
          0.6567,
          0.7133
        ],
        "n": 75
      }
    },
    "argmax_prior_under_BA": "Unif",
    "argmax_prior_under_OrdAcc": "Unif",
    "switch_confirmed": false,
    "BA_Unif_minus_rhoE": {
      "mean": 0.16193499788808025,
      "ci": [
        0.1435,
        0.1803
      ],
      "n": 75
    },
    "OrdAcc_rhoE_minus_Unif": {
      "mean": -0.04458990690999979,
      "ci": [
        -0.0552,
        -0.0333
      ],
      "n": 75
    }
  },
  "samesession": {
    "balanced_accuracy": {
      "Unif": {
        "mean": 0.6488372908813557,
        "ci": [
          0.6278,
          0.6706
        ],
        "n": 75
      },
      "rho_A": {
        "mean": 0.48764628217647127,
        "ci": [
          0.4695,
          0.5065
        ],
        "n": 75
      },
      "rho_E": {
        "mean": 0.48768465797798816,
        "ci": [
          0.4695,
          0.5065
        ],
        "n": 75
      },
      "pi_J": {
        "mean": 0.5153553326779012,
        "ci": [
          0.494,
          0.5368
        ],
        "n": 75
      }
    },
    "ordinary_accuracy": {
      "Unif": {
        "mean": 0.7762301379855736,
        "ci": [
          0.7561,
          0.7954
        ],
        "n": 75
      },
      "rho_A": {
        "mean": 0.7376611146800776,
        "ci": [
          0.721,
          0.7542
        ],
        "n": 75
      },
      "rho_E": {
        "mean": 0.7376711492012789,
        "ci": [
          0.721,
          0.7542
        ],
        "n": 75
      },
      "pi_J": {
        "mean": 0.7072552274355838,
        "ci": [
          0.6813,
          0.7318
        ],
        "n": 75
      }
    },
    "argmax_prior_under_BA": "Unif",
    "argmax_prior_under_OrdAcc": "Unif",
    "switch_confirmed": false,
    "BA_Unif_minus_rhoE": {
      "mean": 0.16115263290336743,
      "ci": [
        0.1432,
        0.1792
      ],
      "n": 75
    },
    "OrdAcc_rhoE_minus_Unif": {
      "mean": -0.03855898878429469,
      "ci": [
        -0.0504,
        -0.0265
      ],
      "n": 75
    }
  },
  "v2p_ordinary_accuracy_present": false
}