gauge,loto_r2,source_gauge_loto_auc,gap_closed
robust_core_source_moments,-2.3535685496126746,0.4684187181193169,-0.8246766357884945
risk_family_R_src_only,-0.42700392912444673,0.5209178864493236,-0.24532850377513157
