target,offset_true,offset_hat_loto,offset_hat_insample
1,0.41773358553525664,0.40396556704388814,0.41717633639048757
2,0.4501279620690481,0.4707059409122446,0.44610901891617005
3,0.7079428356592044,0.23101629370628135,0.6369889259165246
4,0.18727639498158766,0.743170784558074,0.2473510303656965
5,0.3282880310814982,0.32378522641675034,0.32360014305854573
6,0.4589631119342597,0.597548428897817,0.47831741625693086
7,0.5908482045885215,0.32887968475377827,0.5765137930162733
8,0.6370690261966362,0.5575929279037745,0.6342595279460295
9,0.3495838661518539,0.6532737360743976,0.3675168263312076
