tag,dataset,endpoint,information_regime,removal_kind,rank,cohen_kappa,balanced_accuracy,nll,n_units,prediction_sha256,delta_kappa_vs_unchanged,delta_bacc_vs_unchanged,delta_nll_vs_unchanged,fit_removed_energy_fraction,source_removed_energy_fraction,target_removed_energy_fraction
H1000_s0,seedv,fresh_head,source_only,unchanged,0,0.09042553191489366,0.2723404255319149,1.9610554472388768,235,e6316252f94073e28654f5d06b4f1b4adb1250e486aa184ff79358e450f55985,0.0,0.0,0.0,0.0,0.0,0.0
H1000_s0,seedv,exact_head,source_only,unchanged,0,0.09042553191489366,0.2723404255319149,1.9610554472388768,235,e6316252f94073e28654f5d06b4f1b4adb1250e486aa184ff79358e450f55985,0.0,0.0,0.0,0.0,0.0,0.0
H1000_s0,seedv,fresh_head,global_oracle,subject_leace,15,0.12765957446808507,0.3021276595744681,2.5325826097338306,235,d96db353285655f797cbf19170d05fb9cb19a1cd3b612296425b11abfd15940f,0.037234042553191404,0.02978723404255318,0.5715271624949538,0.8188502962914562,0.8068083773680212,0.8281098099886451
H1000_s0,seedv,exact_head,global_oracle,subject_leace,15,0.08510638297872342,0.2680851063829787,1.9489032544203475,235,5bdc34faf3a08aa6a488c5a4f1a0f09a3c43af323a0625c232a658c319515a00,-0.005319148936170248,-0.004255319148936176,-0.012152192818529306,0.8188502962914562,0.8068083773680212,0.8281098099886451
H1000_s0,seedv,fresh_head,source_only,subject_leace,15,0.13297872340425532,0.3063829787234042,2.886866773129138,235,2b350d572a6f4c2fd45d17465c9ebdee88f6e006d422eee23bf25ce329deb1cf,0.04255319148936165,0.0340425531914893,0.9258113258902612,0.8249925210011817,0.8249925210011817,0.8586123393430957
H1000_s0,seedv,exact_head,source_only,subject_leace,15,0.12234042553191493,0.2978723404255319,2.001195863112841,235,5749426f6b63f78df5b6c31678765741cac1983c0628e3516f58f3dcfadb24b6,0.03191489361702127,0.025531914893617003,0.040140415873964,0.8249925210011817,0.8249925210011817,0.8586123393430957
