{
  "condition": "PD",
  "domain": "cohort",
  "dec_domain": "cohort",
  "cohorts": [
    "ds002778",
    "ds003490",
    "ds004584"
  ],
  "config": {
    "condition": "PD",
    "cohorts": null,
    "backbone": "EEGNet",
    "domain": "cohort",
    "dec_domain": "",
    "configs": [
      "erm:0",
      "lpc_prior:0.1"
    ],
    "epochs": 120,
    "bs": 64,
    "warmup": 30,
    "n_inner": 2,
    "device": "auto",
    "sampler": "classbal",
    "prior": "empirical",
    "beta": 0.0,
    "seed": 1,
    "balance": false,
    "label_correct": false,
    "reweight_dual": false,
    "transduct": "all",
    "transduct_shrink": 0.1,
    "transduct_gate": 0.0,
    "dec_margin": null,
    "decoder_null_perms": 0,
    "decoder_null_quantile": 0.95,
    "out": "results/r5_dualpc2/r5_PD_s1.json"
  },
  "summary": {
    "erm:0": {
      "per_target_balanced_acc_mean": 0.5750736655833157,
      "worst_target_balanced_acc": 0.5097916666666666,
      "leakage_kl": 0.21062724788983664,
      "leakage_kl_rw": 0.2093211511770884,
      "marginal_leakage_kl": 0.21095399806896845,
      "marginal_leakage_kl_rw": 0.20042225470145544,
      "marginal_leakage_advantage": 0.11298799113851732,
      "marginal_leakage_advantage_rw": 0.10857425523692292,
      "leakage_advantage_rw": 0.11362509801368781,
      "decoder_cmi": 0.0009876340627670288,
      "decoder_cmi_rw": 0.0027913997570673623,
      "decoder_cmi_res": 0.0006452848513921102,
      "decoder_cmi_res_rw": 0.00033473968505859375,
      "decoder_js_res": 0.0002076834910743249,
      "decoder_js_res_rw": 0.00014715739234816283,
      "decoder_valid_frac": 1.0,
      "decoder_min_domain_classes": 2,
      "decoder_single_class_frac": 0.0,
      "inloop_reg": 0.0,
      "inloop_dec": 0.0,
      "inloop_dec_loss": 0.0,
      "train_dec_margin": 0.02,
      "per_cohort": {
        "ds002778": 51.0,
        "ds003490": 61.6,
        "ds004584": 59.9
      },
      "transduct_balanced_acc_mean": 0.6152576372553055,
      "probe_balanced_acc_mean": 0.5791277453776303,
      "ts_probe_balanced_acc_mean": 0.5791277453776303,
      "ts_coral_balanced_acc_mean": 0.6152576372553055,
      "ts_prior_balanced_acc_mean": 0.5699226814517672,
      "ts_coral_prior_balanced_acc_mean": 0.6146493136723263,
      "ts_pmct_balanced_acc_mean": 0.6191309899500057,
      "ts_balanced_acc_mean": 0.6152576372553055,
      "decoder_valid_n": 3,
      "decoder_cmi_valid_mean": 0.0009876340627670288,
      "decoder_cmi_rw_valid_mean": 0.0027913997570673623,
      "decoder_cmi_res_valid_mean": 0.0006452848513921102,
      "decoder_cmi_res_rw_valid_mean": 0.00033473968505859375,
      "decoder_js_res_valid_mean": 0.0002076834910743249,
      "decoder_js_res_rw_valid_mean": 0.00014715739234816283,
      "decoder_cmi_res_null_q_valid_mean": null,
      "decoder_cmi_res_excess_valid_mean": null,
      "decoder_cmi_res_rw_null_q_valid_mean": null,
      "decoder_cmi_res_rw_excess_valid_mean": null,
      "decoder_js_res_null_q_valid_mean": null,
      "decoder_js_res_excess_valid_mean": null,
      "decoder_js_res_rw_null_q_valid_mean": null,
      "decoder_js_res_rw_excess_valid_mean": null
    },
    "lpc_prior:0.1": {
      "per_target_balanced_acc_mean": 0.587781565234251,
      "worst_target_balanced_acc": 0.5282291666666666,
      "leakage_kl": 0.032144918416937195,
      "leakage_kl_rw": 0.03173910019298395,
      "marginal_leakage_kl": 0.041170816868543625,
      "marginal_leakage_kl_rw": 0.0314203929156065,
      "marginal_leakage_advantage": 0.03532235939643347,
      "marginal_leakage_advantage_rw": 0.034293552812071325,
      "leakage_advantage_rw": 0.03235067001911651,
      "decoder_cmi": 0.00023011366526285806,
      "decoder_cmi_rw": 0.0022252053022384644,
      "decoder_cmi_res": 0.00036364545424779254,
      "decoder_cmi_res_rw": 0.00014487902323404947,
      "decoder_js_res": 8.343411172972992e-05,
      "decoder_js_res_rw": 5.178485601694168e-05,
      "decoder_valid_frac": 1.0,
      "decoder_min_domain_classes": 2,
      "decoder_single_class_frac": 0.0,
      "inloop_reg": 0.09790366805553917,
      "inloop_dec": 0.0,
      "inloop_dec_loss": 0.0,
      "train_dec_margin": 0.02,
      "per_cohort": {
        "ds002778": 52.8,
        "ds003490": 63.1,
        "ds004584": 60.4
      },
      "transduct_balanced_acc_mean": 0.6029026703317467,
      "probe_balanced_acc_mean": 0.5827908656092164,
      "ts_probe_balanced_acc_mean": 0.5827908656092164,
      "ts_coral_balanced_acc_mean": 0.6029026703317467,
      "ts_prior_balanced_acc_mean": 0.5734004656911617,
      "ts_coral_prior_balanced_acc_mean": 0.6020706208369416,
      "ts_pmct_balanced_acc_mean": 0.6038936303928225,
      "ts_balanced_acc_mean": 0.6029026703317467,
      "decoder_valid_n": 3,
      "decoder_cmi_valid_mean": 0.00023011366526285806,
      "decoder_cmi_rw_valid_mean": 0.0022252053022384644,
      "decoder_cmi_res_valid_mean": 0.00036364545424779254,
      "decoder_cmi_res_rw_valid_mean": 0.00014487902323404947,
      "decoder_js_res_valid_mean": 8.343411172972992e-05,
      "decoder_js_res_rw_valid_mean": 5.178485601694168e-05,
      "decoder_cmi_res_null_q_valid_mean": null,
      "decoder_cmi_res_excess_valid_mean": null,
      "decoder_cmi_res_rw_null_q_valid_mean": null,
      "decoder_cmi_res_rw_excess_valid_mean": null,
      "decoder_js_res_null_q_valid_mean": null,
      "decoder_js_res_excess_valid_mean": null,
      "decoder_js_res_rw_null_q_valid_mean": null,
      "decoder_js_res_rw_excess_valid_mean": null
    }
  },
  "folds": {
    "erm:0": [
      {
        "held_out": "ds002778",
        "balanced_acc": 0.5097916666666666,
        "macro_f1": 0.3944330217759104,
        "leakage_kl": 0.10371629893779755,
        "leakage_kl_rw": 0.10303938388824463,
        "leakage_advantage_rw": 0.06407322654462244,
        "marginal_leakage_kl": 0.09271153062582016,
        "marginal_leakage_kl_rw": 0.08014292269945145,
        "marginal_leakage_advantage": 0.06270022883295201,
        "marginal_leakage_advantage_rw": 0.053546910755148835,
        "decoder_cmi": 0.001031830906867981,
        "decoder_cmi_rw": 0.0028793811798095703,
        "decoder_cmi_res": 0.0005770325660705566,
        "decoder_cmi_res_rw": 0.0006060600280761719,
        "decoder_js_res": 0.0003131956036668271,
        "decoder_js_res_rw": 0.00020119054534006864,
        "decoder_valid": true,
        "decoder_n_domains": 2,
        "decoder_min_domain_classes": 2,
        "decoder_mean_domain_classes": 2.0,
        "decoder_single_class_frac": 0.0,
        "decoder_domain_class_spans": [
          2,
          2
        ],
        "decoder_domain_counts": [
          2000,
          5283
        ],
        "inloop_reg": 0.0,
        "inloop_dec": 0.0,
        "inloop_dec_loss": 0.0,
        "train_dec_margin": 0.02,
        "train_sampler": "classbal",
        "n_test": 1240,
        "ts_probe_balanced_acc": 0.52046875,
        "ts_coral_balanced_acc": 0.63421875,
        "ts_prior_balanced_acc": 0.49854166666666666,
        "ts_coral_prior_balanced_acc": 0.6359895833333333,
        "ts_pmct_balanced_acc": 0.64,
        "ts_balanced_acc": 0.63421875,
        "probe_balanced_acc": 0.52046875
      },
      {
        "held_out": "ds003490",
        "balanced_acc": 0.616,
        "macro_f1": 0.6110332840034399,
        "leakage_kl": 0.18633584678173065,
        "leakage_kl_rw": 0.18491825461387634,
        "leakage_advantage_rw": 0.06898313745528872,
        "marginal_leakage_kl": 0.19740107655525208,
        "marginal_leakage_kl_rw": 0.18112103641033173,
        "marginal_leakage_advantage": 0.07256004087889623,
        "marginal_leakage_advantage_rw": 0.06847215125191619,
        "decoder_cmi": 0.00166427344083786,
        "decoder_cmi_rw": 0.005252353847026825,
        "decoder_cmi_res": 0.001358821988105774,
        "decoder_cmi_res_rw": 0.0003981590270996094,
        "decoder_js_res": 0.00023240907466970384,
        "decoder_js_res_rw": 0.00016299652634188533,