{
  "condition": "SCZ",
  "domain": "cohort",
  "dec_domain": "cohort",
  "cohorts": [
    "ds003944",
    "ds003947",
    "ds004000",
    "ds004367"
  ],
  "config": {
    "condition": "SCZ",
    "cohorts": null,
    "backbone": "EEGNet",
    "domain": "cohort",
    "dec_domain": "",
    "configs": [
      "erm:0",
      "lpc_prior:0.1"
    ],
    "epochs": 120,
    "bs": 64,
    "warmup": 30,
    "n_inner": 2,
    "device": "auto",
    "sampler": "classbal",
    "prior": "empirical",
    "beta": 0.0,
    "seed": 0,
    "balance": false,
    "label_correct": false,
    "reweight_dual": false,
    "transduct": "all",
    "transduct_shrink": 0.1,
    "transduct_gate": 0.0,
    "dec_margin": null,
    "decoder_null_perms": 0,
    "decoder_null_quantile": 0.95,
    "out": "results/r5_dualpc2/r5_SCZ_s0.json"
  },
  "summary": {
    "erm:0": {
      "per_target_balanced_acc_mean": 0.5104773392453639,
      "worst_target_balanced_acc": 0.48043478260869565,
      "leakage_kl": 0.4327142909169197,
      "leakage_kl_rw": 0.4381220415234566,
      "marginal_leakage_kl": 0.4525953009724617,
      "marginal_leakage_kl_rw": 0.44674956798553467,
      "marginal_leakage_advantage": 0.31571751785843855,
      "marginal_leakage_advantage_rw": 0.3134134252325364,
      "leakage_advantage_rw": 0.30767761182582226,
      "decoder_cmi": 0.002961389720439911,
      "decoder_cmi_rw": 0.004260119050741196,
      "decoder_cmi_res": 0.003389514982700348,
      "decoder_cmi_res_rw": 0.003549199551343918,
      "decoder_js_res": 0.0006374774820869789,
      "decoder_js_res_rw": 0.0006305619535851292,
      "decoder_valid_frac": 1.0,
      "decoder_min_domain_classes": 2,
      "decoder_single_class_frac": 0.0,
      "inloop_reg": 0.0,
      "inloop_dec": 0.0,
      "inloop_dec_loss": 0.0,
      "train_dec_margin": 0.02,
      "per_cohort": {
        "ds003944": 53.4,
        "ds003947": 53.3,
        "ds004000": 49.5,
        "ds004367": 48.0
      },
      "transduct_balanced_acc_mean": 0.5479279962920185,
      "probe_balanced_acc_mean": 0.5093442831082877,
      "ts_probe_balanced_acc_mean": 0.5093442831082877,
      "ts_coral_balanced_acc_mean": 0.5479279962920185,
      "ts_prior_balanced_acc_mean": 0.5054500858029338,
      "ts_coral_prior_balanced_acc_mean": 0.5478616849688099,
      "ts_pmct_balanced_acc_mean": 0.5536319953633042,
      "ts_balanced_acc_mean": 0.5479279962920185,
      "decoder_valid_n": 4,
      "decoder_cmi_valid_mean": 0.002961389720439911,
      "decoder_cmi_rw_valid_mean": 0.004260119050741196,
      "decoder_cmi_res_valid_mean": 0.003389514982700348,
      "decoder_cmi_res_rw_valid_mean": 0.003549199551343918,
      "decoder_js_res_valid_mean": 0.0006374774820869789,
      "decoder_js_res_rw_valid_mean": 0.0006305619535851292,
      "decoder_cmi_res_null_q_valid_mean": null,
      "decoder_cmi_res_excess_valid_mean": null,
      "decoder_cmi_res_rw_null_q_valid_mean": null,
      "decoder_cmi_res_rw_excess_valid_mean": null,
      "decoder_js_res_null_q_valid_mean": null,
      "decoder_js_res_excess_valid_mean": null,
      "decoder_js_res_rw_null_q_valid_mean": null,
      "decoder_js_res_rw_excess_valid_mean": null
    },
    "lpc_prior:0.1": {
      "per_target_balanced_acc_mean": 0.5164252558404148,
      "worst_target_balanced_acc": 0.49531250000000004,
      "leakage_kl": 0.1374781671911478,
      "leakage_kl_rw": 0.14160977210849524,
      "marginal_leakage_kl": 0.14884708169847727,
      "marginal_leakage_kl_rw": 0.14026996865868568,
      "marginal_leakage_advantage": 0.125543674261281,
      "marginal_leakage_advantage_rw": 0.11440134103006418,
      "leakage_advantage_rw": 0.11388870111015933,
      "decoder_cmi": 0.0010537579655647278,
      "decoder_cmi_rw": 0.003120977431535721,
      "decoder_cmi_res": 0.0005380585789680481,
      "decoder_cmi_res_rw": 0.000493861734867096,
      "decoder_js_res": 0.00010648614716046723,
      "decoder_js_res_rw": 4.878392473983695e-05,
      "decoder_valid_frac": 1.0,
      "decoder_min_domain_classes": 2,
      "decoder_single_class_frac": 0.0,
      "inloop_reg": 0.24224203988570048,
      "inloop_dec": 0.0,
      "inloop_dec_loss": 0.0,
      "train_dec_margin": 0.02,
      "per_cohort": {
        "ds003944": 50.6,
        "ds003947": 54.3,
        "ds004000": 49.5,
        "ds004367": 52.1
      },
      "transduct_balanced_acc_mean": 0.5476947234597439,
      "probe_balanced_acc_mean": 0.5259027335191907,
      "ts_probe_balanced_acc_mean": 0.5259027335191907,
      "ts_coral_balanced_acc_mean": 0.5476947234597439,
      "ts_prior_balanced_acc_mean": 0.5201875721529553,
      "ts_coral_prior_balanced_acc_mean": 0.5446344885254242,
      "ts_pmct_balanced_acc_mean": 0.5430197099673203,
      "ts_balanced_acc_mean": 0.5476947234597439,
      "decoder_valid_n": 4,
      "decoder_cmi_valid_mean": 0.0010537579655647278,
      "decoder_cmi_rw_valid_mean": 0.003120977431535721,
      "decoder_cmi_res_valid_mean": 0.0005380585789680481,
      "decoder_cmi_res_rw_valid_mean": 0.000493861734867096,
      "decoder_js_res_valid_mean": 0.00010648614716046723,
      "decoder_js_res_rw_valid_mean": 4.878392473983695e-05,
      "decoder_cmi_res_null_q_valid_mean": null,
      "decoder_cmi_res_excess_valid_mean": null,
      "decoder_cmi_res_rw_null_q_valid_mean": null,
      "decoder_cmi_res_rw_excess_valid_mean": null,
      "decoder_js_res_null_q_valid_mean": null,
      "decoder_js_res_excess_valid_mean": null,
      "decoder_js_res_rw_null_q_valid_mean": null,
      "decoder_js_res_rw_excess_valid_mean": null
    }
  },
  "folds": {
    "erm:0": [
      {
        "held_out": "ds003944",
        "balanced_acc": 0.53359375,
        "macro_f1": 0.5210587782581851,
        "leakage_kl": 0.4827914237976074,
        "leakage_kl_rw": 0.4808785021305084,
        "leakage_advantage_rw": 0.3890506697728596,
        "marginal_leakage_kl": 0.5002074241638184,
        "marginal_leakage_kl_rw": 0.497219055891037,
        "marginal_leakage_advantage": 0.3873034362259755,
        "marginal_leakage_advantage_rw": 0.3884682585905649,
        "decoder_cmi": 0.0016997307538986206,
        "decoder_cmi_rw": 0.0012371689081192017,
        "decoder_cmi_res": 0.0032405704259872437,
        "decoder_cmi_res_rw": 0.0037757307291030884,
        "decoder_js_res": 0.000418692798120901,
        "decoder_js_res_rw": 0.00036802879185415804,
        "decoder_valid": true,
        "decoder_n_domains": 3,
        "decoder_min_domain_classes": 2,
        "decoder_mean_domain_classes": 2.0,
        "decoder_single_class_frac": 0.0,
        "decoder_domain_class_spans": [
          2,
          2,
          2
        ],
        "decoder_domain_counts": [
          2440,
          1680,
          1600
        ],
        "inloop_reg": 0.0,
        "inloop_dec": 0.0,
        "inloop_dec_loss": 0.0,
        "train_dec_margin": 0.02,
        "train_sampler": "classbal",
        "n_test": 3280,
        "ts_probe_balanced_acc": 0.537875,
        "ts_coral_balanced_acc": 0.5431250000000001,
        "ts_prior_balanced_acc": 0.5375156249999999,
        "ts_coral_prior_balanced_acc": 0.5428437500000001,
        "ts_pmct_balanced_acc": 0.5410937499999999,
        "ts_balanced_acc": 0.5431250000000001,
        "probe_balanced_acc": 0.537875
      },
      {
        "held_out": "ds003947",
        "balanced_acc": 0.5327419354838709,
        "macro_f1": 0.5305055153265001,
        "leakage_kl": 0.47662869095802307,
        "leakage_kl_rw": 0.4871046841144562,
        "leakage_advantage_rw": 0.33180894308943093,
        "marginal_leakage_kl": 0.5048360228538513,
        "marginal_leakage_kl_rw": 0.49009397625923157,
        "marginal_leakage_advantage": 0.33180894308943093,
        "marginal_leakage_advantage_rw": 0.32774390243902435,
        "decoder_cmi": 0.003546580672264099,
        "decoder_cmi_rw": 0.006318718194961548,
        "decoder_cmi_res": 0.005705282092094421,
        "decoder_cmi_res_rw": 0.005709260702133179,