{
  "condition": "SCZ",
  "domain": "cohort",
  "dec_domain": "cohort",
  "cohorts": [
    "ds003944",
    "ds003947",
    "ds004000",
    "ds004367"
  ],
  "config": {
    "condition": "SCZ",
    "cohorts": null,
    "backbone": "EEGNet",
    "domain": "cohort",
    "dec_domain": "",
    "configs": [
      "erm:0",
      "lpc_prior:0.1"
    ],
    "epochs": 120,
    "bs": 64,
    "warmup": 30,
    "n_inner": 2,
    "device": "auto",
    "sampler": "classbal",
    "prior": "empirical",
    "beta": 0.0,
    "seed": 2,
    "balance": false,
    "label_correct": false,
    "reweight_dual": false,
    "transduct": "all",
    "transduct_shrink": 0.1,
    "transduct_gate": 0.0,
    "dec_margin": null,
    "decoder_null_perms": 0,
    "decoder_null_quantile": 0.95,
    "out": "results/r5_dualpc2/r5_SCZ_s2.json"
  },
  "summary": {
    "erm:0": {
      "per_target_balanced_acc_mean": 0.520401439922334,
      "worst_target_balanced_acc": 0.45933503836317136,
      "leakage_kl": 0.4469192698597908,
      "leakage_kl_rw": 0.45368175208568573,
      "marginal_leakage_kl": 0.4629350081086159,
      "marginal_leakage_kl_rw": 0.45776501297950745,
      "marginal_leakage_advantage": 0.309670005987349,
      "marginal_leakage_advantage_rw": 0.3090849708592237,
      "leakage_advantage_rw": 0.30588258252354306,
      "decoder_cmi": 0.004041463136672974,
      "decoder_cmi_rw": 0.005826253443956375,
      "decoder_cmi_res": 0.00434638187289238,
      "decoder_cmi_res_rw": 0.004286099225282669,
      "decoder_js_res": 0.0006948084337636828,
      "decoder_js_res_rw": 0.000686062456225045,
      "decoder_valid_frac": 1.0,
      "decoder_min_domain_classes": 2,
      "decoder_single_class_frac": 0.0,
      "inloop_reg": 0.0,
      "inloop_dec": 0.0,
      "inloop_dec_loss": 0.0,
      "train_dec_margin": 0.02,
      "per_cohort": {
        "ds003944": 54.7,
        "ds003947": 52.0,
        "ds004000": 55.5,
        "ds004367": 45.9
      },
      "transduct_balanced_acc_mean": 0.5096563844587332,
      "probe_balanced_acc_mean": 0.5230943806132493,
      "ts_probe_balanced_acc_mean": 0.5230943806132493,
      "ts_coral_balanced_acc_mean": 0.5096563844587332,
      "ts_prior_balanced_acc_mean": 0.526676035880107,
      "ts_coral_prior_balanced_acc_mean": 0.5098569442152737,
      "ts_pmct_balanced_acc_mean": 0.5168920051804031,
      "ts_balanced_acc_mean": 0.5096563844587332,
      "decoder_valid_n": 4,
      "decoder_cmi_valid_mean": 0.004041463136672974,
      "decoder_cmi_rw_valid_mean": 0.005826253443956375,
      "decoder_cmi_res_valid_mean": 0.00434638187289238,
      "decoder_cmi_res_rw_valid_mean": 0.004286099225282669,
      "decoder_js_res_valid_mean": 0.0006948084337636828,
      "decoder_js_res_rw_valid_mean": 0.000686062456225045,
      "decoder_cmi_res_null_q_valid_mean": null,
      "decoder_cmi_res_excess_valid_mean": null,
      "decoder_cmi_res_rw_null_q_valid_mean": null,
      "decoder_cmi_res_rw_excess_valid_mean": null,
      "decoder_js_res_null_q_valid_mean": null,
      "decoder_js_res_excess_valid_mean": null,
      "decoder_js_res_rw_null_q_valid_mean": null,
      "decoder_js_res_rw_excess_valid_mean": null
    },
    "lpc_prior:0.1": {
      "per_target_balanced_acc_mean": 0.5163867155630952,
      "worst_target_balanced_acc": 0.4863171355498721,
      "leakage_kl": 0.1235874816775322,
      "leakage_kl_rw": 0.1256395224481821,
      "marginal_leakage_kl": 0.13214561436325312,
      "marginal_leakage_kl_rw": 0.1230973619967699,
      "marginal_leakage_advantage": 0.11751900910832196,
      "marginal_leakage_advantage_rw": 0.10871591098213827,
      "leakage_advantage_rw": 0.10791749949809058,
      "decoder_cmi": 0.0009408891201019287,
      "decoder_cmi_rw": 0.0033837445080280304,
      "decoder_cmi_res": 0.0005660317838191986,
      "decoder_cmi_res_rw": 0.0008585937321186066,
      "decoder_js_res": 7.962537802086445e-05,
      "decoder_js_res_rw": 5.412165319285123e-05,
      "decoder_valid_frac": 1.0,
      "decoder_min_domain_classes": 2,
      "decoder_single_class_frac": 0.0,
      "inloop_reg": 0.2245020859322076,
      "inloop_dec": 0.0,
      "inloop_dec_loss": 0.0,
      "train_dec_margin": 0.02,
      "per_cohort": {
        "ds003944": 51.4,
        "ds003947": 55.2,
        "ds004000": 51.3,
        "ds004367": 48.6
      },
      "transduct_balanced_acc_mean": 0.5245849100634001,
      "probe_balanced_acc_mean": 0.5169288424689359,
      "ts_probe_balanced_acc_mean": 0.5169288424689359,
      "ts_coral_balanced_acc_mean": 0.5245849100634001,
      "ts_prior_balanced_acc_mean": 0.5154211899587149,
      "ts_coral_prior_balanced_acc_mean": 0.5241090293461645,
      "ts_pmct_balanced_acc_mean": 0.5296628476447557,
      "ts_balanced_acc_mean": 0.5245849100634001,
      "decoder_valid_n": 4,
      "decoder_cmi_valid_mean": 0.0009408891201019287,
      "decoder_cmi_rw_valid_mean": 0.0033837445080280304,
      "decoder_cmi_res_valid_mean": 0.0005660317838191986,
      "decoder_cmi_res_rw_valid_mean": 0.0008585937321186066,
      "decoder_js_res_valid_mean": 7.962537802086445e-05,
      "decoder_js_res_rw_valid_mean": 5.412165319285123e-05,
      "decoder_cmi_res_null_q_valid_mean": null,
      "decoder_cmi_res_excess_valid_mean": null,
      "decoder_cmi_res_rw_null_q_valid_mean": null,
      "decoder_cmi_res_rw_excess_valid_mean": null,
      "decoder_js_res_null_q_valid_mean": null,
      "decoder_js_res_excess_valid_mean": null,
      "decoder_js_res_rw_null_q_valid_mean": null,
      "decoder_js_res_rw_excess_valid_mean": null
    }
  },
  "folds": {
    "erm:0": [
      {
        "held_out": "ds003944",
        "balanced_acc": 0.54678125,
        "macro_f1": 0.544263173606803,
        "leakage_kl": 0.6242411136627197,
        "leakage_kl_rw": 0.6259875893592834,
        "leakage_advantage_rw": 0.4408852649970879,
        "marginal_leakage_kl": 0.6326108574867249,
        "marginal_leakage_kl_rw": 0.6306706666946411,
        "marginal_leakage_advantage": 0.4362259755387303,
        "marginal_leakage_advantage_rw": 0.43797320908561443,
        "decoder_cmi": 0.003014206886291504,
        "decoder_cmi_rw": 0.0034943073987960815,
        "decoder_cmi_res": 0.0026049166917800903,
        "decoder_cmi_res_rw": 0.002485319972038269,
        "decoder_js_res": 0.00023744150530546904,
        "decoder_js_res_rw": 0.0002136176626663655,
        "decoder_valid": true,
        "decoder_n_domains": 3,
        "decoder_min_domain_classes": 2,
        "decoder_mean_domain_classes": 2.0,
        "decoder_single_class_frac": 0.0,
        "decoder_domain_class_spans": [
          2,
          2,
          2
        ],
        "decoder_domain_counts": [
          2440,
          1680,
          1600
        ],
        "inloop_reg": 0.0,
        "inloop_dec": 0.0,
        "inloop_dec_loss": 0.0,
        "train_dec_margin": 0.02,
        "train_sampler": "classbal",
        "n_test": 3280,
        "ts_probe_balanced_acc": 0.542359375,
        "ts_coral_balanced_acc": 0.527296875,
        "ts_prior_balanced_acc": 0.5479375,
        "ts_coral_prior_balanced_acc": 0.5291874999999999,
        "ts_pmct_balanced_acc": 0.5303125,
        "ts_balanced_acc": 0.527296875,
        "probe_balanced_acc": 0.542359375
      },
      {
        "held_out": "ds003947",
        "balanced_acc": 0.5201075268817205,
        "macro_f1": 0.5104798403144115,
        "leakage_kl": 0.467590868473053,
        "leakage_kl_rw": 0.47909873723983765,
        "leakage_advantage_rw": 0.3114837398373983,
        "marginal_leakage_kl": 0.49216359853744507,
        "marginal_leakage_kl_rw": 0.4822172522544861,
        "marginal_leakage_advantage": 0.3145325203252032,
        "marginal_leakage_advantage_rw": 0.31859756097560976,
        "decoder_cmi": 0.0023036599159240723,
        "decoder_cmi_rw": 0.004874527454376221,
        "decoder_cmi_res": 0.002257704734802246,
        "decoder_cmi_res_rw": 0.002744138240814209,
        "decoder_js_res": 0.0003830775385722518,