tag,projection_overlap_rank4,subject_heldout_captured_energy,task_heldout_captured_energy,subspace_stable,fit_split,heldout_split
random,0.0022777772542504383,0.3118966345881937,0.04798672185322793,False,train_trials,val_trials
released,0.0005294275673021501,0.19410961940060692,0.1733630111233329,True,train_trials,val_trials
H200_s0,0.0008023373445362056,0.22899748117157687,0.14036005401411245,True,train_trials,val_trials
H1000_s0,0.0003159685339846806,0.22838680514937287,0.2890870060615873,True,train_trials,val_trials
H2000_s0,0.0009366792713395666,0.24816523930735399,0.20346726074993307,True,train_trials,val_trials
