tag,task_gate_pass,subject_delta_kappa,null_delta_kappa_mean,subject_minus_null_kappa,empirical_one_sided_p,source_val_removed_variance_fraction,null_match_abs_error_max,null_repetitions,holm_adjusted_p,exceeds_matched_null_holm_0p05
released,True,-0.005319148936170137,0.002021276595744721,-0.007340425531914859,0.6915422885572139,0.04136331379413605,2.0816681711721685e-17,200,,
H200_s0,True,0.005319148936170248,0.010000000000000033,-0.004680851063829785,0.6616915422885572,0.055381402373313904,2.7755575615628914e-17,200,1.0,False
H200_s1,True,0.015957446808510634,0.0013297872340425122,0.014627659574468122,0.26865671641791045,0.06382641941308975,5.551115123125783e-17,200,1.0,False
H500_s0,True,-0.042553191489361764,0.0016755319148935783,-0.04422872340425534,1.0,0.060954928398132324,4.163336342344337e-17,200,1.0,False
H500_s1,True,0.02127659574468077,0.015691489361702088,0.005585106382978683,0.4577114427860697,0.060038428753614426,4.163336342344337e-17,200,1.0,False
H1000_s0,True,0.015957446808510634,0.03066489361702123,-0.014707446808510598,0.7910447761194029,0.05826843902468681,2.7755575615628914e-17,200,1.0,False
H1000_s1,True,0.0,0.010638297872340392,-0.010638297872340392,0.7114427860696517,0.06438727676868439,2.7755575615628914e-17,200,1.0,False
H2000_s0,True,0.010638297872340385,0.013457446808510642,-0.0028191489361702564,0.6019900497512438,0.06831612437963486,5.551115123125783e-17,200,1.0,False
H2000_s1,True,0.010638297872340385,0.02577127659574464,-0.015132978723404255,0.8208955223880597,0.0673917680978775,4.163336342344337e-17,200,1.0,False
