strategy,pooled_auc,within_target_auc,top1_hit_rate,top5_hit_rate
source_score,0.5406644486315515,0.6718077295200574,0.5061728395061729,0.8148148148148148
target_unlabeled_loto,0.58294291388705,0.5620589871895485,0.35185185185185186,0.7592592592592593
source_plus_target_unlabeled_loto,0.5686926040977067,0.5847641371565335,0.4012345679012346,0.7901234567901234
target_grouped_centered_score,0.645427848788851,0.6718077295200574,0.5061728395061729,0.8148148148148148
