k,hit_rate,random_hit_rate,hit_enrichment,precision_at_k,random_precision_at_k,precision_enrichment
1,0.5061728395061729,0.429723378036041,1.1779038920794298,0.5061728395061729,0.429723378036041,1.1779038920794298
3,0.6728395061728395,0.657863664562552,1.0227643544050207,0.5288065843621399,0.429723378036041,1.230574391318754
5,0.8148148148148148,0.7504321455540054,1.0857941249482044,0.5320987654320988,0.429723378036041,1.2382355548444737
10,0.8888888888888888,0.8519258556220984,1.0433876176228964,0.49814814814814806,0.429723378036041,1.1592298059854873
