strategy,top1_joint_hit_rate,mean_bacc_regret_to_best_joint,mean_nll_regret_to_best_joint,mean_ece_regret_to_best_joint
source_score,0.5061728395061729,0.035142066085693535,0.13044232390099172,0.057950847778093485
target_unlabeled_loto,0.35185185185185186,0.05991285403050108,0.18406510427509074,0.062071100640100414
source_plus_target_unlabeled_loto,0.4012345679012346,0.054364106753812626,0.16134104996222903,0.05632849173795267
target_grouped_centered_score,0.5061728395061729,0.035142066085693535,0.13044232390099172,0.057950847778093485
