k,hit_rate,expected_precision_at_k
1,0.429723378036041,0.429723378036041
3,0.657863664562552,0.429723378036041
5,0.7504321455540054,0.429723378036041
10,0.8519258556220984,0.429723378036041
