{
  "condition": "SCZ",
  "domain": "cohort",
  "dec_domain": "cohort",
  "cohorts": [
    "ds003944",
    "ds003947",
    "ds004000",
    "ds004367"
  ],
  "config": {
    "condition": "SCZ",
    "cohorts": null,
    "backbone": "EEGNet",
    "domain": "cohort",
    "dec_domain": "",
    "configs": [
      "erm:0",
      "lpc_prior:0.1"
    ],
    "epochs": 120,
    "bs": 64,
    "warmup": 30,
    "n_inner": 2,
    "device": "auto",
    "sampler": "classbal",
    "prior": "empirical",
    "beta": 0.0,
    "seed": 1,
    "balance": false,
    "label_correct": false,
    "reweight_dual": false,
    "transduct": "all",
    "transduct_shrink": 0.1,
    "transduct_gate": 0.0,
    "dec_margin": null,
    "decoder_null_perms": 0,
    "decoder_null_quantile": 0.95,
    "out": "results/r7_dualpc2/r7_SCZ_s1.json"
  },
  "summary": {
    "erm:0": {
      "per_target_balanced_acc_mean": 0.5114604870005798,
      "worst_target_balanced_acc": 0.4887152777777778,
      "leakage_kl": 0.414150845259428,
      "leakage_kl_rw": 0.4193565063178539,
      "marginal_leakage_kl": 0.43224071711301804,
      "marginal_leakage_kl_rw": 0.4249619133770466,
      "marginal_leakage_advantage": 0.29622078695714027,
      "marginal_leakage_advantage_rw": 0.3005843692289018,
      "leakage_advantage_rw": 0.2941347700046994,
      "decoder_cmi": 0.0022880658507347107,
      "decoder_cmi_rw": 0.004310231655836105,
      "decoder_cmi_res": 0.0023652464151382446,
      "decoder_cmi_res_rw": 0.0024253055453300476,
      "decoder_js_res": 0.0005323404875525739,
      "decoder_js_res_rw": 0.0005125901407154743,
      "decoder_valid_frac": 1.0,
      "decoder_min_domain_classes": 2,
      "decoder_single_class_frac": 0.0,
      "inloop_reg": 0.0,
      "inloop_dec": 0.0,
      "inloop_dec_loss": 0.0,
      "train_dec_margin": 0.02,
      "per_cohort": {
        "ds003944": 53.4,
        "ds003947": 52.2,
        "ds004000": 48.9,
        "ds004367": 50.1
      },
      "transduct_balanced_acc_mean": 0.5384137566645698,
      "probe_balanced_acc_mean": 0.510409022786154,
      "ts_probe_balanced_acc_mean": 0.510409022786154,
      "ts_coral_balanced_acc_mean": 0.5384137566645698,
      "ts_prior_balanced_acc_mean": 0.5140607862330299,
      "ts_coral_prior_balanced_acc_mean": 0.5377324515060524,
      "ts_pmct_balanced_acc_mean": 0.5404299520130925,
      "ts_balanced_acc_mean": 0.5384137566645698,
      "decoder_valid_n": 4,
      "decoder_cmi_valid_mean": 0.0022880658507347107,
      "decoder_cmi_rw_valid_mean": 0.004310231655836105,
      "decoder_cmi_res_valid_mean": 0.0023652464151382446,
      "decoder_cmi_res_rw_valid_mean": 0.0024253055453300476,
      "decoder_js_res_valid_mean": 0.0005323404875525739,
      "decoder_js_res_rw_valid_mean": 0.0005125901407154743,
      "decoder_cmi_res_null_q_valid_mean": null,
      "decoder_cmi_res_excess_valid_mean": null,
      "decoder_cmi_res_rw_null_q_valid_mean": null,
      "decoder_cmi_res_rw_excess_valid_mean": null,
      "decoder_js_res_null_q_valid_mean": null,
      "decoder_js_res_excess_valid_mean": null,
      "decoder_js_res_rw_null_q_valid_mean": null,
      "decoder_js_res_rw_excess_valid_mean": null
    },
    "lpc_prior:0.1": {
      "per_target_balanced_acc_mean": 0.5269498318531772,
      "worst_target_balanced_acc": 0.4928708439897698,
      "leakage_kl": 0.12111079879105091,
      "leakage_kl_rw": 0.12619512528181076,
      "marginal_leakage_kl": 0.13704279344528913,
      "marginal_leakage_kl_rw": 0.1300848489627242,
      "marginal_leakage_advantage": 0.11050343017983527,
      "marginal_leakage_advantage_rw": 0.10549822206074308,
      "leakage_advantage_rw": 0.09901374114881713,
      "decoder_cmi": 0.0017391964793205261,
      "decoder_cmi_rw": 0.0040214285254478455,
      "decoder_cmi_res": 0.000743817538022995,
      "decoder_cmi_res_rw": 0.0005275458097457886,
      "decoder_js_res": 0.00026364838959125336,
      "decoder_js_res_rw": 0.00013320829202712048,
      "decoder_valid_frac": 1.0,
      "decoder_min_domain_classes": 2,
      "decoder_single_class_frac": 0.0,
      "inloop_reg": 0.22408407404536734,
      "inloop_dec": 0.0,
      "inloop_dec_loss": 0.0,
      "train_dec_margin": 0.02,
      "per_cohort": {
        "ds003944": 52.6,
        "ds003947": 56.0,
        "ds004000": 52.9,
        "ds004367": 49.3
      },
      "transduct_balanced_acc_mean": 0.5677911141504872,
      "probe_balanced_acc_mean": 0.5360516380618693,
      "ts_probe_balanced_acc_mean": 0.5360516380618693,
      "ts_coral_balanced_acc_mean": 0.5677911141504872,
      "ts_prior_balanced_acc_mean": 0.5256903315827558,
      "ts_coral_prior_balanced_acc_mean": 0.5651421149316728,
      "ts_pmct_balanced_acc_mean": 0.5648770654723436,
      "ts_balanced_acc_mean": 0.5677911141504872,
      "decoder_valid_n": 4,
      "decoder_cmi_valid_mean": 0.0017391964793205261,
      "decoder_cmi_rw_valid_mean": 0.0040214285254478455,
      "decoder_cmi_res_valid_mean": 0.000743817538022995,
      "decoder_cmi_res_rw_valid_mean": 0.0005275458097457886,
      "decoder_js_res_valid_mean": 0.00026364838959125336,
      "decoder_js_res_rw_valid_mean": 0.00013320829202712048,
      "decoder_cmi_res_null_q_valid_mean": null,
      "decoder_cmi_res_excess_valid_mean": null,
      "decoder_cmi_res_rw_null_q_valid_mean": null,
      "decoder_cmi_res_rw_excess_valid_mean": null,
      "decoder_js_res_null_q_valid_mean": null,
      "decoder_js_res_excess_valid_mean": null,
      "decoder_js_res_rw_null_q_valid_mean": null,
      "decoder_js_res_rw_excess_valid_mean": null
    }
  },
  "folds": {
    "erm:0": [
      {
        "held_out": "ds003944",
        "balanced_acc": 0.533828125,
        "macro_f1": 0.5257265035238947,
        "leakage_kl": 0.6277500987052917,
        "leakage_kl_rw": 0.6256883144378662,
        "leakage_advantage_rw": 0.4344787419918463,
        "marginal_leakage_kl": 0.6344825029373169,
        "marginal_leakage_kl_rw": 0.6274321675300598,
        "marginal_leakage_advantage": 0.4414676761793827,
        "marginal_leakage_advantage_rw": 0.4432149097262667,
        "decoder_cmi": 0.0021422356367111206,
        "decoder_cmi_rw": 0.0027643442153930664,
        "decoder_cmi_res": 0.0016750693321228027,
        "decoder_cmi_res_rw": 0.0016766488552093506,
        "decoder_js_res": 0.00015983816410880536,
        "decoder_js_res_rw": 0.0001595981593709439,
        "decoder_valid": true,
        "decoder_n_domains": 3,
        "decoder_min_domain_classes": 2,
        "decoder_mean_domain_classes": 2.0,
        "decoder_single_class_frac": 0.0,
        "decoder_domain_class_spans": [
          2,
          2,
          2
        ],
        "decoder_domain_counts": [
          2440,
          1680,
          1600
        ],
        "inloop_reg": 0.0,
        "inloop_dec": 0.0,
        "inloop_dec_loss": 0.0,
        "train_dec_margin": 0.02,
        "train_sampler": "classbal",
        "n_test": 3280,
        "ts_probe_balanced_acc": 0.530296875,
        "ts_coral_balanced_acc": 0.510390625,
        "ts_prior_balanced_acc": 0.53375,
        "ts_coral_prior_balanced_acc": 0.510421875,
        "ts_pmct_balanced_acc": 0.515828125,
        "ts_balanced_acc": 0.510390625,
        "probe_balanced_acc": 0.530296875
      },
      {
        "held_out": "ds003947",
        "balanced_acc": 0.5218279569892473,
        "macro_f1": 0.5201018678475551,
        "leakage_kl": 0.4529903531074524,
        "leakage_kl_rw": 0.46563720703125,
        "leakage_advantage_rw": 0.33384146341463417,
        "marginal_leakage_kl": 0.4891126751899719,
        "marginal_leakage_kl_rw": 0.475608766078949,
        "marginal_leakage_advantage": 0.3297764227642277,
        "marginal_leakage_advantage_rw": 0.3323170731707318,
        "decoder_cmi": 0.0001109093427658081,
        "decoder_cmi_rw": 0.0030796080827713013,
        "decoder_cmi_res": 0.0008264482021331787,
        "decoder_cmi_res_rw": 0.0012098848819732666,
        "decoder_js_res": 0.00030679773772135377,