dataset,method,head_input,graph_kl,node_kl,graph_kl_reduction_vs_erm,node_kl_reduction_vs_erm,node_reduction_exceeds_graph,node_minus_graph_reduction
BNCI2014_001,cigl_graph_node,graph_z,0.7240245518860994,0.332320323144948,0.5736927500477543,0.20069009120817544,False,-0.3730026588395789
BNCI2014_001,cdan,graph_z,0.48918584596227727,0.3714036224065003,0.8085314559715764,0.16160679194662314,False,-0.6469246640249533
BNCI2015_001,cigl_graph_node,graph_z,0.3992452137172222,0.2853836789727211,0.766808839721812,0.30328539344999517,False,-0.46352344627181685
BNCI2015_001,cdan,graph_z,0.373327845086654,0.4441492251223988,0.7927262083523803,0.14451984730031747,False,-0.6482063610520628
