axis,n_signals,mean_abs_rho_target_bacc,mean_abs_rho_target_nll
accuracy,3,0.12213528426712174,0.08625944198671938
calibration,4,0.07479365714272364,0.17689737678497056
leakage,2,0.05259264050280865,0.005644401425513888
risk,1,0.23603865667990312,0.0841350283297263
objective,1,0.20616802088672478,0.2006741171198362
meta,1,0.038306512772421884,0.15425103874843488
