class,n,mean_src_recall_delta,mean_tgt_recall_delta,src_tgt_corr
0,54,0.0508616255144033,0.026620370370370367,0.5185098243729381
1,54,-0.031185699588477382,-0.037808641975308636,0.6578953837013441
2,54,0.013824588477366255,0.03343621399176955,0.5248868670631072
3,54,-0.034529320987654315,-0.03189300411522634,0.4236916272659098
