metric,value
loto_auc,0.6023104389834069
loso_auc,0.5422705314009661
base_rate,0.5555555555555556
n_used,621
non_deployable,True
per_target_auc_1,0.7833655705996132
per_target_auc_2,0.7300916138125441
per_target_auc_3,0.5855855855855856
per_target_auc_4,0.703551912568306
per_target_auc_5,0.6205714285714286
per_target_auc_6,0.3448275862068966
per_target_auc_7,0.45074106364428945
per_target_auc_8,0.5855263157894737
per_target_auc_9,0.7692307692307693
