target,n,target_good_rate,probe_auc
1,134,0.47761194029850745,0.7833655705996132
2,166,0.4578313253012048,0.7300916138125441
3,152,0.2631578947368421,0.5855855855855856
4,153,0.6405228758169934,0.703551912568306
5,126,0.23015873015873015,0.6205714285714286
6,132,0.5606060606060606,0.3448275862068966
7,136,0.5588235294117647,0.45074106364428945
8,130,0.4076923076923077,0.5855263157894737
9,139,0.6474820143884892,0.7692307692307693
