method,bnci2014_001_bacc,lee2019_mi_bacc,subject_weighted_bacc,dataset_macro_bacc,subject_weighted_delta_vs_source_only,fp_gem_minus_method_estimate,fp_gem_minus_method_ci_low,fp_gem_minus_method_ci_high,n_target_subjects,n_source_seeds,status,result_sha256,source_artifact
source_only_tsmnet,0.6095679012345678,0.5485185185185183,0.5572398589065254,0.5790432098765430,0.0000000000000000,0.1150146972369196,0.0963866108171664,0.1346634332745447,63,3,canonical_p12,f3e4ca699b81e4fa2cab404109aa2dfe7aa1fbe58f25e2779d3d11651e40d48d,h2cmi/results/fp_gem_main/fp_gem_results.csv
RCT,0.7273662551440330,0.6816049382716050,0.6881422692533804,0.7044855967078190,0.1309024103468550,-0.0158877131099354,-0.0218226043503820,-0.0098823486184597,63,3,canonical_p12,f3e4ca699b81e4fa2cab404109aa2dfe7aa1fbe58f25e2779d3d11651e40d48d,h2cmi/results/fp_gem_main/fp_gem_results.csv
SPDIM geodesic,0.7273662551440330,0.6765432098765435,0.6838036449147562,0.7019547325102882,0.1265637860082308,-0.0115490887713112,-0.0170253527336859,-0.0058550852439741,63,3,canonical_p12,f3e4ca699b81e4fa2cab404109aa2dfe7aa1fbe58f25e2779d3d11651e40d48d,h2cmi/results/fp_gem_main/fp_gem_results.csv
SPDIM bias,0.7237654320987654,0.6743209876543210,0.6813844797178131,0.6990432098765432,0.1241446208112877,-0.0091299235743681,-0.0154292328042326,-0.0027217813051147,63,3,canonical_p12,f3e4ca699b81e4fa2cab404109aa2dfe7aa1fbe58f25e2779d3d11651e40d48d,h2cmi/results/fp_gem_main/fp_gem_results.csv
Joint-GEM,0.7093621399176955,0.6627160493827161,0.6693797766019989,0.6860390946502057,0.1121399176954735,0.0028747795414461,-0.0002674897119340,0.0061963550852440,63,3,canonical_p12,f3e4ca699b81e4fa2cab404109aa2dfe7aa1fbe58f25e2779d3d11651e40d48d,h2cmi/results/fp_gem_main/fp_gem_results.csv
FP-GEM,0.7124485596707819,0.6655555555555556,0.6722545561434450,0.6890020576131688,0.1150146972369196,,,,63,3,canonical_p12,f3e4ca699b81e4fa2cab404109aa2dfe7aa1fbe58f25e2779d3d11651e40d48d,h2cmi/results/fp_gem_main/fp_gem_results.csv
