tag,dataset,endpoint,information_regime,removal_kind,rank,cohen_kappa,balanced_accuracy,nll,n_units,prediction_sha256,delta_kappa_vs_unchanged,delta_bacc_vs_unchanged,delta_nll_vs_unchanged,fit_removed_energy_fraction,source_removed_energy_fraction,target_removed_energy_fraction
H200_s0,seedv,fresh_head,source_only,unchanged,0,0.06914893617021278,0.25531914893617025,1.8553779445972236,235,49baccbccd836851e5559739d4f64a5528a7bbb238523fa2eec41ec926611bb0,0.0,0.0,0.0,0.0,0.0,0.0
H200_s0,seedv,exact_head,source_only,unchanged,0,0.06914893617021278,0.25531914893617025,1.8553779445972236,235,49baccbccd836851e5559739d4f64a5528a7bbb238523fa2eec41ec926611bb0,0.0,0.0,0.0,0.0,0.0,0.0
H200_s0,seedv,fresh_head,global_oracle,subject_leace,15,0.05319148936170226,0.24255319148936172,1.8490691425846744,235,c8569ef222aeb6ccc177bd944d045aff4fd974b52091ddafe9dfce04edfd4f6f,-0.015957446808510523,-0.012765957446808529,-0.006308802012549242,0.860450269493191,0.8351535765469356,0.871400689701885
H200_s0,seedv,exact_head,global_oracle,subject_leace,15,0.0478723404255319,0.23829787234042552,1.8257242287816664,235,3ca1c582622e2ed1e350f2407a63b82f1331712fd4752a9b23c0f3cb4025b475,-0.021276595744680882,-0.017021276595744733,-0.029653715815557202,0.860450269493191,0.8351535765469356,0.871400689701885
H200_s0,seedv,fresh_head,source_only,subject_leace,15,0.03191489361702127,0.225531914893617,1.8840604786555633,235,1c1034662a17b271563dd9f25fe14ecfd60f9617788d3650507f27f4880162da,-0.037234042553191515,-0.029787234042553234,0.028682534058339648,0.8631723376602942,0.8631723376602942,0.8925584696767881
H200_s0,seedv,exact_head,source_only,subject_leace,15,0.015957446808510634,0.2127659574468085,1.8335367241123708,235,b27f884a3779a124d7987bd06b537e8fe6cac517ca5684b651739863c22fff21,-0.05319148936170215,-0.042553191489361736,-0.02184122048485282,0.8631723376602942,0.8631723376602942,0.8925584696767881
