dataset,role,embed_dim,n_subjects,rank_subject_axis,degenerate,cond_shrunk,chance,subj_ba_linear_pre,subj_ba_linear_post,subj_ba_mlp_post,label_ba_raw,label_ba_erased,label_ba_delta,label_ba_raw_std,label_ba_erased_std,label_ba_delta_std,gate,interpretable,historical_bundled_delta,live_minus_historical_delta
eegmat,positive_reference,200,36,35,False,5120.507153288784,0.027777777777777776,0.7046913580246914,0.0,0.025308641975308643,0.6944444444444443,0.75,0.05555555555555558,1.1102230246251565e-16,0.0,0.0,0.55,True,0.06018518518518512,-0.004629629629629539
sleepdep,no_consensus_negative_control,200,36,35,False,10560.257897064996,0.027777777777777776,0.7320760233918128,0.0036111111111111114,0.05543859649122808,0.5694444444444444,0.6111111111111112,0.04166666666666674,0.0,0.0,0.0,0.55,True,0.0092592592592593,0.03240740740740744
