fixture_id,replicate_0_seed,replicate_1_seed,replicate_4095_seed,replicate_0_raw_digest,replicate_0_prefix,registered_scenario,scientific_result
SHADOW_NORMAL_A,1648136560762879262,14534546671537538876,5222896606790536404,3518a403117697889b370805d8419fc31b64c47cea50ee32218c91b838885464,1.0791002582110019|-0.40597079825611726|-0.1495004663262244|0.9705309751203361,0,0
SHADOW_RADEMACHER_A,18149165777991548432,4118874583934873419,11391186582201792462,021429ea5d88444c76b1bc2649e1a54edbb3fe235694d0b5a22c981231181de9|-2b18311ab183498742d4c15ea5e63f51a8d8d47a1bbed2d8c3789f5bfb523694,-1|-1|1|1|-1|1|1|-1;1|-1|-1|-1|-1|-1|-1|-1,0,0
SHADOW_RADEMACHER_B,16669812317105199333,860564168640180387,16622526019181634429,fb648c37b788aa63a1a3bbb8fe1627b23a746059534f8104c964ed8ecc361d1e|7055a593557a4d265dd058354f0ed0bd683352801e6b5737088b0834037db8d5,-1|1|1|-1|1|-1|1|-1;1|1|1|1|1|1|-1|1,0,0
