family,n_features,gap_closed,auc_improve,perm_p,survives_permutation,loto_r2
confidence_entropy,4,-0.5800762368604607,-0.05256514748281216,0.908183632734531,False,-0.46046324825246554
margin_logitnorm,4,-0.265305498109375,-0.024041361721002463,0.7964071856287425,False,-0.5319614052926374
pred_class_prop,4,0.0031112715525154237,0.0002819361277445198,0.42714570858283435,False,-2.793907345009118
