regime,raw_pooled,gauge_pooled,oracle,gap_closed
S0_full_support,0.5607135728542915,0.5962799401197605,0.6381112774451098,0.45952741691112464
S2_rare_cells,0.5366566866267465,0.586629241516966,0.6442140718562874,0.46461295785102874
S3_nonestimable_cells,0.5331162674650699,0.5804316367265469,0.6294111776447106,0.4913589843243937
