family,target_id_accuracy,gap_closed,survives_permutation
confidence_entropy,0.3746056782334385,-0.5800762368604607,False
margin_logitnorm,0.42902208201892744,-0.265305498109375,False
pred_class_prop,0.7058359621451105,0.0031112715525154237,False
ALL_R3,0.6708727655099895,0.4908528004503232,
source(reference),0.5412723449001051,-0.8246766357884945,
