metric,value
source_coef_norm,0.09090505518505414
target_coef_norm,0.09243498506063656
source_coef_norm_share,0.4958276166119418
source_target_offset_alignment,-0.2128802326727935
