{
  "aggregate": {
    "A": {
      "2a_dec": 0.41970486111111116,
      "2a_full": 0.34413580246913583,
      "2015_full": 0.609375,
      "gate_spatial": 0.4459819550867434,
      "zero_spatial_drop": 0.07060185185185185,
      "source_bacc": 0.5739193229965986,
      "aux_tgt": 0.2568801440329218
    },
    "B": {
      "2a_dec": 0.4813368055555556,
      "2a_full": 0.3759645061728395,
      "2015_full": 0.6317592592592592,
      "gate_spatial": 0.5667271459544146,
      "zero_spatial_drop": 0.11175411522633746,
      "source_bacc": 0.5835038610047568,
      "aux_tgt": 0.24093364197530864
    },
    "C": {
      "2a_dec": 0.4474826388888889,
      "2a_full": 0.35911779835390945,
      "2015_full": 0.6053703703703703,
      "gate_spatial": 0.5182223353121016,
      "zero_spatial_drop": 0.08506944444444445,
      "source_bacc": 0.601683876973418,
      "aux_tgt": 0.3734567901234568
    },
    "D": {
      "2a_dec": 0.5153356481481481,
      "2a_full": 0.3955761316872428,
      "2015_full": 0.6284722222222222,
      "gate_spatial": 0.5964475053328055,
      "zero_spatial_drop": 0.13130144032921812,
      "source_bacc": 0.6032338667994139,
      "aux_tgt": 0.4122299382716049
    }
  },
  "per_seed_dec_delta": {
    "0": 0.08072916666666663,
    "1": 0.061631944444444364,
    "2": 0.1445312499999999
  },
  "robust": {
    "3seed_mean": 0.09563078703703697,
    "worst_seed": 0.061631944444444364,
    "leave_seed2_out": 0.0711805555555555,
    "drop_collapsed_cells": 0.0640625
  }
}