target,wave,GPU_seconds_measured_sum_of_phases,GPU_hours_measured_sum_of_phases,external_bytes_measured,instrumentation_job_wall_seconds
1,B,2879.8704204559326,0.7999640056822035,3345864019,216.64669156074524
2,B,3296.3257246017456,0.915646034611596,3345864217,116.39517831802368
3,A,2874.2009749412537,0.7983891597059039,3345863807,201.01118516921997
5,B,3162.735522508621,0.8785376451412836,3345863645,152.6987075805664
6,A,3143.8019449710846,0.8732783180475235,3345864088,219.2135329246521
7,B,2900.864743232727,0.8057957620090909,3345864018,206.1436414718628
8,A,3155.381699323654,0.8764949164787929,3345864062,187.43354630470276
9,A,3290.4443740844727,0.9140123261345757,3345864065,118.37953495979309
remaining_8_total,A+B,24703.62540411949,6.86211816781097,26766911921,1417.922018289566
