tag,dataset,endpoint,information_regime,removal_kind,rank,cohen_kappa,balanced_accuracy,nll,n_units,prediction_sha256,delta_kappa_vs_unchanged,delta_bacc_vs_unchanged,delta_nll_vs_unchanged,fit_removed_energy_fraction,source_removed_energy_fraction,target_removed_energy_fraction
H2000_s1,seedv,fresh_head,source_only,unchanged,0,0.15957446808510634,0.32765957446808514,2.2181479254649807,235,5cc0f89b22d5aab768fd53e1a28a44773b851c3cbc96c216918c0930592c10d9,0.0,0.0,0.0,0.0,0.0,0.0
H2000_s1,seedv,exact_head,source_only,unchanged,0,0.15957446808510634,0.32765957446808514,2.2181479254649807,235,5cc0f89b22d5aab768fd53e1a28a44773b851c3cbc96c216918c0930592c10d9,0.0,0.0,0.0,0.0,0.0,0.0
H2000_s1,seedv,fresh_head,global_oracle,subject_leace,15,0.11170212765957444,0.2893617021276596,3.016748626211916,235,997fdcbb2db5651f7a36700ed0f80c7f923a6ed66c83515955eb174c9a33a992,-0.0478723404255319,-0.03829787234042553,0.7986007007469351,0.8231742288969424,0.7919693086887191,0.8289560610559552
H2000_s1,seedv,exact_head,global_oracle,subject_leace,15,0.11170212765957444,0.28936170212765955,2.241801646189433,235,9eeed551f7531a9b98cffbbcaa3a87670adf3c20296aecc4d9795dffcc2507ce,-0.0478723404255319,-0.03829787234042559,0.023653720724452043,0.8231742288969424,0.7919693086887191,0.8289560610559552
H2000_s1,seedv,fresh_head,source_only,subject_leace,15,0.12765957446808507,0.3021276595744681,3.2376996530896616,235,884aad7bf3eb6b517678a0b9c7beb12c9a3687ea8c037b4080210aa2ca74e997,-0.03191489361702127,-0.025531914893617058,1.0195517276246808,0.8160630860309378,0.8160630860309378,0.875175198247556
H2000_s1,seedv,exact_head,source_only,subject_leace,15,0.13297872340425532,0.30638297872340425,2.343991004879248,235,cb74e6b39ae983513ffc7ed66a320581023953468509034ebd83d71eeedfae77,-0.02659574468085102,-0.021276595744680882,0.1258430794142673,0.8160630860309378,0.8160630860309378,0.875175198247556
