utility_cone_category,n_pairs,source_misranking_rate,source_agreement_rate,source_flat_rate,random_baseline,mean_source_score_delta,per_target_sign_consistency
preference_robust_regret,114,0.2807017543859649,0.543859649122807,0.17543859649122806,0.5,0.059615597979808206,0.3333333333333333
preference_dependent_regret,27,0.2222222222222222,0.7037037037037037,0.07407407407407407,0.5,0.06834803273825708,0.8
narrow_scalarization_regret,12,0.5,0.3333333333333333,0.16666666666666666,0.5,-0.026238179388193946,0.5
no_regret,0,,,,0.5,,
