score,n_trajectories,top1_joint_good_rate,top1_pareto_good_rate,top1_preference_robust_utility_rate,top1_regret_vs_target_oracle,mean_target_utility_delta_vs_actual_oaci,fraction_top1_target_better_than_actual_oaci,top1_joint_good_gain_vs_random,non_source_only,diagnostic_ceiling
actual_oaci_selector,162,0.4444444444444444,0.12962962962962962,0.0,0.8239736190775415,0.0,0.0,0.014721066408403316,0,0
selection_leakage_point,162,0.4074074074074074,0.1111111111111111,0.0,0.916813309662393,-0.09283969058485154,0.07407407407407407,-0.02231597062863372,0,0
source_audit_leakage,162,0.3888888888888889,0.09259259259259259,0.05555555555555555,0.9980344793592181,-0.1740608602816765,0.4074074074074074,-0.04083448914715221,0,0
R_src,162,0.48148148148148145,0.14814814814814814,0.018518518518518517,0.7490703306616757,0.07490328841586585,0.5185185185185185,0.05175810344544035,0,0
C19_robust_core_score,162,0.5061728395061729,0.2037037037037037,0.006172839506172839,0.6568196494026767,0.16715396967486484,0.5370370370370371,0.07644946147013176,0,0
C30_source_rank_score,162,0.5061728395061729,0.2037037037037037,0.006172839506172839,0.6568196494026767,0.16715396967486484,0.5370370370370371,0.07644946147013176,0,0
target_grouped_diagnostic_ceiling,162,0.8518518518518519,1.0,0.09259259259259259,0.0,0.8239736190775415,0.9444444444444444,0.42212847381581076,1,1
