score,n_trajectories,top1_regret_vs_target_oracle,mean_target_utility_delta_vs_actual_oaci,fraction_top1_target_better_than_actual_oaci,non_source_only,diagnostic_ceiling
actual_oaci_selector,162,0.8239736190775415,0.0,0.0,0,0
selection_leakage_point,162,0.916813309662393,-0.09283969058485154,0.07407407407407407,0,0
source_audit_leakage,162,0.9980344793592181,-0.1740608602816765,0.4074074074074074,0,0
R_src,162,0.7490703306616757,0.07490328841586585,0.5185185185185185,0,0
C19_robust_core_score,162,0.6568196494026767,0.16715396967486484,0.5370370370370371,0,0
C30_source_rank_score,162,0.6568196494026767,0.16715396967486484,0.5370370370370371,0,0
target_grouped_diagnostic_ceiling,162,0.0,0.8239736190775415,0.9444444444444444,1,1
