tag,dataset,endpoint,information_regime,removal_kind,rank,cohen_kappa,balanced_accuracy,nll,n_units,prediction_sha256,delta_kappa_vs_unchanged,delta_bacc_vs_unchanged,delta_nll_vs_unchanged,fit_removed_energy_fraction,source_removed_energy_fraction,target_removed_energy_fraction
H2000_s0,seedv,fresh_head,source_only,unchanged,0,0.07446808510638303,0.2595744680851064,2.1423504644310376,235,08447f9da05595979a989fcbdbafe25d464758befca7dc9aa1969e96bf969dc8,0.0,0.0,0.0,0.0,0.0,0.0
H2000_s0,seedv,exact_head,source_only,unchanged,0,0.07446808510638303,0.2595744680851064,2.1423504644310376,235,08447f9da05595979a989fcbdbafe25d464758befca7dc9aa1969e96bf969dc8,0.0,0.0,0.0,0.0,0.0,0.0
H2000_s0,seedv,fresh_head,global_oracle,subject_leace,15,0.12765957446808507,0.3021276595744681,2.7812489169781096,235,d8d379c8cb590d0a2e80f8ca3f456f92cf02636c0d5fe3c5755a28b125d0a804,0.05319148936170204,0.04255319148936165,0.638898452547072,0.7774138522750945,0.7550078348126387,0.7976334485897661
H2000_s0,seedv,exact_head,global_oracle,subject_leace,15,0.1063829787234043,0.2851063829787234,2.0672733050334373,235,af17e4d788e4b0528e8dfe03d353ba3a5d4dad8f851bef7150be4055a9dd75e3,0.03191489361702127,0.025531914893617003,-0.07507715939760029,0.7774138522750945,0.7550078348126387,0.7976334485897661
H2000_s0,seedv,fresh_head,source_only,subject_leace,15,0.0957446808510638,0.276595744680851,2.9447162111608045,235,db3a52e348b2fc424255caa2106ea447de823fb7da7fe9e01cdc4b66ae4a0343,0.02127659574468077,0.017021276595744594,0.8023657467297669,0.7774352724364291,0.7774352724364291,0.8009182283599551
H2000_s0,seedv,exact_head,source_only,subject_leace,15,0.11170212765957444,0.2893617021276596,2.148385938532233,235,5ae24959e6dd946d3896e20bce36a1d9f6eef41f4ce396bc87a30b58d97cf12d,0.037234042553191404,0.02978723404255318,0.006035474101195426,0.7774352724364291,0.7774352724364291,0.8009182283599551
