token_seed,n,pooled_harm,E4_netted_recovery,E1_netted_recovery,E4_mean_net_gain
20260707,21,0.0292,0.6860408163265306,0.2316734693877547,0.02
20260708,21,0.0448,0.6214004887897145,0.6268196790989272,0.0278
20260709,21,0.0538,0.6657221287523248,0.5781457540069072,0.0358
