cell,budget_h,seed,epochs_seen,done,first_val_loss,best_epoch,best_val_loss,last_epoch,last_train_loss,last_val_loss,gpu_peak_gb,nan_or_inf_seen,target_labels_used,training_wall_s
H200_s0,200.0,0,50,True,0.7124542718132337,49,0.3162865489721298,50,0.32421972556908923,0.3167907151704033,14.72,False,False,13402.9
H200_s1,200.0,1,50,True,0.7143094489971796,50,0.32015835121273994,50,0.3243044644196828,0.32015835121273994,14.76,False,False,8715.5
H500_s0,500.0,0,50,True,0.6046061019102732,49,0.25837720558047295,50,0.2560356652787554,0.2583811655640602,14.76,False,False,21877.6
H500_s1,500.0,1,50,True,0.6047264151275158,46,0.25497831621517736,50,0.2499135898042514,0.25501107672850293,14.76,False,False,25003.2
H1000_s0,1000.0,0,50,True,0.5274652174363533,50,0.22908601506302753,50,0.22728628341754278,0.22908601506302753,14.76,False,False,49684.5
H1000_s1,1000.0,1,50,True,0.5382329399387041,50,0.22952595570435128,50,0.21900770514011383,0.22952595570435128,12.44,False,False,84880.0
