{
  "condition": "PD",
  "domain": "cohort",
  "dec_domain": "cohort",
  "cohorts": [
    "ds002778",
    "ds003490",
    "ds004584"
  ],
  "config": {
    "condition": "PD",
    "cohorts": null,
    "backbone": "EEGNet",
    "domain": "cohort",
    "dec_domain": "",
    "configs": [
      "erm:0"
    ],
    "epochs": 120,
    "bs": 64,
    "warmup": 30,
    "n_inner": 2,
    "device": "auto",
    "sampler": "classbal",
    "prior": "empirical",
    "beta": 0.0,
    "seed": 1,
    "balance": false,
    "label_correct": false,
    "reweight_dual": false,
    "transduct": "all",
    "transduct_shrink": 0.1,
    "transduct_gate": 0.0,
    "target_prior": 0.7,
    "dec_margin": null,
    "decoder_null_perms": 0,
    "decoder_null_quantile": 0.95,
    "out": "results/r7stress_dualpc2/r7st_PD_p0.7_s1.json"
  },
  "summary": {
    "erm:0": {
      "per_target_balanced_acc_mean": 0.5771470664168581,
      "worst_target_balanced_acc": 0.5151909722222222,
      "leakage_kl": 0.24676588674386343,
      "leakage_kl_rw": 0.24411610265572867,
      "marginal_leakage_kl": 0.24696898957093558,
      "marginal_leakage_kl_rw": 0.23365652561187744,
      "marginal_leakage_advantage": 0.13983772416674004,
      "marginal_leakage_advantage_rw": 0.13542398826514565,
      "leakage_advantage_rw": 0.13833905682375647,
      "decoder_cmi": 0.0006467029452323914,
      "decoder_cmi_rw": 0.002545217672983805,
      "decoder_cmi_res": 0.00045316418011983234,
      "decoder_cmi_res_rw": 0.00013175110022226968,
      "decoder_js_res": 0.00020346670498838648,
      "decoder_js_res_rw": 0.0001354707395269846,
      "decoder_valid_frac": 1.0,
      "decoder_min_domain_classes": 2,
      "decoder_single_class_frac": 0.0,
      "inloop_reg": 0.0,
      "inloop_dec": 0.0,
      "inloop_dec_loss": 0.0,
      "train_dec_margin": 0.02,
      "per_cohort": {
        "ds002778": 51.5,
        "ds003490": 61.8,
        "ds004584": 59.8
      },
      "transduct_balanced_acc_mean": 0.6054560335299365,
      "probe_balanced_acc_mean": 0.5855478994615697,
      "ts_probe_balanced_acc_mean": 0.5855478994615697,
      "ts_coral_balanced_acc_mean": 0.6054560335299365,
      "ts_prior_balanced_acc_mean": 0.5694758490272293,
      "ts_coral_prior_balanced_acc_mean": 0.60076072589027,
      "ts_pmct_balanced_acc_mean": 0.6059595596849335,
      "ts_balanced_acc_mean": 0.6054560335299365,
      "decoder_valid_n": 3,
      "decoder_cmi_valid_mean": 0.0006467029452323914,
      "decoder_cmi_rw_valid_mean": 0.002545217672983805,
      "decoder_cmi_res_valid_mean": 0.00045316418011983234,
      "decoder_cmi_res_rw_valid_mean": 0.00013175110022226968,
      "decoder_js_res_valid_mean": 0.00020346670498838648,
      "decoder_js_res_rw_valid_mean": 0.0001354707395269846,
      "decoder_cmi_res_null_q_valid_mean": null,
      "decoder_cmi_res_excess_valid_mean": null,
      "decoder_cmi_res_rw_null_q_valid_mean": null,
      "decoder_cmi_res_rw_excess_valid_mean": null,
      "decoder_js_res_null_q_valid_mean": null,
      "decoder_js_res_excess_valid_mean": null,
      "decoder_js_res_rw_null_q_valid_mean": null,
      "decoder_js_res_rw_excess_valid_mean": null
    }
  },
  "folds": {
    "erm:0": [
      {
        "held_out": "ds002778",
        "balanced_acc": 0.5151909722222222,
        "macro_f1": 0.44776806258628626,
        "leakage_kl": 0.21213999390602112,
        "leakage_kl_rw": 0.2075021117925644,
        "leakage_advantage_rw": 0.13821510297482842,
        "marginal_leakage_kl": 0.2007826417684555,
        "marginal_leakage_kl_rw": 0.17972159385681152,
        "marginal_leakage_advantage": 0.1432494279176202,
        "marginal_leakage_advantage_rw": 0.134096109839817,
        "decoder_cmi": 0.0,
        "decoder_cmi_rw": 0.0021442770957946777,
        "decoder_cmi_res": 0.0,
        "decoder_cmi_res_rw": 0.0,
        "decoder_js_res": 0.00030055176466703415,
        "decoder_js_res_rw": 0.00016651989426463842,
        "decoder_valid": true,
        "decoder_n_domains": 2,
        "decoder_min_domain_classes": 2,
        "decoder_mean_domain_classes": 2.0,
        "decoder_single_class_frac": 0.0,
        "decoder_domain_class_spans": [
          2,
          2
        ],
        "decoder_domain_counts": [
          2000,
          5283
        ],
        "inloop_reg": 0.0,
        "inloop_dec": 0.0,
        "inloop_dec_loss": 0.0,
        "train_dec_margin": 0.02,
        "train_sampler": "classbal",
        "n_test": 1240,
        "ts_probe_balanced_acc": 0.540798611111111,
        "ts_coral_balanced_acc": 0.6001736111111111,
        "ts_prior_balanced_acc": 0.5024305555555556,
        "ts_coral_prior_balanced_acc": 0.5923611111111111,
        "ts_pmct_balanced_acc": 0.6021701388888889,
        "ts_balanced_acc": 0.6001736111111111,
        "probe_balanced_acc": 0.540798611111111
      },
      {
        "held_out": "ds003490",
        "balanced_acc": 0.6181666666666666,
        "macro_f1": 0.5887373822930944,
        "leakage_kl": 0.18641190230846405,
        "leakage_kl_rw": 0.1849747896194458,
        "leakage_advantage_rw": 0.06898313745528872,
        "marginal_leakage_kl": 0.19742745161056519,
        "marginal_leakage_kl_rw": 0.18106907606124878,
        "marginal_leakage_advantage": 0.07256004087889623,
        "marginal_leakage_advantage_rw": 0.06847215125191619,
        "decoder_cmi": 0.0016647130250930786,
        "decoder_cmi_rw": 0.005248017609119415,
        "decoder_cmi_res": 0.001359492540359497,
        "decoder_cmi_res_rw": 0.0003952533006668091,
        "decoder_js_res": 0.00023241773305926472,
        "decoder_js_res_rw": 0.00016262744611594826,
        "decoder_valid": true,
        "decoder_n_domains": 2,
        "decoder_min_domain_classes": 2,
        "decoder_mean_domain_classes": 2.0,
        "decoder_single_class_frac": 0.0,
        "decoder_domain_class_spans": [
          2,
          2
        ],
        "decoder_domain_counts": [
          1240,
          5283
        ],
        "inloop_reg": 0.0,
        "inloop_dec": 0.0,
        "inloop_dec_loss": 0.0,
        "train_dec_margin": 0.02,
        "train_sampler": "classbal",
        "n_test": 2000,
        "ts_probe_balanced_acc": 0.6153333333333333,
        "ts_coral_balanced_acc": 0.595,
        "ts_prior_balanced_acc": 0.6135,
        "ts_coral_prior_balanced_acc": 0.5881666666666667,
        "ts_pmct_balanced_acc": 0.5943333333333333,
        "ts_balanced_acc": 0.595,
        "probe_balanced_acc": 0.6153333333333333
      },
      {
        "held_out": "ds004584",
        "balanced_acc": 0.5980835603616854,
        "macro_f1": 0.5992691890973211,
        "leakage_kl": 0.3417457640171051,
        "leakage_kl_rw": 0.3398714065551758,
        "leakage_advantage_rw": 0.20781893004115226,
        "marginal_leakage_kl": 0.342696875333786,
        "marginal_leakage_kl_rw": 0.340178906917572,
        "marginal_leakage_advantage": 0.20370370370370372,
        "marginal_leakage_advantage_rw": 0.20370370370370372,
        "decoder_cmi": 0.00027539581060409546,
        "decoder_cmi_rw": 0.000243358314037323,
        "decoder_cmi_res": 0.0,
        "decoder_cmi_res_rw": 0.0,
        "decoder_js_res": 7.743061723886058e-05,
        "decoder_js_res_rw": 7.726487820036709e-05,
        "decoder_valid": true,
        "decoder_n_domains": 2,
        "decoder_min_domain_classes": 2,
        "decoder_mean_domain_classes": 2.0,
        "decoder_single_class_frac": 0.0,
        "decoder_domain_class_spans": [
          2,
          2
        ],
        "decoder_domain_counts": [
          1240,
          2000
        ],
        "inloop_reg": 0.0,
        "inloop_dec": 0.0,
        "inloop_dec_loss": 0.0,
        "train_dec_margin": 0.02,
        "train_sampler": "classbal",
        "n_test": 5283,
        "ts_probe_balanced_acc": 0.600511753940265,
        "ts_coral_balanced_acc": 0.6211944894786984,
        "ts_prior_balanced_acc": 0.592496991526132,
        "ts_coral_prior_balanced_acc": 0.621754399893032,