{
  "condition": "PD",
  "domain": "cohort",
  "dec_domain": "cohort",
  "cohorts": [
    "ds002778",
    "ds003490",
    "ds004584"
  ],
  "config": {
    "condition": "PD",
    "cohorts": null,
    "backbone": "EEGNet",
    "domain": "cohort",
    "dec_domain": "",
    "configs": [
      "erm:0"
    ],
    "epochs": 120,
    "bs": 64,
    "warmup": 30,
    "n_inner": 2,
    "device": "auto",
    "sampler": "classbal",
    "prior": "empirical",
    "beta": 0.0,
    "seed": 1,
    "balance": false,
    "label_correct": false,
    "reweight_dual": false,
    "transduct": "all",
    "transduct_shrink": 0.1,
    "transduct_gate": 0.0,
    "target_prior": 0.5,
    "dec_margin": null,
    "decoder_null_perms": 0,
    "decoder_null_quantile": 0.95,
    "out": "results/r7stress_dualpc2/r7st_PD_p0.5_s1.json"
  },
  "summary": {
    "erm:0": {
      "per_target_balanced_acc_mean": 0.5729014557670773,
      "worst_target_balanced_acc": 0.505,
      "leakage_kl": 0.22701876858870187,
      "leakage_kl_rw": 0.22510322431723276,
      "marginal_leakage_kl": 0.23298774162928262,
      "marginal_leakage_kl_rw": 0.22355561951796213,
      "marginal_leakage_advantage": 0.13114207199282701,
      "marginal_leakage_advantage_rw": 0.1265379558644086,
      "leakage_advantage_rw": 0.1273550751303926,
      "decoder_cmi": 0.0006448527177174886,
      "decoder_cmi_rw": 0.0022875964641571045,
      "decoder_cmi_res": 0.00045236945152282715,
      "decoder_cmi_res_rw": 0.000131721297899882,
      "decoder_js_res": 0.0002028802215742568,
      "decoder_js_res_rw": 0.0001910303908516653,
      "decoder_valid_frac": 1.0,
      "decoder_min_domain_classes": 2,
      "decoder_single_class_frac": 0.0,
      "inloop_reg": 0.0,
      "inloop_dec": 0.0,
      "inloop_dec_loss": 0.0,
      "train_dec_margin": 0.02,
      "per_cohort": {
        "ds002778": 50.5,
        "ds003490": 61.6,
        "ds004584": 59.8
      },
      "transduct_balanced_acc_mean": 0.6091207540126913,
      "probe_balanced_acc_mean": 0.5724010824934677,
      "ts_probe_balanced_acc_mean": 0.5724010824934677,
      "ts_coral_balanced_acc_mean": 0.6091207540126913,
      "ts_prior_balanced_acc_mean": 0.5657057359711336,
      "ts_coral_prior_balanced_acc_mean": 0.608380739081747,
      "ts_pmct_balanced_acc_mean": 0.6100317904690805,
      "ts_balanced_acc_mean": 0.6091207540126913,
      "decoder_valid_n": 3,
      "decoder_cmi_valid_mean": 0.0006448527177174886,
      "decoder_cmi_rw_valid_mean": 0.0022875964641571045,
      "decoder_cmi_res_valid_mean": 0.00045236945152282715,
      "decoder_cmi_res_rw_valid_mean": 0.000131721297899882,
      "decoder_js_res_valid_mean": 0.0002028802215742568,
      "decoder_js_res_rw_valid_mean": 0.0001910303908516653,
      "decoder_cmi_res_null_q_valid_mean": null,
      "decoder_cmi_res_excess_valid_mean": null,
      "decoder_cmi_res_rw_null_q_valid_mean": null,
      "decoder_cmi_res_rw_excess_valid_mean": null,
      "decoder_js_res_null_q_valid_mean": null,
      "decoder_js_res_excess_valid_mean": null,
      "decoder_js_res_rw_null_q_valid_mean": null,
      "decoder_js_res_rw_excess_valid_mean": null
    }
  },
  "folds": {
    "erm:0": [
      {
        "held_out": "ds002778",
        "balanced_acc": 0.505,
        "macro_f1": 0.4078770298154849,
        "leakage_kl": 0.15294891595840454,
        "leakage_kl_rw": 0.15060633420944214,
        "leakage_advantage_rw": 0.10526315789473684,
        "marginal_leakage_kl": 0.15884682536125183,
        "marginal_leakage_kl_rw": 0.14948515594005585,
        "marginal_leakage_advantage": 0.1171624713958811,
        "marginal_leakage_advantage_rw": 0.10846681922196799,
        "decoder_cmi": 0.0,
        "decoder_cmi_rw": 0.0013699084520339966,
        "decoder_cmi_res": 0.0,
        "decoder_cmi_res_rw": 0.0,
        "decoder_js_res": 0.00029880067449994385,
        "decoder_js_res_rw": 0.0003331258485559374,
        "decoder_valid": true,
        "decoder_n_domains": 2,
        "decoder_min_domain_classes": 2,
        "decoder_mean_domain_classes": 2.0,
        "decoder_single_class_frac": 0.0,
        "decoder_domain_class_spans": [
          2,
          2
        ],
        "decoder_domain_counts": [
          2000,
          5283
        ],
        "inloop_reg": 0.0,
        "inloop_dec": 0.0,
        "inloop_dec_loss": 0.0,
        "train_dec_margin": 0.02,
        "train_sampler": "classbal",
        "n_test": 1240,
        "ts_probe_balanced_acc": 0.5,
        "ts_coral_balanced_acc": 0.6174999999999999,
        "ts_prior_balanced_acc": 0.48833333333333334,
        "ts_coral_prior_balanced_acc": 0.6174999999999999,
        "ts_pmct_balanced_acc": 0.6158333333333333,
        "ts_balanced_acc": 0.6174999999999999,
        "probe_balanced_acc": 0.5
      },
      {
        "held_out": "ds003490",
        "balanced_acc": 0.616,
        "macro_f1": 0.6110332840034399,
        "leakage_kl": 0.1863868683576584,
        "leakage_kl_rw": 0.18491114675998688,
        "leakage_advantage_rw": 0.06898313745528872,
        "marginal_leakage_kl": 0.1974043846130371,
        "marginal_leakage_kl_rw": 0.18109828233718872,
        "marginal_leakage_advantage": 0.07256004087889623,
        "marginal_leakage_advantage_rw": 0.06847215125191619,
        "decoder_cmi": 0.0016627609729766846,
        "decoder_cmi_rw": 0.0052494630217552185,
        "decoder_cmi_res": 0.0013571083545684814,
        "decoder_cmi_res_rw": 0.000395163893699646,
        "decoder_js_res": 0.00023239543952513486,
        "decoder_js_res_rw": 0.00016272623906843364,
        "decoder_valid": true,
        "decoder_n_domains": 2,
        "decoder_min_domain_classes": 2,
        "decoder_mean_domain_classes": 2.0,
        "decoder_single_class_frac": 0.0,
        "decoder_domain_class_spans": [
          2,
          2
        ],
        "decoder_domain_counts": [
          1240,
          5283
        ],
        "inloop_reg": 0.0,
        "inloop_dec": 0.0,
        "inloop_dec_loss": 0.0,
        "train_dec_margin": 0.02,
        "train_sampler": "classbal",
        "n_test": 2000,
        "ts_probe_balanced_acc": 0.6125,
        "ts_coral_balanced_acc": 0.599,
        "ts_prior_balanced_acc": 0.608,
        "ts_coral_prior_balanced_acc": 0.5965,
        "ts_pmct_balanced_acc": 0.602,
        "ts_balanced_acc": 0.599,
        "probe_balanced_acc": 0.6125
      },
      {
        "held_out": "ds004584",
        "balanced_acc": 0.5977043673012318,
        "macro_f1": 0.5907692913609939,
        "leakage_kl": 0.3417205214500427,
        "leakage_kl_rw": 0.3397921919822693,
        "leakage_advantage_rw": 0.20781893004115226,
        "marginal_leakage_kl": 0.34271201491355896,
        "marginal_leakage_kl_rw": 0.34008342027664185,
        "marginal_leakage_advantage": 0.20370370370370372,
        "marginal_leakage_advantage_rw": 0.2026748971193416,
        "decoder_cmi": 0.00027179718017578125,
        "decoder_cmi_rw": 0.0002434179186820984,
        "decoder_cmi_res": 0.0,
        "decoder_cmi_res_rw": 0.0,
        "decoder_js_res": 7.744455069769174e-05,
        "decoder_js_res_rw": 7.723908493062481e-05,
        "decoder_valid": true,
        "decoder_n_domains": 2,
        "decoder_min_domain_classes": 2,
        "decoder_mean_domain_classes": 2.0,
        "decoder_single_class_frac": 0.0,
        "decoder_domain_class_spans": [
          2,
          2
        ],
        "decoder_domain_counts": [
          1240,
          2000
        ],
        "inloop_reg": 0.0,
        "inloop_dec": 0.0,
        "inloop_dec_loss": 0.0,
        "train_dec_margin": 0.02,
        "train_sampler": "classbal",
        "n_test": 5283,
        "ts_probe_balanced_acc": 0.604703247480403,
        "ts_coral_balanced_acc": 0.6108622620380739,
        "ts_prior_balanced_acc": 0.6007838745800672,
        "ts_coral_prior_balanced_acc": 0.6111422172452408,
        "ts_pmct_balanced_acc": 0.6122620380739081,
        "ts_balanced_acc": 0.6108622620380739,