{
  "condition": "PD",
  "domain": "cohort",
  "dec_domain": "cohort",
  "cohorts": [
    "ds002778",
    "ds003490",
    "ds004584"
  ],
  "config": {
    "condition": "PD",
    "cohorts": null,
    "backbone": "EEGNet",
    "domain": "cohort",
    "dec_domain": "",
    "configs": [
      "erm:0"
    ],
    "epochs": 120,
    "bs": 64,
    "warmup": 30,
    "n_inner": 2,
    "device": "auto",
    "sampler": "classbal",
    "prior": "empirical",
    "beta": 0.0,
    "seed": 0,
    "balance": false,
    "label_correct": false,
    "reweight_dual": false,
    "transduct": "all",
    "transduct_shrink": 0.1,
    "transduct_gate": 0.0,
    "target_prior": 0.5,
    "dec_margin": null,
    "decoder_null_perms": 0,
    "decoder_null_quantile": 0.95,
    "out": "results/r7stress_dualpc2/r7st_PD_p0.5.json"
  },
  "summary": {
    "erm:0": {
      "per_target_balanced_acc_mean": 0.5931984571357471,
      "worst_target_balanced_acc": 0.5208333333333334,
      "leakage_kl": 0.2231325556834539,
      "leakage_kl_rw": 0.22455336153507233,
      "marginal_leakage_kl": 0.2270572086175283,
      "marginal_leakage_kl_rw": 0.22204889357089996,
      "marginal_leakage_advantage": 0.14808446915536788,
      "marginal_leakage_advantage_rw": 0.14591895978849126,
      "leakage_advantage_rw": 0.14416828424108127,
      "decoder_cmi": 0.0006286129355430603,
      "decoder_cmi_rw": 0.0017759824792544048,
      "decoder_cmi_res": 0.000989668071269989,
      "decoder_cmi_res_rw": 0.0006337811549504598,
      "decoder_js_res": 0.00021171960300610712,
      "decoder_js_res_rw": 0.00017322509665973485,
      "decoder_valid_frac": 1.0,
      "decoder_min_domain_classes": 2,
      "decoder_single_class_frac": 0.0,
      "inloop_reg": 0.0,
      "inloop_dec": 0.0,
      "inloop_dec_loss": 0.0,
      "train_dec_margin": 0.02,
      "per_cohort": {
        "ds002778": 52.1,
        "ds003490": 64.6,
        "ds004584": 61.2
      },
      "transduct_balanced_acc_mean": 0.627194102276969,
      "probe_balanced_acc_mean": 0.5949584422048028,
      "ts_probe_balanced_acc_mean": 0.5949584422048028,
      "ts_coral_balanced_acc_mean": 0.627194102276969,
      "ts_prior_balanced_acc_mean": 0.582909792211024,
      "ts_coral_prior_balanced_acc_mean": 0.6276385467214135,
      "ts_pmct_balanced_acc_mean": 0.6285161751897475,
      "ts_balanced_acc_mean": 0.627194102276969,
      "decoder_valid_n": 3,
      "decoder_cmi_valid_mean": 0.0006286129355430603,
      "decoder_cmi_rw_valid_mean": 0.0017759824792544048,
      "decoder_cmi_res_valid_mean": 0.000989668071269989,
      "decoder_cmi_res_rw_valid_mean": 0.0006337811549504598,
      "decoder_js_res_valid_mean": 0.00021171960300610712,
      "decoder_js_res_rw_valid_mean": 0.00017322509665973485,
      "decoder_cmi_res_null_q_valid_mean": null,
      "decoder_cmi_res_excess_valid_mean": null,
      "decoder_cmi_res_rw_null_q_valid_mean": null,
      "decoder_cmi_res_rw_excess_valid_mean": null,
      "decoder_js_res_null_q_valid_mean": null,
      "decoder_js_res_excess_valid_mean": null,
      "decoder_js_res_rw_null_q_valid_mean": null,
      "decoder_js_res_rw_excess_valid_mean": null
    }
  },
  "folds": {
    "erm:0": [
      {
        "held_out": "ds002778",
        "balanced_acc": 0.5208333333333334,
        "macro_f1": 0.39745937435325124,
        "leakage_kl": 0.17507900297641754,
        "leakage_kl_rw": 0.17858143150806427,
        "leakage_advantage_rw": 0.11121281464530897,
        "marginal_leakage_kl": 0.18017961084842682,
        "marginal_leakage_kl_rw": 0.1762087494134903,
        "marginal_leakage_advantage": 0.11212814645308922,
        "marginal_leakage_advantage_rw": 0.11075514874141879,
        "decoder_cmi": 0.001191854476928711,
        "decoder_cmi_rw": 0.0034872740507125854,
        "decoder_cmi_res": 0.0017510205507278442,
        "decoder_cmi_res_rw": 0.0011742860078811646,
        "decoder_js_res": 0.0002940027916338295,
        "decoder_js_res_rw": 0.00025761776487343013,
        "decoder_valid": true,
        "decoder_n_domains": 2,
        "decoder_min_domain_classes": 2,
        "decoder_mean_domain_classes": 2.0,
        "decoder_single_class_frac": 0.0,
        "decoder_domain_class_spans": [
          2,
          2
        ],
        "decoder_domain_counts": [
          2000,
          5283
        ],
        "inloop_reg": 0.0,
        "inloop_dec": 0.0,
        "inloop_dec_loss": 0.0,
        "train_dec_margin": 0.02,
        "train_sampler": "classbal",
        "n_test": 1240,
        "ts_probe_balanced_acc": 0.5333333333333333,
        "ts_coral_balanced_acc": 0.6425000000000001,
        "ts_prior_balanced_acc": 0.5016666666666667,
        "ts_coral_prior_balanced_acc": 0.6433333333333333,
        "ts_pmct_balanced_acc": 0.6391666666666667,
        "ts_balanced_acc": 0.6425000000000001,
        "probe_balanced_acc": 0.5333333333333333
      },
      {
        "held_out": "ds003490",
        "balanced_acc": 0.6465,
        "macro_f1": 0.6445799319373083,
        "leakage_kl": 0.21602684259414673,
        "leakage_kl_rw": 0.21491292119026184,
        "leakage_advantage_rw": 0.10832907511497192,
        "marginal_leakage_kl": 0.2219301015138626,
        "marginal_leakage_kl_rw": 0.20994603633880615,
        "marginal_leakage_advantage": 0.10373019928461935,
        "marginal_leakage_advantage_rw": 0.10066428206438427,
        "decoder_cmi": 0.00069398432970047,
        "decoder_cmi_rw": 0.0018406733870506287,
        "decoder_cmi_res": 0.0006953254342079163,
        "decoder_cmi_res_rw": 1.4863908290863037e-05,
        "decoder_js_res": 0.00020816887263208628,
        "decoder_js_res_rw": 0.00013503468653652817,
        "decoder_valid": true,
        "decoder_n_domains": 2,
        "decoder_min_domain_classes": 2,
        "decoder_mean_domain_classes": 2.0,
        "decoder_single_class_frac": 0.0,
        "decoder_domain_class_spans": [
          2,
          2
        ],
        "decoder_domain_counts": [
          1240,
          5283
        ],
        "inloop_reg": 0.0,
        "inloop_dec": 0.0,
        "inloop_dec_loss": 0.0,
        "train_dec_margin": 0.02,
        "train_sampler": "classbal",
        "n_test": 2000,
        "ts_probe_balanced_acc": 0.639,
        "ts_coral_balanced_acc": 0.6285000000000001,
        "ts_prior_balanced_acc": 0.639,
        "ts_coral_prior_balanced_acc": 0.629,
        "ts_pmct_balanced_acc": 0.633,
        "ts_balanced_acc": 0.6285000000000001,
        "probe_balanced_acc": 0.639
      },
      {
        "held_out": "ds004584",
        "balanced_acc": 0.6122620380739081,
        "macro_f1": 0.6057521761759151,
        "leakage_kl": 0.27829182147979736,
        "leakage_kl_rw": 0.28016573190689087,
        "leakage_advantage_rw": 0.2129629629629629,
        "marginal_leakage_kl": 0.2790619134902954,
        "marginal_leakage_kl_rw": 0.27999189496040344,
        "marginal_leakage_advantage": 0.22839506172839508,
        "marginal_leakage_advantage_rw": 0.22633744855967075,
        "decoder_cmi": 0.0,
        "decoder_cmi_rw": 0.0,
        "decoder_cmi_res": 0.0005226582288742065,
        "decoder_cmi_res_rw": 0.0007121935486793518,
        "decoder_js_res": 0.00013298714475240558,
        "decoder_js_res_rw": 0.00012702283856924623,
        "decoder_valid": true,
        "decoder_n_domains": 2,
        "decoder_min_domain_classes": 2,
        "decoder_mean_domain_classes": 2.0,
        "decoder_single_class_frac": 0.0,
        "decoder_domain_class_spans": [
          2,
          2
        ],
        "decoder_domain_counts": [
          1240,
          2000
        ],
        "inloop_reg": 0.0,
        "inloop_dec": 0.0,
        "inloop_dec_loss": 0.0,
        "train_dec_margin": 0.02,
        "train_sampler": "classbal",
        "n_test": 5283,
        "ts_probe_balanced_acc": 0.6125419932810751,
        "ts_coral_balanced_acc": 0.6105823068309071,
        "ts_prior_balanced_acc": 0.6080627099664053,
        "ts_coral_prior_balanced_acc": 0.6105823068309071,