scope,x,n,n_boot,boot_seed,point,pct_2.5,pct_25,pct_50,pct_75,pct_97.5
pooled,task_head_alignment_k2,126,2000,0,0.338188,0.167069,0.278747,0.337668,0.395233,0.505543
BNCI2014_001,task_head_alignment_k2,54,2000,0,0.466701,0.223936,0.38335,0.460564,0.533272,0.652167
BNCI2015_001,task_head_alignment_k2,72,2000,0,0.103314,-0.143969,0.022483,0.104946,0.18925,0.340509
seed0,task_head_alignment_k2,42,2000,0,0.397002,0.075494,0.290168,0.400934,0.501422,0.674874
seed1,task_head_alignment_k2,42,2000,0,0.240681,-0.055664,0.133838,0.240424,0.343412,0.51995
seed2,task_head_alignment_k2,42,2000,0,0.358037,0.03106,0.248797,0.359703,0.464715,0.633906
seed0,graph_kl,42,2000,0,-0.419125,-0.685205,-0.516375,-0.416773,-0.314612,-0.107677
