dataset,backbone,leace_dtgt_nll,randomk_dtgt_nll,leace_subj_dec_after,randomk_subj_dec_after,leace_dtgt_bacc,randomk_dtgt_bacc,nll_move_nonspecific
BNCI2014_001,EEGNet,-0.06956,-0.01832,0.12592,0.74344,-0.01125,-0.00723,NO
BNCI2014_001,TSMNet,-0.03087,-0.03404,0.06817,0.99771,0.00071,-0.0001,YES
Lee2019_MI,EEGNet,0.05446,-0.00618,0.01516,0.17173,-0.18546,-0.00723,NO
Lee2019_MI,TSMNet,-0.03605,-0.49595,0.01088,0.98955,-0.0017,5e-05,NO
Cho2017,EEGNet,-0.00807,-0.02065,0.02094,0.20185,-0.14957,-0.00694,NO
Cho2017,TSMNet,0.09598,-0.59095,0.0045,0.9954,-0.0013,-5e-05,NO
Schirrmeister2017,EEGNet,-0.03676,-0.00297,0.08538,0.64847,-0.09122,-0.02518,NO
Schirrmeister2017,TSMNet,0.20428,0.00201,0.07284,0.99946,-0.0008,-0.00022,NO
