dataset,backbone,metric,mean,ci_lo,ci_hi,n_folds
BNCI2014_001,EEGNet,d_target_upper_bound,0.015689300411522628,0.011316872427983538,0.020383230452674896,9
BNCI2014_001,EEGNet,d_target_source_meta,-0.0008359053497942327,-0.003472222222222208,0.0019933127572016505,9
BNCI2014_001,EEGNet,d_target_random,-0.004623199588477354,-0.0103202160493827,-0.00042438271604937724,9
BNCI2014_001,EEGNet,d_target_cmi_only,-0.009709362139917686,-0.01929012345679012,-0.0010288065843621237,9
BNCI2015_001,EEGNet,d_target_upper_bound,0.05425925925925928,0.027314236111111136,0.0981255787037037,12
BNCI2015_001,EEGNet,d_target_source_meta,0.002407407407407417,0.0012731481481481467,0.003634259259259276,12
BNCI2015_001,EEGNet,d_target_random,-0.010217592592592585,-0.01486122685185183,-0.0056666666666666705,12
BNCI2015_001,EEGNet,d_target_cmi_only,-0.06344907407407406,-0.10710648148148146,-0.027083333333333334,12
