{
  "BNCI2014_001|EEGNet": {
    "verdict": "B_TARGET_ONLY_NOT_SOURCE_IDENTIFIABLE",
    "d_target_upper_bound": {
      "mean": 0.015689300411522628,
      "lo": 0.011316872427983538,
      "hi": 0.020383230452674896,
      "n": 9
    },
    "d_target_source_meta": {
      "mean": -0.0008359053497942327,
      "lo": -0.003472222222222208,
      "hi": 0.0019933127572016505,
      "n": 9
    },
    "d_target_random": {
      "mean": -0.004623199588477354,
      "lo": -0.0103202160493827,
      "hi": -0.00042438271604937724,
      "n": 9
    },
    "d_target_cmi_only": {
      "mean": -0.009709362139917686,
      "lo": -0.01929012345679012,
      "hi": -0.0010288065843621237,
      "n": 9
    }
  },
  "BNCI2015_001|EEGNet": {
    "verdict": "A_SOURCE_IDENTIFIABLE_DG_TICKET",
    "d_target_upper_bound": {
      "mean": 0.05425925925925928,
      "lo": 0.027314236111111136,
      "hi": 0.0981255787037037,
      "n": 12
    },
    "d_target_source_meta": {
      "mean": 0.002407407407407417,
      "lo": 0.0012731481481481467,
      "hi": 0.003634259259259276,
      "n": 12
    },
    "d_target_random": {
      "mean": -0.010217592592592585,
      "lo": -0.01486122685185183,
      "hi": -0.0056666666666666705,
      "n": 12
    },
    "d_target_cmi_only": {
      "mean": -0.06344907407407406,
      "lo": -0.10710648148148146,
      "hi": -0.027083333333333334,
      "n": 12
    }
  }
}