{
  "dataset": "BNCI2014_001",
  "subject": "6",
  "seed": 1,
  "warmup_hash": "b917babc2bf34ad0",
  "lam_mcc": 1.0,
  "arms": {
    "A_erm_continue": {
      "dump": "BNCI2014_001_sub6_seed1_A_erm_continue.npz",
      "target_bacc": 0.2743055555555556,
      "selected_epoch": 8,
      "source_val_bacc": 0.7424568965517242,
      "eff_rank": 10.500556945800781,
      "contrast_norm": 0.4678960954149564,
      "mean_mcc_loss": 0.0,
      "total_parameter_count": 2228,
      "trainable_parameter_count": 2228,
      "trainable_parameter_names_hash": "2f4775edc1e19a70",
      "full_encoder_trainable": true,
      "mean_grad_ratio": 0.0,
      "mean_grad_cos": NaN
    },
    "B_mcc_true": {
      "dump": "BNCI2014_001_sub6_seed1_B_mcc_true.npz",
      "target_bacc": 0.2760416666666667,
      "selected_epoch": 1,
      "source_val_bacc": 0.7381465517241379,
      "eff_rank": 10.49578857421875,
      "contrast_norm": 0.46409195438027384,
      "mean_mcc_loss": 0.4082361778510468,
      "total_parameter_count": 2228,
      "trainable_parameter_count": 2228,
      "trainable_parameter_names_hash": "2f4775edc1e19a70",
      "full_encoder_trainable": true,
      "mean_grad_ratio": 0.48886864546411096,
      "mean_grad_cos": 0.5526666916906834
    },
    "C_mcc_shuffle": {
      "dump": "BNCI2014_001_sub6_seed1_C_mcc_shuffle.npz",
      "target_bacc": 0.28645833333333337,
      "selected_epoch": 0,
      "source_val_bacc": 0.7413793103448276,
      "eff_rank": 10.510641098022461,
      "contrast_norm": 0.4622605403264364,
      "mean_mcc_loss": 0.3673430628808481,
      "total_parameter_count": 2228,
      "trainable_parameter_count": 2228,
      "trainable_parameter_names_hash": "2f4775edc1e19a70",
      "full_encoder_trainable": true,
      "mean_grad_ratio": 0.34531747639655697,
      "mean_grad_cos": 0.4396362522616982
    }
  }
}