{
  "dataset": "BNCI2015_001",
  "subject": "3",
  "seed": 2,
  "warmup_hash": "031a70ed51e86f1e",
  "lam_mcc": 1.0,
  "arms": {
    "A_erm_continue": {
      "dump": "BNCI2015_001_sub3_seed2_A_erm_continue.npz",
      "target_bacc": 0.5225,
      "selected_epoch": 3,
      "source_val_bacc": 0.8576923076923078,
      "eff_rank": 10.86818790435791,
      "contrast_norm": 0.5395823738404683,
      "mean_mcc_loss": 0.0,
      "total_parameter_count": 1698,
      "trainable_parameter_count": 1698,
      "trainable_parameter_names_hash": "2f4775edc1e19a70",
      "full_encoder_trainable": true,
      "mean_grad_ratio": 0.0,
      "mean_grad_cos": NaN
    },
    "B_mcc_true": {
      "dump": "BNCI2015_001_sub3_seed2_B_mcc_true.npz",
      "target_bacc": 0.52,
      "selected_epoch": 4,
      "source_val_bacc": 0.8500000000000001,
      "eff_rank": 10.436290740966797,
      "contrast_norm": 0.5962325824158532,
      "mean_mcc_loss": 0.28987080096564394,
      "total_parameter_count": 1698,
      "trainable_parameter_count": 1698,
      "trainable_parameter_names_hash": "2f4775edc1e19a70",
      "full_encoder_trainable": true,
      "mean_grad_ratio": 0.7281850940425718,
      "mean_grad_cos": 0.34181546829640863
    },
    "C_mcc_shuffle": {
      "dump": "BNCI2015_001_sub3_seed2_C_mcc_shuffle.npz",
      "target_bacc": 0.53,
      "selected_epoch": 0,
      "source_val_bacc": 0.8528846153846155,
      "eff_rank": 10.80127239227295,
      "contrast_norm": 0.5450575756175178,
      "mean_mcc_loss": 0.19378446604501695,
      "total_parameter_count": 1698,
      "trainable_parameter_count": 1698,
      "trainable_parameter_names_hash": "2f4775edc1e19a70",
      "full_encoder_trainable": true,
      "mean_grad_ratio": 0.5877562389378153,
      "mean_grad_cos": 0.3208941400051117
    }
  }
}