{
  "dataset": "BNCI2014_001",
  "subject": "6",
  "seed": 0,
  "warmup_hash": "60cb7745022e8439",
  "lam_mcc": 1.0,
  "arms": {
    "A_erm_continue": {
      "dump": "BNCI2014_001_sub6_seed0_A_erm_continue.npz",
      "target_bacc": 0.3454861111111111,
      "selected_epoch": 1,
      "source_val_bacc": 0.7543103448275862,
      "eff_rank": 10.808675765991211,
      "contrast_norm": 0.47193680008252464,
      "mean_mcc_loss": 0.0,
      "total_parameter_count": 2228,
      "trainable_parameter_count": 2228,
      "trainable_parameter_names_hash": "2f4775edc1e19a70",
      "full_encoder_trainable": true,
      "mean_grad_ratio": 0.0,
      "mean_grad_cos": NaN
    },
    "B_mcc_true": {
      "dump": "BNCI2014_001_sub6_seed0_B_mcc_true.npz",
      "target_bacc": 0.34375,
      "selected_epoch": 2,
      "source_val_bacc": 0.7521551724137931,
      "eff_rank": 10.78490161895752,
      "contrast_norm": 0.4730380974709988,
      "mean_mcc_loss": 0.422394995284932,
      "total_parameter_count": 2228,
      "trainable_parameter_count": 2228,
      "trainable_parameter_names_hash": "2f4775edc1e19a70",
      "full_encoder_trainable": true,
      "mean_grad_ratio": 0.4785929436201443,
      "mean_grad_cos": 0.4948071314021945
    },
    "C_mcc_shuffle": {
      "dump": "BNCI2014_001_sub6_seed0_C_mcc_shuffle.npz",
      "target_bacc": 0.3315972222222222,
      "selected_epoch": 4,
      "source_val_bacc": 0.75,
      "eff_rank": 10.747365951538086,
      "contrast_norm": 0.491232268512249,
      "mean_mcc_loss": 0.3873672084084579,
      "total_parameter_count": 2228,
      "trainable_parameter_count": 2228,
      "trainable_parameter_names_hash": "2f4775edc1e19a70",
      "full_encoder_trainable": true,
      "mean_grad_ratio": 0.31516389641885384,
      "mean_grad_cos": 0.3634448492899537
    }
  }
}