{
  "dataset": "BNCI2015_001",
  "subject": "7",
  "seed": 0,
  "warmup_hash": "342d4a2d727442f5",
  "lam_mcc": 1.0,
  "arms": {
    "A_erm_continue": {
      "dump": "BNCI2015_001_sub7_seed0_A_erm_continue.npz",
      "target_bacc": 0.5775,
      "selected_epoch": 0,
      "source_val_bacc": 0.8663461538461539,
      "eff_rank": 10.891475677490234,
      "contrast_norm": 0.521846090044294,
      "mean_mcc_loss": 0.0,
      "total_parameter_count": 1698,
      "trainable_parameter_count": 1698,
      "trainable_parameter_names_hash": "2f4775edc1e19a70",
      "full_encoder_trainable": true,
      "mean_grad_ratio": 0.0,
      "mean_grad_cos": NaN
    },
    "B_mcc_true": {
      "dump": "BNCI2015_001_sub7_seed0_B_mcc_true.npz",
      "target_bacc": 0.58,
      "selected_epoch": 0,
      "source_val_bacc": 0.8615384615384616,
      "eff_rank": 10.834742546081543,
      "contrast_norm": 0.5311129689216614,
      "mean_mcc_loss": 0.27677960995029893,
      "total_parameter_count": 1698,
      "trainable_parameter_count": 1698,
      "trainable_parameter_names_hash": "2f4775edc1e19a70",
      "full_encoder_trainable": true,
      "mean_grad_ratio": 0.8485317551280234,
      "mean_grad_cos": 0.42007998572662475
    },
    "C_mcc_shuffle": {
      "dump": "BNCI2015_001_sub7_seed0_C_mcc_shuffle.npz",
      "target_bacc": 0.5675,
      "selected_epoch": 0,
      "source_val_bacc": 0.8625,
      "eff_rank": 10.77236557006836,
      "contrast_norm": 0.5398321769067219,
      "mean_mcc_loss": 0.18961267515699914,
      "total_parameter_count": 1698,
      "trainable_parameter_count": 1698,
      "trainable_parameter_names_hash": "2f4775edc1e19a70",
      "full_encoder_trainable": true,
      "mean_grad_ratio": 0.5980186074671047,
      "mean_grad_cos": 0.26577261933125557
    }
  }
}