{
  "dataset": "BNCI2014_001",
  "subject": "2",
  "seed": 2,
  "warmup_hash": "75495f551c10722a",
  "lam_mcc": 1.0,
  "arms": {
    "A_erm_continue": {
      "dump": "BNCI2014_001_sub2_seed2_A_erm_continue.npz",
      "target_bacc": 0.2881944444444444,
      "selected_epoch": 2,
      "source_val_bacc": 0.75,
      "eff_rank": 11.681814193725586,
      "contrast_norm": 0.4094709216306607,
      "mean_mcc_loss": 0.0,
      "total_parameter_count": 2228,
      "trainable_parameter_count": 2228,
      "trainable_parameter_names_hash": "2f4775edc1e19a70",
      "full_encoder_trainable": true,
      "mean_grad_ratio": 0.0,
      "mean_grad_cos": NaN
    },
    "B_mcc_true": {
      "dump": "BNCI2014_001_sub2_seed2_B_mcc_true.npz",
      "target_bacc": 0.29166666666666663,
      "selected_epoch": 1,
      "source_val_bacc": 0.75,
      "eff_rank": 11.723613739013672,
      "contrast_norm": 0.4090821864704291,
      "mean_mcc_loss": 0.39507201824869426,
      "total_parameter_count": 2228,
      "trainable_parameter_count": 2228,
      "trainable_parameter_names_hash": "2f4775edc1e19a70",
      "full_encoder_trainable": true,
      "mean_grad_ratio": 0.3949070705844061,
      "mean_grad_cos": 0.4834954310208559
    },
    "C_mcc_shuffle": {
      "dump": "BNCI2014_001_sub2_seed2_C_mcc_shuffle.npz",
      "target_bacc": 0.29166666666666663,
      "selected_epoch": 1,
      "source_val_bacc": 0.7456896551724138,
      "eff_rank": 11.74836540222168,
      "contrast_norm": 0.40906498208642006,
      "mean_mcc_loss": 0.3845592531242541,
      "total_parameter_count": 2228,
      "trainable_parameter_count": 2228,
      "trainable_parameter_names_hash": "2f4775edc1e19a70",
      "full_encoder_trainable": true,
      "mean_grad_ratio": 0.33891258288513015,
      "mean_grad_cos": 0.3216993561014533
    }
  }
}