{
  "dataset": "BNCI2015_001",
  "subject": "9",
  "seed": 0,
  "warmup_hash": "b10547aa71c6d984",
  "lam_mcc": 1.0,
  "arms": {
    "A_erm_continue": {
      "dump": "BNCI2015_001_sub9_seed0_A_erm_continue.npz",
      "target_bacc": 0.5816666666666667,
      "selected_epoch": 4,
      "source_val_bacc": 0.857,
      "eff_rank": 11.107919692993164,
      "contrast_norm": 0.4715859591960907,
      "mean_mcc_loss": 0.0,
      "total_parameter_count": 1698,
      "trainable_parameter_count": 1698,
      "trainable_parameter_names_hash": "2f4775edc1e19a70",
      "full_encoder_trainable": true,
      "mean_grad_ratio": 0.0,
      "mean_grad_cos": NaN
    },
    "B_mcc_true": {
      "dump": "BNCI2015_001_sub9_seed0_B_mcc_true.npz",
      "target_bacc": 0.59,
      "selected_epoch": 0,
      "source_val_bacc": 0.8520000000000001,
      "eff_rank": 11.039520263671875,
      "contrast_norm": 0.4795121167387281,
      "mean_mcc_loss": 0.2941141029364533,
      "total_parameter_count": 1698,
      "trainable_parameter_count": 1698,
      "trainable_parameter_names_hash": "2f4775edc1e19a70",
      "full_encoder_trainable": true,
      "mean_grad_ratio": 0.9758071153728395,
      "mean_grad_cos": 0.43280140929855404
    },
    "C_mcc_shuffle": {
      "dump": "BNCI2015_001_sub9_seed0_C_mcc_shuffle.npz",
      "target_bacc": 0.5883333333333334,
      "selected_epoch": 0,
      "source_val_bacc": 0.857,
      "eff_rank": 11.033910751342773,
      "contrast_norm": 0.4807758331298828,
      "mean_mcc_loss": 0.19928680294503767,
      "total_parameter_count": 1698,
      "trainable_parameter_count": 1698,
      "trainable_parameter_names_hash": "2f4775edc1e19a70",
      "full_encoder_trainable": true,
      "mean_grad_ratio": 0.6077204305876576,
      "mean_grad_cos": 0.13386160172522069
    }
  }
}