{
  "dataset": "BNCI2015_001",
  "subject": "3",
  "seed": 1,
  "warmup_hash": "36b5705722cfb10a",
  "lam_mcc": 1.0,
  "arms": {
    "A_erm_continue": {
      "dump": "BNCI2015_001_sub3_seed1_A_erm_continue.npz",
      "target_bacc": 0.54,
      "selected_epoch": 4,
      "source_val_bacc": 0.8730769230769231,
      "eff_rank": 10.84989070892334,
      "contrast_norm": 0.46742590197495054,
      "mean_mcc_loss": 0.0,
      "total_parameter_count": 1698,
      "trainable_parameter_count": 1698,
      "trainable_parameter_names_hash": "2f4775edc1e19a70",
      "full_encoder_trainable": true,
      "mean_grad_ratio": 0.0,
      "mean_grad_cos": NaN
    },
    "B_mcc_true": {
      "dump": "BNCI2015_001_sub3_seed1_B_mcc_true.npz",
      "target_bacc": 0.535,
      "selected_epoch": 4,
      "source_val_bacc": 0.8663461538461539,
      "eff_rank": 10.306157112121582,
      "contrast_norm": 0.5314997881650925,
      "mean_mcc_loss": 0.3169190723686776,
      "total_parameter_count": 1698,
      "trainable_parameter_count": 1698,
      "trainable_parameter_names_hash": "2f4775edc1e19a70",
      "full_encoder_trainable": true,
      "mean_grad_ratio": 0.715332196009259,
      "mean_grad_cos": 0.3914565934450366
    },
    "C_mcc_shuffle": {
      "dump": "BNCI2015_001_sub3_seed1_C_mcc_shuffle.npz",
      "target_bacc": 0.5475,
      "selected_epoch": 1,
      "source_val_bacc": 0.8663461538461539,
      "eff_rank": 10.514888763427734,
      "contrast_norm": 0.5087773650884628,
      "mean_mcc_loss": 0.20687135454425787,
      "total_parameter_count": 1698,
      "trainable_parameter_count": 1698,
      "trainable_parameter_names_hash": "2f4775edc1e19a70",
      "full_encoder_trainable": true,
      "mean_grad_ratio": 0.5617296365358814,
      "mean_grad_cos": 0.22275193147361277
    }
  }
}