{
  "dataset": "BNCI2014_001",
  "subject": "3",
  "seed": 0,
  "warmup_hash": "e23566e89a41383d",
  "lam_mcc": 1.0,
  "arms": {
    "A_erm_continue": {
      "dump": "BNCI2014_001_sub3_seed0_A_erm_continue.npz",
      "target_bacc": 0.44791666666666663,
      "selected_epoch": 3,
      "source_val_bacc": 0.6875,
      "eff_rank": 11.50000286102295,
      "contrast_norm": 0.28890564988056816,
      "mean_mcc_loss": 0.0,
      "total_parameter_count": 2228,
      "trainable_parameter_count": 2228,
      "trainable_parameter_names_hash": "2f4775edc1e19a70",
      "full_encoder_trainable": true,
      "mean_grad_ratio": 0.0,
      "mean_grad_cos": NaN
    },
    "B_mcc_true": {
      "dump": "BNCI2014_001_sub3_seed0_B_mcc_true.npz",
      "target_bacc": 0.4583333333333333,
      "selected_epoch": 0,
      "source_val_bacc": 0.6799568965517241,
      "eff_rank": 11.501453399658203,
      "contrast_norm": 0.2911778469880422,
      "mean_mcc_loss": 0.5054546588765724,
      "total_parameter_count": 2228,
      "trainable_parameter_count": 2228,
      "trainable_parameter_names_hash": "2f4775edc1e19a70",
      "full_encoder_trainable": true,
      "mean_grad_ratio": 0.5912086525876953,
      "mean_grad_cos": 0.5081866972148419
    },
    "C_mcc_shuffle": {
      "dump": "BNCI2014_001_sub3_seed0_C_mcc_shuffle.npz",
      "target_bacc": 0.4670138888888889,
      "selected_epoch": 2,
      "source_val_bacc": 0.6821120689655172,
      "eff_rank": 11.513739585876465,
      "contrast_norm": 0.29085079580545425,
      "mean_mcc_loss": 0.47846644297242164,
      "total_parameter_count": 2228,
      "trainable_parameter_count": 2228,
      "trainable_parameter_names_hash": "2f4775edc1e19a70",
      "full_encoder_trainable": true,
      "mean_grad_ratio": 0.4643679114145408,
      "mean_grad_cos": 0.4231242313981056
    }
  }
}