{
  "dataset": "BNCI2015_001",
  "subject": "12",
  "seed": 0,
  "warmup_hash": "d5118a38b4df046b",
  "lam_mcc": 1.0,
  "arms": {
    "A_erm_continue": {
      "dump": "BNCI2015_001_sub12_seed0_A_erm_continue.npz",
      "target_bacc": 0.5075000000000001,
      "selected_epoch": 0,
      "source_val_bacc": 0.885576923076923,
      "eff_rank": 10.757607460021973,
      "contrast_norm": 0.5542318948677608,
      "mean_mcc_loss": 0.0,
      "total_parameter_count": 1698,
      "trainable_parameter_count": 1698,
      "trainable_parameter_names_hash": "2f4775edc1e19a70",
      "full_encoder_trainable": true,
      "mean_grad_ratio": 0.0,
      "mean_grad_cos": NaN
    },
    "B_mcc_true": {
      "dump": "BNCI2015_001_sub12_seed0_B_mcc_true.npz",
      "target_bacc": 0.51,
      "selected_epoch": 0,
      "source_val_bacc": 0.885576923076923,
      "eff_rank": 10.61813735961914,
      "contrast_norm": 0.5723790143217359,
      "mean_mcc_loss": 0.2431502864715901,
      "total_parameter_count": 1698,
      "trainable_parameter_count": 1698,
      "trainable_parameter_names_hash": "2f4775edc1e19a70",
      "full_encoder_trainable": true,
      "mean_grad_ratio": 0.7736367838118139,
      "mean_grad_cos": 0.31871138922870157
    },
    "C_mcc_shuffle": {
      "dump": "BNCI2015_001_sub12_seed0_C_mcc_shuffle.npz",
      "target_bacc": 0.505,
      "selected_epoch": 0,
      "source_val_bacc": 0.8817307692307692,
      "eff_rank": 10.638891220092773,
      "contrast_norm": 0.573870586497443,
      "mean_mcc_loss": 0.17469890624918835,
      "total_parameter_count": 1698,
      "trainable_parameter_count": 1698,
      "trainable_parameter_names_hash": "2f4775edc1e19a70",
      "full_encoder_trainable": true,
      "mean_grad_ratio": 0.5939545664610433,
      "mean_grad_cos": 0.21420189477503299
    }
  }
}