{
  "dataset": "BNCI2015_001",
  "subject": "1",
  "seed": 1,
  "warmup_hash": "cfe709401b39a54a",
  "lam_mcc": 1.0,
  "arms": {
    "A_erm_continue": {
      "dump": "BNCI2015_001_sub1_seed1_A_erm_continue.npz",
      "target_bacc": 0.6475,
      "selected_epoch": 6,
      "source_val_bacc": 0.875,
      "eff_rank": 11.674180030822754,
      "contrast_norm": 0.41614295010055813,
      "mean_mcc_loss": 0.0,
      "total_parameter_count": 1698,
      "trainable_parameter_count": 1698,
      "trainable_parameter_names_hash": "2f4775edc1e19a70",
      "full_encoder_trainable": true,
      "mean_grad_ratio": 0.0,
      "mean_grad_cos": NaN
    },
    "B_mcc_true": {
      "dump": "BNCI2015_001_sub1_seed1_B_mcc_true.npz",
      "target_bacc": 0.6375,
      "selected_epoch": 0,
      "source_val_bacc": 0.8682692307692308,
      "eff_rank": 11.573616981506348,
      "contrast_norm": 0.42543219881398336,
      "mean_mcc_loss": 0.3592524803540808,
      "total_parameter_count": 1698,
      "trainable_parameter_count": 1698,
      "trainable_parameter_names_hash": "2f4775edc1e19a70",
      "full_encoder_trainable": true,
      "mean_grad_ratio": 0.8947860089594482,
      "mean_grad_cos": 0.4590805068612099
    },
    "C_mcc_shuffle": {
      "dump": "BNCI2015_001_sub1_seed1_C_mcc_shuffle.npz",
      "target_bacc": 0.6525,
      "selected_epoch": 0,
      "source_val_bacc": 0.8721153846153846,
      "eff_rank": 11.544401168823242,
      "contrast_norm": 0.4302500230925424,
      "mean_mcc_loss": 0.27630085716063674,
      "total_parameter_count": 1698,
      "trainable_parameter_count": 1698,
      "trainable_parameter_names_hash": "2f4775edc1e19a70",
      "full_encoder_trainable": true,
      "mean_grad_ratio": 0.6768527925913006,
      "mean_grad_cos": 0.2923926175571978
    }
  }
}