{
  "dataset": "BNCI2014_001",
  "subject": "5",
  "seed": 1,
  "warmup_hash": "49a5c6edfb0da33a",
  "lam_mcc": 1.0,
  "arms": {
    "A_erm_continue": {
      "dump": "BNCI2014_001_sub5_seed1_A_erm_continue.npz",
      "target_bacc": 0.3211805555555556,
      "selected_epoch": 1,
      "source_val_bacc": 0.7586206896551724,
      "eff_rank": 11.653301239013672,
      "contrast_norm": 0.4312909918526808,
      "mean_mcc_loss": 0.0,
      "total_parameter_count": 2228,
      "trainable_parameter_count": 2228,
      "trainable_parameter_names_hash": "2f4775edc1e19a70",
      "full_encoder_trainable": true,
      "mean_grad_ratio": 0.0,
      "mean_grad_cos": NaN
    },
    "B_mcc_true": {
      "dump": "BNCI2014_001_sub5_seed1_B_mcc_true.npz",
      "target_bacc": 0.3090277777777778,
      "selected_epoch": 0,
      "source_val_bacc": 0.7575431034482758,
      "eff_rank": 11.65093994140625,
      "contrast_norm": 0.43218058546384175,
      "mean_mcc_loss": 0.44811020568013193,
      "total_parameter_count": 2228,
      "trainable_parameter_count": 2228,
      "trainable_parameter_names_hash": "2f4775edc1e19a70",
      "full_encoder_trainable": true,
      "mean_grad_ratio": 0.45988471214942966,
      "mean_grad_cos": 0.4183016700670123
    },
    "C_mcc_shuffle": {
      "dump": "BNCI2014_001_sub5_seed1_C_mcc_shuffle.npz",
      "target_bacc": 0.30729166666666663,
      "selected_epoch": 0,
      "source_val_bacc": 0.7564655172413793,
      "eff_rank": 11.625795364379883,
      "contrast_norm": 0.43230548525849977,
      "mean_mcc_loss": 0.38934939354658127,
      "total_parameter_count": 2228,
      "trainable_parameter_count": 2228,
      "trainable_parameter_names_hash": "2f4775edc1e19a70",
      "full_encoder_trainable": true,
      "mean_grad_ratio": 0.4298809545272837,
      "mean_grad_cos": 0.3560823186300695
    }
  }
}