{
  "dataset": "BNCI2015_001",
  "subject": "9",
  "seed": 1,
  "warmup_hash": "ee8a4e7070b567f1",
  "lam_mcc": 1.0,
  "arms": {
    "A_erm_continue": {
      "dump": "BNCI2015_001_sub9_seed1_A_erm_continue.npz",
      "target_bacc": 0.5566666666666666,
      "selected_epoch": 0,
      "source_val_bacc": 0.906,
      "eff_rank": 10.457793235778809,
      "contrast_norm": 0.6041989709649768,
      "mean_mcc_loss": 0.0,
      "total_parameter_count": 1698,
      "trainable_parameter_count": 1698,
      "trainable_parameter_names_hash": "2f4775edc1e19a70",
      "full_encoder_trainable": true,
      "mean_grad_ratio": 0.0,
      "mean_grad_cos": NaN
    },
    "B_mcc_true": {
      "dump": "BNCI2015_001_sub9_seed1_B_mcc_true.npz",
      "target_bacc": 0.5616666666666666,
      "selected_epoch": 0,
      "source_val_bacc": 0.906,
      "eff_rank": 10.42746639251709,
      "contrast_norm": 0.6083208875996726,
      "mean_mcc_loss": 0.2717878646072414,
      "total_parameter_count": 1698,
      "trainable_parameter_count": 1698,
      "trainable_parameter_names_hash": "2f4775edc1e19a70",
      "full_encoder_trainable": true,
      "mean_grad_ratio": 0.9221392923958405,
      "mean_grad_cos": 0.27740619564428926
    },
    "C_mcc_shuffle": {
      "dump": "BNCI2015_001_sub9_seed1_C_mcc_shuffle.npz",
      "target_bacc": 0.565,
      "selected_epoch": 0,
      "source_val_bacc": 0.908,
      "eff_rank": 10.324102401733398,
      "contrast_norm": 0.6215715834072658,
      "mean_mcc_loss": 0.1702975720456905,
      "total_parameter_count": 1698,
      "trainable_parameter_count": 1698,
      "trainable_parameter_names_hash": "2f4775edc1e19a70",
      "full_encoder_trainable": true,
      "mean_grad_ratio": 0.6352919732527155,
      "mean_grad_cos": 0.30820611864328384
    }
  }
}