{
  "dataset": "BNCI2014_001",
  "subject": "4",
  "seed": 0,
  "warmup_hash": "161c64201fb2ea3c",
  "lam_mcc": 1.0,
  "arms": {
    "A_erm_continue": {
      "dump": "BNCI2014_001_sub4_seed0_A_erm_continue.npz",
      "target_bacc": 0.32638888888888895,
      "selected_epoch": 8,
      "source_val_bacc": 0.7219827586206897,
      "eff_rank": 10.947806358337402,
      "contrast_norm": 0.36885170117020605,
      "mean_mcc_loss": 0.0,
      "total_parameter_count": 2228,
      "trainable_parameter_count": 2228,
      "trainable_parameter_names_hash": "2f4775edc1e19a70",
      "full_encoder_trainable": true,
      "mean_grad_ratio": 0.0,
      "mean_grad_cos": NaN
    },
    "B_mcc_true": {
      "dump": "BNCI2014_001_sub4_seed0_B_mcc_true.npz",
      "target_bacc": 0.3194444444444445,
      "selected_epoch": 1,
      "source_val_bacc": 0.728448275862069,
      "eff_rank": 10.851536750793457,
      "contrast_norm": 0.37335277497768404,
      "mean_mcc_loss": 0.42630610444716044,
      "total_parameter_count": 2228,
      "trainable_parameter_count": 2228,
      "trainable_parameter_names_hash": "2f4775edc1e19a70",
      "full_encoder_trainable": true,
      "mean_grad_ratio": 0.5839900288268243,
      "mean_grad_cos": 0.46566002666950224
    },
    "C_mcc_shuffle": {
      "dump": "BNCI2014_001_sub4_seed0_C_mcc_shuffle.npz",
      "target_bacc": 0.328125,
      "selected_epoch": 1,
      "source_val_bacc": 0.7306034482758621,
      "eff_rank": 10.873042106628418,
      "contrast_norm": 0.377438718577226,
      "mean_mcc_loss": 0.38003490266523193,
      "total_parameter_count": 2228,
      "trainable_parameter_count": 2228,
      "trainable_parameter_names_hash": "2f4775edc1e19a70",
      "full_encoder_trainable": true,
      "mean_grad_ratio": 0.40755801237151446,
      "mean_grad_cos": 0.30562242222949865
    }
  }
}