score_name,n_group_rows,mean_oracle_hit_or_ceiling,mean_score_hit_within_covered_set,mean_underuse_gap,max_underuse_gap,mean_score_percentile_of_oracle_positive,diagnostic_underuse_only
selection_leakage,188,0.8351063829787234,0.40425531914893614,0.4308510638297872,1.0,0.5093465731425576,1
R_src,188,0.8351063829787234,0.4734042553191489,0.3617021276595745,1.0,0.6981855532234355,1
C30_source_rank,188,0.8351063829787234,0.48936170212765956,0.34574468085106386,1.0,0.7253677437039051,1
C19_robust_core,188,0.8351063829787234,0.48936170212765956,0.34574468085106386,1.0,0.7253677437039051,1
