dataset,family,src_delta_mean,src_delta_lo,src_delta_hi,src_random_mean,alignment_mean,k_src_mean,frac_selected,oracle_exist_mean,oracle_exist_lo,identifiable
BNCI2014_001,marg,-0.0007716049382716002,-0.0034079218106995786,0.002057613168724282,-0.003673696844993142,0.30246913580246937,1.6296296296296295,0.8148148148148148,0.0021127278071722535,-0.001855526161081722,False
BNCI2014_001,cond,-0.0028935185185185192,-0.0055298353909465055,-0.0007073045267489605,-0.007938957475994535,0.3015873015873018,1.1111111111111112,0.7037037037037037,0.02149470899470899,0.011867559523809513,False
BNCI2014_001,rule,0.0003215020576131707,-0.0016718106995884745,0.0027649176954732415,-0.003789437585733864,0.29938271604938305,2.7037037037037037,1.0,0.004739858906525572,-0.0021862139917695486,False
BNCI2014_001,grad,-0.00038580246913579903,-0.0009002057613168671,6.43004115226335e-05,-0.007698902606310013,0.4320987654320989,2.888888888888889,1.0,0.00960831863609642,-0.0008267195767195749,False
BNCI2015_001,marg,0.002407407407407417,0.0012731481481481467,0.003634259259259276,-0.0071558641975308325,0.4180555555555556,2.611111111111111,0.9722222222222222,0.03494047619047619,0.006640046296296299,True
BNCI2015_001,cond,0.0007638888888888972,-0.0007638888888888977,0.002569444444444467,-0.010890432098765432,0.40023148148148163,3.111111111111111,1.0,0.044708994708994705,0.010138888888888895,False
BNCI2015_001,rule,-0.0014583333333333239,-0.004328703703703693,0.0015277777777777976,-0.0009891975308641908,0.2962962962962965,3.888888888888889,1.0,0.01095899470899471,0.0036241732804232797,False
BNCI2015_001,grad,4.629629629630044e-05,-0.00016203703703703153,0.0002546296296296355,0.006762345679012325,0.5800000000000001,6.305555555555555,1.0,0.03500661375661376,0.0022481812169312223,False
