dataset,control,dtx_minus_control_mean,lo,hi
BNCI2014_001,delta_random_selected_rank,0.0,0.0,0.0
BNCI2014_001,delta_source_greedy,0.0,0.0,0.0
BNCI2014_001,delta_whitening,0.0017361111111110494,0.0,0.003472222222222099
BNCI2014_001,delta_mean_centering,-0.0034722222222222376,-0.01041666666666674,0.0034722222222222654
BNCI2015_001,delta_random_selected_rank,0.0,0.0,0.0
BNCI2015_001,delta_source_greedy,0.0,0.0,0.0
BNCI2015_001,delta_whitening,-0.0012500000000000011,-0.0025000000000000022,0.0
BNCI2015_001,delta_mean_centering,-0.0050000000000000044,-0.03500000000000003,0.025000000000000022
