dataset,control,dtx_minus_control_mean,lo,hi
BNCI2014_001,delta_random_selected_rank,0.0,0.0,0.0
BNCI2014_001,delta_source_greedy,0.0,0.0,0.0
BNCI2014_001,delta_whitening,-0.00012860082304527317,-0.0011574074074074093,0.000900205761316861
BNCI2014_001,delta_mean_centering,-0.038966049382716056,-0.05195473251028809,-0.026363168724279865
BNCI2015_001,delta_random_selected_rank,0.0,0.0,0.0
BNCI2015_001,delta_source_greedy,0.0,0.0,0.0
BNCI2015_001,delta_whitening,-6.94444444444399e-05,-0.0006944444444444436,0.0006250000000000052
BNCI2015_001,delta_mean_centering,-0.07187499999999998,-0.14069444444444443,-0.016041666666666662
