dataset,delta_tx_mean,delta_tx_lo,delta_tx_hi,recovery_mean,recovery_lo,rho_median,rho_lo,dtx_minus_delta_random_same_rank_lo,dtx_minus_delta_source_greedy_lo,dtx_minus_delta_whitening_lo,dtx_minus_delta_mean_centering_lo,n_folds
BNCI2014_001,-0.00868055555555547,-0.01736111111111094,0.0,-0.4545454545454503,-0.4545454545454503,0.47704216073781286,0.39611330698287217,-0.009982638888888756,nan,-0.01388888888888884,-0.02777777777777768,2
BNCI2015_001,0.0,0.0,0.0,0.0,0.0,-0.07187088274044798,-0.5101449275362319,-0.007656250000000002,nan,-0.0025000000000000022,-0.03500000000000003,2
