dataset,rank,n,spearman
BNCI2014_001,1,20,0.5533834586466165
BNCI2014_001,2,90,0.44197225994978806
BNCI2015_001,1,20,-0.09473684210526315
BNCI2015_001,2,90,-0.13497139564555294
