dataset,rank,rho_median,rho_lo,n_subjects
BNCI2014_001,1,0.24074074074074073,-0.03703703703703704,9
BNCI2014_001,2,0.20370370370370366,-0.05555555555555555,9
BNCI2014_001,3,nan,nan,0
BNCI2015_001,1,nan,nan,0
