dataset,control,dtx_minus_control_mean,lo,hi
BNCI2014_001,delta_random_same_rank,-0.0082465277777777,-0.009982638888888756,-0.0065104166666666435
BNCI2014_001,delta_source_greedy,nan,nan,nan
BNCI2014_001,delta_whitening,-0.00694444444444442,-0.01388888888888884,0.0
BNCI2014_001,delta_mean_centering,-0.012152777777777707,-0.02777777777777768,0.0034722222222222654
BNCI2015_001,delta_random_same_rank,-0.0046093750000000015,-0.007656250000000002,-0.0015625000000000014
BNCI2015_001,delta_source_greedy,nan,nan,nan
BNCI2015_001,delta_whitening,-0.0012500000000000011,-0.0025000000000000022,0.0
BNCI2015_001,delta_mean_centering,-0.0050000000000000044,-0.03500000000000003,0.025000000000000022
