dataset,dU_specific_mean,dU_specific_lo,dU_specific_hi,q95_exceedance_rate,q95_exceedance_rate_lo,q95_exceedance_rate_hi,q95_null_rate,n_subjects,stage_verdict
BNCI2014_001,0.0027854938271604885,-0.005401298868312773,0.01126414609053498,0.0,0.0,0.0,0.05,9,B_COND_ENRICHMENT_INCONCLUSIVE
BNCI2015_001,0.004125000000000006,-0.011456996527777758,0.01994585069444445,0.05555555555555555,0.0,0.13888888888888887,0.05,12,B_COND_ENRICHMENT_INCONCLUSIVE
