dataset,dI_specific_mean,dI_specific_lo,dI_specific_hi,subject_win_rate,n_subjects,closes
BNCI2014_001,0.002791923868312753,-0.005289641203703716,0.011243827160493833,0.037037037037037035,9,True
BNCI2015_001,0.003986805555555557,-0.009442725694444435,0.017708159722222214,0.05555555555555555,12,True
