{
  "serialized_equivalence_maxabs_bacc": 0.0,
  "table": {
    "ERM_head": {
      "ds002778": {
        "bacc": 51.83854166666667,
        "nll": 2.1891388625801946,
        "brier": 0.8225615645684803,
        "ece": 40.20656823892956
      },
      "ds003490": {
        "bacc": 65.75,
        "nll": 1.1665580646381377,
        "brier": 0.5324316374639182,
        "ece": 20.80004394549986
      },
      "ds004584": {
        "bacc": 60.423956416329986,
        "nll": 2.388243350744673,
        "brier": 0.7034606687101159,
        "ece": 32.472804129993705
      },
      "ds003944": {
        "bacc": 52.864062499999996,
        "nll": 1.2859640620841712,
        "brier": 0.6887800322012188,
        "ece": 28.805049642752817
      },
      "ds003947": {
        "bacc": 57.12231182795699,
        "nll": 1.0764446999637998,
        "brier": 0.625743067310855,
        "ece": 23.316334292983143
      },
      "ds004000": {
        "bacc": 47.864583333333336,
        "nll": 1.7861883637394984,
        "brier": 0.871418377102117,
        "ece": 39.84518070834841
      },
      "ds004367": {
        "bacc": 54.79539641943734,
        "nll": 4.870866237459123,
        "brier": 0.8668577372060932,
        "ece": 42.20002910111674
      }
    },
    "no_adapt_probe": {
      "ds002778": {
        "bacc": 52.71875,
        "nll": 1.8122312384135453,
        "brier": 0.7748286466990113,
        "ece": 37.58751129602245
      },
      "ds003490": {
        "bacc": 64.05000000000001,
        "nll": 1.0950629332959394,
        "brier": 0.5374067100712657,
        "ece": 20.73387505596836
      },
      "ds004584": {
        "bacc": 60.792589456776426,
        "nll": 1.9917319746559088,
        "brier": 0.688197473405153,
        "ece": 31.026008687216617
      },
      "ds003944": {
        "bacc": 52.7921875,
        "nll": 1.41796540100038,
        "brier": 0.7163948405994993,
        "ece": 31.018600366538372
      },
      "ds003947": {
        "bacc": 57.513440860215056,
        "nll": 1.0117853670495147,
        "brier": 0.6087197191088559,
        "ece": 21.67018179039946
      },
      "ds004000": {
        "bacc": 48.802083333333336,
        "nll": 1.8268377515738188,
        "brier": 0.8695975523103987,
        "ece": 39.20268207149711
      },
      "ds004367": {
        "bacc": 54.55882352941177,
        "nll": 4.779312395440803,
        "brier": 0.8745983782269433,
        "ece": 42.404973572578086
      }
    },
    "matched_CORAL (=CITA-no-LPC)": {
      "ds002778": {
        "bacc": 61.854166666666664,
        "nll": 1.4758334828674111,
        "brier": 0.6303838699309456,
        "ece": 27.989102103197617
      },
      "ds003490": {
        "bacc": 62.949999999999996,
        "nll": 1.3340271479440098,
        "brier": 0.5857251826964069,
        "ece": 24.741670082156723
      },
      "ds004584": {
        "bacc": 60.39066920582383,
        "nll": 1.5255704717392133,
        "brier": 0.6521283523059149,
        "ece": 28.317701525654392
      },
      "ds003944": {
        "bacc": 51.996874999999996,
        "nll": 2.7955723858420107,
        "brier": 0.8474007903955231,
        "ece": 40.21778713880547
      },
      "ds003947": {
        "bacc": 58.87096774193547,
        "nll": 2.083744374769938,
        "brier": 0.6976240904802975,
        "ece": 31.028268871205185
      },
      "ds004000": {
        "bacc": 52.43055555555556,
        "nll": 2.2894437295590366,
        "brier": 0.8033430748406355,
        "ece": 36.28685850234844
      },
      "ds004367": {
        "bacc": 60.40601023017903,
        "nll": 1.0604666377982357,
        "brier": 0.5998666756223227,
        "ece": 23.794064696504147
      }
    },
    "SPDIM": {
      "ds002778": {
        "bacc": 62.02604166666668,
        "nll": 1.9346026364902957,
        "brier": 0.6628277370287622,
        "ece": 30.60365710040902
      },
      "ds003490": {
        "bacc": 68.05,
        "nll": 1.603073715302455,
        "brier": 0.532134625637518,
        "ece": 23.776042689477105
      },
      "ds004584": {
        "bacc": 60.675804024630295,
        "nll": 3.761843738761292,
        "brier": 0.7435562851194054,
        "ece": 35.602629365992264
      },
      "ds003944": {
        "bacc": 52.731249999999996,
        "nll": 2.541008822603499,
        "brier": 0.8089317428470783,
        "ece": 38.09644913657188
      },
      "ds003947": {
        "bacc": 58.22043010752689,
        "nll": 1.6291240361820907,
        "brier": 0.675798802328448,
        "ece": 29.386591323160395
      },
      "ds004000": {
        "bacc": 49.791666666666664,
        "nll": 2.6500206627586653,
        "brier": 0.8577072366230818,
        "ece": 39.81833558791657
      },
      "ds004367": {
        "bacc": 58.836317135549876,
        "nll": 6.375300428007949,
        "brier": 0.7742221203698912,
        "ece": 38.71413414020818
      }
    }
  },
  "summary": {
    "ERM_head": {
      "bacc": {
        "mean": 55.80840745196061,
        "worst": 47.864583333333336,
        "PD": 59.33749936099889,
        "SCZ": 53.161588520181915
      },
      "nll": {
        "mean": 2.109057663029943,
        "worst": 4.870866237459123,
        "PD": 1.914646759321002,
        "SCZ": 2.254865840811648
      },
      "brier": {
        "mean": 0.7301790120803998,
        "worst": 0.871418377102117,
        "PD": 0.6861512902475049,
        "SCZ": 0.763199803455071
      },
      "ece": {
        "mean": 32.52085857994632,
        "worst": 42.20002910111674,
        "PD": 31.159805438141046,
        "SCZ": 33.54164843630028
      }
    },
    "no_adapt_probe": {
      "bacc": {
        "mean": 55.88969638281951,
        "worst": 48.802083333333336,
        "PD": 59.18711315225881,
        "SCZ": 53.41663380574004
      },
      "nll": {
        "mean": 1.9907038659185585,
        "worst": 4.779312395440803,
        "PD": 1.6330087154551312,
        "SCZ": 2.258975228766129
      },
      "brier": {
        "mean": 0.7242490457744467,
        "worst": 0.8745983782269433,
        "PD": 0.66681094339181,
        "SCZ": 0.7673276225614244
      },
      "ece": {
        "mean": 31.949118977174347,
        "worst": 42.404973572578086,
        "PD": 29.782465013069142,
        "SCZ": 33.57410945025326
      }
    },
    "matched_CORAL (=CITA-no-LPC)": {
      "bacc": {
        "mean": 58.41417777145151,
        "worst": 51.996874999999996,
        "PD": 61.73161195749683,
        "SCZ": 55.92610213191751
      },
      "nll": {
        "mean": 1.7949511757885506,
        "worst": 2.7955723858420107,
        "PD": 1.4451437008502115,
        "SCZ": 2.057306781992305
      },
      "brier": {
        "mean": 0.6880674337531495,
        "worst": 0.8474007903955231,
        "PD": 0.6227458016444225,
        "SCZ": 0.7370586578346946
      },
      "ece": {
        "mean": 30.339350417124564,
        "worst": 40.21778713880547,
        "PD": 27.01615790366958,
        "SCZ": 32.83174480221581
      }
    },
    "SPDIM": {
      "bacc": {
        "mean": 58.61878708586293,
        "worst": 49.791666666666664,
        "PD": 63.58394856376566,
        "SCZ": 54.89491597743586
      },
      "nll": {
        "mean": 2.9278534343008924,
        "worst": 6.375300428007949,
        "PD": 2.4331733635180144,
        "SCZ": 3.2988634873880507
      },
      "brier": {
        "mean": 0.7221683642791693,
        "worst": 0.8577072366230818,
        "PD": 0.6461728825952285,
        "SCZ": 0.7791649755421249
      },
      "ece": {
        "mean": 33.71397704910506,
        "worst": 39.81833558791657,
        "PD": 29.99410971862613,
        "SCZ": 36.50387754696426
      }
    }
  },
  "contrasts": {
    "CITAnoLPC_vs_SPDIM_bacc": [
      -0.20460931441140673,
      -1.9984072523474918,
      1.2162784224037477
    ],
    "CITAnoLPC_vs_ERMhead_bacc": [
      2.60577031949089,
      -0.12888067125572686,
      5.823310176565129
    ],