tag,checkpoint,subject_subspace_var_frac,l4_alignment,n_pca,C,source_val_bacc,target_bacc,target_macro_f1,target_nll,l1_l1_pairwise_bacc_mean,l1_l1_pairwise_bacc_sd,l1_n_pairs,l5_target_bacc_base,l5_target_bacc_subject_removed,l5_subject_removal_drop,l5_removed_variance_frac,l5_null_drop_mean,l5_null_drop_sd,l5_l5_reliance_z,l5_l5_beats_null,budget_h,seed,channel_mode,input_channels,target_labels_used_for_selection,target_labels_final_scoring_only
H1000_s0,results/s2p_route_b_33ch_b1/H1000_s0/best.pth,0.6983004212379456,0.002108025837863506,64,0.1,0.516,0.496,0.489597511180245,0.7183482617448653,0.8642857142857143,0.17494411158101533,105,0.496,0.492,0.0040000000000000036,0.1354425996541977,-0.0020800000000000263,0.0021525798475317956,2.8245164435851455,True,1000.0,0,native32,32,False,True
random,random,0.6174669861793518,0.028100289758814557,64,0.01,0.544,0.512,0.5004585953878407,0.7410043244420776,0.6909523809523811,0.16091715590874592,105,0.512,0.516,-0.0040000000000000036,0.0880236104130745,0.0019200000000000328,0.005074800488689191,-1.1665480932002184,False,,,native32,32,False,True
released,/home/infres/yinwang/eeg2025/NIPS/Cbramod_pretrained_weights.pth,0.7367269396781921,0.02145505694188458,64,0.1,0.528,0.548,0.5476453539575027,0.696464292258478,0.889047619047619,0.16035391696122445,105,0.548,0.508,0.040000000000000036,0.195797398686409,0.0011199999999998989,0.0036695503811775125,10.595300613429192,True,,,native32,32,False,True
