tag,n_pca,C,source_val_bacc,target_bacc,target_macro_f1,target_nll
released,64,10.0,0.6711562255487238,0.5901485895538537,0.5839351883470388,0.664843662783678
random,64,0.01,0.5935439831924127,0.5320674440592499,0.5285212894046234,0.6956288688765
