tag,n_pca,C,source_val_bacc,target_bacc,target_macro_f1,target_nll
released,64,0.1,0.6206221216871481,0.5525291885305305,0.5489187074339172,0.6929335258502304
random,64,0.01,0.5759421102077393,0.5025517725160884,0.5009728249788833,0.7039843885143947
