observed,null_mean,null_p95,replicates,raw_p,Holm_p,passed
-8.717406284615379,-3.9392291893985574,2.4420214698009715,499,0.862,1.0,0
