target,rows,raw_deviance,full_deviance,deviance_reduction
1,16,22.10712689054424,22.60884835916122,-0.5017214686169815
2,16,21.63625274621699,28.075281405969005,-6.439028659752015
3,16,20.646724550418924,19.14097510543407,1.505749444984854
5,16,27.184288263026872,27.299236634420033,-0.11494837139316161
6,16,23.397869753468413,23.174954693276753,0.22291506019166007
7,16,22.003872487797494,23.087971994329315,-1.084099506531821
8,16,24.21409695981754,24.076908655204548,0.13718830461299092
9,16,20.88207699015825,23.325538078269155,-2.4434610881109045
