family_order,path,raw_p,Holm_p,Holm_reject_0.05
1,P1_M,0.011673151750972763,0.07003891050583658,0
2,H2R,0.862,1.0,0
3,P2_L,0.092,0.368,0
4,H4R,1.0,1.0,0
5,H5R,1.0,1.0,0
6,H6R,0.011673151750972763,0.07003891050583658,0
