target,construction_increment,F2_increment,F4_increment,H6_effect
1,0.3319841907118556,-0.39624654393039216,-0.015509728842606263,0.34749391955446185
2,0.4328606021667599,-0.1598085110545402,-0.10462725202071965,0.5374878541874796
3,0.5625975529211411,-0.11542197705030866,-0.0009678651070736954,0.5635654180282148
5,0.24009524362744072,-0.3382319576350763,0.11060096557575971,0.129494278051681
6,0.5225719090154912,-0.015875160851965164,-0.08630054698482126,0.5384470698674564
7,0.40491304065966527,-0.2123803374431268,0.13452427925967347,0.2703887613999918
8,0.5621484757580926,-0.02704699406127764,0.1874314843907301,0.3747169913673625
9,0.4700194765487299,-0.09346662437996178,-0.16843597413967215,0.5634861009286917
