effect,target_bootstrap_ci_low,target_bootstrap_ci_high,raw_p,Holm_p,Holm_reject_0.05,measurement_pass,targets,cells
0.7564555113866,0.6817952453433991,0.8337634631382552,0.011673151750972763,0.07003891050583658,0,0,8,16
