path,target_id,prior_rho,full_rho,delta_rho,increment_residual_rho,incremental_R2,positive_increment
target_unlabeled,1,0.6902860451796692,0.5627679357779074,-0.12751810940176178,-0.15615733860599157,-0.2113020019970251,0
target_unlabeled,2,0.7600818574058289,0.7142784560877695,-0.04580340131805938,-0.14318456703092608,-0.1924760455629233,0
target_unlabeled,3,0.7736613729807862,0.6412413814480374,-0.13241999153274875,-0.37507709286850394,-0.3142178241532545,0
target_unlabeled,5,0.7789606503891138,0.7811299028942559,0.002169252505142105,0.16128039787682358,-0.02227062678581082,1
target_unlabeled,6,0.7843875887096311,0.7098596249307052,-0.0745279637789259,-0.20298181807917737,-0.16167275074905985,0
target_unlabeled,7,0.6369543092996213,0.6560068212458458,0.019052511946224482,0.1930151391341042,0.009249394387733645,1
target_unlabeled,8,0.5627419144129202,0.5265972425627903,-0.03614467185012993,-0.4378945496576864,-0.30622617732950164,0
target_unlabeled,9,0.7027489747978772,0.676656519927251,-0.02609245487062628,0.062209181707714646,-0.09777564608272682,1
AGGREGATE,ALL,,,,-0.14967095281845882,-0.09849749469014357,3
