{
  "BNCI2014_001|EEGNetMini": {
    "mean": 0.42412551440329216,
    "worst": 0.26909722222222227,
    "std": 0.009614578027642696,
    "source": 0.6202920543432346,
    "best_srcval": 0.5120241769547325,
    "final_val": 0.4547325102880658,
    "2a_dec": 0.5724826388888888,
    "2a_hard": 0.3054398148148148
  },
  "BNCI2014_001|ShallowConvNetMini": {
    "mean": 0.3975694444444445,
    "worst": 0.2534722222222222,
    "std": 0.0006300127939257174,
    "source": 0.6851472585497351,
    "best_srcval": 0.48836162551440326,
    "final_val": 0.41917438271604934,
    "2a_dec": 0.5295138888888888,
    "2a_hard": 0.2920138888888889
  },
  "BNCI2014_001|DeepConvNetMini": {
    "mean": 0.39834104938271603,
    "worst": 0.23958333333333331,
    "std": 0.010331777637932452,
    "source": 0.6096342354935118,
    "best_srcval": 0.5174897119341564,
    "final_val": 0.4357638888888889,
    "2a_dec": 0.5267650462962963,
    "2a_hard": 0.29560185185185184
  },
  "BNCI2014_001|CSP_all_source": {
    "mean": 0.3728780864197531,
    "worst": 0.2309027777777778,
    "std": 0.0,
    "source": NaN,
    "best_srcval": NaN,
    "final_val": NaN,
    "2a_dec": 0.49131944444444453,
    "2a_hard": 0.278125
  },
  "BNCI2014_001|CSP_srcval_matched": {
    "mean": 0.37217078189300407,
    "worst": 0.22916666666666669,
    "std": 0.0062255285197837735,
    "source": NaN,
    "best_srcval": NaN,
    "final_val": NaN,
    "2a_dec": 0.48480902777777773,
    "2a_hard": 0.2820601851851852
  },
  "BNCI2015_001|EEGNetMini": {
    "mean": 0.6232407407407408,
    "worst": 0.505,
    "std": 0.0037100639832683712,
    "source": 0.784601934914686,
    "best_srcval": 0.6899537037037037,
    "final_val": 0.6408333333333334
  },
  "BNCI2015_001|ShallowConvNetMini": {
    "mean": 0.6189814814814815,
    "worst": 0.5033333333333333,
    "std": 0.01343916971315099,
    "source": 0.8033594692127357,
    "best_srcval": 0.7088657407407407,
    "final_val": 0.6260416666666667
  },
  "BNCI2015_001|DeepConvNetMini": {
    "mean": 0.6535648148148148,
    "worst": 0.495,
    "std": 0.005031515049166207,
    "source": 0.7674213807860327,
    "best_srcval": 0.7221759259259259,
    "final_val": 0.6334027777777778
  },
  "BNCI2015_001|CSP_all_source": {
    "mean": 0.6139583333333333,
    "worst": 0.4875,
    "std": 0.0,
    "source": NaN,
    "best_srcval": NaN,
    "final_val": NaN
  },
  "BNCI2015_001|CSP_srcval_matched": {
    "mean": 0.6110416666666667,
    "worst": 0.46,
    "std": 0.00483358609385921,
    "source": NaN,
    "best_srcval": NaN,
    "final_val": NaN
  }
}