intervention,gap_closed,baseline_gap
raw,0.5238775560151255,0.5238775560151255
parameter_bias_removed,0.5104626830969548,0.5238775560151255
effective_mean_removed,-0.3126904391879488,0.5238775560151255
projection_only,0.5104626830969548,0.5238775560151255
weight_norm_normalized,0.3534092438722946,0.5238775560151255
global_scale_removed,-0.14854562586424233,0.5238775560151255
source_mean_centered_projection,-0.29673943636118866,0.5238775560151255
