epsilon_quantile,epsilon_radius,ambiguous_neighborhood_fraction,discordant_pair_fraction,trajectory_conditioned_pair_baseline,discordant_pair_fraction_over_baseline,minimum_unavoidable_ambiguity_rate,target_good_non_good_cohabitation_rate,n_source_equivalent_pairs,target_labels_diagnostic_only
0.01,0.03462955414672538,0.0,0.0,0.28044882692961576,0.0,0.0,0.0,442,1
0.02,0.11422509412362998,0.0,0.0,0.28044882692961576,0.0,0.0,0.0,883,1
0.05,0.33442145137782736,0.003943217665615142,0.004079782411604714,0.28044882692961576,0.014547332774647752,0.0010880359855123263,0.003943217665615142,2206,1
0.1,1.269009511962666,0.02996845425867508,0.04057116953762466,0.28044882692961576,0.1446651425923304,0.00707238971759291,0.02996845425867508,4412,1
