epsilon_quantile,epsilon_radius,mean_neighbors_including_self,mean_target_utility_variance,mean_target_utility_range,mean_joint_good_entropy,mean_pareto_good_entropy,mean_preference_robust_entropy,mean_target_gauge_variance,joint_good_cohabitation_rate,baseline_target_utility_variance,baseline_joint_good_entropy,target_utility_variance_over_baseline,joint_entropy_over_baseline
0.01,0.03462955414672538,1.2323869610935858,3.7256844929283073e-06,0.0005975679989655794,0.0,0.0038160443984142124,0.0,1.5896509121369964e-08,0.0,0.3345936575163603,0.6053894678184949,1.113495252893769e-05,0.0
0.02,0.11422509412362998,1.464248159831756,1.8409468550466004e-05,0.0018941146550640415,0.0,0.009680174289587467,0.001512851604143919,7.497585917373797e-08,0.0,0.3345936575163603,0.6053894678184949,5.502037512341624e-05,0.0
0.05,0.33442145137782736,2.159831756046267,8.560265888345825e-05,0.007270504926488676,0.0030909865273671187,0.01954667643220192,0.007496033147909308,2.8144232190115233e-07,0.003943217665615142,0.3345936575163603,0.6053894678184949,0.0002558406501751236,0.005105781801103029
0.1,1.269009511962666,3.319663512092534,0.0008643962504995187,0.02832156742420535,0.02156443259925894,0.04145628572812119,0.008416587252178993,2.609139801809977e-06,0.02996845425867508,0.3345936575163603,0.6053894678184949,0.0025834209079628272,0.03562075943766549
