space,families,n_objectives,q10_radius,mean_nearest_source_distance,nearest_joint_good_disagreement_rate,nearest_pareto_good_disagreement_rate,nearest_target_divergent_rate,nearest_mean_target_utility_gap,source_equivalent_q10_fraction,source_equivalent_q10_target_divergent_rate,source_equivalent_q10_joint_disagreement_rate,baseline_joint_good_disagreement_rate,baseline_target_divergent_rate,joint_disagreement_reduction_vs_baseline,distance_metrics_frozen
leakage_only,leakage,2,0.1498723513890061,0.3970084648407822,0.24684542586750788,0.20977917981072555,0.667192429022082,0.4835850602663343,0.2862776025236593,0.3746556473829201,0.15151515151515152,0.3107255520504732,0.8162460567823344,0.06388012618296532,1
risk_only,source_risk,3,0.21215154317331583,0.4283882345826822,0.19794952681388012,0.1861198738170347,0.6411671924290221,0.4796082801008111,0.28470031545741326,0.3739612188365651,0.10249307479224377,0.3107255520504732,0.8162460567823344,0.11277602523659308,1
rank_only,source_rank,2,0.07679219616459493,0.14587774315386895,0.23764458464773922,0.21503680336487907,0.6748159831756047,0.5064895757813752,0.5141955835962145,0.5945807770961146,0.2116564417177914,0.3107255520504732,0.8162460567823344,0.07308096740273398,1
endpoint_only,source_endpoint,5,0.8450542263305267,1.1292602867545891,0.22397476340694006,0.21687697160883282,0.6529968454258676,0.5094079511863931,0.31309148264984227,0.37279596977329976,0.11838790931989925,0.3107255520504732,0.8162460567823344,0.08675078864353314,1
leakage_rank,leakage;source_rank,4,0.34259135004506114,0.7437243457601929,0.23554153522607782,0.20899053627760253,0.6466876971608833,0.48317958088337004,0.2542060988433228,0.26990692864529475,0.08686659772492245,0.3107255520504732,0.8162460567823344,0.07518401682439538,1
rank_risk,source_rank;source_risk,5,0.3554688303888576,0.7655946473928456,0.2068874868559411,0.1937434279705573,0.629863301787592,0.4600387389968893,0.23501577287066247,0.27740492170022374,0.08612975391498881,0.3107255520504732,0.8162460567823344,0.10383806519453209,1
all_source_objectives,all,17,1.269009511962666,2.410715599895769,0.19137749737118823,0.19216614090431125,0.6167192429022083,0.42340851807694063,0.19190325972660358,0.13287671232876713,0.028767123287671233,0.3107255520504732,0.8162460567823344,0.11934805467928497,1
