tag,dataset,endpoint,information_regime,removal_kind,rank,cohen_kappa,balanced_accuracy,nll,n_units,prediction_sha256,delta_kappa_vs_unchanged,delta_bacc_vs_unchanged,delta_nll_vs_unchanged,fit_removed_energy_fraction,source_removed_energy_fraction,target_removed_energy_fraction
H500_s1,seedv,fresh_head,source_only,unchanged,0,0.08510638297872342,0.2680851063829787,2.0408054753207705,235,177f2963373c719896032b3ed25176e655c448ba615bb77e176494d81c11e7db,0.0,0.0,0.0,0.0,0.0,0.0
H500_s1,seedv,exact_head,source_only,unchanged,0,0.08510638297872342,0.2680851063829787,2.0408054753207705,235,177f2963373c719896032b3ed25176e655c448ba615bb77e176494d81c11e7db,0.0,0.0,0.0,0.0,0.0,0.0
H500_s1,seedv,fresh_head,global_oracle,subject_leace,15,0.07978723404255317,0.26382978723404255,2.562264527687477,235,4a008278f87671b9581efc88596fef929d9229ec28a8c8fcbc2faf6425e52c31,-0.005319148936170248,-0.004255319148936176,0.5214590523667066,0.8813253668646744,0.8584944171264605,0.909260607081355
H500_s1,seedv,exact_head,global_oracle,subject_leace,15,0.058510638297872286,0.24680851063829787,1.9182815123074461,235,c62972e04976805e3871daa2e1d6a7e6618a54e960930dc695a4e11a92d4c053,-0.02659574468085113,-0.021276595744680854,-0.12252396301332436,0.8813253668646744,0.8584944171264605,0.909260607081355
H500_s1,seedv,fresh_head,source_only,subject_leace,15,0.04255319148936165,0.23404255319148937,2.7021814961422854,235,da00a1429c404f8450939d2ac41cf349f5314475d9a6e181fc3fff6e13783119,-0.042553191489361764,-0.034042553191489355,0.6613760208215149,0.8766575126029625,0.8766575126029625,0.926161206047576
H500_s1,seedv,exact_head,source_only,subject_leace,15,0.07978723404255317,0.26382978723404255,1.985220497666237,235,4968cf95ece8be91bc3861ac108be508a18322b3b36bcecd6ff79ee34ca41014,-0.005319148936170248,-0.004255319148936176,-0.05558497765453341,0.8766575126029625,0.8766575126029625,0.926161206047576
