subset,n_trajectories,mean_front_fraction,mean_joint_good_front_fraction,mean_pareto_good_front_fraction,mean_target_bad_front_fraction,mean_p_joint_good_given_front,mean_p_joint_good_given_not_front,mean_front_joint_good_enrichment,mean_depth_auc_vs_target_utility
leakage_only,162,0.13630345284446746,0.1003835830819312,0.09964387464387464,0.15793775716505334,0.3728395061728395,0.4387833074045768,0.710724248421947,0.49670616845806664
risk_only,162,0.29556859183003914,0.26725591476103006,0.3248456790123457,0.34349314495083333,0.398942364220142,0.43994715702802256,0.962444407045016,0.48646387570941746
rank_only,162,0.04375006002171776,0.04607432810413793,0.055401234567901234,0.029859447384888844,0.5061728395061729,0.42626399902278633,1.1542183729112576,0.5904967774230292
endpoint_only,162,0.49181018288622697,0.4991427122857828,0.5054368471035138,0.4797941785198837,0.4342444584558821,0.41317680917776706,1.1015911748522833,0.5079224710862168
leakage_risk,162,0.6713078332562448,0.6518286279588668,0.6615503323836658,0.6640150616083709,0.4307056278226453,0.4130852821642295,1.0695469269793345,0.4878931479618829
leakage_rank,162,0.44334707725736455,0.44169148355164217,0.5456869262424817,0.4122031049636829,0.4559383587985525,0.4138997430565495,1.1278129065667923,0.5526881572691524
rank_risk,162,0.4500570292563605,0.5022831144196935,0.5743312757201646,0.45130614623032345,0.4359978228399281,0.4176125180219043,1.2511648837314708,0.5145265091080063
leakage_rank_risk,162,0.8171151240754628,0.8420018740606435,0.8669001266223488,0.7736022884891994,0.44211446945098476,0.3778148288493116,1.1639916262095533,0.5083517729358827
all_families,162,0.9724614975980579,0.9326894886898518,0.9963991769547327,0.9191977785387372,0.43105701988584916,0.5291666666666666,1.0374830061099583,0.49906596898123196
