label,n_trajectories,mean_p_label_given_front,mean_p_label_given_not_front,mean_trajectory_baseline,mean_front_enrichment_over_trajectory,mean_front_minus_not_front
joint_good,162,0.43105701988584916,0.5291666666666666,0.4297233780360411,1.0374830061099583,-0.03749961627838866
pareto_good,162,0.14305788684575074,0.0375,0.1377191744332418,1.044091394177726,0.11698015061943585
preference_robust,162,0.030485743064170744,0.1,0.03019713146878921,1.0226632483041695,-0.06973693474854466
