observed_front_fraction,effective_rank,front_contains_both_good_bad_fraction,depth_auc,negative_pair_fraction
0.9724614975980579,5.695876335809214,0.8888888888888888,0.49906596898123196,0.4444444444444444
