null_type,n_reps,n_objectives,mean_front_fraction,median_front_fraction,mean_layer_depth,observed_front_fraction,observed_minus_null_front_fraction,observed_mean_layer_depth,pareto_nulls_frozen
observed,1,10,0.9724614975980579,0.9724614975980579,0.029081712278485355,0.9724614975980579,0.0,0.029081712278485355,1
objective_shuffled,50,10,0.9811108958203643,0.9813159718761235,,0.9724614975980579,-0.00864939822230637,0.029081712278485355,1
gaussian_iid_same_dimension,50,10,0.9810450967215901,0.9814862492314569,,0.9724614975980579,-0.008583599123532237,0.029081712278485355,1
family_shuffled,50,10,0.9624459760901136,0.9624732708414829,,0.9724614975980579,0.01001552150794427,0.029081712278485355,1
sign_flipped_orientation,50,10,0.9948027198843605,0.9948027198843608,,0.9724614975980579,-0.022341222286302642,0.029081712278485355,1
