{
  "dataset": "BNCI2014_001",
  "subject": "8",
  "seed": 2,
  "warmup_hash": "bcfb05ea0cc4375d",
  "arms": {
    "A_erm_continue": {
      "dump": "BNCI2014_001_sub8_seed2_A_erm_continue.npz",
      "target_bacc": 0.5989583333333334,
      "selected_epoch": 2,
      "source_val_bacc": 0.7036637931034482,
      "eff_rank": 12.161802291870117,
      "contrast_norm": 0.33511427566409113,
      "mean_mcc_loss": 0.0
    },
    "B_mcc_true": {
      "dump": "BNCI2014_001_sub8_seed2_B_mcc_true.npz",
      "target_bacc": 0.59375,
      "selected_epoch": 2,
      "source_val_bacc": 0.704741379310345,
      "eff_rank": 12.137904167175293,
      "contrast_norm": 0.3357106477022171,
      "mean_mcc_loss": 0.49009775359715735
    },
    "C_mcc_shuffle": {
      "dump": "BNCI2014_001_sub8_seed2_C_mcc_shuffle.npz",
      "target_bacc": 0.607638888888889,
      "selected_epoch": 0,
      "source_val_bacc": 0.7068965517241379,
      "eff_rank": 12.17064094543457,
      "contrast_norm": 0.3373323496431112,
      "mean_mcc_loss": 0.4590839820780924
    }
  }
}