{
  "dataset": "BNCI2015_001",
  "subject": "2",
  "seed": 2,
  "warmup_hash": "9fdeed253db8c623",
  "arms": {
    "A_erm_continue": {
      "dump": "BNCI2015_001_sub2_seed2_A_erm_continue.npz",
      "target_bacc": 0.77,
      "selected_epoch": 8,
      "source_val_bacc": 0.8673076923076923,
      "eff_rank": 11.967403411865234,
      "contrast_norm": 0.4114125498703548,
      "mean_mcc_loss": 0.0
    },
    "B_mcc_true": {
      "dump": "BNCI2015_001_sub2_seed2_B_mcc_true.npz",
      "target_bacc": 0.7725,
      "selected_epoch": 0,
      "source_val_bacc": 0.864423076923077,
      "eff_rank": 11.92566204071045,
      "contrast_norm": 0.4149620405265263,
      "mean_mcc_loss": 0.3358045776949284
    },
    "C_mcc_shuffle": {
      "dump": "BNCI2015_001_sub2_seed2_C_mcc_shuffle.npz",
      "target_bacc": 0.7775000000000001,
      "selected_epoch": 1,
      "source_val_bacc": 0.8596153846153847,
      "eff_rank": 11.833357810974121,
      "contrast_norm": 0.4235186683280127,
      "mean_mcc_loss": 0.2812146272113983
    }
  }
}