{
  "dataset": "BNCI2014_001",
  "subject": "9",
  "seed": 2,
  "warmup_hash": "c75d77d0202f3685",
  "arms": {
    "A_erm_continue": {
      "dump": "BNCI2014_001_sub9_seed2_A_erm_continue.npz",
      "target_bacc": 0.6024305555555556,
      "selected_epoch": 10,
      "source_val_bacc": 0.7068965517241379,
      "eff_rank": 12.105904579162598,
      "contrast_norm": 0.34091796378294625,
      "mean_mcc_loss": 0.0
    },
    "B_mcc_true": {
      "dump": "BNCI2014_001_sub9_seed2_B_mcc_true.npz",
      "target_bacc": 0.6059027777777778,
      "selected_epoch": 0,
      "source_val_bacc": 0.709051724137931,
      "eff_rank": 12.154410362243652,
      "contrast_norm": 0.3422738701105118,
      "mean_mcc_loss": 0.46613475318465913
    },
    "C_mcc_shuffle": {
      "dump": "BNCI2014_001_sub9_seed2_C_mcc_shuffle.npz",
      "target_bacc": 0.6163194444444444,
      "selected_epoch": 2,
      "source_val_bacc": 0.7122844827586207,
      "eff_rank": 12.1339693069458,
      "contrast_norm": 0.34245224570234617,
      "mean_mcc_loss": 0.42301556366894927
    }
  }
}