{
  "dataset": "BNCI2014_001",
  "subject": "4",
  "seed": 1,
  "warmup_hash": "2d9e8842dbf2b462",
  "arms": {
    "A_erm_continue": {
      "dump": "BNCI2014_001_sub4_seed1_A_erm_continue.npz",
      "target_bacc": 0.3055555555555556,
      "selected_epoch": 0,
      "source_val_bacc": 0.7467672413793103,
      "eff_rank": 12.155482292175293,
      "contrast_norm": 0.36871976057688394,
      "mean_mcc_loss": 0.0
    },
    "B_mcc_true": {
      "dump": "BNCI2014_001_sub4_seed1_B_mcc_true.npz",
      "target_bacc": 0.296875,
      "selected_epoch": 1,
      "source_val_bacc": 0.7478448275862069,
      "eff_rank": 12.17418098449707,
      "contrast_norm": 0.3695035263895988,
      "mean_mcc_loss": 0.4434857300881829
    },
    "C_mcc_shuffle": {
      "dump": "BNCI2014_001_sub4_seed1_C_mcc_shuffle.npz",
      "target_bacc": 0.3055555555555556,
      "selected_epoch": 0,
      "source_val_bacc": 0.7467672413793103,
      "eff_rank": 12.189007759094238,
      "contrast_norm": 0.36612258305152257,
      "mean_mcc_loss": 0.40318213775753975
    }
  }
}