{
  "dataset": "BNCI2015_001",
  "subject": "8",
  "seed": 1,
  "warmup_hash": "a593c7c5a283e26c",
  "arms": {
    "A_erm_continue": {
      "dump": "BNCI2015_001_sub8_seed1_A_erm_continue.npz",
      "target_bacc": 0.5683333333333334,
      "selected_epoch": 4,
      "source_val_bacc": 0.897,
      "eff_rank": 11.096776008605957,
      "contrast_norm": 0.4415961802005768,
      "mean_mcc_loss": 0.0
    },
    "B_mcc_true": {
      "dump": "BNCI2015_001_sub8_seed1_B_mcc_true.npz",
      "target_bacc": 0.5733333333333334,
      "selected_epoch": 2,
      "source_val_bacc": 0.8979999999999999,
      "eff_rank": 10.96978759765625,
      "contrast_norm": 0.44763350912502836,
      "mean_mcc_loss": 0.3045576267606682
    },
    "C_mcc_shuffle": {
      "dump": "BNCI2015_001_sub8_seed1_C_mcc_shuffle.npz",
      "target_bacc": 0.5716666666666667,
      "selected_epoch": 4,
      "source_val_bacc": 0.894,
      "eff_rank": 10.84876537322998,
      "contrast_norm": 0.47041179665497374,
      "mean_mcc_loss": 0.2252051450808843
    }
  }
}