{
  "dataset": "BNCI2015_001",
  "subject": "9",
  "seed": 1,
  "warmup_hash": "ee8a4e7070b567f1",
  "arms": {
    "A_erm_continue": {
      "dump": "BNCI2015_001_sub9_seed1_A_erm_continue.npz",
      "target_bacc": 0.5599999999999999,
      "selected_epoch": 1,
      "source_val_bacc": 0.907,
      "eff_rank": 10.49120807647705,
      "contrast_norm": 0.598753958940506,
      "mean_mcc_loss": 0.0
    },
    "B_mcc_true": {
      "dump": "BNCI2015_001_sub9_seed1_B_mcc_true.npz",
      "target_bacc": 0.5599999999999999,
      "selected_epoch": 0,
      "source_val_bacc": 0.907,
      "eff_rank": 10.447697639465332,
      "contrast_norm": 0.6021231285163334,
      "mean_mcc_loss": 0.3017962825049957
    },
    "C_mcc_shuffle": {
      "dump": "BNCI2015_001_sub9_seed1_C_mcc_shuffle.npz",
      "target_bacc": 0.56,
      "selected_epoch": 0,
      "source_val_bacc": 0.905,
      "eff_rank": 10.386008262634277,
      "contrast_norm": 0.614170811006001,
      "mean_mcc_loss": 0.2075617599570089
    }
  }
}