{
  "dataset": "BNCI2015_001",
  "subject": "7",
  "seed": 0,
  "warmup_hash": "342d4a2d727442f5",
  "arms": {
    "A_erm_continue": {
      "dump": "BNCI2015_001_sub7_seed0_A_erm_continue.npz",
      "target_bacc": 0.5675,
      "selected_epoch": 1,
      "source_val_bacc": 0.864423076923077,
      "eff_rank": 10.77508544921875,
      "contrast_norm": 0.5367165186575481,
      "mean_mcc_loss": 0.0
    },
    "B_mcc_true": {
      "dump": "BNCI2015_001_sub7_seed0_B_mcc_true.npz",
      "target_bacc": 0.5675,
      "selected_epoch": 2,
      "source_val_bacc": 0.8625,
      "eff_rank": 10.757153511047363,
      "contrast_norm": 0.5404952125889915,
      "mean_mcc_loss": 0.3143857873976231
    },
    "C_mcc_shuffle": {
      "dump": "BNCI2015_001_sub7_seed0_C_mcc_shuffle.npz",
      "target_bacc": 0.5575,
      "selected_epoch": 0,
      "source_val_bacc": 0.8605769230769231,
      "eff_rank": 10.805244445800781,
      "contrast_norm": 0.5341399035283497,
      "mean_mcc_loss": 0.23479815749253363
    }
  }
}