{
  "dataset": "BNCI2015_001",
  "subject": "11",
  "seed": 1,
  "warmup_hash": "a2b56dc27bee8cc8",
  "arms": {
    "A_erm_continue": {
      "dump": "BNCI2015_001_sub11_seed1_A_erm_continue.npz",
      "target_bacc": 0.525,
      "selected_epoch": 6,
      "source_val_bacc": 0.893,
      "eff_rank": 11.534175872802734,
      "contrast_norm": 0.5729517127786364,
      "mean_mcc_loss": 0.0
    },
    "B_mcc_true": {
      "dump": "BNCI2015_001_sub11_seed1_B_mcc_true.npz",
      "target_bacc": 0.5283333333333333,
      "selected_epoch": 0,
      "source_val_bacc": 0.894,
      "eff_rank": 11.610058784484863,
      "contrast_norm": 0.5641194496835981,
      "mean_mcc_loss": 0.2969843219386207
    },
    "C_mcc_shuffle": {
      "dump": "BNCI2015_001_sub11_seed1_C_mcc_shuffle.npz",
      "target_bacc": 0.5216666666666666,
      "selected_epoch": 0,
      "source_val_bacc": 0.881,
      "eff_rank": 11.571064949035645,
      "contrast_norm": 0.5680793098040989,
      "mean_mcc_loss": 0.22242389848662747
    }
  }
}