{
  "dataset": "BNCI2014_001",
  "subject": "7",
  "seed": 0,
  "warmup_hash": "334dd18c5955b9cd",
  "arms": {
    "A_erm_continue": {
      "dump": "BNCI2014_001_sub7_seed0_A_erm_continue.npz",
      "target_bacc": 0.4184027777777778,
      "selected_epoch": 1,
      "source_val_bacc": 0.740301724137931,
      "eff_rank": 11.722845077514648,
      "contrast_norm": 0.36809226547678314,
      "mean_mcc_loss": 0.0
    },
    "B_mcc_true": {
      "dump": "BNCI2014_001_sub7_seed0_B_mcc_true.npz",
      "target_bacc": 0.4114583333333333,
      "selected_epoch": 1,
      "source_val_bacc": 0.7327586206896551,
      "eff_rank": 11.687283515930176,
      "contrast_norm": 0.3720795375605424,
      "mean_mcc_loss": 0.4771170296307121
    },
    "C_mcc_shuffle": {
      "dump": "BNCI2014_001_sub7_seed0_C_mcc_shuffle.npz",
      "target_bacc": 0.40798611111111116,
      "selected_epoch": 3,
      "source_val_bacc": 0.7338362068965518,
      "eff_rank": 11.704390525817871,
      "contrast_norm": 0.368377069880565,
      "mean_mcc_loss": 0.45240679904818537
    }
  }
}