{
  "dataset": "BNCI2014_001",
  "subject": "1",
  "seed": 1,
  "warmup_hash": "41b69fe6b69cfdd9",
  "arms": {
    "A_erm_continue": {
      "dump": "BNCI2014_001_sub1_seed1_A_erm_continue.npz",
      "target_bacc": 0.5989583333333334,
      "selected_epoch": 0,
      "source_val_bacc": 0.7219827586206896,
      "eff_rank": 12.790350914001465,
      "contrast_norm": 0.21870049871504307,
      "mean_mcc_loss": 0.0
    },
    "B_mcc_true": {
      "dump": "BNCI2014_001_sub1_seed1_B_mcc_true.npz",
      "target_bacc": 0.6024305555555555,
      "selected_epoch": 1,
      "source_val_bacc": 0.7252155172413793,
      "eff_rank": 12.821954727172852,
      "contrast_norm": 0.22074479858080545,
      "mean_mcc_loss": 0.5096696450774159
    },
    "C_mcc_shuffle": {
      "dump": "BNCI2014_001_sub1_seed1_C_mcc_shuffle.npz",
      "target_bacc": 0.6006944444444445,
      "selected_epoch": 1,
      "source_val_bacc": 0.7252155172413793,
      "eff_rank": 12.839091300964355,
      "contrast_norm": 0.22036104413370292,
      "mean_mcc_loss": 0.4974344600524221
    }
  }
}