{
  "dataset": "BNCI2014_001",
  "subject": "8",
  "seed": 1,
  "warmup_hash": "47e05d0bc4f3ffe8",
  "arms": {
    "A_erm_continue": {
      "dump": "BNCI2014_001_sub8_seed1_A_erm_continue.npz",
      "target_bacc": 0.6111111111111112,
      "selected_epoch": 3,
      "source_val_bacc": 0.7004310344827587,
      "eff_rank": 12.225662231445312,
      "contrast_norm": 0.35472312234342096,
      "mean_mcc_loss": 0.0
    },
    "B_mcc_true": {
      "dump": "BNCI2014_001_sub8_seed1_B_mcc_true.npz",
      "target_bacc": 0.6145833333333334,
      "selected_epoch": 2,
      "source_val_bacc": 0.7015086206896551,
      "eff_rank": 12.187275886535645,
      "contrast_norm": 0.3567886482924223,
      "mean_mcc_loss": 0.476742051754679
    },
    "C_mcc_shuffle": {
      "dump": "BNCI2014_001_sub8_seed1_C_mcc_shuffle.npz",
      "target_bacc": 0.6128472222222222,
      "selected_epoch": 3,
      "source_val_bacc": 0.7004310344827587,
      "eff_rank": 12.183016777038574,
      "contrast_norm": 0.35918345376849176,
      "mean_mcc_loss": 0.4443518994109971
    }
  }
}