{
  "dataset": "BNCI2014_001",
  "subject": "5",
  "seed": 1,
  "warmup_hash": "49a5c6edfb0da33a",
  "arms": {
    "A_erm_continue": {
      "dump": "BNCI2014_001_sub5_seed1_A_erm_continue.npz",
      "target_bacc": 0.3211805555555556,
      "selected_epoch": 1,
      "source_val_bacc": 0.7553879310344828,
      "eff_rank": 11.645343780517578,
      "contrast_norm": 0.4308332030971845,
      "mean_mcc_loss": 0.0
    },
    "B_mcc_true": {
      "dump": "BNCI2014_001_sub5_seed1_B_mcc_true.npz",
      "target_bacc": 0.3003472222222222,
      "selected_epoch": 3,
      "source_val_bacc": 0.7564655172413793,
      "eff_rank": 11.656354904174805,
      "contrast_norm": 0.4344052277505398,
      "mean_mcc_loss": 0.46655512803367205
    },
    "C_mcc_shuffle": {
      "dump": "BNCI2014_001_sub5_seed1_C_mcc_shuffle.npz",
      "target_bacc": 0.2986111111111111,
      "selected_epoch": 3,
      "source_val_bacc": 0.7650862068965517,
      "eff_rank": 11.6448392868042,
      "contrast_norm": 0.43591547285517057,
      "mean_mcc_loss": 0.4202462778559753
    }
  }
}