{
  "dataset": "BNCI2014_001",
  "subject": "2",
  "seed": 0,
  "warmup_hash": "2d47d683f62024ae",
  "arms": {
    "A_erm_continue": {
      "dump": "BNCI2014_001_sub2_seed0_A_erm_continue.npz",
      "target_bacc": 0.2829861111111111,
      "selected_epoch": 3,
      "source_val_bacc": 0.759698275862069,
      "eff_rank": 11.90694522857666,
      "contrast_norm": 0.4520333560804526,
      "mean_mcc_loss": 0.0
    },
    "B_mcc_true": {
      "dump": "BNCI2014_001_sub2_seed0_B_mcc_true.npz",
      "target_bacc": 0.2899305555555556,
      "selected_epoch": 2,
      "source_val_bacc": 0.7575431034482758,
      "eff_rank": 11.876294136047363,
      "contrast_norm": 0.4540801393489043,
      "mean_mcc_loss": 0.4009728109730141
    },
    "C_mcc_shuffle": {
      "dump": "BNCI2014_001_sub2_seed0_C_mcc_shuffle.npz",
      "target_bacc": 0.29166666666666663,
      "selected_epoch": 2,
      "source_val_bacc": 0.7564655172413793,
      "eff_rank": 11.861881256103516,
      "contrast_norm": 0.4546854875981808,
      "mean_mcc_loss": 0.38552261399371285
    }
  }
}