{
  "dataset": "BNCI2014_001",
  "subject": "3",
  "seed": 0,
  "warmup_hash": "e23566e89a41383d",
  "lam_rw": 1.0,
  "weight_status": "ok",
  "weight_hash": "3dfb95e83d85b805",
  "perm_weight_hash": "336b01a38b6a7f40",
  "positive_weight_fraction": 0.6041666666666666,
  "effective_weight_support": 20.921776143802443,
  "max_weight": 3.4720764704700895,
  "arms": {
    "A_erm_continue": {
      "dump": "BNCI2014_001_sub3_seed0_A_erm_continue.npz",
      "target_bacc": 0.44791666666666663,
      "selected_epoch": 3,
      "source_val_bacc": 0.6875,
      "eff_rank": 11.499967575073242,
      "contrast_norm": 0.28890658766031263,
      "mean_rw_loss": 0.0
    },
    "B_rw_true": {
      "dump": "BNCI2014_001_sub3_seed0_B_rw_true.npz",
      "target_bacc": 0.4548611111111111,
      "selected_epoch": 0,
      "source_val_bacc": 0.6821120689655172,
      "eff_rank": 11.506691932678223,
      "contrast_norm": 0.29107947535812856,
      "mean_rw_loss": 0.6442777439951897
    },
    "C_rw_wperm": {
      "dump": "BNCI2014_001_sub3_seed0_C_rw_wperm.npz",
      "target_bacc": 0.4652777777777778,
      "selected_epoch": 2,
      "source_val_bacc": 0.6875,
      "eff_rank": 11.490226745605469,
      "contrast_norm": 0.2894422287742297,
      "mean_rw_loss": 0.5100310861532177
    }
  }
}