{
  "dataset": "BNCI2015_001",
  "subject": "9",
  "seed": 1,
  "warmup_hash": "ee8a4e7070b567f1",
  "lam_rw": 1.0,
  "weight_status": "ok",
  "weight_hash": "6d6f2017ab5f670a",
  "perm_weight_hash": "1bc48083145c1062",
  "positive_weight_fraction": 0.45454545454545453,
  "effective_weight_support": 4.302914149940469,
  "max_weight": 3.386766976176711,
  "arms": {
    "A_erm_continue": {
      "dump": "BNCI2015_001_sub9_seed1_A_erm_continue.npz",
      "target_bacc": 0.5566666666666666,
      "selected_epoch": 0,
      "source_val_bacc": 0.906,
      "eff_rank": 10.457771301269531,
      "contrast_norm": 0.6042006654398782,
      "mean_rw_loss": 0.0
    },
    "B_rw_true": {
      "dump": "BNCI2015_001_sub9_seed1_B_rw_true.npz",
      "target_bacc": 0.5583333333333333,
      "selected_epoch": 0,
      "source_val_bacc": 0.903,
      "eff_rank": 10.490246772766113,
      "contrast_norm": 0.5996041766234806,
      "mean_rw_loss": 0.4727050821483135
    },
    "C_rw_wperm": {
      "dump": "BNCI2015_001_sub9_seed1_C_rw_wperm.npz",
      "target_bacc": 0.5666666666666667,
      "selected_epoch": 1,
      "source_val_bacc": 0.907,
      "eff_rank": 10.23895263671875,
      "contrast_norm": 0.6289982838290078,
      "mean_rw_loss": 0.2719940192335182
    }
  }
}