{
  "dataset": "BNCI2014_001",
  "subject": "5",
  "seed": 0,
  "warmup_hash": "88b889faa811db4a",
  "lam_rw": 1.0,
  "weight_status": "ok",
  "weight_hash": "825087943720dd24",
  "perm_weight_hash": "fb4dd2acb204dfee",
  "positive_weight_fraction": 0.5208333333333334,
  "effective_weight_support": 19.752694707043368,
  "max_weight": 3.152527012987935,
  "arms": {
    "A_erm_continue": {
      "dump": "BNCI2014_001_sub5_seed0_A_erm_continue.npz",
      "target_bacc": 0.2847222222222222,
      "selected_epoch": 7,
      "source_val_bacc": 0.7532327586206896,
      "eff_rank": 11.785591125488281,
      "contrast_norm": 0.4805802531540394,
      "mean_rw_loss": 0.0
    },
    "B_rw_true": {
      "dump": "BNCI2014_001_sub5_seed0_B_rw_true.npz",
      "target_bacc": 0.2829861111111111,
      "selected_epoch": 1,
      "source_val_bacc": 0.7489224137931034,
      "eff_rank": 11.799513816833496,
      "contrast_norm": 0.47760475451747575,
      "mean_rw_loss": 0.6063524330833129
    },
    "C_rw_wperm": {
      "dump": "BNCI2014_001_sub5_seed0_C_rw_wperm.npz",
      "target_bacc": 0.2795138888888889,
      "selected_epoch": 3,
      "source_val_bacc": 0.7413793103448276,
      "eff_rank": 11.82486629486084,
      "contrast_norm": 0.4733842074871063,
      "mean_rw_loss": 0.43067379242607523
    }
  }
}