{
  "dataset": "BNCI2015_001",
  "subject": "12",
  "seed": 1,
  "warmup_hash": "83b3c158810972a2",
  "lam_rw": 1.0,
  "weight_status": "ok",
  "weight_hash": "1e2ed2deaf42e206",
  "perm_weight_hash": "b0db67ceaa5a6a76",
  "positive_weight_fraction": 0.6363636363636364,
  "effective_weight_support": 4.879716106208956,
  "max_weight": 3.2436679743723134,
  "arms": {
    "A_erm_continue": {
      "dump": "BNCI2015_001_sub12_seed1_A_erm_continue.npz",
      "target_bacc": 0.54,
      "selected_epoch": 0,
      "source_val_bacc": 0.9009615384615384,
      "eff_rank": 11.548734664916992,
      "contrast_norm": 0.49649122783115934,
      "mean_rw_loss": 0.0
    },
    "B_rw_true": {
      "dump": "BNCI2015_001_sub12_seed1_B_rw_true.npz",
      "target_bacc": 0.54,
      "selected_epoch": 2,
      "source_val_bacc": 0.898076923076923,
      "eff_rank": 11.43497371673584,
      "contrast_norm": 0.5012417095048087,
      "mean_rw_loss": 0.4155686919359451
    },
    "C_rw_wperm": {
      "dump": "BNCI2015_001_sub12_seed1_C_rw_wperm.npz",
      "target_bacc": 0.5425,
      "selected_epoch": 0,
      "source_val_bacc": 0.8951923076923076,
      "eff_rank": 11.521466255187988,
      "contrast_norm": 0.5036899106843131,
      "mean_rw_loss": 0.23078437224030496
    }
  }
}