{
  "per_dataset": [
    {
      "dataset": "BNCI2014_001",
      "n_subjects": 9,
      "noop_bundles": 0,
      "dU_RW_ERM_mean": -0.001414609053497926,
      "dU_RW_ERM_lcb": -0.00405092592592592,
      "dU_RW_ERM_signflip_p": 0.83984375,
      "dU_RW_WPerm_mean": -0.0012217078189300451,
      "dU_RW_WPerm_lcb": -0.0056584362139917715,
      "dU_RW_WPerm_signflip_p": 0.693359375,
      "delta_source_excess_risk_B": -0.0008465643198203182,
      "delta_source_excess_risk_specific_BminusC": -0.0010898938946405548,
      "dR_BminusC_lcb": -0.001480352760576909,
      "dR_BminusC_ucb": -0.0007116111084980194,
      "dR_BminusC_oneSided_neg_p": 0.001953125,
      "dR_BminusC_n_neg": 9,
      "dR_BminusC_n_subj": 9,
      "source_risk_status": "SOURCE_RISK_SPECIFICALLY_TARGETED",
      "source_drop": 0.0016363346104725394
    },
    {
      "dataset": "BNCI2015_001",
      "n_subjects": 12,
      "noop_bundles": 0,
      "dU_RW_ERM_mean": -0.0003703703703703697,
      "dU_RW_ERM_lcb": -0.007060185185185179,
      "dU_RW_ERM_signflip_p": 0.53662109375,
      "dU_RW_WPerm_mean": -0.0018518518518518578,
      "dU_RW_WPerm_lcb": -0.008657407407407407,
      "dU_RW_WPerm_signflip_p": 0.6552734375,
      "delta_source_excess_risk_B": -0.0009225032992801374,
      "delta_source_excess_risk_specific_BminusC": -0.001035092725425212,
      "dR_BminusC_lcb": -0.0018394989394567443,
      "dR_BminusC_ucb": -0.0003721834075606536,
      "dR_BminusC_oneSided_neg_p": 0.005859375,
      "dR_BminusC_n_neg": 9,
      "dR_BminusC_n_subj": 12,
      "source_risk_status": "SOURCE_RISK_SPECIFICALLY_TARGETED",
      "source_drop": 0.0018888888888888907
    }
  ],
  "routing": {
    "verdict": "B_source_risk_specifically_targeted_but_DG_inert",
    "next": "source meta-generalization failure != future-target failure; next = source cross-SESSION instability weights (OWNER decision: one bounded test vs pivot)"
  },
  "n_bundles": 63,
  "discipline": "DG needs B-C (vs weight-permuted); source-risk = subject-cluster CI + correct-direction sign-flip; no CLOSED; manuscript FROZEN"
}