checkpoint_id,seed,target,level,regime,trial_rows,construct_rows,eval_rows,construct_acc,eval_acc,construct_bacc,eval_bacc,construct_nll,eval_nll,construct_ece,eval_ece,status
259ae996289249866c40b38c9a7f730d0fac1d4820513ec5c220fcdb6c0f839a,1,5,0,S0_full_support,576,280,296,0.275,0.22635135135135134,0.25277777777777777,0.24757406660391731,2.149277109597717,2.4141137751782664,0.4046571151428572,0.46458561743243254,pass
4b4247ebfcfbf9dd8781809751032d77847c84fc4e2355212f61309031fd019f,0,1,0,S0_full_support,576,280,296,0.48214285714285715,0.44256756756756754,0.47535633870773186,0.448449625500709,1.3613142470564996,1.439297176678285,0.16851793917857139,0.17633008719594592,pass
4da93d55ee5ab30e7f11b3094e92a865dce86766340eacabe8cf97970b68152e,1,5,0,S0_full_support,576,280,296,0.30357142857142855,0.24324324324324326,0.2811327561327561,0.26184801732140345,2.03715893509025,2.3208312211054984,0.3629352284285714,0.444855010168919,pass
8211e4c83c640ef1089fffba71c78bbfac22b4f68a55e97784cae3a5445cf5ff,2,9,0,S0_full_support,576,284,292,0.47183098591549294,0.4212328767123288,0.46618165784832455,0.42800538633871965,1.2469585661001756,1.4826487581450292,0.12447206897887327,0.16793530863013703,pass
9c9b13db9b9466499a179188ae38ae05af22e0eaf2de93d9a371471c0d8f64ca,0,1,0,S0_full_support,576,280,296,0.5142857142857142,0.527027027027027,0.5119169916770536,0.5266765038436865,1.0705533119142554,1.1238379632258322,0.08836862439285711,0.05859865398648651,pass
b0bd784291510ff73a633b5234b064066d23d7b9cceb0a8b20a308ed13e2b64f,2,9,0,S0_full_support,576,284,292,0.5211267605633803,0.4897260273972603,0.5072751322751322,0.506786548453215,1.20317806157358,1.3771503625588122,0.1556911133450705,0.18572994089041092,pass
