dataset,backbone,n_folds,delta_full_basis,delta_full_basis_lo,delta_full_basis_hi,delta_best_prefix,delta_best_prefix_lo,delta_best_prefix_hi,delta_best_subset,delta_best_subset_lo,delta_best_subset_hi,delta_same_rank_random,delta_same_rank_random_lo,delta_same_rank_random_hi,best_subset_beats_random_frac
BNCI2014_001,EEGNet,9,-0.010545267489711942,-0.021476337448559677,-0.0015432098765431942,0.0011574074074074095,-0.002957818930041144,0.005144032921810703,0.003343621399176961,-0.002572016460905345,0.009002057613168746,-0.002572016460905361,-0.008294913837448563,0.002102784207818885,0.6666666666666666
BNCI2015_001,EEGNet,12,-0.060416666666666674,-0.10180671296296298,-0.025925925925925932,0.008240740740740743,-0.00421412037037036,0.021249999999999995,0.0436111111111111,0.009027777777777747,0.09152893518518516,-0.007550925925925932,-0.016166666666666663,0.0014769675925925972,0.8888888888888888
