dataset,training_method,n_folds,delta_D_headnull,ci_lo,ci_hi,frac_of_CMI,specific_vs_random,spec_ci_lo,spec_ci_hi,max_softmax_replay_err,task_all_unchanged
BNCI2014_001,erm,9,0.8323026277400829,0.7936596307489608,0.8723181265371818,0.710549531038266,0.8093581641161883,0.7693207120453871,0.8501353132228057,2.0483614804334138e-14,True
BNCI2014_001,graphcmi,9,0.39519708741594245,0.35090952599766084,0.4394219735982242,0.6646863459558505,0.3735193383914453,0.33186179806512817,0.4157549971921576,9.547918011776346e-15,True
BNCI2015_001,erm,12,0.8031381542483965,0.7768281682497925,0.8350810195422836,0.7757197739596708,0.7654977200759782,0.7390481220972206,0.7981471407330699,2.4980018054066022e-15,True
BNCI2015_001,graphcmi,12,0.23617054977350768,0.1834216457895107,0.2952793652398719,0.6877246507923874,0.22369077222214806,0.17490194707901943,0.27772385934367777,1.6653345369377348e-15,True
