comparison_id,x1_base,x2_increment,hit_before,hit_after,hit_gain,tv_proxy,js_bits,cs_binary_proxy,kernel_proxy_bw_0p10,endpoint_closure_fraction,beats_max_null_p95,screen_off_endpoint,interpretation,dynamic_source_only,target_label_derived
DYN_static_to_source_history,static_source,source_history_window,0.5061728395061729,0.5740740740740741,0.0679012345679012,0.0679012345679012,0.003350045681767999,0.009104126354836603,0.20588650154420662,0.1549295774647887,0,0,source dynamics add weak bounded observability,1,0
DYN_static_to_source_delta,static_source,source_delta_window,0.5061728395061729,0.48148148148148145,-0.024691358024691412,0.024691358024691412,0.0004398907870352131,0.0012189550952579013,0.030023231775143877,0.0,0,0,delta history remains near or below static source,1,0
DYN_static_to_rank_history,static_source,source_rank_history,0.5061728395061729,0.5740740740740741,0.0679012345679012,0.0679012345679012,0.003350045681767999,0.009104126354836603,0.20588650154420662,0.1549295774647887,0,0,rank history matches weak source scalarization,1,0
DYN_static_to_leakage_history,static_source,source_leakage_history,0.5061728395061729,0.4074074074074074,-0.09876543209876548,0.09876543209876548,0.007101422602814322,0.019224374371485317,0.3859816890483152,0.0,0,0,leakage history is misaligned,1,0
DYN_static_template_to_source_history,static_source+template,source_history_window,0.7037037037037037,0.720679012345679,0.016975308641975273,0.016975308641975273,0.00025355208472455093,0.0004138658524746864,0.014304755856747065,0.07051282051282037,0,0,source dynamics add little after template,1,0
DYN_static_dynamic_to_template,static_source+source_dynamic,template,0.5740740740740741,0.720679012345679,0.14660493827160492,0.14660493827160492,0.017072483934324922,0.03650582618636967,0.6585829048748777,0.3958333333333333,0,0,template remains partial after source dynamics,0,1
DYN_dynamic_template_to_endpoint,source_dynamic+template,endpoint_scalar,0.720679012345679,0.9444444444444444,0.22376543209876543,0.22376543209876543,0.06977725080885505,0.04916024329073563,0.918205758087381,1.0,1,0,endpoint still dominates after dynamic conditioning,0,1
