{
  "condition": "PD",
  "domain": "cohort",
  "dec_domain": "cohort",
  "cohorts": [
    "ds002778",
    "ds003490",
    "ds004584"
  ],
  "config": {
    "condition": "PD",
    "cohorts": null,
    "backbone": "EEGNet",
    "domain": "cohort",
    "dec_domain": "",
    "configs": [
      "erm:0",
      "lpc_prior:0.1"
    ],
    "epochs": 120,
    "bs": 64,
    "warmup": 30,
    "n_inner": 2,
    "device": "auto",
    "sampler": "classbal",
    "prior": "empirical",
    "beta": 0.0,
    "seed": 2,
    "balance": false,
    "label_correct": false,
    "reweight_dual": false,
    "transduct": "all",
    "transduct_shrink": 0.1,
    "transduct_gate": 0.0,
    "dec_margin": null,
    "decoder_null_perms": 0,
    "decoder_null_quantile": 0.95,
    "out": "results/r3_dualpc2/r3_PD_s2.json"
  },
  "summary": {
    "erm:0": {
      "per_target_balanced_acc_mean": 0.5958601906893194,
      "worst_target_balanced_acc": 0.5173958333333333,
      "leakage_kl": 0.17857299745082855,
      "leakage_kl_rw": 0.1805358330408732,
      "marginal_leakage_kl": 0.1804178406794866,
      "marginal_leakage_kl_rw": 0.1698302427927653,
      "marginal_leakage_advantage": 0.13971398669534185,
      "marginal_leakage_advantage_rw": 0.13549814937784296,
      "leakage_advantage_rw": 0.13161397767148456,
      "decoder_cmi": 0.0006628657380739847,
      "decoder_cmi_rw": 0.0022986878951390586,
      "decoder_cmi_res": 0.0007958412170410156,
      "decoder_cmi_res_rw": 0.0006348192691802979,
      "decoder_js_res": 0.0002527424949221313,
      "decoder_js_res_rw": 0.00017060550938670835,
      "decoder_valid_frac": 1.0,
      "decoder_min_domain_classes": 2,
      "decoder_single_class_frac": 0.0,
      "inloop_reg": 0.0,
      "inloop_dec": 0.0,
      "inloop_dec_loss": 0.0,
      "train_dec_margin": 0.02,
      "per_cohort": {
        "ds002778": 51.7,
        "ds003490": 65.6,
        "ds004584": 61.4
      },
      "transduct_balanced_acc_mean": 0.6236543061757214,
      "probe_balanced_acc_mean": 0.5988262687239891,
      "ts_probe_balanced_acc_mean": 0.5988262687239891,
      "ts_coral_balanced_acc_mean": 0.6236543061757214,
      "ts_prior_balanced_acc_mean": 0.5827755353375023,
      "ts_coral_prior_balanced_acc_mean": 0.6221548229404955,
      "ts_balanced_acc_mean": 0.6236543061757214,
      "decoder_valid_n": 3,
      "decoder_cmi_valid_mean": 0.0006628657380739847,
      "decoder_cmi_rw_valid_mean": 0.0022986878951390586,
      "decoder_cmi_res_valid_mean": 0.0007958412170410156,
      "decoder_cmi_res_rw_valid_mean": 0.0006348192691802979,
      "decoder_js_res_valid_mean": 0.0002527424949221313,
      "decoder_js_res_rw_valid_mean": 0.00017060550938670835,
      "decoder_cmi_res_null_q_valid_mean": null,
      "decoder_cmi_res_excess_valid_mean": null,
      "decoder_cmi_res_rw_null_q_valid_mean": null,
      "decoder_cmi_res_rw_excess_valid_mean": null,
      "decoder_js_res_null_q_valid_mean": null,
      "decoder_js_res_excess_valid_mean": null,
      "decoder_js_res_rw_null_q_valid_mean": null,
      "decoder_js_res_rw_excess_valid_mean": null
    },
    "lpc_prior:0.1": {
      "per_target_balanced_acc_mean": 0.5955838692937144,
      "worst_target_balanced_acc": 0.529375,
      "leakage_kl": 0.035376548767089844,
      "leakage_kl_rw": 0.034081598122914634,
      "marginal_leakage_kl": 0.03782317601144314,
      "marginal_leakage_kl_rw": 0.028619841982920963,
      "marginal_leakage_advantage": 0.013869976426125233,
      "marginal_leakage_advantage_rw": 0.014060356652949246,
      "leakage_advantage_rw": 0.017111462678883638,
      "decoder_cmi": 0.0004983842372894287,
      "decoder_cmi_rw": 0.0022468691070874534,
      "decoder_cmi_res": 0.00037203729152679443,
      "decoder_cmi_res_rw": 4.673004150390625e-05,
      "decoder_js_res": 0.00011475508896789204,
      "decoder_js_res_rw": 6.842840715156247e-05,
      "decoder_valid_frac": 1.0,
      "decoder_min_domain_classes": 2,
      "decoder_single_class_frac": 0.0,
      "inloop_reg": 0.09467473676649231,
      "inloop_dec": 0.0,
      "inloop_dec_loss": 0.0,
      "train_dec_margin": 0.02,
      "per_cohort": {
        "ds002778": 52.9,
        "ds003490": 65.6,
        "ds004584": 60.1
      },
      "transduct_balanced_acc_mean": 0.6191046653844127,
      "probe_balanced_acc_mean": 0.5968488992326791,
      "ts_probe_balanced_acc_mean": 0.5968488992326791,
      "ts_coral_balanced_acc_mean": 0.6191046653844127,
      "ts_prior_balanced_acc_mean": 0.5743314777127796,
      "ts_coral_prior_balanced_acc_mean": 0.6171595249090842,
      "ts_balanced_acc_mean": 0.6191046653844127,
      "decoder_valid_n": 3,
      "decoder_cmi_valid_mean": 0.0004983842372894287,
      "decoder_cmi_rw_valid_mean": 0.0022468691070874534,
      "decoder_cmi_res_valid_mean": 0.00037203729152679443,
      "decoder_cmi_res_rw_valid_mean": 4.673004150390625e-05,
      "decoder_js_res_valid_mean": 0.00011475508896789204,
      "decoder_js_res_rw_valid_mean": 6.842840715156247e-05,
      "decoder_cmi_res_null_q_valid_mean": null,
      "decoder_cmi_res_excess_valid_mean": null,
      "decoder_cmi_res_rw_null_q_valid_mean": null,
      "decoder_cmi_res_rw_excess_valid_mean": null,
      "decoder_js_res_null_q_valid_mean": null,
      "decoder_js_res_excess_valid_mean": null,
      "decoder_js_res_rw_null_q_valid_mean": null,
      "decoder_js_res_rw_excess_valid_mean": null
    }
  },
  "folds": {
    "erm:0": [
      {
        "held_out": "ds002778",
        "balanced_acc": 0.5173958333333333,
        "macro_f1": 0.42573406540940556,
        "leakage_kl": 0.16062411665916443,
        "leakage_kl_rw": 0.16753074526786804,
        "leakage_advantage_rw": 0.11395881006864994,
        "marginal_leakage_kl": 0.15830682218074799,
        "marginal_leakage_kl_rw": 0.14429256319999695,
        "marginal_leakage_advantage": 0.12082379862700232,
        "marginal_leakage_advantage_rw": 0.11990846681922196,
        "decoder_cmi": 0.0012635290622711182,
        "decoder_cmi_rw": 0.002613067626953125,
        "decoder_cmi_res": 0.002387523651123047,
        "decoder_cmi_res_rw": 0.0019044578075408936,
        "decoder_js_res": 0.00037866784259676933,
        "decoder_js_res_rw": 0.0002063879946945235,
        "decoder_valid": true,
        "decoder_n_domains": 2,
        "decoder_min_domain_classes": 2,
        "decoder_mean_domain_classes": 2.0,
        "decoder_single_class_frac": 0.0,
        "decoder_domain_class_spans": [
          2,
          2
        ],
        "decoder_domain_counts": [
          2000,
          5283
        ],
        "inloop_reg": 0.0,
        "inloop_dec": 0.0,
        "inloop_dec_loss": 0.0,
        "train_dec_margin": 0.02,
        "train_sampler": "classbal",
        "n_test": 1240,
        "ts_probe_balanced_acc": 0.54359375,
        "ts_coral_balanced_acc": 0.6205729166666667,
        "ts_prior_balanced_acc": 0.5059895833333333,
        "ts_coral_prior_balanced_acc": 0.6203645833333333,
        "ts_balanced_acc": 0.6205729166666667,
        "probe_balanced_acc": 0.54359375
      },
      {
        "held_out": "ds003490",
        "balanced_acc": 0.656,
        "macro_f1": 0.648402325859498,
        "leakage_kl": 0.14864028990268707,
        "leakage_kl_rw": 0.14779986441135406,
        "leakage_advantage_rw": 0.07409299948901371,
        "marginal_leakage_kl": 0.15225249528884888,
        "marginal_leakage_kl_rw": 0.13435418903827667,
        "marginal_leakage_advantage": 0.08226877874297389,
        "marginal_leakage_advantage_rw": 0.06745017884517113,
        "decoder_cmi": 0.0007250681519508362,
        "decoder_cmi_rw": 0.0040496885776519775,
        "decoder_cmi_res": 0.0,
        "decoder_cmi_res_rw": 0.0,
        "decoder_js_res": 0.00022439296299126,
        "decoder_js_res_rw": 0.00016152123862411827,
        "decoder_valid": true,
        "decoder_n_domains": 2,
        "decoder_min_domain_classes": 2,
        "decoder_mean_domain_classes": 2.0,
        "decoder_single_class_frac": 0.0,