{
  "condition": "PD",
  "domain": "cohort",
  "dec_domain": "cohort",
  "cohorts": [
    "ds002778",
    "ds003490",
    "ds004584"
  ],
  "config": {
    "condition": "PD",
    "cohorts": null,
    "backbone": "EEGNet",
    "domain": "cohort",
    "dec_domain": "",
    "configs": [
      "erm:0",
      "lpc_prior:0.1"
    ],
    "epochs": 120,
    "bs": 64,
    "warmup": 30,
    "n_inner": 2,
    "device": "auto",
    "sampler": "classbal",
    "prior": "empirical",
    "beta": 0.0,
    "seed": 1,
    "balance": false,
    "label_correct": false,
    "reweight_dual": false,
    "transduct": "all",
    "transduct_shrink": 0.1,
    "transduct_gate": 0.0,
    "dec_margin": null,
    "decoder_null_perms": 0,
    "decoder_null_quantile": 0.95,
    "out": "results/r3_dualpc2/r3_PD_s1.json"
  },
  "summary": {
    "erm:0": {
      "per_target_balanced_acc_mean": 0.574500748916649,
      "worst_target_balanced_acc": 0.5080729166666667,
      "leakage_kl": 0.22051315009593964,
      "leakage_kl_rw": 0.21867209176222482,
      "marginal_leakage_kl": 0.22415167589982352,
      "marginal_leakage_kl_rw": 0.21150361001491547,
      "marginal_leakage_advantage": 0.11817487138260578,
      "marginal_leakage_advantage_rw": 0.11591468313232627,
      "leakage_advantage_rw": 0.12083302210016093,
      "decoder_cmi": 0.001087757448355357,
      "decoder_cmi_rw": 0.0027430752913157144,
      "decoder_cmi_res": 0.0007480656107266744,
      "decoder_cmi_res_rw": 0.00024844954411188763,
      "decoder_js_res": 0.00019628738664323464,
      "decoder_js_res_rw": 0.00016012223932193592,
      "decoder_valid_frac": 1.0,
      "decoder_min_domain_classes": 2,
      "decoder_single_class_frac": 0.0,
      "inloop_reg": 0.0,
      "inloop_dec": 0.0,
      "inloop_dec_loss": 0.0,
      "train_dec_margin": 0.02,
      "per_cohort": {
        "ds002778": 50.8,
        "ds003490": 61.6,
        "ds004584": 59.9
      },
      "transduct_balanced_acc_mean": 0.6226881928108609,
      "probe_balanced_acc_mean": 0.5770791342665191,
      "ts_probe_balanced_acc_mean": 0.5770791342665191,
      "ts_coral_balanced_acc_mean": 0.6226881928108609,
      "ts_prior_balanced_acc_mean": 0.5694539314517671,
      "ts_coral_prior_balanced_acc_mean": 0.6210902858945485,
      "ts_balanced_acc_mean": 0.6226881928108609,
      "decoder_valid_n": 3,
      "decoder_cmi_valid_mean": 0.001087757448355357,
      "decoder_cmi_rw_valid_mean": 0.0027430752913157144,
      "decoder_cmi_res_valid_mean": 0.0007480656107266744,
      "decoder_cmi_res_rw_valid_mean": 0.00024844954411188763,
      "decoder_js_res_valid_mean": 0.00019628738664323464,
      "decoder_js_res_rw_valid_mean": 0.00016012223932193592,
      "decoder_cmi_res_null_q_valid_mean": null,
      "decoder_cmi_res_excess_valid_mean": null,
      "decoder_cmi_res_rw_null_q_valid_mean": null,
      "decoder_cmi_res_rw_excess_valid_mean": null,
      "decoder_js_res_null_q_valid_mean": null,
      "decoder_js_res_excess_valid_mean": null,
      "decoder_js_res_rw_null_q_valid_mean": null,
      "decoder_js_res_rw_excess_valid_mean": null
    },
    "lpc_prior:0.1": {
      "per_target_balanced_acc_mean": 0.5874403362443231,
      "worst_target_balanced_acc": 0.5290625,
      "leakage_kl": 0.032356646532813706,
      "leakage_kl_rw": 0.03202427364885807,
      "marginal_leakage_kl": 0.04064662257830302,
      "marginal_leakage_kl_rw": 0.031636002783974014,
      "marginal_leakage_advantage": 0.03234941441992889,
      "marginal_leakage_advantage_rw": 0.03139751328580894,
      "leakage_advantage_rw": 0.03326600182689684,
      "decoder_cmi": 9.810924530029297e-05,
      "decoder_cmi_rw": 0.002024953564008077,
      "decoder_cmi_res": 0.00015504409869511923,
      "decoder_cmi_res_rw": 0.0,
      "decoder_js_res": 7.765638777830948e-05,
      "decoder_js_res_rw": 4.9707284536755956e-05,
      "decoder_valid_frac": 1.0,
      "decoder_min_domain_classes": 2,
      "decoder_single_class_frac": 0.0,
      "inloop_reg": 0.09899705428303379,
      "inloop_dec": 0.0,
      "inloop_dec_loss": 0.0,
      "train_dec_margin": 0.02,
      "per_cohort": {
        "ds002778": 52.9,
        "ds003490": 62.9,
        "ds004584": 60.4
      },
      "transduct_balanced_acc_mean": 0.603125755749191,
      "probe_balanced_acc_mean": 0.5840013763719388,
      "ts_probe_balanced_acc_mean": 0.5840013763719388,
      "ts_coral_balanced_acc_mean": 0.603125755749191,
      "ts_prior_balanced_acc_mean": 0.5732322292265729,
      "ts_coral_prior_balanced_acc_mean": 0.6025570069531416,
      "ts_balanced_acc_mean": 0.603125755749191,
      "decoder_valid_n": 3,
      "decoder_cmi_valid_mean": 9.810924530029297e-05,
      "decoder_cmi_rw_valid_mean": 0.002024953564008077,
      "decoder_cmi_res_valid_mean": 0.00015504409869511923,
      "decoder_cmi_res_rw_valid_mean": 0.0,
      "decoder_js_res_valid_mean": 7.765638777830948e-05,
      "decoder_js_res_rw_valid_mean": 4.9707284536755956e-05,
      "decoder_cmi_res_null_q_valid_mean": null,
      "decoder_cmi_res_excess_valid_mean": null,
      "decoder_cmi_res_rw_null_q_valid_mean": null,
      "decoder_cmi_res_rw_excess_valid_mean": null,
      "decoder_js_res_null_q_valid_mean": null,
      "decoder_js_res_excess_valid_mean": null,
      "decoder_js_res_rw_null_q_valid_mean": null,
      "decoder_js_res_rw_excess_valid_mean": null
    }
  },
  "folds": {
    "erm:0": [
      {
        "held_out": "ds002778",
        "balanced_acc": 0.5080729166666667,
        "macro_f1": 0.3900538090062783,
        "leakage_kl": 0.1335367113351822,
        "leakage_kl_rw": 0.1312444806098938,
        "leakage_advantage_rw": 0.0846681922196797,
        "marginal_leakage_kl": 0.1323452740907669,
        "marginal_leakage_kl_rw": 0.11329200863838196,
        "marginal_leakage_advantage": 0.07826086956521738,
        "marginal_leakage_advantage_rw": 0.07505720823798634,
        "decoder_cmi": 0.0013303756713867188,
        "decoder_cmi_rw": 0.002734452486038208,
        "decoder_cmi_res": 0.000889018177986145,
        "decoder_cmi_res_rw": 0.000348702073097229,
        "decoder_js_res": 0.00027918428531847894,
        "decoder_js_res_rw": 0.00024044066958595067,
        "decoder_valid": true,
        "decoder_n_domains": 2,
        "decoder_min_domain_classes": 2,
        "decoder_mean_domain_classes": 2.0,
        "decoder_single_class_frac": 0.0,
        "decoder_domain_class_spans": [
          2,
          2
        ],
        "decoder_domain_counts": [
          2000,
          5283
        ],
        "inloop_reg": 0.0,
        "inloop_dec": 0.0,
        "inloop_dec_loss": 0.0,
        "train_dec_margin": 0.02,
        "train_sampler": "classbal",
        "n_test": 1240,
        "ts_probe_balanced_acc": 0.5143229166666666,
        "ts_coral_balanced_acc": 0.6565104166666667,
        "ts_prior_balanced_acc": 0.49713541666666666,
        "ts_coral_prior_balanced_acc": 0.6553125,
        "ts_balanced_acc": 0.6565104166666667,
        "probe_balanced_acc": 0.5143229166666666
      },
      {
        "held_out": "ds003490",
        "balanced_acc": 0.616,
        "macro_f1": 0.6110332840034399,
        "leakage_kl": 0.18640217185020447,
        "leakage_kl_rw": 0.18489192426204681,
        "leakage_advantage_rw": 0.06898313745528872,
        "marginal_leakage_kl": 0.19744324684143066,
        "marginal_leakage_kl_rw": 0.18109546601772308,
        "marginal_leakage_advantage": 0.07256004087889623,
        "marginal_leakage_advantage_rw": 0.06898313745528872,
        "decoder_cmi": 0.0016600489616394043,
        "decoder_cmi_rw": 0.005249515175819397,
        "decoder_cmi_res": 0.0013551786541938782,
        "decoder_cmi_res_rw": 0.00039664655923843384,
        "decoder_js_res": 0.00023217145644593984,
        "decoder_js_res_rw": 0.00016270852938760072,
        "decoder_valid": true,
        "decoder_n_domains": 2,
        "decoder_min_domain_classes": 2,
        "decoder_mean_domain_classes": 2.0,
        "decoder_single_class_frac": 0.0,