tag,dataset,endpoint,information_regime,removal_kind,rank,cohen_kappa,balanced_accuracy,nll,n_units,prediction_sha256,delta_kappa_vs_unchanged,delta_bacc_vs_unchanged,delta_nll_vs_unchanged,fit_removed_energy_fraction,source_removed_energy_fraction,target_removed_energy_fraction
H200_s1,seedv,fresh_head,source_only,unchanged,0,0.12234042553191493,0.29787234042553196,1.9411856971903407,235,061ab2deb09986ae192452fca91fd3549b4513d94376eabcd8bdac1b24de966c,0.0,0.0,0.0,0.0,0.0,0.0
H200_s1,seedv,exact_head,source_only,unchanged,0,0.12234042553191493,0.29787234042553196,1.9411856971903407,235,061ab2deb09986ae192452fca91fd3549b4513d94376eabcd8bdac1b24de966c,0.0,0.0,0.0,0.0,0.0,0.0
H200_s1,seedv,fresh_head,global_oracle,subject_leace,15,0.03191489361702127,0.225531914893617,1.9566683189895886,235,14da99b228f851f8c23cba4d821f18ddeafc82648f0937b697886ea851befa2c,-0.09042553191489366,-0.07234042553191494,0.015482621799247864,0.8849221028824042,0.873179200441228,0.8877105921565459
H200_s1,seedv,exact_head,global_oracle,subject_leace,15,0.05319148936170215,0.24255319148936172,1.8771879489458458,235,c28599dc1c0ffbf4aab018c883e27f0906bbf8fa2f404af902084f6431816832,-0.06914893617021278,-0.05531914893617024,-0.06399774824449489,0.8849221028824042,0.873179200441228,0.8877105921565459
H200_s1,seedv,fresh_head,source_only,subject_leace,15,0.0478723404255319,0.23829787234042552,2.0185212176522165,235,f30104c51b520185336e99e91f8c1ff579b0cfb1b641f92a0bc97fbc24b3cc69,-0.07446808510638303,-0.05957446808510644,0.07733552046187575,0.8852505945221986,0.8852505945221986,0.9040605834269504
H200_s1,seedv,exact_head,source_only,subject_leace,15,0.08510638297872342,0.26808510638297867,1.8696628531264943,235,c7836dcfd1bf012438aab607d4ad4913b0d6a1dd98dbfac3ac7a696a3968c55d,-0.037234042553191515,-0.02978723404255329,-0.07152284406384646,0.8852505945221986,0.8852505945221986,0.9040605834269504
