score,n_groups,mean_coverage,mean_local_bayes_top1_hit,mean_source_score_top_hit,mean_underuse_gap,mean_top_score_island_fraction,score_flat_at_island_fraction,wrong_direction_miss_fraction,target_labels_diagnostic_only
C19_robust_core,3,0.06809349541267927,1.0,0.0,1.0,0.0,0.0,1.0,1
C30_source_rank,3,0.06809349541267927,1.0,0.0,1.0,0.0,0.0,1.0,1
R_src,3,0.06809349541267927,1.0,0.3333333333333333,0.6666666666666667,0.0,0.0,0.6666666666666666,1
selection_leakage,3,0.06809349541267927,1.0,0.3333333333333333,0.6666666666666667,0.0,0.0,0.6666666666666666,1
