stability_grouping,n_groups,n_evaluable_groups,mean_hit,median_hit,min_hit,max_hit,std_hit,mean_coverage,min_coverage,mean_enrichment,min_enrichment,mean_neighbor_count,worst_group_key_by_hit,target_labels_diagnostic_only
target,9,3,1.0,1.0,1.0,1.0,0.0,0.022697831804226423,0.0,5.166666666666667,1.3333333333333333,0.47852850669011243,2,1
seed,3,3,1.0,1.0,1.0,1.0,0.0,0.025352899569102225,0.014285714285714285,4.888888888888889,1.0,0.5274504131372286,0,1
level,2,2,1.0,1.0,1.0,1.0,0.0,0.025084186397270197,0.004830917874396135,1.8333333333333333,1.0,0.5213093836618241,0,1
trajectory,162,13,0.3076923076923077,0.0,0.0,1.0,0.46153846153846156,0.013806949928350012,0.0,1.0,1.0,0.1819337879114095,0|4|1|S0_full_support,1
regime,3,3,1.0,1.0,1.0,1.0,0.0,0.01813880126182965,0.017350157728706624,1.9285714285714286,1.7857142857142856,0.2323869610935857,S0_full_support,1
