{
  "dataset": "BNCI2014_004",
  "subject": "5",
  "seed": 2,
  "status": "ok",
  "C": 2,
  "rank": 8,
  "n_cal": 120,
  "n_query": 620,
  "cal_session": [
    "0train"
  ],
  "query_sessions": [
    "1train",
    "2train",
    "3test",
    "4test"
  ],
  "alpha": 1.0,
  "alpha_info": {
    "mean_ce": {
      "0.001": 0.6370139103494395,
      "0.01": 0.5574293381996678,
      "0.1": 0.5043321546629053,
      "1.0": 0.5026666504137037,
      "10.0": 0.5097927480261977,
      "100.0": 0.5112835920531021
    },
    "n_pseudo": 8
  },
  "n_random": 50,
  "n_matched_random": 22,
  "informed_src_bacc": 0.6171280276816609,
  "native_src_bacc": 0.740484429065744,
  "n_draws": 50,
  "cal_per_class": {
    "0": 60,
    "1": 60
  },
  "budget_class_shortfall": {},
  "endpoints": {
    "1": {
      "dU_MAP_frozen": -0.0014821428571427653,
      "dU_MAP_fresh": 0.04631696428571441,
      "dU_MAP_bias": 0.019678571428571545,
      "U_frozen": 0.5651785714285714,
      "U_fresh": 0.5173794642857142,
      "U_MAP": 0.5636964285714287,
      "U_bias": 0.5440178571428571,
      "Gh_native": -0.0014821428571427653,
      "Gh_informed": 0.013281249999999911,
      "Gh_random_mean": 0.004747159090909081,
      "dGh_specific": 0.00853409090909083
    },
    "2": {
      "dU_MAP_frozen": 0.011142857142857232,
      "dU_MAP_fresh": 0.02436160714285729,
      "dU_MAP_bias": 0.02546875000000015,
      "U_frozen": 0.5651785714285714,
      "U_fresh": 0.5519598214285714,
      "U_MAP": 0.5763214285714287,
      "U_bias": 0.5508526785714285,
      "Gh_native": 0.011142857142857232,
      "Gh_informed": 0.04039285714285712,
      "Gh_random_mean": 0.02368668831168832,
      "dGh_specific": 0.0167061688311688
    },
    "4": {
      "dU_MAP_frozen": 0.010910714285714329,
      "dU_MAP_fresh": 0.03158482142857133,
      "dU_MAP_bias": 0.024633928571428654,
      "U_frozen": 0.5651785714285714,
      "U_fresh": 0.5445044642857144,
      "U_MAP": 0.5760892857142857,
      "U_bias": 0.5514553571428571,
      "Gh_native": 0.010910714285714329,
      "Gh_informed": 0.03313839285714282,
      "Gh_random_mean": 0.02383624188311689,
      "dGh_specific": 0.009302150974025928
    },
    "8": {
      "dU_MAP_frozen": 0.019343750000000104,
      "dU_MAP_fresh": 0.01515178571428577,
      "dU_MAP_bias": 0.036071428571428754,
      "U_frozen": 0.5651785714285714,
      "U_fresh": 0.5693705357142858,
      "U_MAP": 0.5845223214285715,
      "U_bias": 0.5484508928571428,
      "Gh_native": 0.019343750000000104,
      "Gh_informed": 0.050790178571428535,
      "Gh_random_mean": 0.04227759740259741,
      "dGh_specific": 0.008512581168831128
    },
    "16": {
      "dU_MAP_frozen": 0.019066964285714305,
      "dU_MAP_fresh": 0.03500446428571424,
      "dU_MAP_bias": 0.03372321428571434,
      "U_frozen": 0.5651785714285714,
      "U_fresh": 0.5492410714285715,
      "U_MAP": 0.5842455357142857,
      "U_bias": 0.5505223214285714,
      "Gh_native": 0.019066964285714305,
      "Gh_informed": 0.05589285714285708,
      "Gh_random_mean": 0.048213879870129865,
      "dGh_specific": 0.007678977272727212
    },
    "32": {
      "dU_MAP_frozen": 0.018696428571428614,
      "dU_MAP_fresh": 0.014254464285714308,
      "dU_MAP_bias": 0.030955357142857243,
      "U_frozen": 0.5651785714285714,
      "U_fresh": 0.5696205357142857,
      "U_MAP": 0.583875,
      "U_bias": 0.5529196428571428,
      "Gh_native": 0.018696428571428614,
      "Gh_informed": 0.05320982142857145,
      "Gh_random_mean": 0.05001948051948055,
      "dGh_specific": 0.0031903409090908996
    },
    "Full": {
      "dU_MAP_frozen": 0.01986607142857144,
      "dU_MAP_fresh": -0.0234375,
      "dU_MAP_bias": 0.02433035714285725,
      "U_frozen": 0.5651785714285714,
      "U_fresh": 0.6084821428571429,
      "U_MAP": 0.5850446428571429,
      "U_bias": 0.5607142857142856,
      "Gh_native": 0.01986607142857144,
      "Gh_informed": 0.05312499999999987,
      "Gh_random_mean": 0.05250608766233766,
      "dGh_specific": 0.0006189123376622099
    }
  },
  "firewall": {
    "source_only_construction": true,
    "alpha_source_only": true,
    "Ycal_used_for_head_adapt": true,
    "Yquery_used_for_selection": false,
    "Xquery_used_for_selection": false,
    "Yquery_used_for_outcome": true
  }
}