{
  "dataset": "BNCI2015_001",
  "subject": "2",
  "seed": 1,
  "status": "ok",
  "C": 2,
  "rank": 8,
  "n_cal": 200,
  "n_query": 200,
  "cal_session": [
    "0A"
  ],
  "query_sessions": [
    "1B"
  ],
  "alpha": 0.1,
  "alpha_info": {
    "mean_ce": {
      "0.001": 0.4285013415872132,
      "0.01": 0.3988572852003808,
      "0.1": 0.386497409370225,
      "1.0": 0.4063157578349616,
      "10.0": 0.419980915893205,
      "100.0": 0.4224271418397564
    },
    "n_pseudo": 11
  },
  "n_random": 50,
  "n_matched_random": 23,
  "informed_src_bacc": 0.7257692307692307,
  "native_src_bacc": 0.8013461538461539,
  "n_draws": 50,
  "cal_per_class": {
    "0": 100,
    "1": 100
  },
  "budget_class_shortfall": {},
  "endpoints": {
    "1": {
      "dU_MAP_frozen": 0.07629999999999981,
      "dU_MAP_fresh": 0.09830000000000017,
      "dU_MAP_bias": -0.010000000000000009,
      "U_frozen": 0.8100000000000003,
      "U_fresh": 0.7879999999999999,
      "U_MAP": 0.8863000000000001,
      "U_bias": 0.8963000000000001,
      "Gh_native": 0.07629999999999981,
      "Gh_informed": 0.08899999999999997,
      "Gh_random_mean": 0.056334782608695635,
      "dGh_specific": 0.03266521739130433
    },
    "2": {
      "dU_MAP_frozen": 0.10359999999999958,
      "dU_MAP_fresh": 0.05859999999999976,
      "dU_MAP_bias": -0.0049000000000002375,
      "U_frozen": 0.8100000000000003,
      "U_fresh": 0.8550000000000001,
      "U_MAP": 0.9135999999999999,
      "U_bias": 0.9185000000000001,
      "Gh_native": 0.10359999999999958,
      "Gh_informed": 0.1291000000000001,
      "Gh_random_mean": 0.0946608695652174,
      "dGh_specific": 0.03443913043478271
    },
    "4": {
      "dU_MAP_frozen": 0.12529999999999974,
      "dU_MAP_fresh": 0.054400000000000115,
      "dU_MAP_bias": -0.011299999999999977,
      "U_frozen": 0.8100000000000003,
      "U_fresh": 0.8808999999999999,
      "U_MAP": 0.9353,
      "U_bias": 0.9466,
      "Gh_native": 0.12529999999999974,
      "Gh_informed": 0.16790000000000005,
      "Gh_random_mean": 0.11817826086956526,
      "dGh_specific": 0.04972173913043479
    },
    "8": {
      "dU_MAP_frozen": 0.14319999999999977,
      "dU_MAP_fresh": 0.05469999999999997,
      "dU_MAP_bias": 0.0046000000000001595,
      "U_frozen": 0.8100000000000003,
      "U_fresh": 0.8985000000000001,
      "U_MAP": 0.9532,
      "U_bias": 0.9485999999999999,
      "Gh_native": 0.14319999999999977,
      "Gh_informed": 0.21499999999999997,
      "Gh_random_mean": 0.14282173913043478,
      "dGh_specific": 0.07217826086956519
    },
    "16": {
      "dU_MAP_frozen": 0.15639999999999976,
      "dU_MAP_fresh": 0.032299999999999884,
      "dU_MAP_bias": 0.006300000000000083,
      "U_frozen": 0.8100000000000003,
      "U_fresh": 0.9341000000000002,
      "U_MAP": 0.9664,
      "U_bias": 0.9601,
      "Gh_native": 0.15639999999999976,
      "Gh_informed": 0.25870000000000004,
      "Gh_random_mean": 0.16234347826086956,
      "dGh_specific": 0.09635652173913048
    },
    "32": {
      "dU_MAP_frozen": 0.1607999999999996,
      "dU_MAP_fresh": 0.02829999999999988,
      "dU_MAP_bias": 0.007499999999999951,
      "U_frozen": 0.8100000000000003,
      "U_fresh": 0.9425,
      "U_MAP": 0.9707999999999999,
      "U_bias": 0.9632999999999999,
      "Gh_native": 0.1607999999999996,
      "Gh_informed": 0.2765000000000001,
      "Gh_random_mean": 0.17061304347826087,
      "dGh_specific": 0.10588695652173921
    },
    "Full": {
      "dU_MAP_frozen": 0.16499999999999992,
      "dU_MAP_fresh": -0.0050000000000000044,
      "dU_MAP_bias": 0.009999999999999898,
      "U_frozen": 0.81,
      "U_fresh": 0.98,
      "U_MAP": 0.975,
      "U_bias": 0.9650000000000001,
      "Gh_native": 0.16499999999999992,
      "Gh_informed": 0.30000000000000004,
      "Gh_random_mean": 0.17717391304347826,
      "dGh_specific": 0.12282608695652178
    }
  },
  "firewall": {
    "source_only_construction": true,
    "alpha_source_only": true,
    "Ycal_used_for_head_adapt": true,
    "Yquery_used_for_selection": false,
    "Xquery_used_for_selection": false,
    "Yquery_used_for_outcome": true
  }
}