{
  "dataset": "Lee2019_MI",
  "subject": "45",
  "seed": 0,
  "status": "ok",
  "C": 2,
  "rank": 8,
  "n_cal": 100,
  "n_query": 100,
  "cal_session": [
    "0"
  ],
  "query_sessions": [
    "1"
  ],
  "alpha": 1.0,
  "alpha_info": {
    "mean_ce": {
      "0.001": 0.5665868842650663,
      "0.01": 0.4874765213287788,
      "0.1": 0.4294655433411904,
      "1.0": 0.4135262367022679,
      "10.0": 0.41380694049933003,
      "100.0": 0.41404327547277275
    },
    "n_pseudo": 53
  },
  "n_random": 50,
  "n_matched_random": 27,
  "informed_src_bacc": 0.6523584905660378,
  "native_src_bacc": 0.7938679245283019,
  "n_draws": 50,
  "cal_per_class": {
    "0": 50,
    "1": 50
  },
  "budget_class_shortfall": {},
  "endpoints": {
    "1": {
      "dU_MAP_frozen": -0.03159999999999985,
      "dU_MAP_fresh": 0.249,
      "dU_MAP_bias": 0.040200000000000014,
      "U_frozen": 0.8699999999999999,
      "U_fresh": 0.5894,
      "U_MAP": 0.8384,
      "U_bias": 0.7982,
      "Gh_native": -0.03159999999999985,
      "Gh_informed": -0.008600000000000052,
      "Gh_random_mean": -0.028022222222222202,
      "dGh_specific": 0.01942222222222215
    },
    "2": {
      "dU_MAP_frozen": -0.03259999999999996,
      "dU_MAP_fresh": 0.21239999999999992,
      "dU_MAP_bias": 0.017599999999999838,
      "U_frozen": 0.8699999999999999,
      "U_fresh": 0.625,
      "U_MAP": 0.8373999999999999,
      "U_bias": 0.8198000000000001,
      "Gh_native": -0.03259999999999996,
      "Gh_informed": 0.011399999999999966,
      "Gh_random_mean": -0.01486666666666662,
      "dGh_specific": 0.026266666666666584
    },
    "4": {
      "dU_MAP_frozen": -0.03059999999999996,
      "dU_MAP_fresh": 0.16039999999999988,
      "dU_MAP_bias": 0.019400000000000084,
      "U_frozen": 0.8699999999999999,
      "U_fresh": 0.679,
      "U_MAP": 0.8393999999999999,
      "U_bias": 0.8199999999999998,
      "Gh_native": -0.03059999999999996,
      "Gh_informed": 0.01639999999999997,
      "Gh_random_mean": -0.002740740740740694,
      "dGh_specific": 0.019140740740740663
    },
    "8": {
      "dU_MAP_frozen": -0.03159999999999985,
      "dU_MAP_fresh": 0.1482000000000001,
      "dU_MAP_bias": 0.03600000000000003,
      "U_frozen": 0.8699999999999999,
      "U_fresh": 0.6901999999999999,
      "U_MAP": 0.8384,
      "U_bias": 0.8024,
      "Gh_native": -0.03159999999999985,
      "Gh_informed": 0.02299999999999991,
      "Gh_random_mean": -0.0017259259259259085,
      "dGh_specific": 0.024725925925925818
    },
    "16": {
      "dU_MAP_frozen": -0.026799999999999824,
      "dU_MAP_fresh": 0.10540000000000016,
      "dU_MAP_bias": 0.04960000000000009,
      "U_frozen": 0.8699999999999999,
      "U_fresh": 0.7377999999999999,
      "U_MAP": 0.8432000000000001,
      "U_bias": 0.7936,
      "Gh_native": -0.026799999999999824,
      "Gh_informed": 0.027999999999999914,
      "Gh_random_mean": 0.004859259259259271,
      "dGh_specific": 0.023140740740740642
    },
    "32": {
      "dU_MAP_frozen": -0.02519999999999989,
      "dU_MAP_fresh": 0.10299999999999998,
      "dU_MAP_bias": 0.05300000000000005,
      "U_frozen": 0.8699999999999999,
      "U_fresh": 0.7418,
      "U_MAP": 0.8448,
      "U_bias": 0.7918,
      "Gh_native": -0.02519999999999989,
      "Gh_informed": 0.030799999999999828,
      "Gh_random_mean": 0.009496296296296336,
      "dGh_specific": 0.02130370370370349
    },
    "Full": {
      "dU_MAP_frozen": -0.039999999999999925,
      "dU_MAP_fresh": 0.050000000000000044,
      "dU_MAP_bias": 0.040000000000000036,
      "U_frozen": 0.87,
      "U_fresh": 0.78,
      "U_MAP": 0.8300000000000001,
      "U_bias": 0.79,
      "Gh_native": -0.039999999999999925,
      "Gh_informed": 0.029999999999999916,
      "Gh_random_mean": 0.01185185185185185,
      "dGh_specific": 0.018148148148148066
    }
  },
  "firewall": {
    "source_only_construction": true,
    "alpha_source_only": true,
    "Ycal_used_for_head_adapt": true,
    "Yquery_used_for_selection": false,
    "Xquery_used_for_selection": false,
    "Yquery_used_for_outcome": true
  }
}