{
  "dataset": "Lee2019_MI",
  "subject": "46",
  "seed": 2,
  "status": "ok",
  "C": 2,
  "rank": 8,
  "n_cal": 100,
  "n_query": 100,
  "cal_session": [
    "0"
  ],
  "query_sessions": [
    "1"
  ],
  "alpha": 1.0,
  "alpha_info": {
    "mean_ce": {
      "0.001": 0.5826508449950836,
      "0.01": 0.4846019942126671,
      "0.1": 0.4185640299941622,
      "1.0": 0.40765691468005727,
      "10.0": 0.4093840636204208,
      "100.0": 0.4097702121841968
    },
    "n_pseudo": 53
  },
  "n_random": 50,
  "n_matched_random": 24,
  "informed_src_bacc": 0.6511320754716982,
  "native_src_bacc": 0.7978301886792453,
  "n_draws": 50,
  "cal_per_class": {
    "0": 50,
    "1": 50
  },
  "budget_class_shortfall": {},
  "endpoints": {
    "1": {
      "dU_MAP_frozen": -0.013199999999999878,
      "dU_MAP_fresh": 0.1309999999999999,
      "dU_MAP_bias": 0.014000000000000012,
      "U_frozen": 0.6599999999999998,
      "U_fresh": 0.5158,
      "U_MAP": 0.6467999999999999,
      "U_bias": 0.6327999999999999,
      "Gh_native": -0.013199999999999878,
      "Gh_informed": -0.01640000000000008,
      "Gh_random_mean": -0.013408333333333328,
      "dGh_specific": -0.0029916666666667535
    },
    "2": {
      "dU_MAP_frozen": -0.009799999999999698,
      "dU_MAP_fresh": 0.13400000000000012,
      "dU_MAP_bias": 0.012600000000000167,
      "U_frozen": 0.6599999999999998,
      "U_fresh": 0.5162,
      "U_MAP": 0.6502000000000001,
      "U_bias": 0.6376,
      "Gh_native": -0.009799999999999698,
      "Gh_informed": -0.017800000000000038,
      "Gh_random_mean": -0.010783333333333325,
      "dGh_specific": -0.007016666666666713
    },
    "4": {
      "dU_MAP_frozen": 0.001200000000000201,
      "dU_MAP_fresh": 0.13019999999999998,
      "dU_MAP_bias": -0.008399999999999963,
      "U_frozen": 0.6599999999999998,
      "U_fresh": 0.531,
      "U_MAP": 0.6612,
      "U_bias": 0.6696,
      "Gh_native": 0.001200000000000201,
      "Gh_informed": -0.005999999999999894,
      "Gh_random_mean": -0.0035249999999999956,
      "dGh_specific": -0.0024749999999998987
    },
    "8": {
      "dU_MAP_frozen": -0.008199999999999874,
      "dU_MAP_fresh": 0.11799999999999988,
      "dU_MAP_bias": -0.011600000000000055,
      "U_frozen": 0.6599999999999998,
      "U_fresh": 0.5338,
      "U_MAP": 0.6517999999999999,
      "U_bias": 0.6634,
      "Gh_native": -0.008199999999999874,
      "Gh_informed": 0.011400000000000077,
      "Gh_random_mean": -0.00229166666666665,
      "dGh_specific": 0.013691666666666727
    },
    "16": {
      "dU_MAP_frozen": 0.00040000000000006697,
      "dU_MAP_fresh": 0.11559999999999981,
      "dU_MAP_bias": -0.01739999999999997,
      "U_frozen": 0.6599999999999998,
      "U_fresh": 0.5448000000000001,
      "U_MAP": 0.6603999999999999,
      "U_bias": 0.6777999999999998,
      "Gh_native": 0.00040000000000006697,
      "Gh_informed": 0.022399999999999975,
      "Gh_random_mean": 0.003191666666666667,
      "dGh_specific": 0.01920833333333331
    },
    "32": {
      "dU_MAP_frozen": 0.008600000000000163,
      "dU_MAP_fresh": 0.10099999999999987,
      "dU_MAP_bias": -0.010600000000000054,
      "U_frozen": 0.6599999999999998,
      "U_fresh": 0.5676000000000001,
      "U_MAP": 0.6686,
      "U_bias": 0.6792,
      "Gh_native": 0.008600000000000163,
      "Gh_informed": 0.03639999999999999,
      "Gh_random_mean": 0.006633333333333348,
      "dGh_specific": 0.02976666666666664
    },
    "Full": {
      "dU_MAP_frozen": 0.010000000000000009,
      "dU_MAP_fresh": 0.1299999999999999,
      "dU_MAP_bias": -0.020000000000000018,
      "U_frozen": 0.6599999999999999,
      "U_fresh": 0.54,
      "U_MAP": 0.6699999999999999,
      "U_bias": 0.69,
      "Gh_native": 0.010000000000000009,
      "Gh_informed": 0.040000000000000036,
      "Gh_random_mean": 0.005833333333333329,
      "dGh_specific": 0.034166666666666706
    }
  },
  "firewall": {
    "source_only_construction": true,
    "alpha_source_only": true,
    "Ycal_used_for_head_adapt": true,
    "Yquery_used_for_selection": false,
    "Xquery_used_for_selection": false,
    "Yquery_used_for_outcome": true
  }
}