{
  "dataset": "Lee2019_MI",
  "subject": "36",
  "seed": 0,
  "status": "ok",
  "C": 2,
  "rank": 8,
  "n_cal": 100,
  "n_query": 100,
  "cal_session": [
    "0"
  ],
  "query_sessions": [
    "1"
  ],
  "alpha": 1.0,
  "alpha_info": {
    "mean_ce": {
      "0.001": 0.5919607075156282,
      "0.01": 0.494770263969479,
      "0.1": 0.4245377005065,
      "1.0": 0.41226545919898144,
      "10.0": 0.41306813233953255,
      "100.0": 0.41332107820564773
    },
    "n_pseudo": 53
  },
  "n_random": 50,
  "n_matched_random": 24,
  "informed_src_bacc": 0.655,
  "native_src_bacc": 0.7972641509433962,
  "n_draws": 50,
  "cal_per_class": {
    "0": 50,
    "1": 50
  },
  "budget_class_shortfall": {},
  "endpoints": {
    "1": {
      "dU_MAP_frozen": 0.0050000000000000044,
      "dU_MAP_fresh": 0.042400000000000326,
      "dU_MAP_bias": 0.008800000000000141,
      "U_frozen": 0.8400000000000002,
      "U_fresh": 0.8025999999999999,
      "U_MAP": 0.8450000000000002,
      "U_bias": 0.8362,
      "Gh_native": 0.0050000000000000044,
      "Gh_informed": -0.01859999999999995,
      "Gh_random_mean": 0.06078333333333328,
      "dGh_specific": -0.07938333333333322
    },
    "2": {
      "dU_MAP_frozen": 0.0035999999999998256,
      "dU_MAP_fresh": -0.0037999999999999146,
      "dU_MAP_bias": 0.04159999999999997,
      "U_frozen": 0.8400000000000002,
      "U_fresh": 0.8473999999999999,
      "U_MAP": 0.8436,
      "U_bias": 0.802,
      "Gh_native": 0.0035999999999998256,
      "Gh_informed": 0.007800000000000029,
      "Gh_random_mean": 0.08860833333333329,
      "dGh_specific": -0.08080833333333326
    },
    "4": {
      "dU_MAP_frozen": 0.010999999999999899,
      "dU_MAP_fresh": -0.03579999999999983,
      "dU_MAP_bias": 0.050000000000000044,
      "U_frozen": 0.8400000000000002,
      "U_fresh": 0.8867999999999999,
      "U_MAP": 0.8510000000000001,
      "U_bias": 0.801,
      "Gh_native": 0.010999999999999899,
      "Gh_informed": 0.02080000000000015,
      "Gh_random_mean": 0.11899999999999995,
      "dGh_specific": -0.0981999999999998
    },
    "8": {
      "dU_MAP_frozen": 0.007999999999999896,
      "dU_MAP_fresh": -0.01539999999999997,
      "dU_MAP_bias": 0.047800000000000176,
      "U_frozen": 0.8400000000000002,
      "U_fresh": 0.8634000000000001,
      "U_MAP": 0.8480000000000001,
      "U_bias": 0.8001999999999999,
      "Gh_native": 0.007999999999999896,
      "Gh_informed": 0.02839999999999987,
      "Gh_random_mean": 0.12354999999999995,
      "dGh_specific": -0.09515000000000008
    },
    "16": {
      "dU_MAP_frozen": 0.006599999999999939,
      "dU_MAP_fresh": 0.018400000000000194,
      "dU_MAP_bias": 0.04660000000000031,
      "U_frozen": 0.8400000000000002,
      "U_fresh": 0.8281999999999999,
      "U_MAP": 0.8466000000000001,
      "U_bias": 0.7999999999999998,
      "Gh_native": 0.006599999999999939,
      "Gh_informed": 0.038999999999999924,
      "Gh_random_mean": 0.12855833333333325,
      "dGh_specific": -0.08955833333333332
    },
    "32": {
      "dU_MAP_frozen": 0.012799999999999923,
      "dU_MAP_fresh": 0.0038000000000002476,
      "dU_MAP_bias": 0.03839999999999999,
      "U_frozen": 0.8400000000000002,
      "U_fresh": 0.8489999999999999,
      "U_MAP": 0.8528000000000001,
      "U_bias": 0.8144000000000001,
      "Gh_native": 0.012799999999999923,
      "Gh_informed": 0.042999999999999816,
      "Gh_random_mean": 0.13455833333333325,
      "dGh_specific": -0.09155833333333344
    },
    "Full": {
      "dU_MAP_frozen": 0.020000000000000018,
      "dU_MAP_fresh": 0.040000000000000036,
      "dU_MAP_bias": 0.04000000000000015,
      "U_frozen": 0.8400000000000001,
      "U_fresh": 0.8200000000000001,
      "U_MAP": 0.8600000000000001,
      "U_bias": 0.82,
      "Gh_native": 0.020000000000000018,
      "Gh_informed": 0.039999999999999925,
      "Gh_random_mean": 0.13666666666666666,
      "dGh_specific": -0.09666666666666673
    }
  },
  "firewall": {
    "source_only_construction": true,
    "alpha_source_only": true,
    "Ycal_used_for_head_adapt": true,
    "Yquery_used_for_selection": false,
    "Xquery_used_for_selection": false,
    "Yquery_used_for_outcome": true
  }
}