{
  "dataset": "Lee2019_MI",
  "subject": "21",
  "seed": 0,
  "status": "ok",
  "C": 2,
  "rank": 8,
  "n_cal": 100,
  "n_query": 100,
  "cal_session": [
    "0"
  ],
  "query_sessions": [
    "1"
  ],
  "alpha": 1.0,
  "alpha_info": {
    "mean_ce": {
      "0.001": 0.6143596611440495,
      "0.01": 0.5092543816889754,
      "0.1": 0.4329824001360711,
      "1.0": 0.41513524553499787,
      "10.0": 0.41531227324052766,
      "100.0": 0.4156229867970603
    },
    "n_pseudo": 53
  },
  "n_random": 50,
  "n_matched_random": 27,
  "informed_src_bacc": 0.6389622641509434,
  "native_src_bacc": 0.794245283018868,
  "n_draws": 50,
  "cal_per_class": {
    "0": 50,
    "1": 50
  },
  "budget_class_shortfall": {},
  "endpoints": {
    "1": {
      "dU_MAP_frozen": 0.0014000000000001789,
      "dU_MAP_fresh": 0.15839999999999999,
      "dU_MAP_bias": 0.0048000000000000265,
      "U_frozen": 0.9399999999999997,
      "U_fresh": 0.7829999999999999,
      "U_MAP": 0.9413999999999999,
      "U_bias": 0.9365999999999999,
      "Gh_native": 0.0014000000000001789,
      "Gh_informed": -0.05840000000000012,
      "Gh_random_mean": -0.028133333333333257,
      "dGh_specific": -0.03026666666666686
    },
    "2": {
      "dU_MAP_frozen": 0.0032000000000000917,
      "dU_MAP_fresh": 0.10079999999999989,
      "dU_MAP_bias": -0.0048000000000001375,
      "U_frozen": 0.9399999999999997,
      "U_fresh": 0.8423999999999999,
      "U_MAP": 0.9431999999999998,
      "U_bias": 0.948,
      "Gh_native": 0.0032000000000000917,
      "Gh_informed": 0.0019999999999997797,
      "Gh_random_mean": -0.0016814814814814362,
      "dGh_specific": 0.003681481481481216
    },
    "4": {
      "dU_MAP_frozen": 0.005400000000000182,
      "dU_MAP_fresh": 0.0808000000000001,
      "dU_MAP_bias": -0.005600000000000049,
      "U_frozen": 0.9399999999999997,
      "U_fresh": 0.8645999999999998,
      "U_MAP": 0.9453999999999999,
      "U_bias": 0.951,
      "Gh_native": 0.005400000000000182,
      "Gh_informed": 0.0009999999999997788,
      "Gh_random_mean": 0.010600000000000066,
      "dGh_specific": -0.009600000000000287
    },
    "8": {
      "dU_MAP_frozen": 0.0026000000000001577,
      "dU_MAP_fresh": 0.035399999999999876,
      "dU_MAP_bias": -0.018000000000000016,
      "U_frozen": 0.9399999999999997,
      "U_fresh": 0.9072,
      "U_MAP": 0.9425999999999999,
      "U_bias": 0.9605999999999999,
      "Gh_native": 0.0026000000000001577,
      "Gh_informed": 0.027399999999999647,
      "Gh_random_mean": 0.025429629629629687,
      "dGh_specific": 0.0019703703703699595
    },
    "16": {
      "dU_MAP_frozen": 0.0026000000000001577,
      "dU_MAP_fresh": 0.01719999999999977,
      "dU_MAP_bias": -0.022600000000000064,
      "U_frozen": 0.9399999999999997,
      "U_fresh": 0.9254000000000001,
      "U_MAP": 0.9425999999999999,
      "U_bias": 0.9652,
      "Gh_native": 0.0026000000000001577,
      "Gh_informed": 0.03839999999999977,
      "Gh_random_mean": 0.03560740740740747,
      "dGh_specific": 0.002792592592592298
    },
    "32": {
      "dU_MAP_frozen": 0.0006000000000000449,
      "dU_MAP_fresh": 0.012599999999999945,
      "dU_MAP_bias": -0.027000000000000135,
      "U_frozen": 0.9399999999999997,
      "U_fresh": 0.9279999999999998,
      "U_MAP": 0.9405999999999998,
      "U_bias": 0.9675999999999999,
      "Gh_native": 0.0006000000000000449,
      "Gh_informed": 0.03959999999999986,
      "Gh_random_mean": 0.038214814814814875,
      "dGh_specific": 0.0013851851851849825
    },
    "Full": {
      "dU_MAP_frozen": 0.0,
      "dU_MAP_fresh": -0.020000000000000018,
      "dU_MAP_bias": -0.030000000000000027,
      "U_frozen": 0.94,
      "U_fresh": 0.96,
      "U_MAP": 0.94,
      "U_bias": 0.97,
      "Gh_native": 0.0,
      "Gh_informed": 0.029999999999999916,
      "Gh_random_mean": 0.03777777777777779,
      "dGh_specific": -0.007777777777777876
    }
  },
  "firewall": {
    "source_only_construction": true,
    "alpha_source_only": true,
    "Ycal_used_for_head_adapt": true,
    "Yquery_used_for_selection": false,
    "Xquery_used_for_selection": false,
    "Yquery_used_for_outcome": true
  }
}