{
  "dataset": "Lee2019_MI",
  "subject": "37",
  "seed": 2,
  "status": "ok",
  "C": 2,
  "rank": 8,
  "n_cal": 100,
  "n_query": 100,
  "cal_session": [
    "0"
  ],
  "query_sessions": [
    "1"
  ],
  "alpha": 1.0,
  "alpha_info": {
    "mean_ce": {
      "0.001": 0.5707989604152247,
      "0.01": 0.49364181438239507,
      "0.1": 0.431256482811125,
      "1.0": 0.41984295377120495,
      "10.0": 0.4213538067279471,
      "100.0": 0.4217136735453335
    },
    "n_pseudo": 53
  },
  "n_random": 50,
  "n_matched_random": 26,
  "informed_src_bacc": 0.6495283018867924,
  "native_src_bacc": 0.7916037735849056,
  "n_draws": 50,
  "cal_per_class": {
    "0": 50,
    "1": 50
  },
  "budget_class_shortfall": {},
  "endpoints": {
    "1": {
      "dU_MAP_frozen": -0.0035999999999998256,
      "dU_MAP_fresh": 0.21939999999999982,
      "dU_MAP_bias": 0.015000000000000013,
      "U_frozen": 0.9399999999999997,
      "U_fresh": 0.7170000000000001,
      "U_MAP": 0.9363999999999999,
      "U_bias": 0.9213999999999999,
      "Gh_native": -0.0035999999999998256,
      "Gh_informed": -0.09180000000000021,
      "Gh_random_mean": -0.035461538461538454,
      "dGh_specific": -0.05633846153846176
    },
    "2": {
      "dU_MAP_frozen": -0.0039999999999996705,
      "dU_MAP_fresh": 0.17200000000000015,
      "dU_MAP_bias": -0.0013999999999997348,
      "U_frozen": 0.9399999999999997,
      "U_fresh": 0.7639999999999999,
      "U_MAP": 0.936,
      "U_bias": 0.9373999999999998,
      "Gh_native": -0.0039999999999996705,
      "Gh_informed": -0.06880000000000008,
      "Gh_random_mean": -0.02485384615384612,
      "dGh_specific": -0.04394615384615397
    },
    "4": {
      "dU_MAP_frozen": -0.0025999999999996026,
      "dU_MAP_fresh": 0.12900000000000011,
      "dU_MAP_bias": -0.0013999999999998458,
      "U_frozen": 0.9399999999999997,
      "U_fresh": 0.8084,
      "U_MAP": 0.9374000000000001,
      "U_bias": 0.9388,
      "Gh_native": -0.0025999999999996026,
      "Gh_informed": -0.05380000000000018,
      "Gh_random_mean": -0.008576923076923064,
      "dGh_specific": -0.045223076923077116
    },
    "8": {
      "dU_MAP_frozen": 1.1102230246251565e-16,
      "dU_MAP_fresh": 0.08539999999999992,
      "dU_MAP_bias": -0.007600000000000162,
      "U_frozen": 0.9399999999999997,
      "U_fresh": 0.8545999999999999,
      "U_MAP": 0.9399999999999998,
      "U_bias": 0.9476,
      "Gh_native": 1.1102230246251565e-16,
      "Gh_informed": -0.03980000000000017,
      "Gh_random_mean": 0.0011307692307692301,
      "dGh_specific": -0.040930769230769395
    },
    "16": {
      "dU_MAP_frozen": 0.000800000000000245,
      "dU_MAP_fresh": 0.035399999999999876,
      "dU_MAP_bias": -0.009600000000000053,
      "U_frozen": 0.9399999999999997,
      "U_fresh": 0.9054000000000001,
      "U_MAP": 0.9408,
      "U_bias": 0.9504,
      "Gh_native": 0.000800000000000245,
      "Gh_informed": -0.03180000000000005,
      "Gh_random_mean": 0.008307692307692311,
      "dGh_specific": -0.04010769230769236
    },
    "32": {
      "dU_MAP_frozen": 0.001000000000000223,
      "dU_MAP_fresh": 0.022400000000000087,
      "dU_MAP_bias": -0.012800000000000145,
      "U_frozen": 0.9399999999999997,
      "U_fresh": 0.9185999999999999,
      "U_MAP": 0.941,
      "U_bias": 0.9538000000000001,
      "Gh_native": 0.001000000000000223,
      "Gh_informed": -0.021400000000000197,
      "Gh_random_mean": 0.01101538461538464,
      "dGh_specific": -0.03241538461538484
    },
    "Full": {
      "dU_MAP_frozen": 0.0,
      "dU_MAP_fresh": 0.010000000000000009,
      "dU_MAP_bias": -0.010000000000000009,
      "U_frozen": 0.94,
      "U_fresh": 0.9299999999999999,
      "U_MAP": 0.94,
      "U_bias": 0.95,
      "Gh_native": 0.0,
      "Gh_informed": -0.010000000000000009,
      "Gh_random_mean": 0.011538461538461562,
      "dGh_specific": -0.02153846153846157
    }
  },
  "firewall": {
    "source_only_construction": true,
    "alpha_source_only": true,
    "Ycal_used_for_head_adapt": true,
    "Yquery_used_for_selection": false,
    "Xquery_used_for_selection": false,
    "Yquery_used_for_outcome": true
  }
}