{
  "dataset": "BNCI2014_001",
  "subject": "9",
  "seed": 0,
  "status": "ok",
  "C": 4,
  "rank": 8,
  "n_cal": 288,
  "n_query": 288,
  "cal_session": [
    "0train"
  ],
  "query_sessions": [
    "1test"
  ],
  "alpha": 0.1,
  "alpha_info": {
    "mean_ce": {
      "0.001": 0.9268424534871611,
      "0.01": 0.8467159238452237,
      "0.1": 0.8449308168203924,
      "1.0": 0.8981508613215934,
      "10.0": 0.9216217047210566,
      "100.0": 0.925064998908965
    },
    "n_pseudo": 8
  },
  "n_random": 50,
  "n_matched_random": 30,
  "informed_src_bacc": 0.5028211805555556,
  "native_src_bacc": 0.646484375,
  "n_draws": 50,
  "cal_per_class": {
    "0": 72,
    "1": 72,
    "2": 72,
    "3": 72
  },
  "budget_class_shortfall": {},
  "endpoints": {
    "1": {
      "dU_MAP_frozen": 0.01590277777777782,
      "dU_MAP_fresh": 0.0995833333333333,
      "dU_MAP_bias": 0.006041666666666723,
      "U_frozen": 0.4965277777777778,
      "U_fresh": 0.4128472222222223,
      "U_MAP": 0.5124305555555556,
      "U_bias": 0.5063888888888889,
      "Gh_native": 0.01590277777777782,
      "Gh_informed": 0.0050000000000000044,
      "Gh_random_mean": 0.0044745370370370555,
      "dGh_specific": 0.0005254629629629489
    },
    "2": {
      "dU_MAP_frozen": 0.02111111111111108,
      "dU_MAP_fresh": 0.09395833333333331,
      "dU_MAP_bias": -0.027152777777777803,
      "U_frozen": 0.4965277777777778,
      "U_fresh": 0.42368055555555556,
      "U_MAP": 0.5176388888888889,
      "U_bias": 0.5447916666666667,
      "Gh_native": 0.02111111111111108,
      "Gh_informed": -0.004930555555555549,
      "Gh_random_mean": 0.0028865740740740904,
      "dGh_specific": -0.00781712962962964
    },
    "4": {
      "dU_MAP_frozen": 0.032638888888888884,
      "dU_MAP_fresh": 0.06569444444444439,
      "dU_MAP_bias": -0.013472222222222219,
      "U_frozen": 0.4965277777777778,
      "U_fresh": 0.4634722222222223,
      "U_MAP": 0.5291666666666667,
      "U_bias": 0.5426388888888889,
      "Gh_native": 0.032638888888888884,
      "Gh_informed": 0.021527777777777868,
      "Gh_random_mean": 0.032745370370370376,
      "dGh_specific": -0.011217592592592508
    },
    "8": {
      "dU_MAP_frozen": 0.07993055555555562,
      "dU_MAP_fresh": 0.06465277777777778,
      "dU_MAP_bias": 0.02965277777777786,
      "U_frozen": 0.4965277777777778,
      "U_fresh": 0.5118055555555556,
      "U_MAP": 0.5764583333333334,
      "U_bias": 0.5468055555555555,
      "Gh_native": 0.07993055555555562,
      "Gh_informed": 0.07201388888888882,
      "Gh_random_mean": 0.07948148148148149,
      "dGh_specific": -0.0074675925925926645
    },
    "16": {
      "dU_MAP_frozen": 0.0864583333333333,
      "dU_MAP_fresh": 0.057222222222222174,
      "dU_MAP_bias": 0.033958333333333424,
      "U_frozen": 0.4965277777777778,
      "U_fresh": 0.5257638888888889,
      "U_MAP": 0.5829861111111111,
      "U_bias": 0.5490277777777777,
      "Gh_native": 0.0864583333333333,
      "Gh_informed": 0.09944444444444445,
      "Gh_random_mean": 0.1017152777777778,
      "dGh_specific": -0.002270833333333347
    },
    "32": {
      "dU_MAP_frozen": 0.1043750000000001,
      "dU_MAP_fresh": -0.01819444444444429,
      "dU_MAP_bias": 0.04763888888888901,
      "U_frozen": 0.4965277777777778,
      "U_fresh": 0.6190972222222222,
      "U_MAP": 0.6009027777777779,
      "U_bias": 0.5532638888888889,
      "Gh_native": 0.1043750000000001,
      "Gh_informed": 0.13118055555555552,
      "Gh_random_mean": 0.12511574074074078,
      "dGh_specific": 0.006064814814814745
    },
    "Full": {
      "dU_MAP_frozen": 0.11458333333333326,
      "dU_MAP_fresh": -0.0590277777777779,
      "dU_MAP_bias": 0.05208333333333326,
      "U_frozen": 0.4965277777777778,
      "U_fresh": 0.670138888888889,
      "U_MAP": 0.611111111111111,
      "U_bias": 0.5590277777777778,
      "Gh_native": 0.11458333333333326,
      "Gh_informed": 0.13194444444444453,
      "Gh_random_mean": 0.140625,
      "dGh_specific": -0.00868055555555547
    }
  },
  "firewall": {
    "source_only_construction": true,
    "alpha_source_only": true,
    "Ycal_used_for_head_adapt": true,
    "Yquery_used_for_selection": false,
    "Xquery_used_for_selection": false,
    "Yquery_used_for_outcome": true
  }
}