{
  "dataset": "Lee2019_MI",
  "subject": "28",
  "seed": 1,
  "status": "ok",
  "C": 2,
  "rank": 8,
  "n_cal": 100,
  "n_query": 100,
  "cal_session": [
    "0"
  ],
  "query_sessions": [
    "1"
  ],
  "alpha": 1.0,
  "alpha_info": {
    "mean_ce": {
      "0.001": 0.5552805630834425,
      "0.01": 0.4783337742266164,
      "0.1": 0.4214076626041263,
      "1.0": 0.4128931174201898,
      "10.0": 0.4144211676740587,
      "100.0": 0.4147744299715011
    },
    "n_pseudo": 53
  },
  "n_random": 50,
  "n_matched_random": 27,
  "informed_src_bacc": 0.6300943396226415,
  "native_src_bacc": 0.7909433962264152,
  "n_draws": 50,
  "cal_per_class": {
    "0": 50,
    "1": 50
  },
  "budget_class_shortfall": {},
  "endpoints": {
    "1": {
      "dU_MAP_frozen": 0.006000000000000227,
      "dU_MAP_fresh": 0.2005999999999999,
      "dU_MAP_bias": 0.020200000000000107,
      "U_frozen": 0.9399999999999997,
      "U_fresh": 0.7454000000000001,
      "U_MAP": 0.946,
      "U_bias": 0.9257999999999998,
      "Gh_native": 0.006000000000000227,
      "Gh_informed": -0.009799999999999809,
      "Gh_random_mean": -0.02569629629629628,
      "dGh_specific": 0.01589629629629647
    },
    "2": {
      "dU_MAP_frozen": 0.0048000000000001375,
      "dU_MAP_fresh": 0.11999999999999977,
      "dU_MAP_bias": 0.019399999999999973,
      "U_frozen": 0.9399999999999997,
      "U_fresh": 0.8248000000000001,
      "U_MAP": 0.9447999999999999,
      "U_bias": 0.9253999999999999,
      "Gh_native": 0.0048000000000001375,
      "Gh_informed": -0.010199999999999876,
      "Gh_random_mean": 0.0009407407407407523,
      "dGh_specific": -0.011140740740740628
    },
    "4": {
      "dU_MAP_frozen": 0.00580000000000036,
      "dU_MAP_fresh": 0.09220000000000006,
      "dU_MAP_bias": 0.019600000000000173,
      "U_frozen": 0.9399999999999997,
      "U_fresh": 0.8536,
      "U_MAP": 0.9458000000000001,
      "U_bias": 0.9261999999999999,
      "Gh_native": 0.00580000000000036,
      "Gh_informed": -0.0011999999999998678,
      "Gh_random_mean": 0.009081481481481517,
      "dGh_specific": -0.010281481481481385
    },
    "8": {
      "dU_MAP_frozen": 0.007800000000000473,
      "dU_MAP_fresh": 0.05720000000000014,
      "dU_MAP_bias": 0.019800000000000373,
      "U_frozen": 0.9399999999999997,
      "U_fresh": 0.8906000000000001,
      "U_MAP": 0.9478000000000002,
      "U_bias": 0.9279999999999998,
      "Gh_native": 0.007800000000000473,
      "Gh_informed": 0.009600000000000164,
      "Gh_random_mean": 0.020807407407407445,
      "dGh_specific": -0.01120740740740728
    },
    "16": {
      "dU_MAP_frozen": 0.006400000000000405,
      "dU_MAP_fresh": 0.026800000000000157,
      "dU_MAP_bias": 0.011600000000000388,
      "U_frozen": 0.9399999999999997,
      "U_fresh": 0.9196,
      "U_MAP": 0.9464000000000001,
      "U_bias": 0.9347999999999997,
      "Gh_native": 0.006400000000000405,
      "Gh_informed": 0.02100000000000002,
      "Gh_random_mean": 0.025214814814814832,
      "dGh_specific": -0.004214814814814814
    },
    "32": {
      "dU_MAP_frozen": 0.007000000000000339,
      "dU_MAP_fresh": 0.021400000000000197,
      "dU_MAP_bias": 0.008400000000000407,
      "U_frozen": 0.9399999999999997,
      "U_fresh": 0.9255999999999999,
      "U_MAP": 0.9470000000000001,
      "U_bias": 0.9385999999999997,
      "Gh_native": 0.007000000000000339,
      "Gh_informed": 0.02059999999999995,
      "Gh_random_mean": 0.0275037037037037,
      "dGh_specific": -0.006903703703703749
    },
    "Full": {
      "dU_MAP_frozen": 0.010000000000000009,
      "dU_MAP_fresh": 0.010000000000000009,
      "dU_MAP_bias": 0.010000000000000009,
      "U_frozen": 0.94,
      "U_fresh": 0.94,
      "U_MAP": 0.95,
      "U_bias": 0.94,
      "Gh_native": 0.010000000000000009,
      "Gh_informed": 0.010000000000000009,
      "Gh_random_mean": 0.029259259259259256,
      "dGh_specific": -0.019259259259259247
    }
  },
  "firewall": {
    "source_only_construction": true,
    "alpha_source_only": true,
    "Ycal_used_for_head_adapt": true,
    "Yquery_used_for_selection": false,
    "Xquery_used_for_selection": false,
    "Yquery_used_for_outcome": true
  }
}