{
  "dataset": "Lee2019_MI",
  "subject": "52",
  "seed": 2,
  "status": "ok",
  "C": 2,
  "rank": 8,
  "n_cal": 100,
  "n_query": 100,
  "cal_session": [
    "0"
  ],
  "query_sessions": [
    "1"
  ],
  "alpha": 1.0,
  "alpha_info": {
    "mean_ce": {
      "0.001": 0.5916331116060831,
      "0.01": 0.48980187784626905,
      "0.1": 0.4177856389120165,
      "1.0": 0.40560412061250706,
      "10.0": 0.4067538700228619,
      "100.0": 0.4070521484031256
    },
    "n_pseudo": 53
  },
  "n_random": 50,
  "n_matched_random": 28,
  "informed_src_bacc": 0.6657547169811321,
  "native_src_bacc": 0.7930188679245282,
  "n_draws": 50,
  "cal_per_class": {
    "0": 50,
    "1": 50
  },
  "budget_class_shortfall": {},
  "endpoints": {
    "1": {
      "dU_MAP_frozen": 0.0030000000000001137,
      "dU_MAP_fresh": 0.10419999999999996,
      "dU_MAP_bias": 0.023400000000000087,
      "U_frozen": 0.6099999999999999,
      "U_fresh": 0.5088,
      "U_MAP": 0.613,
      "U_bias": 0.5895999999999999,
      "Gh_native": 0.0030000000000001137,
      "Gh_informed": -0.030200000000000116,
      "Gh_random_mean": -0.01699285714285714,
      "dGh_specific": -0.013207142857142976
    },
    "2": {
      "dU_MAP_frozen": 0.008000000000000118,
      "dU_MAP_fresh": 0.09299999999999997,
      "dU_MAP_bias": 0.028000000000000025,
      "U_frozen": 0.6099999999999999,
      "U_fresh": 0.525,
      "U_MAP": 0.618,
      "U_bias": 0.59,
      "Gh_native": 0.008000000000000118,
      "Gh_informed": -0.020200000000000107,
      "Gh_random_mean": -0.009807142857142861,
      "dGh_specific": -0.010392857142857245
    },
    "4": {
      "dU_MAP_frozen": 0.010200000000000209,
      "dU_MAP_fresh": 0.08140000000000003,
      "dU_MAP_bias": 0.026600000000000068,
      "U_frozen": 0.6099999999999999,
      "U_fresh": 0.5388000000000001,
      "U_MAP": 0.6202000000000001,
      "U_bias": 0.5936,
      "Gh_native": 0.010200000000000209,
      "Gh_informed": -0.007600000000000051,
      "Gh_random_mean": 0.00028571428571428796,
      "dGh_specific": -0.00788571428571434
    },
    "8": {
      "dU_MAP_frozen": 0.0036000000000000476,
      "dU_MAP_fresh": 0.07579999999999987,
      "dU_MAP_bias": 0.037799999999999945,
      "U_frozen": 0.6099999999999999,
      "U_fresh": 0.5378000000000001,
      "U_MAP": 0.6135999999999999,
      "U_bias": 0.5758,
      "Gh_native": 0.0036000000000000476,
      "Gh_informed": -0.010400000000000076,
      "Gh_random_mean": -0.0018928571428571603,
      "dGh_specific": -0.008507142857142916
    },
    "16": {
      "dU_MAP_frozen": 0.009800000000000142,
      "dU_MAP_fresh": 0.024599999999999955,
      "dU_MAP_bias": 0.03920000000000001,
      "U_frozen": 0.6099999999999999,
      "U_fresh": 0.5952000000000001,
      "U_MAP": 0.6198,
      "U_bias": 0.5806,
      "Gh_native": 0.009800000000000142,
      "Gh_informed": -1.1102230246251565e-16,
      "Gh_random_mean": 0.006835714285714288,
      "dGh_specific": -0.006835714285714399
    },
    "32": {
      "dU_MAP_frozen": 0.011600000000000277,
      "dU_MAP_fresh": -0.01739999999999986,
      "dU_MAP_bias": 0.04280000000000017,
      "U_frozen": 0.6099999999999999,
      "U_fresh": 0.639,
      "U_MAP": 0.6216000000000002,
      "U_bias": 0.5788,
      "Gh_native": 0.011600000000000277,
      "Gh_informed": -0.009200000000000208,
      "Gh_random_mean": 0.005228571428571416,
      "dGh_specific": -0.014428571428571624
    },
    "Full": {
      "dU_MAP_frozen": 0.010000000000000009,
      "dU_MAP_fresh": -0.010000000000000009,
      "dU_MAP_bias": 0.040000000000000036,
      "U_frozen": 0.61,
      "U_fresh": 0.63,
      "U_MAP": 0.62,
      "U_bias": 0.58,
      "Gh_native": 0.010000000000000009,
      "Gh_informed": -0.020000000000000018,
      "Gh_random_mean": 0.006428571428571422,
      "dGh_specific": -0.02642857142857144
    }
  },
  "firewall": {
    "source_only_construction": true,
    "alpha_source_only": true,
    "Ycal_used_for_head_adapt": true,
    "Yquery_used_for_selection": false,
    "Xquery_used_for_selection": false,
    "Yquery_used_for_outcome": true
  }
}