{
  "dataset": "BNCI2015_001",
  "subject": "9",
  "seed": 1,
  "status": "ok",
  "C": 2,
  "rank": 8,
  "n_cal": 200,
  "n_query": 400,
  "cal_session": [
    "0A"
  ],
  "query_sessions": [
    "1B",
    "2C"
  ],
  "alpha": 0.01,
  "alpha_info": {
    "mean_ce": {
      "0.001": 0.359050065011426,
      "0.01": 0.343657819127105,
      "0.1": 0.3460848502722142,
      "1.0": 0.37354035197402186,
      "10.0": 0.3888553760644577,
      "100.0": 0.39130925996377836
    },
    "n_pseudo": 11
  },
  "n_random": 50,
  "n_matched_random": 22,
  "informed_src_bacc": 0.698,
  "native_src_bacc": 0.827,
  "n_draws": 50,
  "cal_per_class": {
    "0": 100,
    "1": 100
  },
  "budget_class_shortfall": {},
  "endpoints": {
    "1": {
      "dU_MAP_frozen": 0.03590000000000004,
      "dU_MAP_fresh": 0.05159999999999998,
      "dU_MAP_bias": 0.01585000000000003,
      "U_frozen": 0.55,
      "U_fresh": 0.5343000000000001,
      "U_MAP": 0.5859000000000001,
      "U_bias": 0.5700500000000001,
      "Gh_native": 0.03590000000000004,
      "Gh_informed": -0.025500000000000078,
      "Gh_random_mean": -0.012736363636363613,
      "dGh_specific": -0.012763636363636465
    },
    "2": {
      "dU_MAP_frozen": 0.0462499999999999,
      "dU_MAP_fresh": 0.040449999999999986,
      "dU_MAP_bias": 0.0038999999999999035,
      "U_frozen": 0.55,
      "U_fresh": 0.5558,
      "U_MAP": 0.59625,
      "U_bias": 0.59235,
      "Gh_native": 0.0462499999999999,
      "Gh_informed": -0.025599999999999956,
      "Gh_random_mean": -0.004165909090909059,
      "dGh_specific": -0.021434090909090896
    },
    "4": {
      "dU_MAP_frozen": 0.06174999999999997,
      "dU_MAP_fresh": 0.03649999999999998,
      "dU_MAP_bias": 0.013800000000000034,
      "U_frozen": 0.55,
      "U_fresh": 0.57525,
      "U_MAP": 0.61175,
      "U_bias": 0.59795,
      "Gh_native": 0.06174999999999997,
      "Gh_informed": -0.012399999999999967,
      "Gh_random_mean": 0.0021977272727273134,
      "dGh_specific": -0.01459772727272728
    },
    "8": {
      "dU_MAP_frozen": 0.07689999999999997,
      "dU_MAP_fresh": 0.03454999999999997,
      "dU_MAP_bias": 0.011699999999999933,
      "U_frozen": 0.55,
      "U_fresh": 0.59235,
      "U_MAP": 0.6269,
      "U_bias": 0.6152000000000001,
      "Gh_native": 0.07689999999999997,
      "Gh_informed": -0.008449999999999958,
      "Gh_random_mean": 0.02428636363636365,
      "dGh_specific": -0.032736363636363605
    },
    "16": {
      "dU_MAP_frozen": 0.08950000000000002,
      "dU_MAP_fresh": 0.042400000000000104,
      "dU_MAP_bias": 0.02575000000000005,
      "U_frozen": 0.55,
      "U_fresh": 0.5971,
      "U_MAP": 0.6395000000000001,
      "U_bias": 0.61375,
      "Gh_native": 0.08950000000000002,
      "Gh_informed": -0.011900000000000022,
      "Gh_random_mean": 0.046513636363636375,
      "dGh_specific": -0.0584136363636364
    },
    "32": {
      "dU_MAP_frozen": 0.13354999999999995,
      "dU_MAP_fresh": 0.02894999999999992,
      "dU_MAP_bias": 0.056499999999999995,
      "U_frozen": 0.55,
      "U_fresh": 0.6546000000000001,
      "U_MAP": 0.68355,
      "U_bias": 0.62705,
      "Gh_native": 0.13354999999999995,
      "Gh_informed": 0.015199999999999991,
      "Gh_random_mean": 0.07631363636363639,
      "dGh_specific": -0.0611136363636364
    },
    "Full": {
      "dU_MAP_frozen": 0.1924999999999999,
      "dU_MAP_fresh": 0.014999999999999902,
      "dU_MAP_bias": 0.10499999999999998,
      "U_frozen": 0.55,
      "U_fresh": 0.7275,
      "U_MAP": 0.7424999999999999,
      "U_bias": 0.6375,
      "Gh_native": 0.1924999999999999,
      "Gh_informed": 0.039999999999999813,
      "Gh_random_mean": 0.11011363636363636,
      "dGh_specific": -0.07011363636363654
    }
  },
  "firewall": {
    "source_only_construction": true,
    "alpha_source_only": true,
    "Ycal_used_for_head_adapt": true,
    "Yquery_used_for_selection": false,
    "Xquery_used_for_selection": false,
    "Yquery_used_for_outcome": true
  }
}