{
  "dataset": "Lee2019_MI",
  "subject": "36",
  "seed": 2,
  "status": "ok",
  "C": 2,
  "rank": 8,
  "n_cal": 100,
  "n_query": 100,
  "cal_session": [
    "0"
  ],
  "query_sessions": [
    "1"
  ],
  "alpha": 1.0,
  "alpha_info": {
    "mean_ce": {
      "0.001": 0.5561957345788928,
      "0.01": 0.48804106600943364,
      "0.1": 0.4295696781586547,
      "1.0": 0.41723637095280747,
      "10.0": 0.41909671284258476,
      "100.0": 0.41954761796333734
    },
    "n_pseudo": 53
  },
  "n_random": 50,
  "n_matched_random": 13,
  "informed_src_bacc": 0.6202830188679245,
  "native_src_bacc": 0.7912264150943396,
  "n_draws": 50,
  "cal_per_class": {
    "0": 50,
    "1": 50
  },
  "budget_class_shortfall": {},
  "endpoints": {
    "1": {
      "dU_MAP_frozen": 0.0039999999999998925,
      "dU_MAP_fresh": 0.09860000000000013,
      "dU_MAP_bias": 0.017199999999999993,
      "U_frozen": 0.8400000000000002,
      "U_fresh": 0.7454,
      "U_MAP": 0.8440000000000001,
      "U_bias": 0.8268000000000001,
      "Gh_native": 0.0039999999999998925,
      "Gh_informed": -0.015799999999999925,
      "Gh_random_mean": 0.04656923076923078,
      "dGh_specific": -0.062369230769230705
    },
    "2": {
      "dU_MAP_frozen": 0.006999999999999784,
      "dU_MAP_fresh": 0.07899999999999996,
      "dU_MAP_bias": 0.019999999999999796,
      "U_frozen": 0.8400000000000002,
      "U_fresh": 0.768,
      "U_MAP": 0.847,
      "U_bias": 0.8270000000000002,
      "Gh_native": 0.006999999999999784,
      "Gh_informed": 0.010399999999999965,
      "Gh_random_mean": 0.05543076923076924,
      "dGh_specific": -0.04503076923076928
    },
    "4": {
      "dU_MAP_frozen": 0.009199999999999986,
      "dU_MAP_fresh": 0.07220000000000004,
      "dU_MAP_bias": 0.023600000000000287,
      "U_frozen": 0.8400000000000002,
      "U_fresh": 0.7770000000000001,
      "U_MAP": 0.8492000000000002,
      "U_bias": 0.8255999999999999,
      "Gh_native": 0.009199999999999986,
      "Gh_informed": 0.02199999999999991,
      "Gh_random_mean": 0.07007692307692306,
      "dGh_specific": -0.048076923076923156
    },
    "8": {
      "dU_MAP_frozen": 0.006799999999999695,
      "dU_MAP_fresh": 0.01760000000000006,
      "dU_MAP_bias": 0.028599999999999848,
      "U_frozen": 0.8400000000000002,
      "U_fresh": 0.8291999999999998,
      "U_MAP": 0.8467999999999999,
      "U_bias": 0.8182,
      "Gh_native": 0.006799999999999695,
      "Gh_informed": 0.049800000000000066,
      "Gh_random_mean": 0.08395384615384617,
      "dGh_specific": -0.034153846153846104
    },
    "16": {
      "dU_MAP_frozen": 0.010199999999999876,
      "dU_MAP_fresh": 0.0021999999999999797,
      "dU_MAP_bias": 0.01340000000000019,
      "U_frozen": 0.8400000000000002,
      "U_fresh": 0.8480000000000001,
      "U_MAP": 0.8502000000000001,
      "U_bias": 0.8367999999999999,
      "Gh_native": 0.010199999999999876,
      "Gh_informed": 0.06439999999999979,
      "Gh_random_mean": 0.09107692307692312,
      "dGh_specific": -0.026676923076923334
    },
    "32": {
      "dU_MAP_frozen": 0.007399999999999851,
      "dU_MAP_fresh": -0.0008000000000000229,
      "dU_MAP_bias": -0.013800000000000034,
      "U_frozen": 0.8400000000000002,
      "U_fresh": 0.8482000000000001,
      "U_MAP": 0.8474,
      "U_bias": 0.8612000000000001,
      "Gh_native": 0.007399999999999851,
      "Gh_informed": 0.07199999999999984,
      "Gh_random_mean": 0.09159999999999996,
      "dGh_specific": -0.019600000000000117
    },
    "Full": {
      "dU_MAP_frozen": 0.009999999999999898,
      "dU_MAP_fresh": -0.020000000000000018,
      "dU_MAP_bias": -0.010000000000000009,
      "U_frozen": 0.8400000000000001,
      "U_fresh": 0.87,
      "U_MAP": 0.85,
      "U_bias": 0.86,
      "Gh_native": 0.009999999999999898,
      "Gh_informed": 0.07999999999999996,
      "Gh_random_mean": 0.09384615384615383,
      "dGh_specific": -0.013846153846153869
    }
  },
  "firewall": {
    "source_only_construction": true,
    "alpha_source_only": true,
    "Ycal_used_for_head_adapt": true,
    "Yquery_used_for_selection": false,
    "Xquery_used_for_selection": false,
    "Yquery_used_for_outcome": true
  }
}