{
  "dataset": "BNCI2014_004",
  "subject": "3",
  "seed": 1,
  "status": "ok",
  "C": 2,
  "rank": 8,
  "n_cal": 120,
  "n_query": 600,
  "cal_session": [
    "0train"
  ],
  "query_sessions": [
    "1train",
    "2train",
    "3test",
    "4test"
  ],
  "alpha": 1.0,
  "alpha_info": {
    "mean_ce": {
      "0.001": 0.5639423121991204,
      "0.01": 0.5274003722607752,
      "0.1": 0.48424006323049396,
      "1.0": 0.4818453437193333,
      "10.0": 0.49077876870177867,
      "100.0": 0.4925189706765633
    },
    "n_pseudo": 8
  },
  "n_random": 50,
  "n_matched_random": 20,
  "informed_src_bacc": 0.636896551724138,
  "native_src_bacc": 0.7560344827586207,
  "n_draws": 50,
  "cal_per_class": {
    "0": 60,
    "1": 60
  },
  "budget_class_shortfall": {},
  "endpoints": {
    "1": {
      "dU_MAP_frozen": -0.002343750000000089,
      "dU_MAP_fresh": 0.012406249999999952,
      "dU_MAP_bias": 0.003062499999999857,
      "U_frozen": 0.5203125000000001,
      "U_fresh": 0.5055625,
      "U_MAP": 0.51796875,
      "U_bias": 0.5149062500000001,
      "Gh_native": -0.002343750000000089,
      "Gh_informed": 0.011312499999999948,
      "Gh_random_mean": -0.004555729166666672,
      "dGh_specific": 0.01586822916666662
    },
    "2": {
      "dU_MAP_frozen": 0.0021979166666665773,
      "dU_MAP_fresh": 0.018052083333333413,
      "dU_MAP_bias": 0.00852083333333331,
      "U_frozen": 0.5203125000000001,
      "U_fresh": 0.5044583333333332,
      "U_MAP": 0.5225104166666666,
      "U_bias": 0.5139895833333333,
      "Gh_native": 0.0021979166666665773,
      "Gh_informed": 0.013156249999999925,
      "Gh_random_mean": -0.004022916666666698,
      "dGh_specific": 0.017179166666666624
    },
    "4": {
      "dU_MAP_frozen": 0.003927083333333137,
      "dU_MAP_fresh": 0.01779166666666654,
      "dU_MAP_bias": 0.0004583333333331163,
      "U_frozen": 0.5203125000000001,
      "U_fresh": 0.5064479166666667,
      "U_MAP": 0.5242395833333332,
      "U_bias": 0.5237812500000001,
      "Gh_native": 0.003927083333333137,
      "Gh_informed": 0.009781249999999964,
      "Gh_random_mean": -0.0033999999999999864,
      "dGh_specific": 0.01318124999999995
    },
    "8": {
      "dU_MAP_frozen": 0.004666666666666597,
      "dU_MAP_fresh": 0.017770833333333402,
      "dU_MAP_bias": -0.0011666666666666492,
      "U_frozen": 0.5203125000000001,
      "U_fresh": 0.5072083333333333,
      "U_MAP": 0.5249791666666667,
      "U_bias": 0.5261458333333333,
      "Gh_native": 0.004666666666666597,
      "Gh_informed": 0.006010416666666574,
      "Gh_random_mean": -0.002347916666666666,
      "dGh_specific": 0.00835833333333324
    },
    "16": {
      "dU_MAP_frozen": 0.004999999999999893,
      "dU_MAP_fresh": 0.015979166666666544,
      "dU_MAP_bias": -0.005875000000000075,
      "U_frozen": 0.5203125000000001,
      "U_fresh": 0.5093333333333334,
      "U_MAP": 0.5253125,
      "U_bias": 0.5311875,
      "Gh_native": 0.004999999999999893,
      "Gh_informed": 0.006593750000000009,
      "Gh_random_mean": -0.0014473958333333203,
      "dGh_specific": 0.008041145833333329
    },
    "32": {
      "dU_MAP_frozen": 0.007968749999999969,
      "dU_MAP_fresh": 0.004614583333333311,
      "dU_MAP_bias": -0.006395833333333267,
      "U_frozen": 0.5203125000000001,
      "U_fresh": 0.5236666666666667,
      "U_MAP": 0.52828125,
      "U_bias": 0.5346770833333333,
      "Gh_native": 0.007968749999999969,
      "Gh_informed": 0.007281249999999961,
      "Gh_random_mean": 0.0008234375000000016,
      "dGh_specific": 0.00645781249999996
    },
    "Full": {
      "dU_MAP_frozen": 0.009374999999999911,
      "dU_MAP_fresh": -0.0067708333333333925,
      "dU_MAP_bias": -0.004687500000000067,
      "U_frozen": 0.5203125000000001,
      "U_fresh": 0.5364583333333334,
      "U_MAP": 0.5296875,
      "U_bias": 0.534375,
      "Gh_native": 0.009374999999999911,
      "Gh_informed": -0.0010416666666667185,
      "Gh_random_mean": 0.0008072916666666818,
      "dGh_specific": -0.0018489583333334003
    }
  },
  "firewall": {
    "source_only_construction": true,
    "alpha_source_only": true,
    "Ycal_used_for_head_adapt": true,
    "Yquery_used_for_selection": false,
    "Xquery_used_for_selection": false,
    "Yquery_used_for_outcome": true
  }
}