{
  "dataset": "Lee2019_MI",
  "subject": "9",
  "seed": 1,
  "status": "ok",
  "C": 2,
  "rank": 8,
  "n_cal": 100,
  "n_query": 100,
  "cal_session": [
    "0"
  ],
  "query_sessions": [
    "1"
  ],
  "alpha": 1.0,
  "alpha_info": {
    "mean_ce": {
      "0.001": 0.6113062636005071,
      "0.01": 0.512237304560975,
      "0.1": 0.43275225993505284,
      "1.0": 0.4178172032307086,
      "10.0": 0.4187922815040323,
      "100.0": 0.4191390692673441
    },
    "n_pseudo": 53
  },
  "n_random": 50,
  "n_matched_random": 15,
  "informed_src_bacc": 0.628867924528302,
  "native_src_bacc": 0.79,
  "n_draws": 50,
  "cal_per_class": {
    "0": 50,
    "1": 50
  },
  "budget_class_shortfall": {},
  "endpoints": {
    "1": {
      "dU_MAP_frozen": -0.0048000000000001375,
      "dU_MAP_fresh": 0.21320000000000006,
      "dU_MAP_bias": 0.04300000000000015,
      "U_frozen": 0.8100000000000003,
      "U_fresh": 0.5920000000000001,
      "U_MAP": 0.8052000000000001,
      "U_bias": 0.7622,
      "Gh_native": -0.0048000000000001375,
      "Gh_informed": -0.032399999999999984,
      "Gh_random_mean": -0.04083999999999999,
      "dGh_specific": 0.008440000000000003
    },
    "2": {
      "dU_MAP_frozen": -0.006400000000000294,
      "dU_MAP_fresh": 0.1836000000000001,
      "dU_MAP_bias": 0.052200000000000024,
      "U_frozen": 0.8100000000000003,
      "U_fresh": 0.6199999999999999,
      "U_MAP": 0.8036,
      "U_bias": 0.7514,
      "Gh_native": -0.006400000000000294,
      "Gh_informed": -0.025399999999999978,
      "Gh_random_mean": -0.03524,
      "dGh_specific": 0.009840000000000022
    },
    "4": {
      "dU_MAP_frozen": -0.005400000000000182,
      "dU_MAP_fresh": 0.14040000000000008,
      "dU_MAP_bias": 0.024599999999999955,
      "U_frozen": 0.8100000000000003,
      "U_fresh": 0.6642,
      "U_MAP": 0.8046000000000001,
      "U_bias": 0.7800000000000001,
      "Gh_native": -0.005400000000000182,
      "Gh_informed": -0.015199999999999991,
      "Gh_random_mean": -0.023399999999999976,
      "dGh_specific": 0.008199999999999985
    },
    "8": {
      "dU_MAP_frozen": -0.0050000000000001155,
      "dU_MAP_fresh": 0.1304000000000004,
      "dU_MAP_bias": 0.022400000000000198,
      "U_frozen": 0.8100000000000003,
      "U_fresh": 0.6745999999999998,
      "U_MAP": 0.8050000000000002,
      "U_bias": 0.7826,
      "Gh_native": -0.0050000000000001155,
      "Gh_informed": -0.00539999999999996,
      "Gh_random_mean": -0.012479999999999995,
      "dGh_specific": 0.007080000000000034
    },
    "16": {
      "dU_MAP_frozen": -0.0038000000000003586,
      "dU_MAP_fresh": 0.11139999999999983,
      "dU_MAP_bias": 0.021199999999999886,
      "U_frozen": 0.8100000000000003,
      "U_fresh": 0.6948000000000001,
      "U_MAP": 0.8061999999999999,
      "U_bias": 0.785,
      "Gh_native": -0.0038000000000003586,
      "Gh_informed": 0.011799999999999922,
      "Gh_random_mean": -0.004360000000000016,
      "dGh_specific": 0.01615999999999994
    },
    "32": {
      "dU_MAP_frozen": -0.0038000000000002476,
      "dU_MAP_fresh": 0.1110000000000001,
      "dU_MAP_bias": 0.015799999999999925,
      "U_frozen": 0.8100000000000003,
      "U_fresh": 0.6951999999999999,
      "U_MAP": 0.8062,
      "U_bias": 0.7904000000000001,
      "Gh_native": -0.0038000000000002476,
      "Gh_informed": 0.013199999999999878,
      "Gh_random_mean": -6.666666666667412e-05,
      "dGh_specific": 0.013266666666666553
    },
    "Full": {
      "dU_MAP_frozen": 0.0,
      "dU_MAP_fresh": 0.07000000000000006,
      "dU_MAP_bias": 0.020000000000000018,
      "U_frozen": 0.81,
      "U_fresh": 0.74,
      "U_MAP": 0.81,
      "U_bias": 0.79,
      "Gh_native": 0.0,
      "Gh_informed": 0.019999999999999907,
      "Gh_random_mean": 0.003333333333333351,
      "dGh_specific": 0.016666666666666555
    }
  },
  "firewall": {
    "source_only_construction": true,
    "alpha_source_only": true,
    "Ycal_used_for_head_adapt": true,
    "Yquery_used_for_selection": false,
    "Xquery_used_for_selection": false,
    "Yquery_used_for_outcome": true
  }
}