{
  "dataset": "BNCI2014_004",
  "subject": "6",
  "seed": 1,
  "status": "ok",
  "C": 2,
  "rank": 8,
  "n_cal": 120,
  "n_query": 600,
  "cal_session": [
    "0train"
  ],
  "query_sessions": [
    "1train",
    "2train",
    "3test",
    "4test"
  ],
  "alpha": 0.1,
  "alpha_info": {
    "mean_ce": {
      "0.001": 0.609556363206115,
      "0.01": 0.5531240186607069,
      "0.1": 0.5129500670215068,
      "1.0": 0.5152094817093558,
      "10.0": 0.5263221114968764,
      "100.0": 0.52859535499487
    },
    "n_pseudo": 8
  },
  "n_random": 50,
  "n_matched_random": 26,
  "informed_src_bacc": 0.6268965517241379,
  "native_src_bacc": 0.7308620689655172,
  "n_draws": 50,
  "cal_per_class": {
    "0": 60,
    "1": 60
  },
  "budget_class_shortfall": {},
  "endpoints": {
    "1": {
      "dU_MAP_frozen": -0.05514583333333334,
      "dU_MAP_fresh": 0.11416666666666664,
      "dU_MAP_bias": -0.0037604166666665995,
      "U_frozen": 0.7041666666666667,
      "U_fresh": 0.5348541666666667,
      "U_MAP": 0.6490208333333334,
      "U_bias": 0.65278125,
      "Gh_native": -0.05514583333333334,
      "Gh_informed": -0.08020833333333344,
      "Gh_random_mean": -0.04264222756410257,
      "dGh_specific": -0.03756610576923087
    },
    "2": {
      "dU_MAP_frozen": -0.062270833333333386,
      "dU_MAP_fresh": 0.10462499999999997,
      "dU_MAP_bias": -0.04589583333333347,
      "U_frozen": 0.7041666666666667,
      "U_fresh": 0.5372708333333334,
      "U_MAP": 0.6418958333333333,
      "U_bias": 0.6877916666666668,
      "Gh_native": -0.062270833333333386,
      "Gh_informed": -0.09150000000000014,
      "Gh_random_mean": -0.04496834935897436,
      "dGh_specific": -0.046531650641025775
    },
    "4": {
      "dU_MAP_frozen": -0.04358333333333331,
      "dU_MAP_fresh": 0.08534375000000005,
      "dU_MAP_bias": -0.02951041666666654,
      "U_frozen": 0.7041666666666667,
      "U_fresh": 0.5752395833333334,
      "U_MAP": 0.6605833333333334,
      "U_bias": 0.69009375,
      "Gh_native": -0.04358333333333331,
      "Gh_informed": -0.06219791666666674,
      "Gh_random_mean": -0.025540865384615405,
      "dGh_specific": -0.03665705128205134
    },
    "8": {
      "dU_MAP_frozen": -0.0399166666666666,
      "dU_MAP_fresh": 0.08157291666666677,
      "dU_MAP_bias": -0.03688541666666656,
      "U_frozen": 0.7041666666666667,
      "U_fresh": 0.5826770833333333,
      "U_MAP": 0.6642500000000001,
      "U_bias": 0.7011354166666667,
      "Gh_native": -0.0399166666666666,
      "Gh_informed": -0.06033333333333346,
      "Gh_random_mean": -0.019383012820512826,
      "dGh_specific": -0.04095032051282063
    },
    "16": {
      "dU_MAP_frozen": -0.025041666666666962,
      "dU_MAP_fresh": 0.08839583333333301,
      "dU_MAP_bias": -0.024135416666666965,
      "U_frozen": 0.7041666666666667,
      "U_fresh": 0.5907291666666667,
      "U_MAP": 0.6791249999999998,
      "U_bias": 0.7032604166666667,
      "Gh_native": -0.025041666666666962,
      "Gh_informed": -0.03506250000000022,
      "Gh_random_mean": -0.00581610576923077,
      "dGh_specific": -0.029246394230769447
    },
    "32": {
      "dU_MAP_frozen": -0.005885416666666754,
      "dU_MAP_fresh": 0.055906250000000046,
      "dU_MAP_bias": -0.006854166666666606,
      "U_frozen": 0.7041666666666667,
      "U_fresh": 0.6423749999999999,
      "U_MAP": 0.69828125,
      "U_bias": 0.7051354166666666,
      "Gh_native": -0.005885416666666754,
      "Gh_informed": -0.003354166666666769,
      "Gh_random_mean": 0.012510416666666654,
      "dGh_specific": -0.015864583333333425
    },
    "Full": {
      "dU_MAP_frozen": 0.002083333333333326,
      "dU_MAP_fresh": 0.04114583333333344,
      "dU_MAP_bias": -0.0005208333333333037,
      "U_frozen": 0.7041666666666667,
      "U_fresh": 0.6651041666666666,
      "U_MAP": 0.70625,
      "U_bias": 0.7067708333333333,
      "Gh_native": 0.002083333333333326,
      "Gh_informed": 0.01927083333333346,
      "Gh_random_mean": 0.024559294871794864,
      "dGh_specific": -0.005288461538461405
    }
  },
  "firewall": {
    "source_only_construction": true,
    "alpha_source_only": true,
    "Ycal_used_for_head_adapt": true,
    "Yquery_used_for_selection": false,
    "Xquery_used_for_selection": false,
    "Yquery_used_for_outcome": true
  }
}