{
  "dataset": "BNCI2015_001",
  "subject": "2",
  "seed": 2,
  "status": "ok",
  "C": 2,
  "rank": 8,
  "n_cal": 200,
  "n_query": 200,
  "cal_session": [
    "0A"
  ],
  "query_sessions": [
    "1B"
  ],
  "alpha": 0.01,
  "alpha_info": {
    "mean_ce": {
      "0.001": 0.39712063827885075,
      "0.01": 0.37779988625077715,
      "0.1": 0.37964588138004873,
      "1.0": 0.4068325584218238,
      "10.0": 0.4240769791953926,
      "100.0": 0.42727398391031135
    },
    "n_pseudo": 11
  },
  "n_random": 50,
  "n_matched_random": 29,
  "informed_src_bacc": 0.6905769230769231,
  "native_src_bacc": 0.8025,
  "n_draws": 50,
  "cal_per_class": {
    "0": 100,
    "1": 100
  },
  "budget_class_shortfall": {},
  "endpoints": {
    "1": {
      "dU_MAP_frozen": 0.07600000000000029,
      "dU_MAP_fresh": 0.1072000000000003,
      "dU_MAP_bias": 0.0016000000000001569,
      "U_frozen": 0.8049999999999998,
      "U_fresh": 0.7737999999999998,
      "U_MAP": 0.8810000000000001,
      "U_bias": 0.8794,
      "Gh_native": 0.07600000000000029,
      "Gh_informed": -0.018300000000000094,
      "Gh_random_mean": 0.0014241379310345097,
      "dGh_specific": -0.019724137931034603
    },
    "2": {
      "dU_MAP_frozen": 0.10570000000000013,
      "dU_MAP_fresh": 0.07599999999999985,
      "dU_MAP_bias": 0.0036999999999999256,
      "U_frozen": 0.8049999999999998,
      "U_fresh": 0.8347000000000001,
      "U_MAP": 0.9107,
      "U_bias": 0.907,
      "Gh_native": 0.10570000000000013,
      "Gh_informed": -0.005800000000000138,
      "Gh_random_mean": 0.038896551724137966,
      "dGh_specific": -0.044696551724138105
    },
    "4": {
      "dU_MAP_frozen": 0.1254000000000003,
      "dU_MAP_fresh": 0.06650000000000011,
      "dU_MAP_bias": -0.005099999999999993,
      "U_frozen": 0.8049999999999998,
      "U_fresh": 0.8639,
      "U_MAP": 0.9304000000000001,
      "U_bias": 0.9355000000000001,
      "Gh_native": 0.1254000000000003,
      "Gh_informed": 0.015999999999999792,
      "Gh_random_mean": 0.05991379310344831,
      "dGh_specific": -0.04391379310344852
    },
    "8": {
      "dU_MAP_frozen": 0.13500000000000012,
      "dU_MAP_fresh": 0.05349999999999999,
      "dU_MAP_bias": -0.008600000000000163,
      "U_frozen": 0.8049999999999998,
      "U_fresh": 0.8865,
      "U_MAP": 0.94,
      "U_bias": 0.9486000000000001,
      "Gh_native": 0.13500000000000012,
      "Gh_informed": 0.022399999999999864,
      "Gh_random_mean": 0.08109655172413797,
      "dGh_specific": -0.05869655172413811
    },
    "16": {
      "dU_MAP_frozen": 0.14490000000000025,
      "dU_MAP_fresh": 0.05510000000000015,
      "dU_MAP_bias": -0.005600000000000049,
      "U_frozen": 0.8049999999999998,
      "U_fresh": 0.8947999999999999,
      "U_MAP": 0.9499000000000001,
      "U_bias": 0.9555000000000001,
      "Gh_native": 0.14490000000000025,
      "Gh_informed": 0.08660000000000001,
      "Gh_random_mean": 0.1133034482758621,
      "dGh_specific": -0.026703448275862088
    },
    "32": {
      "dU_MAP_frozen": 0.15480000000000005,
      "dU_MAP_fresh": 0.0411999999999999,
      "dU_MAP_bias": -0.004000000000000226,
      "U_frozen": 0.8049999999999998,
      "U_fresh": 0.9186,
      "U_MAP": 0.9597999999999999,
      "U_bias": 0.9638000000000001,
      "Gh_native": 0.15480000000000005,
      "Gh_informed": 0.10639999999999972,
      "Gh_random_mean": 0.1311034482758621,
      "dGh_specific": -0.024703448275862377
    },
    "Full": {
      "dU_MAP_frozen": 0.16500000000000004,
      "dU_MAP_fresh": 0.03499999999999992,
      "dU_MAP_bias": 0.004999999999999893,
      "U_frozen": 0.8049999999999999,
      "U_fresh": 0.935,
      "U_MAP": 0.97,
      "U_bias": 0.9650000000000001,
      "Gh_native": 0.16500000000000004,
      "Gh_informed": 0.11499999999999999,
      "Gh_random_mean": 0.1439655172413793,
      "dGh_specific": -0.0289655172413793
    }
  },
  "firewall": {
    "source_only_construction": true,
    "alpha_source_only": true,
    "Ycal_used_for_head_adapt": true,
    "Yquery_used_for_selection": false,
    "Xquery_used_for_selection": false,
    "Yquery_used_for_outcome": true
  }
}