{
  "dataset": "Lee2019_MI",
  "subject": "22",
  "seed": 2,
  "status": "ok",
  "C": 2,
  "rank": 8,
  "n_cal": 100,
  "n_query": 100,
  "cal_session": [
    "0"
  ],
  "query_sessions": [
    "1"
  ],
  "alpha": 1.0,
  "alpha_info": {
    "mean_ce": {
      "0.001": 0.5806244230423759,
      "0.01": 0.49618872766912464,
      "0.1": 0.4291881776233333,
      "1.0": 0.4144625770959319,
      "10.0": 0.41554232664967894,
      "100.0": 0.41592075724739275
    },
    "n_pseudo": 53
  },
  "n_random": 50,
  "n_matched_random": 21,
  "informed_src_bacc": 0.6441509433962265,
  "native_src_bacc": 0.7960377358490567,
  "n_draws": 50,
  "cal_per_class": {
    "0": 50,
    "1": 50
  },
  "budget_class_shortfall": {},
  "endpoints": {
    "1": {
      "dU_MAP_frozen": 0.011400000000000077,
      "dU_MAP_fresh": 0.23259999999999992,
      "dU_MAP_bias": 0.11040000000000005,
      "U_frozen": 0.7599999999999999,
      "U_fresh": 0.5388000000000001,
      "U_MAP": 0.7714,
      "U_bias": 0.6609999999999999,
      "Gh_native": 0.011400000000000077,
      "Gh_informed": -0.010399999999999965,
      "Gh_random_mean": -0.028809523809523813,
      "dGh_specific": 0.018409523809523848
    },
    "2": {
      "dU_MAP_frozen": 0.009200000000000097,
      "dU_MAP_fresh": 0.2248,
      "dU_MAP_bias": 0.11059999999999981,
      "U_frozen": 0.7599999999999999,
      "U_fresh": 0.5444,
      "U_MAP": 0.7692,
      "U_bias": 0.6586000000000002,
      "Gh_native": 0.009200000000000097,
      "Gh_informed": -0.013999999999999901,
      "Gh_random_mean": -0.028495238095238098,
      "dGh_specific": 0.014495238095238196
    },
    "4": {
      "dU_MAP_frozen": 0.018200000000000216,
      "dU_MAP_fresh": 0.19300000000000017,
      "dU_MAP_bias": 0.1222000000000002,
      "U_frozen": 0.7599999999999999,
      "U_fresh": 0.5851999999999999,
      "U_MAP": 0.7782000000000001,
      "U_bias": 0.6559999999999999,
      "Gh_native": 0.018200000000000216,
      "Gh_informed": 0.0044000000000000705,
      "Gh_random_mean": -0.019095238095238096,
      "dGh_specific": 0.023495238095238166
    },
    "8": {
      "dU_MAP_frozen": 0.019400000000000084,
      "dU_MAP_fresh": 0.18079999999999996,
      "dU_MAP_bias": 0.12239999999999995,
      "U_frozen": 0.7599999999999999,
      "U_fresh": 0.5986,
      "U_MAP": 0.7794,
      "U_bias": 0.657,
      "Gh_native": 0.019400000000000084,
      "Gh_informed": 0.007400000000000184,
      "Gh_random_mean": -0.01217142857142857,
      "dGh_specific": 0.019571428571428753
    },
    "16": {
      "dU_MAP_frozen": 0.017600000000000282,
      "dU_MAP_fresh": 0.1414000000000002,
      "dU_MAP_bias": 0.12040000000000017,
      "U_frozen": 0.7599999999999999,
      "U_fresh": 0.6362,
      "U_MAP": 0.7776000000000002,
      "U_bias": 0.6572,
      "Gh_native": 0.017600000000000282,
      "Gh_informed": 0.01440000000000008,
      "Gh_random_mean": -0.010657142857142868,
      "dGh_specific": 0.025057142857142948
    },
    "32": {
      "dU_MAP_frozen": 0.019200000000000217,
      "dU_MAP_fresh": 0.10840000000000016,
      "dU_MAP_bias": 0.11800000000000022,
      "U_frozen": 0.7599999999999999,
      "U_fresh": 0.6708,
      "U_MAP": 0.7792000000000001,
      "U_bias": 0.6611999999999999,
      "Gh_native": 0.019200000000000217,
      "Gh_informed": 0.019200000000000106,
      "Gh_random_mean": -0.009561904761904771,
      "dGh_specific": 0.028761904761904877
    },
    "Full": {
      "dU_MAP_frozen": 0.020000000000000018,
      "dU_MAP_fresh": 0.07000000000000006,
      "dU_MAP_bias": 0.12,
      "U_frozen": 0.76,
      "U_fresh": 0.71,
      "U_MAP": 0.78,
      "U_bias": 0.66,
      "Gh_native": 0.020000000000000018,
      "Gh_informed": 0.020000000000000018,
      "Gh_random_mean": -0.008095238095238124,
      "dGh_specific": 0.028095238095238142
    }
  },
  "firewall": {
    "source_only_construction": true,
    "alpha_source_only": true,
    "Ycal_used_for_head_adapt": true,
    "Yquery_used_for_selection": false,
    "Xquery_used_for_selection": false,
    "Yquery_used_for_outcome": true
  }
}