{
  "dataset": "BNCI2015_001",
  "subject": "5",
  "seed": 0,
  "status": "ok",
  "C": 2,
  "rank": 8,
  "n_cal": 200,
  "n_query": 200,
  "cal_session": [
    "0A"
  ],
  "query_sessions": [
    "1B"
  ],
  "alpha": 0.01,
  "alpha_info": {
    "mean_ce": {
      "0.001": 0.37679912180043423,
      "0.01": 0.36190142414209575,
      "0.1": 0.37274176135552123,
      "1.0": 0.4050223219176502,
      "10.0": 0.4201517181861665,
      "100.0": 0.4225154566193963
    },
    "n_pseudo": 11
  },
  "n_random": 50,
  "n_matched_random": 21,
  "informed_src_bacc": 0.6673076923076923,
  "native_src_bacc": 0.8078846153846154,
  "n_draws": 50,
  "cal_per_class": {
    "0": 100,
    "1": 100
  },
  "budget_class_shortfall": {},
  "endpoints": {
    "1": {
      "dU_MAP_frozen": -0.05929999999999991,
      "dU_MAP_fresh": 0.13280000000000025,
      "dU_MAP_bias": -0.014799999999999924,
      "U_frozen": 0.7800000000000001,
      "U_fresh": 0.5879,
      "U_MAP": 0.7207000000000002,
      "U_bias": 0.7355000000000002,
      "Gh_native": -0.05929999999999991,
      "Gh_informed": -0.014599999999999835,
      "Gh_random_mean": -0.04855238095238096,
      "dGh_specific": 0.03395238095238112
    },
    "2": {
      "dU_MAP_frozen": -0.04170000000000018,
      "dU_MAP_fresh": 0.10939999999999994,
      "dU_MAP_bias": 0.0018999999999997907,
      "U_frozen": 0.7800000000000001,
      "U_fresh": 0.6289,
      "U_MAP": 0.7383,
      "U_bias": 0.7364000000000002,
      "Gh_native": -0.04170000000000018,
      "Gh_informed": -0.0020999999999999908,
      "Gh_random_mean": -0.025457142857142855,
      "dGh_specific": 0.023357142857142865
    },
    "4": {
      "dU_MAP_frozen": -0.020600000000000063,
      "dU_MAP_fresh": 0.0797000000000001,
      "dU_MAP_bias": -0.0010999999999998789,
      "U_frozen": 0.7800000000000001,
      "U_fresh": 0.6797,
      "U_MAP": 0.7594000000000001,
      "U_bias": 0.7605,
      "Gh_native": -0.020600000000000063,
      "Gh_informed": 0.017000000000000126,
      "Gh_random_mean": 0.0033095238095238308,
      "dGh_specific": 0.013690476190476294
    },
    "8": {
      "dU_MAP_frozen": -0.016000000000000236,
      "dU_MAP_fresh": 0.0613999999999999,
      "dU_MAP_bias": -0.005299999999999971,
      "U_frozen": 0.7800000000000001,
      "U_fresh": 0.7026,
      "U_MAP": 0.7639999999999999,
      "U_bias": 0.7692999999999999,
      "Gh_native": -0.016000000000000236,
      "Gh_informed": 0.02729999999999999,
      "Gh_random_mean": 0.021800000000000024,
      "dGh_specific": 0.005499999999999967
    },
    "16": {
      "dU_MAP_frozen": 0.009999999999999676,
      "dU_MAP_fresh": 0.05559999999999987,
      "dU_MAP_bias": 0.01839999999999986,
      "U_frozen": 0.7800000000000001,
      "U_fresh": 0.7343999999999999,
      "U_MAP": 0.7899999999999998,
      "U_bias": 0.7716,
      "Gh_native": 0.009999999999999676,
      "Gh_informed": 0.04170000000000007,
      "Gh_random_mean": 0.061461904761904815,
      "dGh_specific": -0.019761904761904744
    },
    "32": {
      "dU_MAP_frozen": 0.0399999999999997,
      "dU_MAP_fresh": 0.030999999999999917,
      "dU_MAP_bias": 0.049499999999999766,
      "U_frozen": 0.7800000000000001,
      "U_fresh": 0.7889999999999999,
      "U_MAP": 0.8199999999999998,
      "U_bias": 0.7705000000000001,
      "Gh_native": 0.0399999999999997,
      "Gh_informed": 0.07310000000000005,
      "Gh_random_mean": 0.0865761904761905,
      "dGh_specific": -0.013476190476190447
    },
    "Full": {
      "dU_MAP_frozen": 0.04499999999999993,
      "dU_MAP_fresh": -0.015000000000000124,
      "dU_MAP_bias": 0.04999999999999993,
      "U_frozen": 0.78,
      "U_fresh": 0.8400000000000001,
      "U_MAP": 0.825,
      "U_bias": 0.775,
      "Gh_native": 0.04499999999999993,
      "Gh_informed": 0.10499999999999998,
      "Gh_random_mean": 0.10309523809523811,
      "dGh_specific": 0.0019047619047618675
    }
  },
  "firewall": {
    "source_only_construction": true,
    "alpha_source_only": true,
    "Ycal_used_for_head_adapt": true,
    "Yquery_used_for_selection": false,
    "Xquery_used_for_selection": false,
    "Yquery_used_for_outcome": true
  }
}