{
  "dataset": "Lee2019_MI",
  "subject": "35",
  "seed": 0,
  "status": "ok",
  "C": 2,
  "rank": 8,
  "n_cal": 100,
  "n_query": 100,
  "cal_session": [
    "0"
  ],
  "query_sessions": [
    "1"
  ],
  "alpha": 1.0,
  "alpha_info": {
    "mean_ce": {
      "0.001": 0.5846867220919465,
      "0.01": 0.49194846555095173,
      "0.1": 0.4266372580258006,
      "1.0": 0.41732041772571443,
      "10.0": 0.4195694757238839,
      "100.0": 0.42003694230098665
    },
    "n_pseudo": 53
  },
  "n_random": 50,
  "n_matched_random": 7,
  "informed_src_bacc": 0.599811320754717,
  "native_src_bacc": 0.7970754716981132,
  "n_draws": 50,
  "cal_per_class": {
    "0": 50,
    "1": 50
  },
  "budget_class_shortfall": {},
  "endpoints": {
    "1": {
      "dU_MAP_frozen": 0.00020000000000003348,
      "dU_MAP_fresh": -0.009799999999999975,
      "dU_MAP_bias": -0.0040000000000000036,
      "U_frozen": 0.49,
      "U_fresh": 0.5,
      "U_MAP": 0.4902,
      "U_bias": 0.49420000000000003,
      "Gh_native": 0.00020000000000003348,
      "Gh_informed": 0.009400000000000075,
      "Gh_random_mean": -0.004142857142857147,
      "dGh_specific": 0.013542857142857221
    },
    "2": {
      "dU_MAP_frozen": -0.008000000000000007,
      "dU_MAP_fresh": -0.015200000000000102,
      "dU_MAP_bias": -0.0116,
      "U_frozen": 0.49,
      "U_fresh": 0.4972000000000001,
      "U_MAP": 0.482,
      "U_bias": 0.4936,
      "Gh_native": -0.008000000000000007,
      "Gh_informed": 0.013800000000000034,
      "Gh_random_mean": -0.004399999999999992,
      "dGh_specific": 0.018200000000000025
    },
    "4": {
      "dU_MAP_frozen": -0.005400000000000071,
      "dU_MAP_fresh": -0.009200000000000097,
      "dU_MAP_bias": -0.00880000000000003,
      "U_frozen": 0.49,
      "U_fresh": 0.4938,
      "U_MAP": 0.4845999999999999,
      "U_bias": 0.49339999999999995,
      "Gh_native": -0.005400000000000071,
      "Gh_informed": 0.012800000000000034,
      "Gh_random_mean": -0.004085714285714296,
      "dGh_specific": 0.01688571428571433
    },
    "8": {
      "dU_MAP_frozen": -0.005399999999999905,
      "dU_MAP_fresh": -0.013799999999999868,
      "dU_MAP_bias": -0.0019999999999998908,
      "U_frozen": 0.49,
      "U_fresh": 0.49839999999999995,
      "U_MAP": 0.4846000000000001,
      "U_bias": 0.4866,
      "Gh_native": -0.005399999999999905,
      "Gh_informed": 0.020399999999999974,
      "Gh_random_mean": -0.008828571428571423,
      "dGh_specific": 0.029228571428571395
    },
    "16": {
      "dU_MAP_frozen": -0.0024000000000000132,
      "dU_MAP_fresh": -0.016800000000000093,
      "dU_MAP_bias": 0.0033999999999999586,
      "U_frozen": 0.49,
      "U_fresh": 0.5044000000000001,
      "U_MAP": 0.4876,
      "U_bias": 0.4842,
      "Gh_native": -0.0024000000000000132,
      "Gh_informed": 0.018799999999999928,
      "Gh_random_mean": -0.010371428571428571,
      "dGh_specific": 0.0291714285714285
    },
    "32": {
      "dU_MAP_frozen": -0.0016000000000000458,
      "dU_MAP_fresh": -0.013800000000000034,
      "dU_MAP_bias": 0.0026000000000000467,
      "U_frozen": 0.49,
      "U_fresh": 0.5022,
      "U_MAP": 0.48839999999999995,
      "U_bias": 0.4857999999999999,
      "Gh_native": -0.0016000000000000458,
      "Gh_informed": 0.028000000000000025,
      "Gh_random_mean": -0.01174285714285715,
      "dGh_specific": 0.03974285714285718
    },
    "Full": {
      "dU_MAP_frozen": 0.0,
      "dU_MAP_fresh": -0.010000000000000009,
      "dU_MAP_bias": 0.02999999999999997,
      "U_frozen": 0.49,
      "U_fresh": 0.5,
      "U_MAP": 0.49,
      "U_bias": 0.46,
      "Gh_native": 0.0,
      "Gh_informed": 0.040000000000000036,
      "Gh_random_mean": -0.008571428571428572,
      "dGh_specific": 0.048571428571428606
    }
  },
  "firewall": {
    "source_only_construction": true,
    "alpha_source_only": true,
    "Ycal_used_for_head_adapt": true,
    "Yquery_used_for_selection": false,
    "Xquery_used_for_selection": false,
    "Yquery_used_for_outcome": true
  }
}