{
  "dataset": "BNCI2015_001",
  "subject": "4",
  "seed": 0,
  "status": "ok",
  "C": 2,
  "rank": 8,
  "n_cal": 200,
  "n_query": 200,
  "cal_session": [
    "0A"
  ],
  "query_sessions": [
    "1B"
  ],
  "alpha": 0.01,
  "alpha_info": {
    "mean_ce": {
      "0.001": 0.39230860207695994,
      "0.01": 0.367114432410183,
      "0.1": 0.3722445019600668,
      "1.0": 0.40500848986274957,
      "10.0": 0.42243611513007373,
      "100.0": 0.42537195252087123
    },
    "n_pseudo": 11
  },
  "n_random": 50,
  "n_matched_random": 29,
  "informed_src_bacc": 0.6755769230769231,
  "native_src_bacc": 0.8005769230769231,
  "n_draws": 50,
  "cal_per_class": {
    "0": 100,
    "1": 100
  },
  "budget_class_shortfall": {},
  "endpoints": {
    "1": {
      "dU_MAP_frozen": -0.03600000000000014,
      "dU_MAP_fresh": 0.1481,
      "dU_MAP_bias": 0.020299999999999985,
      "U_frozen": 0.8200000000000002,
      "U_fresh": 0.6359,
      "U_MAP": 0.784,
      "U_bias": 0.7637,
      "Gh_native": -0.03600000000000014,
      "Gh_informed": 0.0010000000000000009,
      "Gh_random_mean": -0.020544827586206866,
      "dGh_specific": 0.021544827586206867
    },
    "2": {
      "dU_MAP_frozen": -0.03310000000000024,
      "dU_MAP_fresh": 0.11559999999999993,
      "dU_MAP_bias": 0.025399999999999978,
      "U_frozen": 0.8200000000000002,
      "U_fresh": 0.6713,
      "U_MAP": 0.7868999999999999,
      "U_bias": 0.7615,
      "Gh_native": -0.03310000000000024,
      "Gh_informed": 0.0122000000000001,
      "Gh_random_mean": -0.00842758620689652,
      "dGh_specific": 0.02062758620689662
    },
    "4": {
      "dU_MAP_frozen": -0.02190000000000014,
      "dU_MAP_fresh": 0.08379999999999999,
      "dU_MAP_bias": 0.02290000000000003,
      "U_frozen": 0.8200000000000002,
      "U_fresh": 0.7143,
      "U_MAP": 0.7981,
      "U_bias": 0.7752,
      "Gh_native": -0.02190000000000014,
      "Gh_informed": 0.008599999999999941,
      "Gh_random_mean": 0.01482068965517245,
      "dGh_specific": -0.00622068965517251
    },
    "8": {
      "dU_MAP_frozen": -0.021900000000000253,
      "dU_MAP_fresh": 0.07309999999999983,
      "dU_MAP_bias": -0.0024000000000000687,
      "U_frozen": 0.8200000000000002,
      "U_fresh": 0.7250000000000001,
      "U_MAP": 0.7980999999999999,
      "U_bias": 0.8005,
      "Gh_native": -0.021900000000000253,
      "Gh_informed": 0.018100000000000005,
      "Gh_random_mean": 0.022427586206896562,
      "dGh_specific": -0.004327586206896557
    },
    "16": {
      "dU_MAP_frozen": -0.013700000000000268,
      "dU_MAP_fresh": 0.057399999999999785,
      "dU_MAP_bias": -0.006500000000000283,
      "U_frozen": 0.8200000000000002,
      "U_fresh": 0.7489000000000001,
      "U_MAP": 0.8062999999999999,
      "U_bias": 0.8128000000000002,
      "Gh_native": -0.013700000000000268,
      "Gh_informed": 0.04310000000000003,
      "Gh_random_mean": 0.04949655172413799,
      "dGh_specific": -0.006396551724137965
    },
    "32": {
      "dU_MAP_frozen": 0.03249999999999986,
      "dU_MAP_fresh": 0.058399999999999896,
      "dU_MAP_bias": 0.036699999999999955,
      "U_frozen": 0.8200000000000002,
      "U_fresh": 0.7941000000000001,
      "U_MAP": 0.8525,
      "U_bias": 0.8158000000000001,
      "Gh_native": 0.03249999999999986,
      "Gh_informed": 0.058700000000000196,
      "Gh_random_mean": 0.085548275862069,
      "dGh_specific": -0.02684827586206881
    },
    "Full": {
      "dU_MAP_frozen": 0.06999999999999984,
      "dU_MAP_fresh": 0.004999999999999893,
      "dU_MAP_bias": 0.06499999999999995,
      "U_frozen": 0.8200000000000001,
      "U_fresh": 0.885,
      "U_MAP": 0.8899999999999999,
      "U_bias": 0.825,
      "Gh_native": 0.06999999999999984,
      "Gh_informed": 0.039999999999999925,
      "Gh_random_mean": 0.10810344827586206,
      "dGh_specific": -0.06810344827586214
    }
  },
  "firewall": {
    "source_only_construction": true,
    "alpha_source_only": true,
    "Ycal_used_for_head_adapt": true,
    "Yquery_used_for_selection": false,
    "Xquery_used_for_selection": false,
    "Yquery_used_for_outcome": true
  }
}