{
  "dataset": "Lee2019_MI",
  "subject": "21",
  "seed": 1,
  "status": "ok",
  "C": 2,
  "rank": 8,
  "n_cal": 100,
  "n_query": 100,
  "cal_session": [
    "0"
  ],
  "query_sessions": [
    "1"
  ],
  "alpha": 1.0,
  "alpha_info": {
    "mean_ce": {
      "0.001": 0.5750809488565045,
      "0.01": 0.4972862905593263,
      "0.1": 0.4344246947267291,
      "1.0": 0.4205287769965592,
      "10.0": 0.42117869962619864,
      "100.0": 0.42147920941794387
    },
    "n_pseudo": 53
  },
  "n_random": 50,
  "n_matched_random": 36,
  "informed_src_bacc": 0.6605660377358491,
  "native_src_bacc": 0.7900943396226414,
  "n_draws": 50,
  "cal_per_class": {
    "0": 50,
    "1": 50
  },
  "budget_class_shortfall": {},
  "endpoints": {
    "1": {
      "dU_MAP_frozen": 0.0027999999999996916,
      "dU_MAP_fresh": 0.2535999999999998,
      "dU_MAP_bias": 0.03239999999999976,
      "U_frozen": 0.9500000000000002,
      "U_fresh": 0.6992,
      "U_MAP": 0.9527999999999999,
      "U_bias": 0.9204000000000001,
      "Gh_native": 0.0027999999999996916,
      "Gh_informed": -0.020999999999999908,
      "Gh_random_mean": -0.02104444444444444,
      "dGh_specific": 4.444444444453091e-05
    },
    "2": {
      "dU_MAP_frozen": 0.005599999999999827,
      "dU_MAP_fresh": 0.17180000000000006,
      "dU_MAP_bias": 0.015000000000000013,
      "U_frozen": 0.9500000000000002,
      "U_fresh": 0.7837999999999999,
      "U_MAP": 0.9556,
      "U_bias": 0.9406,
      "Gh_native": 0.005599999999999827,
      "Gh_informed": -0.010600000000000054,
      "Gh_random_mean": -0.00352222222222222,
      "dGh_specific": -0.007077777777777834
    },
    "4": {
      "dU_MAP_frozen": 0.010599999999999832,
      "dU_MAP_fresh": 0.1110000000000001,
      "dU_MAP_bias": 0.01959999999999995,
      "U_frozen": 0.9500000000000002,
      "U_fresh": 0.8495999999999999,
      "U_MAP": 0.9606,
      "U_bias": 0.9410000000000001,
      "Gh_native": 0.010599999999999832,
      "Gh_informed": 0.0052000000000002045,
      "Gh_random_mean": 0.015783333333333326,
      "dGh_specific": -0.010583333333333122
    },
    "8": {
      "dU_MAP_frozen": 0.012799999999999812,
      "dU_MAP_fresh": 0.06379999999999997,
      "dU_MAP_bias": 0.006399999999999961,
      "U_frozen": 0.9500000000000002,
      "U_fresh": 0.899,
      "U_MAP": 0.9628,
      "U_bias": 0.9564,
      "Gh_native": 0.012799999999999812,
      "Gh_informed": 0.03560000000000019,
      "Gh_random_mean": 0.03658888888888889,
      "dGh_specific": -0.000988888888888706
    },
    "16": {
      "dU_MAP_frozen": 0.009199999999999875,
      "dU_MAP_fresh": 0.0464,
      "dU_MAP_bias": -0.0013999999999999568,
      "U_frozen": 0.9500000000000002,
      "U_fresh": 0.9128000000000001,
      "U_MAP": 0.9592,
      "U_bias": 0.9606,
      "Gh_native": 0.009199999999999875,
      "Gh_informed": 0.04940000000000022,
      "Gh_random_mean": 0.04592222222222221,
      "dGh_specific": 0.00347777777777801
    },
    "32": {
      "dU_MAP_frozen": 0.010599999999999832,
      "dU_MAP_fresh": 0.033399999999999985,
      "dU_MAP_bias": -0.0006000000000000449,
      "U_frozen": 0.9500000000000002,
      "U_fresh": 0.9272,
      "U_MAP": 0.9606,
      "U_bias": 0.9612,
      "Gh_native": 0.010599999999999832,
      "Gh_informed": 0.06300000000000028,
      "Gh_random_mean": 0.05048888888888889,
      "dGh_specific": 0.01251111111111139
    },
    "Full": {
      "dU_MAP_frozen": 0.010000000000000009,
      "dU_MAP_fresh": 0.030000000000000027,
      "dU_MAP_bias": 0.0,
      "U_frozen": 0.95,
      "U_fresh": 0.9299999999999999,
      "U_MAP": 0.96,
      "U_bias": 0.96,
      "Gh_native": 0.010000000000000009,
      "Gh_informed": 0.07000000000000006,
      "Gh_random_mean": 0.05055555555555554,
      "dGh_specific": 0.01944444444444452
    }
  },
  "firewall": {
    "source_only_construction": true,
    "alpha_source_only": true,
    "Ycal_used_for_head_adapt": true,
    "Yquery_used_for_selection": false,
    "Xquery_used_for_selection": false,
    "Yquery_used_for_outcome": true
  }
}