{
  "dataset": "Lee2019_MI",
  "subject": "4",
  "seed": 0,
  "status": "ok",
  "C": 2,
  "rank": 8,
  "n_cal": 100,
  "n_query": 100,
  "cal_session": [
    "0"
  ],
  "query_sessions": [
    "1"
  ],
  "alpha": 1.0,
  "alpha_info": {
    "mean_ce": {
      "0.001": 0.5806755930080026,
      "0.01": 0.49400083155019103,
      "0.1": 0.42709429546989996,
      "1.0": 0.41238549138487607,
      "10.0": 0.41288942431587705,
      "100.0": 0.41308392436562674
    },
    "n_pseudo": 53
  },
  "n_random": 50,
  "n_matched_random": 11,
  "informed_src_bacc": 0.6169811320754717,
  "native_src_bacc": 0.7978301886792454,
  "n_draws": 50,
  "cal_per_class": {
    "0": 50,
    "1": 50
  },
  "budget_class_shortfall": {},
  "endpoints": {
    "1": {
      "dU_MAP_frozen": -0.03300000000000014,
      "dU_MAP_fresh": 0.15760000000000007,
      "dU_MAP_bias": 0.05680000000000007,
      "U_frozen": 0.7000000000000002,
      "U_fresh": 0.5094,
      "U_MAP": 0.667,
      "U_bias": 0.6102,
      "Gh_native": -0.03300000000000014,
      "Gh_informed": -0.012600000000000056,
      "Gh_random_mean": -0.010727272727272722,
      "dGh_specific": -0.0018727272727273332
    },
    "2": {
      "dU_MAP_frozen": -0.032600000000000184,
      "dU_MAP_fresh": 0.15300000000000002,
      "dU_MAP_bias": 0.06359999999999999,
      "U_frozen": 0.7000000000000002,
      "U_fresh": 0.5144,
      "U_MAP": 0.6674,
      "U_bias": 0.6038,
      "Gh_native": -0.032600000000000184,
      "Gh_informed": -0.014600000000000057,
      "Gh_random_mean": -0.010272727272727246,
      "dGh_specific": -0.0043272727272728115
    },
    "4": {
      "dU_MAP_frozen": -0.0264000000000002,
      "dU_MAP_fresh": 0.15300000000000002,
      "dU_MAP_bias": 0.06499999999999995,
      "U_frozen": 0.7000000000000002,
      "U_fresh": 0.5206,
      "U_MAP": 0.6736,
      "U_bias": 0.6086,
      "Gh_native": -0.0264000000000002,
      "Gh_informed": -0.007399999999999962,
      "Gh_random_mean": -0.00523636363636363,
      "dGh_specific": -0.002163636363636332
    },
    "8": {
      "dU_MAP_frozen": -0.0234000000000002,
      "dU_MAP_fresh": 0.15179999999999993,
      "dU_MAP_bias": 0.07399999999999995,
      "U_frozen": 0.7000000000000002,
      "U_fresh": 0.5248,
      "U_MAP": 0.6766,
      "U_bias": 0.6026,
      "Gh_native": -0.0234000000000002,
      "Gh_informed": 0.0031999999999999806,
      "Gh_random_mean": 0.0015272727272727408,
      "dGh_specific": 0.0016727272727272398
    },
    "16": {
      "dU_MAP_frozen": -0.021400000000000308,
      "dU_MAP_fresh": 0.12099999999999977,
      "dU_MAP_bias": 0.0686,
      "U_frozen": 0.7000000000000002,
      "U_fresh": 0.5576000000000001,
      "U_MAP": 0.6785999999999999,
      "U_bias": 0.6099999999999999,
      "Gh_native": -0.021400000000000308,
      "Gh_informed": -0.010599999999999943,
      "Gh_random_mean": 0.0010545454545454545,
      "dGh_specific": -0.011654545454545397
    },
    "32": {
      "dU_MAP_frozen": -0.018000000000000238,
      "dU_MAP_fresh": 0.0865999999999999,
      "dU_MAP_bias": 0.07099999999999995,
      "U_frozen": 0.7000000000000002,
      "U_fresh": 0.5954,
      "U_MAP": 0.6819999999999999,
      "U_bias": 0.611,
      "Gh_native": -0.018000000000000238,
      "Gh_informed": -0.007200000000000095,
      "Gh_random_mean": 0.004127272727272732,
      "dGh_specific": -0.011327272727272828
    },
    "Full": {
      "dU_MAP_frozen": -0.030000000000000027,
      "dU_MAP_fresh": 0.06999999999999995,
      "dU_MAP_bias": 0.04999999999999993,
      "U_frozen": 0.7,
      "U_fresh": 0.6,
      "U_MAP": 0.6699999999999999,
      "U_bias": 0.62,
      "Gh_native": -0.030000000000000027,
      "Gh_informed": -0.030000000000000027,
      "Gh_random_mean": 0.007272727272727269,
      "dGh_specific": -0.0372727272727273
    }
  },
  "firewall": {
    "source_only_construction": true,
    "alpha_source_only": true,
    "Ycal_used_for_head_adapt": true,
    "Yquery_used_for_selection": false,
    "Xquery_used_for_selection": false,
    "Yquery_used_for_outcome": true
  }
}