{
  "dataset": "Lee2019_MI",
  "subject": "23",
  "seed": 2,
  "status": "ok",
  "C": 2,
  "rank": 8,
  "n_cal": 100,
  "n_query": 100,
  "cal_session": [
    "0"
  ],
  "query_sessions": [
    "1"
  ],
  "alpha": 1.0,
  "alpha_info": {
    "mean_ce": {
      "0.001": 0.5640442251535319,
      "0.01": 0.47938609962384693,
      "0.1": 0.4195714971702477,
      "1.0": 0.4102720865768445,
      "10.0": 0.4126207882612431,
      "100.0": 0.413138286555813
    },
    "n_pseudo": 53
  },
  "n_random": 50,
  "n_matched_random": 12,
  "informed_src_bacc": 0.6225471698113207,
  "native_src_bacc": 0.7899056603773584,
  "n_draws": 50,
  "cal_per_class": {
    "0": 50,
    "1": 50
  },
  "budget_class_shortfall": {},
  "endpoints": {
    "1": {
      "dU_MAP_frozen": -0.010200000000000098,
      "dU_MAP_fresh": 0.18620000000000003,
      "dU_MAP_bias": 0.03920000000000001,
      "U_frozen": 0.7400000000000001,
      "U_fresh": 0.5436,
      "U_MAP": 0.7298,
      "U_bias": 0.6906,
      "Gh_native": -0.010200000000000098,
      "Gh_informed": -0.01519999999999988,
      "Gh_random_mean": -0.012266666666666684,
      "dGh_specific": -0.002933333333333196
    },
    "2": {
      "dU_MAP_frozen": -0.0034000000000001807,
      "dU_MAP_fresh": 0.17079999999999995,
      "dU_MAP_bias": 0.0514,
      "U_frozen": 0.7400000000000001,
      "U_fresh": 0.5658,
      "U_MAP": 0.7365999999999999,
      "U_bias": 0.6851999999999999,
      "Gh_native": -0.0034000000000001807,
      "Gh_informed": -0.008599999999999941,
      "Gh_random_mean": -0.0044500000000000095,
      "dGh_specific": -0.0041499999999999315
    },
    "4": {
      "dU_MAP_frozen": -0.007200000000000095,
      "dU_MAP_fresh": 0.16380000000000006,
      "dU_MAP_bias": 0.043199999999999905,
      "U_frozen": 0.7400000000000001,
      "U_fresh": 0.569,
      "U_MAP": 0.7328,
      "U_bias": 0.6896000000000001,
      "Gh_native": -0.007200000000000095,
      "Gh_informed": 0.005600000000000271,
      "Gh_random_mean": 0.0008999999999999934,
      "dGh_specific": 0.004700000000000278
    },
    "8": {
      "dU_MAP_frozen": -0.0026000000000001577,
      "dU_MAP_fresh": 0.12299999999999989,
      "dU_MAP_bias": 0.047599999999999865,
      "U_frozen": 0.7400000000000001,
      "U_fresh": 0.6144000000000001,
      "U_MAP": 0.7373999999999999,
      "U_bias": 0.6898000000000001,
      "Gh_native": -0.0026000000000001577,
      "Gh_informed": 0.019400000000000084,
      "Gh_random_mean": 0.008766666666666636,
      "dGh_specific": 0.010633333333333448
    },
    "16": {
      "dU_MAP_frozen": -0.010400000000000187,
      "dU_MAP_fresh": 0.10339999999999983,
      "dU_MAP_bias": 0.05280000000000018,
      "U_frozen": 0.7400000000000001,
      "U_fresh": 0.6262000000000001,
      "U_MAP": 0.7295999999999999,
      "U_bias": 0.6767999999999997,
      "Gh_native": -0.010400000000000187,
      "Gh_informed": 0.02200000000000013,
      "Gh_random_mean": 0.011283333333333303,
      "dGh_specific": 0.010716666666666827
    },
    "32": {
      "dU_MAP_frozen": -0.011400000000000299,
      "dU_MAP_fresh": 0.0693999999999999,
      "dU_MAP_bias": 0.06359999999999977,
      "U_frozen": 0.7400000000000001,
      "U_fresh": 0.6591999999999999,
      "U_MAP": 0.7285999999999998,
      "U_bias": 0.665,
      "Gh_native": -0.011400000000000299,
      "Gh_informed": 0.022800000000000153,
      "Gh_random_mean": 0.013150000000000004,
      "dGh_specific": 0.00965000000000015
    },
    "Full": {
      "dU_MAP_frozen": -0.010000000000000009,
      "dU_MAP_fresh": 0.06999999999999995,
      "dU_MAP_bias": 0.06999999999999995,
      "U_frozen": 0.74,
      "U_fresh": 0.66,
      "U_MAP": 0.73,
      "U_bias": 0.66,
      "Gh_native": -0.010000000000000009,
      "Gh_informed": 0.030000000000000027,
      "Gh_random_mean": 0.01666666666666666,
      "dGh_specific": 0.013333333333333367
    }
  },
  "firewall": {
    "source_only_construction": true,
    "alpha_source_only": true,
    "Ycal_used_for_head_adapt": true,
    "Yquery_used_for_selection": false,
    "Xquery_used_for_selection": false,
    "Yquery_used_for_outcome": true
  }
}