{
  "dataset": "BNCI2015_001",
  "subject": "10",
  "seed": 1,
  "status": "ok",
  "C": 2,
  "rank": 8,
  "n_cal": 200,
  "n_query": 400,
  "cal_session": [
    "0A"
  ],
  "query_sessions": [
    "1B",
    "2C"
  ],
  "alpha": 0.1,
  "alpha_info": {
    "mean_ce": {
      "0.001": 0.3623754303768495,
      "0.01": 0.33439303602961173,
      "0.1": 0.33356197028320883,
      "1.0": 0.3639577078224166,
      "10.0": 0.3824296239918945,
      "100.0": 0.3853895225440896
    },
    "n_pseudo": 11
  },
  "n_random": 50,
  "n_matched_random": 20,
  "informed_src_bacc": 0.67,
  "native_src_bacc": 0.8224,
  "n_draws": 50,
  "cal_per_class": {
    "0": 100,
    "1": 100
  },
  "budget_class_shortfall": {},
  "endpoints": {
    "1": {
      "dU_MAP_frozen": -0.005649999999999822,
      "dU_MAP_fresh": 0.09594999999999998,
      "dU_MAP_bias": 0.008849999999999913,
      "U_frozen": 0.6174999999999998,
      "U_fresh": 0.5159,
      "U_MAP": 0.61185,
      "U_bias": 0.6030000000000001,
      "Gh_native": -0.005649999999999822,
      "Gh_informed": 0.023449999999999915,
      "Gh_random_mean": -0.029579999999999978,
      "dGh_specific": 0.0530299999999999
    },
    "2": {
      "dU_MAP_frozen": -0.011249999999999871,
      "dU_MAP_fresh": 0.08224999999999993,
      "dU_MAP_bias": 0.00539999999999996,
      "U_frozen": 0.6174999999999998,
      "U_fresh": 0.524,
      "U_MAP": 0.60625,
      "U_bias": 0.60085,
      "Gh_native": -0.011249999999999871,
      "Gh_informed": 0.03524999999999995,
      "Gh_random_mean": -0.02900749999999998,
      "dGh_specific": 0.06425749999999993
    },
    "4": {
      "dU_MAP_frozen": -0.0200499999999999,
      "dU_MAP_fresh": 0.07214999999999994,
      "dU_MAP_bias": -0.0046000000000000485,
      "U_frozen": 0.6174999999999998,
      "U_fresh": 0.5253,
      "U_MAP": 0.5974499999999999,
      "U_bias": 0.60205,
      "Gh_native": -0.0200499999999999,
      "Gh_informed": 0.028249999999999942,
      "Gh_random_mean": -0.03295499999999998,
      "dGh_specific": 0.06120499999999992
    },
    "8": {
      "dU_MAP_frozen": -0.014199999999999768,
      "dU_MAP_fresh": 0.049250000000000016,
      "dU_MAP_bias": -0.008199999999999874,
      "U_frozen": 0.6174999999999998,
      "U_fresh": 0.55405,
      "U_MAP": 0.6033000000000001,
      "U_bias": 0.6114999999999999,
      "Gh_native": -0.014199999999999768,
      "Gh_informed": 0.04349999999999993,
      "Gh_random_mean": -0.019954999999999997,
      "dGh_specific": 0.06345499999999993
    },
    "16": {
      "dU_MAP_frozen": -0.009249999999999758,
      "dU_MAP_fresh": 0.04290000000000005,
      "dU_MAP_bias": -0.004149999999999987,
      "U_frozen": 0.6174999999999998,
      "U_fresh": 0.56535,
      "U_MAP": 0.6082500000000001,
      "U_bias": 0.6124,
      "Gh_native": -0.009249999999999758,
      "Gh_informed": 0.034999999999999865,
      "Gh_random_mean": -0.01661999999999999,
      "dGh_specific": 0.051619999999999854
    },
    "32": {
      "dU_MAP_frozen": -0.0058499999999998,
      "dU_MAP_fresh": 0.025349999999999984,
      "dU_MAP_bias": -0.005599999999999938,
      "U_frozen": 0.6174999999999998,
      "U_fresh": 0.5863,
      "U_MAP": 0.61165,
      "U_bias": 0.61725,
      "Gh_native": -0.0058499999999998,
      "Gh_informed": 0.047549999999999926,
      "Gh_random_mean": -0.008007499999999996,
      "dGh_specific": 0.05555749999999992
    },
    "Full": {
      "dU_MAP_frozen": 0.0050000000000000044,
      "dU_MAP_fresh": 0.007499999999999951,
      "dU_MAP_bias": 0.012499999999999956,
      "U_frozen": 0.6174999999999999,
      "U_fresh": 0.615,
      "U_MAP": 0.6224999999999999,
      "U_bias": 0.61,
      "Gh_native": 0.0050000000000000044,
      "Gh_informed": 0.05249999999999999,
      "Gh_random_mean": 0.0009999999999999898,
      "dGh_specific": 0.051500000000000004
    }
  },
  "firewall": {
    "source_only_construction": true,
    "alpha_source_only": true,
    "Ycal_used_for_head_adapt": true,
    "Yquery_used_for_selection": false,
    "Xquery_used_for_selection": false,
    "Yquery_used_for_outcome": true
  }
}