{
  "dataset": "Lee2019_MI",
  "subject": "31",
  "seed": 0,
  "status": "ok",
  "C": 2,
  "rank": 8,
  "n_cal": 100,
  "n_query": 100,
  "cal_session": [
    "0"
  ],
  "query_sessions": [
    "1"
  ],
  "alpha": 10.0,
  "alpha_info": {
    "mean_ce": {
      "0.001": 0.603844206899374,
      "0.01": 0.5061103236884285,
      "0.1": 0.43579081110839035,
      "1.0": 0.4202854615527237,
      "10.0": 0.41999559881835835,
      "100.0": 0.42017656400863024
    },
    "n_pseudo": 53
  },
  "n_random": 50,
  "n_matched_random": 10,
  "informed_src_bacc": 0.615754716981132,
  "native_src_bacc": 0.7932075471698113,
  "n_draws": 50,
  "cal_per_class": {
    "0": 50,
    "1": 50
  },
  "budget_class_shortfall": {},
  "endpoints": {
    "1": {
      "dU_MAP_frozen": -0.0038000000000000256,
      "dU_MAP_fresh": 0.0868000000000001,
      "dU_MAP_bias": 0.01880000000000004,
      "U_frozen": 0.6000000000000001,
      "U_fresh": 0.5094,
      "U_MAP": 0.5962000000000001,
      "U_bias": 0.5774,
      "Gh_native": -0.0038000000000000256,
      "Gh_informed": 0.014400000000000024,
      "Gh_random_mean": -0.0002600000000000047,
      "dGh_specific": 0.014660000000000029
    },
    "2": {
      "dU_MAP_frozen": -0.0008000000000001339,
      "dU_MAP_fresh": 0.06499999999999984,
      "dU_MAP_bias": -0.009600000000000053,
      "U_frozen": 0.6000000000000001,
      "U_fresh": 0.5342000000000001,
      "U_MAP": 0.5992,
      "U_bias": 0.6088,
      "Gh_native": -0.0008000000000001339,
      "Gh_informed": 0.011399999999999966,
      "Gh_random_mean": -0.000780000000000014,
      "dGh_specific": 0.012179999999999979
    },
    "4": {
      "dU_MAP_frozen": -0.0016000000000001569,
      "dU_MAP_fresh": 0.07439999999999991,
      "dU_MAP_bias": -0.014800000000000035,
      "U_frozen": 0.6000000000000001,
      "U_fresh": 0.524,
      "U_MAP": 0.5983999999999999,
      "U_bias": 0.6132,
      "Gh_native": -0.0016000000000001569,
      "Gh_informed": 0.00880000000000003,
      "Gh_random_mean": -0.0007000000000000172,
      "dGh_specific": 0.009500000000000047
    },
    "8": {
      "dU_MAP_frozen": -0.0008000000000001339,
      "dU_MAP_fresh": 0.05359999999999987,
      "dU_MAP_bias": -0.01100000000000001,
      "U_frozen": 0.6000000000000001,
      "U_fresh": 0.5456000000000001,
      "U_MAP": 0.5992,
      "U_bias": 0.6102,
      "Gh_native": -0.0008000000000001339,
      "Gh_informed": 0.008000000000000007,
      "Gh_random_mean": 0.0006599999999999884,
      "dGh_specific": 0.007340000000000018
    },
    "16": {
      "dU_MAP_frozen": -0.0050000000000001155,
      "dU_MAP_fresh": 0.04999999999999993,
      "dU_MAP_bias": -0.01739999999999997,
      "U_frozen": 0.6000000000000001,
      "U_fresh": 0.545,
      "U_MAP": 0.595,
      "U_bias": 0.6123999999999999,
      "Gh_native": -0.0050000000000001155,
      "Gh_informed": 0.009199999999999986,
      "Gh_random_mean": 0.0008600000000000052,
      "dGh_specific": 0.008339999999999981
    },
    "32": {
      "dU_MAP_frozen": -0.0050000000000001155,
      "dU_MAP_fresh": -0.01880000000000004,
      "dU_MAP_bias": -0.014999999999999902,
      "U_frozen": 0.6000000000000001,
      "U_fresh": 0.6138,
      "U_MAP": 0.595,
      "U_bias": 0.6099999999999999,
      "Gh_native": -0.0050000000000001155,
      "Gh_informed": 0.010800000000000032,
      "Gh_random_mean": 0.0013999999999999846,
      "dGh_specific": 0.009400000000000047
    },
    "Full": {
      "dU_MAP_frozen": 0.0,
      "dU_MAP_fresh": -0.030000000000000027,
      "dU_MAP_bias": -0.01000000000000012,
      "U_frozen": 0.6,
      "U_fresh": 0.63,
      "U_MAP": 0.6,
      "U_bias": 0.6100000000000001,
      "Gh_native": 0.0,
      "Gh_informed": 0.009999999999999953,
      "Gh_random_mean": 0.0010000000000000009,
      "dGh_specific": 0.008999999999999952
    }
  },
  "firewall": {
    "source_only_construction": true,
    "alpha_source_only": true,
    "Ycal_used_for_head_adapt": true,
    "Yquery_used_for_selection": false,
    "Xquery_used_for_selection": false,
    "Yquery_used_for_outcome": true
  }
}