{
  "dataset": "Lee2019_MI",
  "subject": "40",
  "seed": 0,
  "status": "ok",
  "C": 2,
  "rank": 8,
  "n_cal": 100,
  "n_query": 100,
  "cal_session": [
    "0"
  ],
  "query_sessions": [
    "1"
  ],
  "alpha": 1.0,
  "alpha_info": {
    "mean_ce": {
      "0.001": 0.5660337279530936,
      "0.01": 0.4848404212649936,
      "0.1": 0.42752616931501103,
      "1.0": 0.41784363095690424,
      "10.0": 0.4202669095273898,
      "100.0": 0.4208043306837832
    },
    "n_pseudo": 53
  },
  "n_random": 50,
  "n_matched_random": 2,
  "informed_src_bacc": 0.5672641509433962,
  "native_src_bacc": 0.7884905660377359,
  "n_draws": 50,
  "cal_per_class": {
    "0": 50,
    "1": 50
  },
  "budget_class_shortfall": {},
  "endpoints": {
    "1": {
      "dU_MAP_frozen": 0.006599999999999828,
      "dU_MAP_fresh": 0.19259999999999983,
      "dU_MAP_bias": 0.05139999999999989,
      "U_frozen": 0.67,
      "U_fresh": 0.48400000000000004,
      "U_MAP": 0.6765999999999999,
      "U_bias": 0.6252,
      "Gh_native": 0.006599999999999828,
      "Gh_informed": -0.0116,
      "Gh_random_mean": -0.016200000000000048,
      "dGh_specific": 0.0046000000000000485
    },
    "2": {
      "dU_MAP_frozen": 0.0043999999999999595,
      "dU_MAP_fresh": 0.16339999999999988,
      "dU_MAP_bias": 0.032200000000000006,
      "U_frozen": 0.67,
      "U_fresh": 0.5110000000000001,
      "U_MAP": 0.6744,
      "U_bias": 0.6422,
      "Gh_native": 0.0043999999999999595,
      "Gh_informed": -0.0010000000000000009,
      "Gh_random_mean": 0.0036999999999999256,
      "dGh_specific": -0.0046999999999999265
    },
    "4": {
      "dU_MAP_frozen": 0.0033999999999998476,
      "dU_MAP_fresh": 0.16859999999999986,
      "dU_MAP_bias": -0.014000000000000012,
      "U_frozen": 0.67,
      "U_fresh": 0.5048,
      "U_MAP": 0.6733999999999999,
      "U_bias": 0.6873999999999999,
      "Gh_native": 0.0033999999999998476,
      "Gh_informed": -0.008600000000000052,
      "Gh_random_mean": -0.003100000000000047,
      "dGh_specific": -0.005500000000000005
    },
    "8": {
      "dU_MAP_frozen": 0.0025999999999998247,
      "dU_MAP_fresh": 0.15679999999999994,
      "dU_MAP_bias": -0.025800000000000045,
      "U_frozen": 0.67,
      "U_fresh": 0.5157999999999999,
      "U_MAP": 0.6725999999999999,
      "U_bias": 0.6983999999999999,
      "Gh_native": 0.0025999999999998247,
      "Gh_informed": -0.006599999999999939,
      "Gh_random_mean": 0.008899999999999908,
      "dGh_specific": -0.015499999999999847
    },
    "16": {
      "dU_MAP_frozen": 0.0025999999999998247,
      "dU_MAP_fresh": 0.1397999999999998,
      "dU_MAP_bias": -0.041000000000000036,
      "U_frozen": 0.67,
      "U_fresh": 0.5328,
      "U_MAP": 0.6725999999999999,
      "U_bias": 0.7135999999999999,
      "Gh_native": 0.0025999999999998247,
      "Gh_informed": 0.0040000000000000036,
      "Gh_random_mean": 0.016399999999999915,
      "dGh_specific": -0.012399999999999911
    },
    "32": {
      "dU_MAP_frozen": 0.0009999999999998899,
      "dU_MAP_fresh": 0.14039999999999986,
      "dU_MAP_bias": -0.048799999999999844,
      "U_frozen": 0.67,
      "U_fresh": 0.5306000000000001,
      "U_MAP": 0.6709999999999999,
      "U_bias": 0.7197999999999998,
      "Gh_native": 0.0009999999999998899,
      "Gh_informed": 0.0035999999999999366,
      "Gh_random_mean": 0.01919999999999994,
      "dGh_specific": -0.015600000000000003
    },
    "Full": {
      "dU_MAP_frozen": 0.0,
      "dU_MAP_fresh": 0.15999999999999992,
      "dU_MAP_bias": -0.050000000000000044,
      "U_frozen": 0.6699999999999999,
      "U_fresh": 0.51,
      "U_MAP": 0.6699999999999999,
      "U_bias": 0.72,
      "Gh_native": 0.0,
      "Gh_informed": 0.020000000000000018,
      "Gh_random_mean": 0.015000000000000013,
      "dGh_specific": 0.0050000000000000044
    }
  },
  "firewall": {
    "source_only_construction": true,
    "alpha_source_only": true,
    "Ycal_used_for_head_adapt": true,
    "Yquery_used_for_selection": false,
    "Xquery_used_for_selection": false,
    "Yquery_used_for_outcome": true
  }
}