{
  "dataset": "BNCI2015_001",
  "subject": "8",
  "seed": 2,
  "status": "ok",
  "C": 2,
  "rank": 8,
  "n_cal": 200,
  "n_query": 400,
  "cal_session": [
    "0A"
  ],
  "query_sessions": [
    "1B",
    "2C"
  ],
  "alpha": 0.1,
  "alpha_info": {
    "mean_ce": {
      "0.001": 0.39142705413954676,
      "0.01": 0.3622880857568258,
      "0.1": 0.36068970304369025,
      "1.0": 0.3866552830997376,
      "10.0": 0.4051427580524443,
      "100.0": 0.4085290909654475
    },
    "n_pseudo": 11
  },
  "n_random": 50,
  "n_matched_random": 18,
  "informed_src_bacc": 0.6494,
  "native_src_bacc": 0.8148,
  "n_draws": 50,
  "cal_per_class": {
    "0": 100,
    "1": 100
  },
  "budget_class_shortfall": {},
  "endpoints": {
    "1": {
      "dU_MAP_frozen": -0.0037999999999998035,
      "dU_MAP_fresh": 0.05140000000000011,
      "dU_MAP_bias": 0.01760000000000006,
      "U_frozen": 0.565,
      "U_fresh": 0.5098,
      "U_MAP": 0.5612000000000001,
      "U_bias": 0.5436000000000001,
      "Gh_native": -0.0037999999999998035,
      "Gh_informed": -0.035599999999999854,
      "Gh_random_mean": -0.01335000000000001,
      "dGh_specific": -0.022249999999999846
    },
    "2": {
      "dU_MAP_frozen": -0.0040999999999999925,
      "dU_MAP_fresh": 0.04435,
      "dU_MAP_bias": 0.010499999999999954,
      "U_frozen": 0.565,
      "U_fresh": 0.51655,
      "U_MAP": 0.5609,
      "U_bias": 0.5504,
      "Gh_native": -0.0040999999999999925,
      "Gh_informed": -0.0431499999999998,
      "Gh_random_mean": -0.009624999999999986,
      "dGh_specific": -0.03352499999999981
    },
    "4": {
      "dU_MAP_frozen": -0.0044999999999999485,
      "dU_MAP_fresh": 0.04685000000000006,
      "dU_MAP_bias": -0.007800000000000029,
      "U_frozen": 0.565,
      "U_fresh": 0.5136499999999999,
      "U_MAP": 0.5605,
      "U_bias": 0.5683,
      "Gh_native": -0.0044999999999999485,
      "Gh_informed": -0.045299999999999896,
      "Gh_random_mean": -0.013447222222222225,
      "dGh_specific": -0.031852777777777674
    },
    "8": {
      "dU_MAP_frozen": -0.007000000000000006,
      "dU_MAP_fresh": 0.03639999999999988,
      "dU_MAP_bias": -0.007700000000000151,
      "U_frozen": 0.565,
      "U_fresh": 0.5216000000000001,
      "U_MAP": 0.5579999999999999,
      "U_bias": 0.5657000000000001,
      "Gh_native": -0.007000000000000006,
      "Gh_informed": -0.056849999999999845,
      "Gh_random_mean": -0.011377777777777764,
      "dGh_specific": -0.04547222222222208
    },
    "16": {
      "dU_MAP_frozen": 0.0040000000000000036,
      "dU_MAP_fresh": 0.038349999999999884,
      "dU_MAP_bias": -0.0041000000000001036,
      "U_frozen": 0.565,
      "U_fresh": 0.5306500000000001,
      "U_MAP": 0.569,
      "U_bias": 0.5731,
      "Gh_native": 0.0040000000000000036,
      "Gh_informed": -0.05519999999999986,
      "Gh_random_mean": -0.0040055555555555435,
      "dGh_specific": -0.05119444444444432
    },
    "32": {
      "dU_MAP_frozen": 0.006650000000000045,
      "dU_MAP_fresh": 0.014249999999999874,
      "dU_MAP_bias": -9.999999999998899e-05,
      "U_frozen": 0.565,
      "U_fresh": 0.5574000000000001,
      "U_MAP": 0.57165,
      "U_bias": 0.57175,
      "Gh_native": 0.006650000000000045,
      "Gh_informed": -0.04544999999999988,
      "Gh_random_mean": 0.0015500000000000082,
      "dGh_specific": -0.04699999999999989
    },
    "Full": {
      "dU_MAP_frozen": 0.012500000000000067,
      "dU_MAP_fresh": -0.022500000000000075,
      "dU_MAP_bias": 1.1102230246251565e-16,
      "U_frozen": 0.565,
      "U_fresh": 0.6000000000000001,
      "U_MAP": 0.5775,
      "U_bias": 0.5774999999999999,
      "Gh_native": 0.012500000000000067,
      "Gh_informed": -0.04249999999999998,
      "Gh_random_mean": 0.008888888888888882,
      "dGh_specific": -0.051388888888888866
    }
  },
  "firewall": {
    "source_only_construction": true,
    "alpha_source_only": true,
    "Ycal_used_for_head_adapt": true,
    "Yquery_used_for_selection": false,
    "Xquery_used_for_selection": false,
    "Yquery_used_for_outcome": true
  }
}