{
  "dataset": "Lee2019_MI",
  "subject": "42",
  "seed": 0,
  "status": "ok",
  "C": 2,
  "rank": 8,
  "n_cal": 100,
  "n_query": 100,
  "cal_session": [
    "0"
  ],
  "query_sessions": [
    "1"
  ],
  "alpha": 1.0,
  "alpha_info": {
    "mean_ce": {
      "0.001": 0.5536671981801896,
      "0.01": 0.47614664811714885,
      "0.1": 0.4225246036582078,
      "1.0": 0.41430956807080344,
      "10.0": 0.41632717513519196,
      "100.0": 0.41675470477404075
    },
    "n_pseudo": 53
  },
  "n_random": 50,
  "n_matched_random": 27,
  "informed_src_bacc": 0.6579245283018869,
  "native_src_bacc": 0.7917924528301887,
  "n_draws": 50,
  "cal_per_class": {
    "0": 50,
    "1": 50
  },
  "budget_class_shortfall": {},
  "endpoints": {
    "1": {
      "dU_MAP_frozen": 0.00639999999999985,
      "dU_MAP_fresh": 0.21579999999999977,
      "dU_MAP_bias": 0.056199999999999806,
      "U_frozen": 0.71,
      "U_fresh": 0.5006,
      "U_MAP": 0.7163999999999998,
      "U_bias": 0.6602,
      "Gh_native": 0.00639999999999985,
      "Gh_informed": -0.05820000000000014,
      "Gh_random_mean": -0.02554074074074073,
      "dGh_specific": -0.032659259259259416
    },
    "2": {
      "dU_MAP_frozen": 0.008999999999999897,
      "dU_MAP_fresh": 0.21939999999999987,
      "dU_MAP_bias": 0.03639999999999999,
      "U_frozen": 0.71,
      "U_fresh": 0.4996,
      "U_MAP": 0.7189999999999999,
      "U_bias": 0.6825999999999999,
      "Gh_native": 0.008999999999999897,
      "Gh_informed": -0.05380000000000018,
      "Gh_random_mean": -0.020103703703703693,
      "dGh_specific": -0.03369629629629649
    },
    "4": {
      "dU_MAP_frozen": 0.01519999999999988,
      "dU_MAP_fresh": 0.21019999999999972,
      "dU_MAP_bias": -0.0038000000000000256,
      "U_frozen": 0.71,
      "U_fresh": 0.5150000000000001,
      "U_MAP": 0.7251999999999998,
      "U_bias": 0.7289999999999999,
      "Gh_native": 0.01519999999999988,
      "Gh_informed": -0.03860000000000008,
      "Gh_random_mean": -0.008207407407407387,
      "dGh_specific": -0.030392592592592693
    },
    "8": {
      "dU_MAP_frozen": 0.014000000000000123,
      "dU_MAP_fresh": 0.1996000000000001,
      "dU_MAP_bias": -0.018999999999999906,
      "U_frozen": 0.71,
      "U_fresh": 0.5244,
      "U_MAP": 0.7240000000000001,
      "U_bias": 0.743,
      "Gh_native": 0.014000000000000123,
      "Gh_informed": -0.03780000000000017,
      "Gh_random_mean": -0.008029629629629617,
      "dGh_specific": -0.02977037037037055
    },
    "16": {
      "dU_MAP_frozen": 0.017199999999999993,
      "dU_MAP_fresh": 0.16379999999999995,
      "dU_MAP_bias": -0.023199999999999776,
      "U_frozen": 0.71,
      "U_fresh": 0.5634,
      "U_MAP": 0.7272,
      "U_bias": 0.7503999999999997,
      "Gh_native": 0.017199999999999993,
      "Gh_informed": -0.03520000000000001,
      "Gh_random_mean": -0.001251851851851862,
      "dGh_specific": -0.033948148148148144
    },
    "32": {
      "dU_MAP_frozen": 0.010800000000000143,
      "dU_MAP_fresh": 0.09880000000000011,
      "dU_MAP_bias": -0.03520000000000001,
      "U_frozen": 0.71,
      "U_fresh": 0.622,
      "U_MAP": 0.7208000000000001,
      "U_bias": 0.7560000000000001,
      "Gh_native": 0.010800000000000143,
      "Gh_informed": -0.03499999999999992,
      "Gh_random_mean": -7.407407407407003e-05,
      "dGh_specific": -0.03492592592592585
    },
    "Full": {
      "dU_MAP_frozen": 0.010000000000000009,
      "dU_MAP_fresh": 0.07999999999999996,
      "dU_MAP_bias": -0.040000000000000036,
      "U_frozen": 0.71,
      "U_fresh": 0.64,
      "U_MAP": 0.72,
      "U_bias": 0.76,
      "Gh_native": 0.010000000000000009,
      "Gh_informed": -0.039999999999999925,
      "Gh_random_mean": -0.0011111111111111202,
      "dGh_specific": -0.038888888888888806
    }
  },
  "firewall": {
    "source_only_construction": true,
    "alpha_source_only": true,
    "Ycal_used_for_head_adapt": true,
    "Yquery_used_for_selection": false,
    "Xquery_used_for_selection": false,
    "Yquery_used_for_outcome": true
  }
}