{
  "dataset": "BNCI2014_001",
  "subject": "2",
  "seed": 1,
  "status": "ok",
  "C": 4,
  "rank": 8,
  "n_cal": 288,
  "n_query": 288,
  "cal_session": [
    "0train"
  ],
  "query_sessions": [
    "1test"
  ],
  "alpha": 0.01,
  "alpha_info": {
    "mean_ce": {
      "0.001": 0.7672962174960047,
      "0.01": 0.7239369767134967,
      "0.1": 0.7494773520588259,
      "1.0": 0.7989206382185697,
      "10.0": 0.8163103648547199,
      "100.0": 0.8187633562581876
    },
    "n_pseudo": 8
  },
  "n_random": 50,
  "n_matched_random": 9,
  "informed_src_bacc": 0.5729166666666666,
  "native_src_bacc": 0.6957465277777778,
  "n_draws": 50,
  "cal_per_class": {
    "0": 72,
    "1": 72,
    "2": 72,
    "3": 72
  },
  "budget_class_shortfall": {},
  "endpoints": {
    "1": {
      "dU_MAP_frozen": 0.015486111111111034,
      "dU_MAP_fresh": 0.011319444444444382,
      "dU_MAP_bias": -0.009097222222222257,
      "U_frozen": 0.2569444444444445,
      "U_fresh": 0.2611111111111111,
      "U_MAP": 0.2724305555555555,
      "U_bias": 0.28152777777777777,
      "Gh_native": 0.015486111111111034,
      "Gh_informed": -0.01548611111111109,
      "Gh_random_mean": 0.010748456790123465,
      "dGh_specific": -0.026234567901234553
    },
    "2": {
      "dU_MAP_frozen": 0.028749999999999942,
      "dU_MAP_fresh": 0.011111111111111072,
      "dU_MAP_bias": 0.009444444444444422,
      "U_frozen": 0.2569444444444445,
      "U_fresh": 0.27458333333333335,
      "U_MAP": 0.2856944444444444,
      "U_bias": 0.27625,
      "Gh_native": 0.028749999999999942,
      "Gh_informed": -0.016597222222222208,
      "Gh_random_mean": 0.01530864197530863,
      "dGh_specific": -0.03190586419753084
    },
    "4": {
      "dU_MAP_frozen": 0.026319444444444395,
      "dU_MAP_fresh": 0.006249999999999978,
      "dU_MAP_bias": 0.007777777777777772,
      "U_frozen": 0.2569444444444445,
      "U_fresh": 0.2770138888888889,
      "U_MAP": 0.28326388888888887,
      "U_bias": 0.2754861111111111,
      "Gh_native": 0.026319444444444395,
      "Gh_informed": -0.013194444444444453,
      "Gh_random_mean": 0.02167438271604937,
      "dGh_specific": -0.034868827160493825
    },
    "8": {
      "dU_MAP_frozen": 0.02999999999999997,
      "dU_MAP_fresh": 0.00347222222222221,
      "dU_MAP_bias": 0.011458333333333348,
      "U_frozen": 0.2569444444444445,
      "U_fresh": 0.28347222222222224,
      "U_MAP": 0.28694444444444445,
      "U_bias": 0.2754861111111111,
      "Gh_native": 0.02999999999999997,
      "Gh_informed": -0.014930555555555558,
      "Gh_random_mean": 0.029297839506172842,
      "dGh_specific": -0.044228395061728404
    },
    "16": {
      "dU_MAP_frozen": 0.0526388888888889,
      "dU_MAP_fresh": 0.002708333333333368,
      "dU_MAP_bias": 0.022430555555555565,
      "U_frozen": 0.2569444444444445,
      "U_fresh": 0.306875,
      "U_MAP": 0.3095833333333334,
      "U_bias": 0.2871527777777778,
      "Gh_native": 0.0526388888888889,
      "Gh_informed": -0.0021527777777778367,
      "Gh_random_mean": 0.04746913580246914,
      "dGh_specific": -0.04962191358024698
    },
    "32": {
      "dU_MAP_frozen": 0.061041666666666605,
      "dU_MAP_fresh": 0.0012499999999999734,
      "dU_MAP_bias": 0.034861111111111065,
      "U_frozen": 0.2569444444444445,
      "U_fresh": 0.3167361111111111,
      "U_MAP": 0.3179861111111111,
      "U_bias": 0.283125,
      "Gh_native": 0.061041666666666605,
      "Gh_informed": 0.007638888888888862,
      "Gh_random_mean": 0.05741512345679013,
      "dGh_specific": -0.04977623456790127
    },
    "Full": {
      "dU_MAP_frozen": 0.08680555555555552,
      "dU_MAP_fresh": 0.03472222222222221,
      "dU_MAP_bias": 0.03125,
      "U_frozen": 0.2569444444444445,
      "U_fresh": 0.3090277777777778,
      "U_MAP": 0.34375,
      "U_bias": 0.3125,
      "Gh_native": 0.08680555555555552,
      "Gh_informed": 0.04513888888888884,
      "Gh_random_mean": 0.07716049382716049,
      "dGh_specific": -0.03202160493827165
    }
  },
  "firewall": {
    "source_only_construction": true,
    "alpha_source_only": true,
    "Ycal_used_for_head_adapt": true,
    "Yquery_used_for_selection": false,
    "Xquery_used_for_selection": false,
    "Yquery_used_for_outcome": true
  }
}