{
  "dataset": "Lee2019_MI",
  "subject": "33",
  "seed": 1,
  "status": "ok",
  "C": 2,
  "rank": 8,
  "n_cal": 100,
  "n_query": 100,
  "cal_session": [
    "0"
  ],
  "query_sessions": [
    "1"
  ],
  "alpha": 1.0,
  "alpha_info": {
    "mean_ce": {
      "0.001": 0.5785801837242406,
      "0.01": 0.4948762397365988,
      "0.1": 0.4310677347537125,
      "1.0": 0.41850167774248015,
      "10.0": 0.41970439315915886,
      "100.0": 0.4200101620878846
    },
    "n_pseudo": 53
  },
  "n_random": 50,
  "n_matched_random": 22,
  "informed_src_bacc": 0.6739622641509433,
  "native_src_bacc": 0.7874528301886792,
  "n_draws": 50,
  "cal_per_class": {
    "0": 50,
    "1": 50
  },
  "budget_class_shortfall": {},
  "endpoints": {
    "1": {
      "dU_MAP_frozen": 0.0033999999999998476,
      "dU_MAP_fresh": 0.1372,
      "dU_MAP_bias": -0.0015999999999999348,
      "U_frozen": 0.9500000000000002,
      "U_fresh": 0.8162,
      "U_MAP": 0.9534,
      "U_bias": 0.955,
      "Gh_native": 0.0033999999999998476,
      "Gh_informed": -0.03520000000000023,
      "Gh_random_mean": -0.0001454545454545244,
      "dGh_specific": -0.035054545454545706
    },
    "2": {
      "dU_MAP_frozen": 0.007999999999999896,
      "dU_MAP_fresh": 0.08840000000000015,
      "dU_MAP_bias": 0.0040000000000000036,
      "U_frozen": 0.9500000000000002,
      "U_fresh": 0.8695999999999999,
      "U_MAP": 0.9580000000000001,
      "U_bias": 0.9540000000000001,
      "Gh_native": 0.007999999999999896,
      "Gh_informed": -0.02660000000000029,
      "Gh_random_mean": 0.009127272727272767,
      "dGh_specific": -0.03572727272727306
    },
    "4": {
      "dU_MAP_frozen": 0.008199999999999874,
      "dU_MAP_fresh": 0.05820000000000003,
      "dU_MAP_bias": 0.0011999999999999789,
      "U_frozen": 0.9500000000000002,
      "U_fresh": 0.9,
      "U_MAP": 0.9582,
      "U_bias": 0.9570000000000001,
      "Gh_native": 0.008199999999999874,
      "Gh_informed": -0.018400000000000305,
      "Gh_random_mean": 0.01365454545454547,
      "dGh_specific": -0.03205454545454577
    },
    "8": {
      "dU_MAP_frozen": 0.00859999999999983,
      "dU_MAP_fresh": 0.04500000000000004,
      "dU_MAP_bias": -0.0039999999999998925,
      "U_frozen": 0.9500000000000002,
      "U_fresh": 0.9136,
      "U_MAP": 0.9586,
      "U_bias": 0.9625999999999999,
      "Gh_native": 0.00859999999999983,
      "Gh_informed": -0.014600000000000168,
      "Gh_random_mean": 0.019590909090909145,
      "dGh_specific": -0.03419090909090931
    },
    "16": {
      "dU_MAP_frozen": 0.009999999999999787,
      "dU_MAP_fresh": 0.027200000000000113,
      "dU_MAP_bias": -0.007399999999999851,
      "U_frozen": 0.9500000000000002,
      "U_fresh": 0.9327999999999999,
      "U_MAP": 0.96,
      "U_bias": 0.9673999999999998,
      "Gh_native": 0.009999999999999787,
      "Gh_informed": -0.008400000000000296,
      "Gh_random_mean": 0.023700000000000044,
      "dGh_specific": -0.03210000000000034
    },
    "32": {
      "dU_MAP_frozen": 0.010199999999999765,
      "dU_MAP_fresh": 0.008199999999999874,
      "dU_MAP_bias": -0.009199999999999875,
      "U_frozen": 0.9500000000000002,
      "U_fresh": 0.9520000000000001,
      "U_MAP": 0.9601999999999999,
      "U_bias": 0.9693999999999998,
      "Gh_native": 0.010199999999999765,
      "Gh_informed": -0.004200000000000204,
      "Gh_random_mean": 0.025136363636363703,
      "dGh_specific": -0.029336363636363907
    },
    "Full": {
      "dU_MAP_frozen": 0.010000000000000009,
      "dU_MAP_fresh": -0.010000000000000009,
      "dU_MAP_bias": -0.010000000000000009,
      "U_frozen": 0.95,
      "U_fresh": 0.97,
      "U_MAP": 0.96,
      "U_bias": 0.97,
      "Gh_native": 0.010000000000000009,
      "Gh_informed": -0.010000000000000009,
      "Gh_random_mean": 0.025909090909090923,
      "dGh_specific": -0.03590909090909093
    }
  },
  "firewall": {
    "source_only_construction": true,
    "alpha_source_only": true,
    "Ycal_used_for_head_adapt": true,
    "Yquery_used_for_selection": false,
    "Xquery_used_for_selection": false,
    "Yquery_used_for_outcome": true
  }
}