{
  "dataset": "Lee2019_MI",
  "subject": "38",
  "seed": 1,
  "status": "ok",
  "C": 2,
  "rank": 8,
  "n_cal": 100,
  "n_query": 100,
  "cal_session": [
    "0"
  ],
  "query_sessions": [
    "1"
  ],
  "alpha": 1.0,
  "alpha_info": {
    "mean_ce": {
      "0.001": 0.6025134869831272,
      "0.01": 0.4958193803036872,
      "0.1": 0.42133221504902196,
      "1.0": 0.4115623680828865,
      "10.0": 0.4137629760206801,
      "100.0": 0.4142765389243402
    },
    "n_pseudo": 53
  },
  "n_random": 50,
  "n_matched_random": 28,
  "informed_src_bacc": 0.6872641509433963,
  "native_src_bacc": 0.7979245283018868,
  "n_draws": 50,
  "cal_per_class": {
    "0": 50,
    "1": 50
  },
  "budget_class_shortfall": {},
  "endpoints": {
    "1": {
      "dU_MAP_frozen": -0.018000000000000016,
      "dU_MAP_fresh": 0.10039999999999993,
      "dU_MAP_bias": 0.015800000000000036,
      "U_frozen": 0.64,
      "U_fresh": 0.5216000000000001,
      "U_MAP": 0.622,
      "U_bias": 0.6062,
      "Gh_native": -0.018000000000000016,
      "Gh_informed": -0.0050000000000001155,
      "Gh_random_mean": -0.014007142857142876,
      "dGh_specific": 0.00900714285714276
    },
    "2": {
      "dU_MAP_frozen": -0.01419999999999999,
      "dU_MAP_fresh": 0.11040000000000005,
      "dU_MAP_bias": 0.015199999999999991,
      "U_frozen": 0.64,
      "U_fresh": 0.5154,
      "U_MAP": 0.6258,
      "U_bias": 0.6106,
      "Gh_native": -0.01419999999999999,
      "Gh_informed": -0.0122000000000001,
      "Gh_random_mean": -0.01723571428571431,
      "dGh_specific": 0.005035714285714209
    },
    "4": {
      "dU_MAP_frozen": -0.011800000000000033,
      "dU_MAP_fresh": 0.07820000000000005,
      "dU_MAP_bias": 0.024800000000000044,
      "U_frozen": 0.64,
      "U_fresh": 0.5499999999999999,
      "U_MAP": 0.6282,
      "U_bias": 0.6033999999999999,
      "Gh_native": -0.011800000000000033,
      "Gh_informed": -0.011200000000000099,
      "Gh_random_mean": -0.004242857142857159,
      "dGh_specific": -0.0069571428571429395
    },
    "8": {
      "dU_MAP_frozen": -0.018399999999999972,
      "dU_MAP_fresh": 0.08320000000000005,
      "dU_MAP_bias": 0.031400000000000095,
      "U_frozen": 0.64,
      "U_fresh": 0.5384,
      "U_MAP": 0.6216,
      "U_bias": 0.5902,
      "Gh_native": -0.018399999999999972,
      "Gh_informed": -0.015000000000000124,
      "Gh_random_mean": -0.004057142857142866,
      "dGh_specific": -0.010942857142857258
    },
    "16": {
      "dU_MAP_frozen": -0.01440000000000008,
      "dU_MAP_fresh": 0.04799999999999993,
      "dU_MAP_bias": 0.05259999999999987,
      "U_frozen": 0.64,
      "U_fresh": 0.5776,
      "U_MAP": 0.6255999999999999,
      "U_bias": 0.5730000000000001,
      "Gh_native": -0.01440000000000008,
      "Gh_informed": -0.0024000000000000687,
      "Gh_random_mean": 0.0043428571428571205,
      "dGh_specific": -0.006742857142857189
    },
    "32": {
      "dU_MAP_frozen": -0.0036000000000000476,
      "dU_MAP_fresh": 0.01760000000000006,
      "dU_MAP_bias": 0.06300000000000006,
      "U_frozen": 0.64,
      "U_fresh": 0.6187999999999999,
      "U_MAP": 0.6364,
      "U_bias": 0.5733999999999999,
      "Gh_native": -0.0036000000000000476,
      "Gh_informed": 0.0028000000000000247,
      "Gh_random_mean": 0.007278571428571455,
      "dGh_specific": -0.004478571428571431
    },
    "Full": {
      "dU_MAP_frozen": -0.010000000000000009,
      "dU_MAP_fresh": 0.0,
      "dU_MAP_bias": 0.05999999999999994,
      "U_frozen": 0.64,
      "U_fresh": 0.63,
      "U_MAP": 0.63,
      "U_bias": 0.5700000000000001,
      "Gh_native": -0.010000000000000009,
      "Gh_informed": 0.019999999999999907,
      "Gh_random_mean": 0.007142857142857137,
      "dGh_specific": 0.012857142857142768
    }
  },
  "firewall": {
    "source_only_construction": true,
    "alpha_source_only": true,
    "Ycal_used_for_head_adapt": true,
    "Yquery_used_for_selection": false,
    "Xquery_used_for_selection": false,
    "Yquery_used_for_outcome": true
  }
}