{
  "dataset": "BNCI2014_004",
  "subject": "8",
  "seed": 2,
  "status": "ok",
  "C": 2,
  "rank": 8,
  "n_cal": 160,
  "n_query": 600,
  "cal_session": [
    "0train"
  ],
  "query_sessions": [
    "1train",
    "2train",
    "3test",
    "4test"
  ],
  "alpha": 0.1,
  "alpha_info": {
    "mean_ce": {
      "0.001": 0.611177962345122,
      "0.01": 0.5619484945026533,
      "0.1": 0.5230025996110763,
      "1.0": 0.5254341731269172,
      "10.0": 0.5310585611657381,
      "100.0": 0.532027860815907
    },
    "n_pseudo": 8
  },
  "n_random": 50,
  "n_matched_random": 7,
  "informed_src_bacc": 0.5885416666666667,
  "native_src_bacc": 0.7310763888888889,
  "n_draws": 50,
  "cal_per_class": {
    "0": 80,
    "1": 80
  },
  "budget_class_shortfall": {},
  "endpoints": {
    "1": {
      "dU_MAP_frozen": -0.018864583333333296,
      "dU_MAP_fresh": 0.15692708333333338,
      "dU_MAP_bias": 0.021197916666666816,
      "U_frozen": 0.7046874999999999,
      "U_fresh": 0.5288958333333332,
      "U_MAP": 0.6858229166666666,
      "U_bias": 0.6646249999999998,
      "Gh_native": -0.018864583333333296,
      "Gh_informed": 0.018499999999999905,
      "Gh_random_mean": -0.07743750000000002,
      "dGh_specific": 0.09593749999999993
    },
    "2": {
      "dU_MAP_frozen": -0.011218749999999944,
      "dU_MAP_fresh": 0.13627083333333334,
      "dU_MAP_bias": 0.013406249999999842,
      "U_frozen": 0.7046874999999999,
      "U_fresh": 0.5571979166666666,
      "U_MAP": 0.69346875,
      "U_bias": 0.6800625000000001,
      "Gh_native": -0.011218749999999944,
      "Gh_informed": 0.036031250000000015,
      "Gh_random_mean": -0.06015773809523815,
      "dGh_specific": 0.09618898809523817
    },
    "4": {
      "dU_MAP_frozen": -0.025406249999999964,
      "dU_MAP_fresh": 0.11973958333333323,
      "dU_MAP_bias": -0.018479166666666713,
      "U_frozen": 0.7046874999999999,
      "U_fresh": 0.5595416666666667,
      "U_MAP": 0.67928125,
      "U_bias": 0.6977604166666667,
      "Gh_native": -0.025406249999999964,
      "Gh_informed": 0.044104166666666555,
      "Gh_random_mean": -0.06670386904761909,
      "dGh_specific": 0.11080803571428564
    },
    "8": {
      "dU_MAP_frozen": -0.008270833333333227,
      "dU_MAP_fresh": 0.10036458333333331,
      "dU_MAP_bias": 0.002510416666666737,
      "U_frozen": 0.7046874999999999,
      "U_fresh": 0.5960520833333334,
      "U_MAP": 0.6964166666666667,
      "U_bias": 0.69390625,
      "Gh_native": -0.008270833333333227,
      "Gh_informed": 0.05109374999999988,
      "Gh_random_mean": -0.03550446428571431,
      "dGh_specific": 0.0865982142857142
    },
    "16": {
      "dU_MAP_frozen": 0.0114375000000001,
      "dU_MAP_fresh": 0.11476041666666659,
      "dU_MAP_bias": 0.010447916666666557,
      "U_frozen": 0.7046874999999999,
      "U_fresh": 0.6013645833333334,
      "U_MAP": 0.716125,
      "U_bias": 0.7056770833333335,
      "Gh_native": 0.0114375000000001,
      "Gh_informed": 0.06677083333333328,
      "Gh_random_mean": -0.017206845238095268,
      "dGh_specific": 0.08397767857142854
    },
    "32": {
      "dU_MAP_frozen": 0.03373958333333327,
      "dU_MAP_fresh": 0.05684374999999975,
      "dU_MAP_bias": 0.031197916666666603,
      "U_frozen": 0.7046874999999999,
      "U_fresh": 0.6815833333333334,
      "U_MAP": 0.7384270833333332,
      "U_bias": 0.7072291666666666,
      "Gh_native": 0.03373958333333327,
      "Gh_informed": 0.08206249999999998,
      "Gh_random_mean": 0.014433035714285685,
      "dGh_specific": 0.0676294642857143
    },
    "Full": {
      "dU_MAP_frozen": 0.05677083333333344,
      "dU_MAP_fresh": 0.019791666666666652,
      "dU_MAP_bias": 0.05624999999999991,
      "U_frozen": 0.7046874999999999,
      "U_fresh": 0.7416666666666667,
      "U_MAP": 0.7614583333333333,
      "U_bias": 0.7052083333333334,
      "Gh_native": 0.05677083333333344,
      "Gh_informed": 0.09635416666666663,
      "Gh_random_mean": 0.040773809523809525,
      "dGh_specific": 0.055580357142857105
    }
  },
  "firewall": {
    "source_only_construction": true,
    "alpha_source_only": true,
    "Ycal_used_for_head_adapt": true,
    "Yquery_used_for_selection": false,
    "Xquery_used_for_selection": false,
    "Yquery_used_for_outcome": true
  }
}