{
  "dataset": "Lee2019_MI",
  "subject": "22",
  "seed": 0,
  "status": "ok",
  "C": 2,
  "rank": 8,
  "n_cal": 100,
  "n_query": 100,
  "cal_session": [
    "0"
  ],
  "query_sessions": [
    "1"
  ],
  "alpha": 1.0,
  "alpha_info": {
    "mean_ce": {
      "0.001": 0.5645300306720347,
      "0.01": 0.4838425825623255,
      "0.1": 0.42348179188844165,
      "1.0": 0.41406410341579086,
      "10.0": 0.41585213352512945,
      "100.0": 0.4162430102614788
    },
    "n_pseudo": 53
  },
  "n_random": 50,
  "n_matched_random": 19,
  "informed_src_bacc": 0.6466037735849057,
  "native_src_bacc": 0.7918867924528301,
  "n_draws": 50,
  "cal_per_class": {
    "0": 50,
    "1": 50
  },
  "budget_class_shortfall": {},
  "endpoints": {
    "1": {
      "dU_MAP_frozen": -0.008800000000000252,
      "dU_MAP_fresh": 0.2762,
      "dU_MAP_bias": 0.16059999999999997,
      "U_frozen": 0.8100000000000003,
      "U_fresh": 0.525,
      "U_MAP": 0.8012,
      "U_bias": 0.6406000000000001,
      "Gh_native": -0.008800000000000252,
      "Gh_informed": -0.04079999999999995,
      "Gh_random_mean": -0.020810526315789467,
      "dGh_specific": -0.01998947368421048
    },
    "2": {
      "dU_MAP_frozen": -0.006200000000000316,
      "dU_MAP_fresh": 0.26759999999999995,
      "dU_MAP_bias": 0.16079999999999994,
      "U_frozen": 0.8100000000000003,
      "U_fresh": 0.5362,
      "U_MAP": 0.8038,
      "U_bias": 0.643,
      "Gh_native": -0.006200000000000316,
      "Gh_informed": -0.03399999999999992,
      "Gh_random_mean": -0.021084210526315792,
      "dGh_specific": -0.012915789473684127
    },
    "4": {
      "dU_MAP_frozen": -0.001200000000000312,
      "dU_MAP_fresh": 0.2502,
      "dU_MAP_bias": 0.19259999999999988,
      "U_frozen": 0.8100000000000003,
      "U_fresh": 0.5586,
      "U_MAP": 0.8088,
      "U_bias": 0.6162000000000001,
      "Gh_native": -0.001200000000000312,
      "Gh_informed": -0.03520000000000001,
      "Gh_random_mean": -0.015936842105263138,
      "dGh_specific": -0.01926315789473687
    },
    "8": {
      "dU_MAP_frozen": 0.0005999999999997119,
      "dU_MAP_fresh": 0.22539999999999993,
      "dU_MAP_bias": 0.19819999999999993,
      "U_frozen": 0.8100000000000003,
      "U_fresh": 0.5852,
      "U_MAP": 0.8106,
      "U_bias": 0.6124,
      "Gh_native": 0.0005999999999997119,
      "Gh_informed": -0.032199999999999895,
      "Gh_random_mean": -0.010663157894736854,
      "dGh_specific": -0.021536842105263042
    },
    "16": {
      "dU_MAP_frozen": 0.0037999999999998035,
      "dU_MAP_fresh": 0.1786000000000001,
      "dU_MAP_bias": 0.2018000000000001,
      "U_frozen": 0.8100000000000003,
      "U_fresh": 0.6352,
      "U_MAP": 0.8138000000000001,
      "U_bias": 0.612,
      "Gh_native": 0.0037999999999998035,
      "Gh_informed": -0.019000000000000017,
      "Gh_random_mean": -0.006684210526315784,
      "dGh_specific": -0.012315789473684233
    },
    "32": {
      "dU_MAP_frozen": 0.007999999999999785,
      "dU_MAP_fresh": 0.11940000000000006,
      "dU_MAP_bias": 0.22040000000000004,
      "U_frozen": 0.8100000000000003,
      "U_fresh": 0.6986,
      "U_MAP": 0.8180000000000001,
      "U_bias": 0.5976,
      "Gh_native": 0.007999999999999785,
      "Gh_informed": -0.027799999999999936,
      "Gh_random_mean": -0.0027684210526315897,
      "dGh_specific": -0.025031578947368346
    },
    "Full": {
      "dU_MAP_frozen": 0.010000000000000009,
      "dU_MAP_fresh": 0.08000000000000007,
      "dU_MAP_bias": 0.22000000000000008,
      "U_frozen": 0.81,
      "U_fresh": 0.74,
      "U_MAP": 0.8200000000000001,
      "U_bias": 0.6,
      "Gh_native": 0.010000000000000009,
      "Gh_informed": -0.050000000000000044,
      "Gh_random_mean": -0.004736842105263144,
      "dGh_specific": -0.0452631578947369
    }
  },
  "firewall": {
    "source_only_construction": true,
    "alpha_source_only": true,
    "Ycal_used_for_head_adapt": true,
    "Yquery_used_for_selection": false,
    "Xquery_used_for_selection": false,
    "Yquery_used_for_outcome": true
  }
}