{
  "dataset": "BNCI2014_001",
  "subject": "7",
  "seed": 1,
  "status": "ok",
  "C": 4,
  "rank": 8,
  "n_cal": 288,
  "n_query": 288,
  "cal_session": [
    "0train"
  ],
  "query_sessions": [
    "1test"
  ],
  "alpha": 0.1,
  "alpha_info": {
    "mean_ce": {
      "0.001": 0.9397858931359467,
      "0.01": 0.8598369719661185,
      "0.1": 0.8496502973265951,
      "1.0": 0.8999921294473182,
      "10.0": 0.9216140439803244,
      "100.0": 0.9248217226285673
    },
    "n_pseudo": 8
  },
  "n_random": 50,
  "n_matched_random": 27,
  "informed_src_bacc": 0.4500868055555555,
  "native_src_bacc": 0.6410590277777778,
  "n_draws": 50,
  "cal_per_class": {
    "0": 72,
    "1": 72,
    "2": 72,
    "3": 72
  },
  "budget_class_shortfall": {},
  "endpoints": {
    "1": {
      "dU_MAP_frozen": 0.04555555555555557,
      "dU_MAP_fresh": 0.08347222222222223,
      "dU_MAP_bias": 0.03236111111111106,
      "U_frozen": 0.34375,
      "U_fresh": 0.30583333333333335,
      "U_MAP": 0.38930555555555557,
      "U_bias": 0.3569444444444445,
      "Gh_native": 0.04555555555555557,
      "Gh_informed": 0.021805555555555522,
      "Gh_random_mean": -0.0031764403292180977,
      "dGh_specific": 0.02498199588477362
    },
    "2": {
      "dU_MAP_frozen": 0.04979166666666662,
      "dU_MAP_fresh": 0.08069444444444435,
      "dU_MAP_bias": 0.025902777777777775,
      "U_frozen": 0.34375,
      "U_fresh": 0.3128472222222223,
      "U_MAP": 0.3935416666666666,
      "U_bias": 0.36763888888888885,
      "Gh_native": 0.04979166666666662,
      "Gh_informed": 0.017152777777777795,
      "Gh_random_mean": 0.001412037037037046,
      "dGh_specific": 0.01574074074074075
    },
    "4": {
      "dU_MAP_frozen": 0.06972222222222224,
      "dU_MAP_fresh": 0.06784722222222223,
      "dU_MAP_bias": 0.02250000000000002,
      "U_frozen": 0.34375,
      "U_fresh": 0.345625,
      "U_MAP": 0.41347222222222224,
      "U_bias": 0.3909722222222222,
      "Gh_native": 0.06972222222222224,
      "Gh_informed": 0.04500000000000004,
      "Gh_random_mean": 0.02423096707818931,
      "dGh_specific": 0.02076903292181073
    },
    "8": {
      "dU_MAP_frozen": 0.08736111111111117,
      "dU_MAP_fresh": 0.05687500000000001,
      "dU_MAP_bias": 0.03868055555555561,
      "U_frozen": 0.34375,
      "U_fresh": 0.37423611111111116,
      "U_MAP": 0.43111111111111117,
      "U_bias": 0.39243055555555556,
      "Gh_native": 0.08736111111111117,
      "Gh_informed": 0.054930555555555594,
      "Gh_random_mean": 0.04232510288065846,
      "dGh_specific": 0.012605452674897134
    },
    "16": {
      "dU_MAP_frozen": 0.10076388888888893,
      "dU_MAP_fresh": 0.042916666666666714,
      "dU_MAP_bias": 0.049375,
      "U_frozen": 0.34375,
      "U_fresh": 0.4015972222222222,
      "U_MAP": 0.44451388888888893,
      "U_bias": 0.39513888888888893,
      "Gh_native": 0.10076388888888893,
      "Gh_informed": 0.06354166666666666,
      "Gh_random_mean": 0.057924382716049376,
      "dGh_specific": 0.005617283950617287
    },
    "32": {
      "dU_MAP_frozen": 0.10972222222222222,
      "dU_MAP_fresh": -0.028402777777777777,
      "dU_MAP_bias": 0.05541666666666667,
      "U_frozen": 0.34375,
      "U_fresh": 0.481875,
      "U_MAP": 0.4534722222222222,
      "U_bias": 0.39805555555555555,
      "Gh_native": 0.10972222222222222,
      "Gh_informed": 0.07763888888888892,
      "Gh_random_mean": 0.0716255144032922,
      "dGh_specific": 0.0060133744855967175
    },
    "Full": {
      "dU_MAP_frozen": 0.1111111111111111,
      "dU_MAP_fresh": -0.08333333333333331,
      "dU_MAP_bias": 0.05902777777777779,
      "U_frozen": 0.34375,
      "U_fresh": 0.5381944444444444,
      "U_MAP": 0.4548611111111111,
      "U_bias": 0.3958333333333333,
      "Gh_native": 0.1111111111111111,
      "Gh_informed": 0.09027777777777779,
      "Gh_random_mean": 0.08320473251028807,
      "dGh_specific": 0.007073045267489725
    }
  },
  "firewall": {
    "source_only_construction": true,
    "alpha_source_only": true,
    "Ycal_used_for_head_adapt": true,
    "Yquery_used_for_selection": false,
    "Xquery_used_for_selection": false,
    "Yquery_used_for_outcome": true
  }
}