{
  "dataset": "Lee2019_MI",
  "subject": "4",
  "seed": 1,
  "status": "ok",
  "C": 2,
  "rank": 8,
  "n_cal": 100,
  "n_query": 100,
  "cal_session": [
    "0"
  ],
  "query_sessions": [
    "1"
  ],
  "alpha": 1.0,
  "alpha_info": {
    "mean_ce": {
      "0.001": 0.5750427457711829,
      "0.01": 0.4997961980499529,
      "0.1": 0.43691769174081263,
      "1.0": 0.42132726669731185,
      "10.0": 0.42186930368715025,
      "100.0": 0.4221070576653984
    },
    "n_pseudo": 53
  },
  "n_random": 50,
  "n_matched_random": 25,
  "informed_src_bacc": 0.6466981132075471,
  "native_src_bacc": 0.7930188679245282,
  "n_draws": 50,
  "cal_per_class": {
    "0": 50,
    "1": 50
  },
  "budget_class_shortfall": {},
  "endpoints": {
    "1": {
      "dU_MAP_frozen": -0.06479999999999986,
      "dU_MAP_fresh": 0.13780000000000003,
      "dU_MAP_bias": 0.04359999999999997,
      "U_frozen": 0.7199999999999999,
      "U_fresh": 0.5174,
      "U_MAP": 0.6552,
      "U_bias": 0.6116,
      "Gh_native": -0.06479999999999986,
      "Gh_informed": -0.03860000000000008,
      "Gh_random_mean": -0.015400000000000004,
      "dGh_specific": -0.023200000000000075
    },
    "2": {
      "dU_MAP_frozen": -0.05999999999999983,
      "dU_MAP_fresh": 0.1512,
      "dU_MAP_bias": 0.058600000000000096,
      "U_frozen": 0.7199999999999999,
      "U_fresh": 0.5088,
      "U_MAP": 0.66,
      "U_bias": 0.6013999999999999,
      "Gh_native": -0.05999999999999983,
      "Gh_informed": -0.04180000000000006,
      "Gh_random_mean": -0.017432000000000038,
      "dGh_specific": -0.02436800000000002
    },
    "4": {
      "dU_MAP_frozen": -0.050999999999999934,
      "dU_MAP_fresh": 0.15599999999999992,
      "dU_MAP_bias": 0.05899999999999994,
      "U_frozen": 0.7199999999999999,
      "U_fresh": 0.513,
      "U_MAP": 0.6689999999999999,
      "U_bias": 0.61,
      "Gh_native": -0.050999999999999934,
      "Gh_informed": -0.032400000000000206,
      "Gh_random_mean": -0.010840000000000023,
      "dGh_specific": -0.021560000000000183
    },
    "8": {
      "dU_MAP_frozen": -0.04059999999999986,
      "dU_MAP_fresh": 0.16159999999999997,
      "dU_MAP_bias": 0.06640000000000001,
      "U_frozen": 0.7199999999999999,
      "U_fresh": 0.5178,
      "U_MAP": 0.6794,
      "U_bias": 0.613,
      "Gh_native": -0.04059999999999986,
      "Gh_informed": -0.028400000000000092,
      "Gh_random_mean": -0.008040000000000007,
      "dGh_specific": -0.020360000000000086
    },
    "16": {
      "dU_MAP_frozen": -0.02959999999999996,
      "dU_MAP_fresh": 0.16199999999999992,
      "dU_MAP_bias": 0.0693999999999999,
      "U_frozen": 0.7199999999999999,
      "U_fresh": 0.5284,
      "U_MAP": 0.6903999999999999,
      "U_bias": 0.621,
      "Gh_native": -0.02959999999999996,
      "Gh_informed": -0.033400000000000096,
      "Gh_random_mean": -0.002344000000000017,
      "dGh_specific": -0.03105600000000008
    },
    "32": {
      "dU_MAP_frozen": -0.029799999999999938,
      "dU_MAP_fresh": 0.11299999999999999,
      "dU_MAP_bias": 0.07119999999999993,
      "U_frozen": 0.7199999999999999,
      "U_fresh": 0.5771999999999999,
      "U_MAP": 0.6901999999999999,
      "U_bias": 0.619,
      "Gh_native": -0.029799999999999938,
      "Gh_informed": -0.02200000000000013,
      "Gh_random_mean": 3.999999999996895e-05,
      "dGh_specific": -0.0220400000000001
    },
    "Full": {
      "dU_MAP_frozen": -0.040000000000000036,
      "dU_MAP_fresh": 0.05999999999999983,
      "dU_MAP_bias": 0.04999999999999993,
      "U_frozen": 0.72,
      "U_fresh": 0.6200000000000001,
      "U_MAP": 0.6799999999999999,
      "U_bias": 0.63,
      "Gh_native": -0.040000000000000036,
      "Gh_informed": -0.020000000000000018,
      "Gh_random_mean": -0.002800000000000009,
      "dGh_specific": -0.017200000000000007
    }
  },
  "firewall": {
    "source_only_construction": true,
    "alpha_source_only": true,
    "Ycal_used_for_head_adapt": true,
    "Yquery_used_for_selection": false,
    "Xquery_used_for_selection": false,
    "Yquery_used_for_outcome": true
  }
}