{
  "dataset": "Lee2019_MI",
  "subject": "44",
  "seed": 1,
  "status": "ok",
  "C": 2,
  "rank": 8,
  "n_cal": 100,
  "n_query": 100,
  "cal_session": [
    "0"
  ],
  "query_sessions": [
    "1"
  ],
  "alpha": 1.0,
  "alpha_info": {
    "mean_ce": {
      "0.001": 0.5788742460562935,
      "0.01": 0.48769782864040945,
      "0.1": 0.42299581280469534,
      "1.0": 0.40932784705118497,
      "10.0": 0.41033032644113177,
      "100.0": 0.4106206290532961
    },
    "n_pseudo": 53
  },
  "n_random": 50,
  "n_matched_random": 20,
  "informed_src_bacc": 0.6461320754716982,
  "native_src_bacc": 0.7909433962264151,
  "n_draws": 50,
  "cal_per_class": {
    "0": 50,
    "1": 50
  },
  "budget_class_shortfall": {},
  "endpoints": {
    "1": {
      "dU_MAP_frozen": 0.0033999999999999586,
      "dU_MAP_fresh": 0.19040000000000012,
      "dU_MAP_bias": 0.006000000000000005,
      "U_frozen": 0.8800000000000001,
      "U_fresh": 0.693,
      "U_MAP": 0.8834000000000001,
      "U_bias": 0.8774000000000001,
      "Gh_native": 0.0033999999999999586,
      "Gh_informed": 0.025799999999999823,
      "Gh_random_mean": -0.006260000000000021,
      "dGh_specific": 0.032059999999999846
    },
    "2": {
      "dU_MAP_frozen": 0.00539999999999996,
      "dU_MAP_fresh": 0.14100000000000013,
      "dU_MAP_bias": -0.005799999999999916,
      "U_frozen": 0.8800000000000001,
      "U_fresh": 0.7444,
      "U_MAP": 0.8854000000000001,
      "U_bias": 0.8912,
      "Gh_native": 0.00539999999999996,
      "Gh_informed": 0.048799999999999844,
      "Gh_random_mean": 0.0115,
      "dGh_specific": 0.03729999999999985
    },
    "4": {
      "dU_MAP_frozen": 0.007599999999999829,
      "dU_MAP_fresh": 0.07440000000000002,
      "dU_MAP_bias": -0.010400000000000076,
      "U_frozen": 0.8800000000000001,
      "U_fresh": 0.8131999999999999,
      "U_MAP": 0.8876,
      "U_bias": 0.898,
      "Gh_native": 0.007599999999999829,
      "Gh_informed": 0.07399999999999984,
      "Gh_random_mean": 0.03198999999999998,
      "dGh_specific": 0.04200999999999987
    },
    "8": {
      "dU_MAP_frozen": 0.009999999999999898,
      "dU_MAP_fresh": 0.06020000000000014,
      "dU_MAP_bias": -0.01619999999999988,
      "U_frozen": 0.8800000000000001,
      "U_fresh": 0.8297999999999999,
      "U_MAP": 0.89,
      "U_bias": 0.9061999999999999,
      "Gh_native": 0.009999999999999898,
      "Gh_informed": 0.09419999999999973,
      "Gh_random_mean": 0.03717,
      "dGh_specific": 0.05702999999999973
    },
    "16": {
      "dU_MAP_frozen": 0.004999999999999893,
      "dU_MAP_fresh": 0.001000000000000112,
      "dU_MAP_bias": -0.023199999999999776,
      "U_frozen": 0.8800000000000001,
      "U_fresh": 0.8839999999999999,
      "U_MAP": 0.885,
      "U_bias": 0.9081999999999998,
      "Gh_native": 0.004999999999999893,
      "Gh_informed": 0.10359999999999991,
      "Gh_random_mean": 0.04526999999999998,
      "dGh_specific": 0.05832999999999994
    },
    "32": {
      "dU_MAP_frozen": 0.006799999999999917,
      "dU_MAP_fresh": -0.032200000000000006,
      "dU_MAP_bias": -0.022599999999999842,
      "U_frozen": 0.8800000000000001,
      "U_fresh": 0.919,
      "U_MAP": 0.8868,
      "U_bias": 0.9093999999999999,
      "Gh_native": 0.006799999999999917,
      "Gh_informed": 0.11959999999999982,
      "Gh_random_mean": 0.05077999999999997,
      "dGh_specific": 0.06881999999999985
    },
    "Full": {
      "dU_MAP_frozen": 0.0,
      "dU_MAP_fresh": -0.04999999999999993,
      "dU_MAP_bias": -0.030000000000000027,
      "U_frozen": 0.88,
      "U_fresh": 0.9299999999999999,
      "U_MAP": 0.88,
      "U_bias": 0.91,
      "Gh_native": 0.0,
      "Gh_informed": 0.13,
      "Gh_random_mean": 0.05099999999999999,
      "dGh_specific": 0.07900000000000001
    }
  },
  "firewall": {
    "source_only_construction": true,
    "alpha_source_only": true,
    "Ycal_used_for_head_adapt": true,
    "Yquery_used_for_selection": false,
    "Xquery_used_for_selection": false,
    "Yquery_used_for_outcome": true
  }
}