{
  "dataset": "Lee2019_MI",
  "subject": "30",
  "seed": 2,
  "status": "ok",
  "C": 2,
  "rank": 8,
  "n_cal": 100,
  "n_query": 100,
  "cal_session": [
    "0"
  ],
  "query_sessions": [
    "1"
  ],
  "alpha": 1.0,
  "alpha_info": {
    "mean_ce": {
      "0.001": 0.5626946826697772,
      "0.01": 0.4888377436012111,
      "0.1": 0.4322094392977357,
      "1.0": 0.422457176910811,
      "10.0": 0.4248069965334086,
      "100.0": 0.4253551494701887
    },
    "n_pseudo": 53
  },
  "n_random": 50,
  "n_matched_random": 22,
  "informed_src_bacc": 0.6300943396226415,
  "native_src_bacc": 0.7931132075471699,
  "n_draws": 50,
  "cal_per_class": {
    "0": 50,
    "1": 50
  },
  "budget_class_shortfall": {},
  "endpoints": {
    "1": {
      "dU_MAP_frozen": 0.006399999999999961,
      "dU_MAP_fresh": 0.13979999999999992,
      "dU_MAP_bias": 0.05179999999999996,
      "U_frozen": 0.67,
      "U_fresh": 0.5366000000000001,
      "U_MAP": 0.6764,
      "U_bias": 0.6246,
      "Gh_native": 0.006399999999999961,
      "Gh_informed": 0.06460000000000005,
      "Gh_random_mean": -0.009318181818181797,
      "dGh_specific": 0.07391818181818184
    },
    "2": {
      "dU_MAP_frozen": 0.009999999999999787,
      "dU_MAP_fresh": 0.1389999999999999,
      "dU_MAP_bias": 0.03720000000000001,
      "U_frozen": 0.67,
      "U_fresh": 0.5409999999999999,
      "U_MAP": 0.6799999999999998,
      "U_bias": 0.6427999999999998,
      "Gh_native": 0.009999999999999787,
      "Gh_informed": 0.07060000000000005,
      "Gh_random_mean": -0.008645454545454541,
      "dGh_specific": 0.07924545454545459
    },
    "4": {
      "dU_MAP_frozen": 0.01739999999999986,
      "dU_MAP_fresh": 0.12179999999999991,
      "dU_MAP_bias": 0.022199999999999886,
      "U_frozen": 0.67,
      "U_fresh": 0.5656,
      "U_MAP": 0.6873999999999999,
      "U_bias": 0.6652,
      "Gh_native": 0.01739999999999986,
      "Gh_informed": 0.08780000000000004,
      "Gh_random_mean": 0.0016272727272727246,
      "dGh_specific": 0.08617272727272732
    },
    "8": {
      "dU_MAP_frozen": 0.02179999999999993,
      "dU_MAP_fresh": 0.12119999999999997,
      "dU_MAP_bias": 0.018399999999999972,
      "U_frozen": 0.67,
      "U_fresh": 0.5706,
      "U_MAP": 0.6918,
      "U_bias": 0.6734,
      "Gh_native": 0.02179999999999993,
      "Gh_informed": 0.08639999999999998,
      "Gh_random_mean": 0.004118181818181809,
      "dGh_specific": 0.08228181818181816
    },
    "16": {
      "dU_MAP_frozen": 0.022199999999999775,
      "dU_MAP_fresh": 0.08939999999999981,
      "dU_MAP_bias": 0.017999999999999794,
      "U_frozen": 0.67,
      "U_fresh": 0.6028,
      "U_MAP": 0.6921999999999998,
      "U_bias": 0.6742,
      "Gh_native": 0.022199999999999775,
      "Gh_informed": 0.09500000000000003,
      "Gh_random_mean": 0.008636363636363649,
      "dGh_specific": 0.08636363636363638
    },
    "32": {
      "dU_MAP_frozen": 0.02059999999999984,
      "dU_MAP_fresh": 0.04799999999999982,
      "dU_MAP_bias": 0.0030000000000000027,
      "U_frozen": 0.67,
      "U_fresh": 0.6426000000000001,
      "U_MAP": 0.6905999999999999,
      "U_bias": 0.6875999999999999,
      "Gh_native": 0.02059999999999984,
      "Gh_informed": 0.09180000000000005,
      "Gh_random_mean": 0.01104545454545456,
      "dGh_specific": 0.0807545454545455
    },
    "Full": {
      "dU_MAP_frozen": 0.01000000000000012,
      "dU_MAP_fresh": -0.009999999999999898,
      "dU_MAP_bias": -0.009999999999999898,
      "U_frozen": 0.6699999999999999,
      "U_fresh": 0.69,
      "U_MAP": 0.68,
      "U_bias": 0.69,
      "Gh_native": 0.01000000000000012,
      "Gh_informed": 0.08000000000000007,
      "Gh_random_mean": 0.009090909090909089,
      "dGh_specific": 0.07090909090909098
    }
  },
  "firewall": {
    "source_only_construction": true,
    "alpha_source_only": true,
    "Ycal_used_for_head_adapt": true,
    "Yquery_used_for_selection": false,
    "Xquery_used_for_selection": false,
    "Yquery_used_for_outcome": true
  }
}