{
  "dataset": "BNCI2014_001",
  "subject": "3",
  "seed": 0,
  "status": "ok",
  "C": 4,
  "rank": 8,
  "n_cal": 288,
  "n_query": 288,
  "cal_session": [
    "0train"
  ],
  "query_sessions": [
    "1test"
  ],
  "alpha": 0.01,
  "alpha_info": {
    "mean_ce": {
      "0.001": 0.9362373526908618,
      "0.01": 0.8914810761473042,
      "0.1": 0.8943474017240893,
      "1.0": 0.9331765672891439,
      "10.0": 0.9476706827248832,
      "100.0": 0.949841808556129
    },
    "n_pseudo": 8
  },
  "n_random": 50,
  "n_matched_random": 29,
  "informed_src_bacc": 0.470703125,
  "native_src_bacc": 0.6141493055555556,
  "n_draws": 50,
  "cal_per_class": {
    "0": 72,
    "1": 72,
    "2": 72,
    "3": 72
  },
  "budget_class_shortfall": {},
  "endpoints": {
    "1": {
      "dU_MAP_frozen": 0.00493055555555566,
      "dU_MAP_fresh": 0.10361111111111115,
      "dU_MAP_bias": -0.02944444444444444,
      "U_frozen": 0.45486111111111105,
      "U_fresh": 0.35618055555555556,
      "U_MAP": 0.4597916666666667,
      "U_bias": 0.48923611111111115,
      "Gh_native": 0.00493055555555566,
      "Gh_informed": -0.015208333333333324,
      "Gh_random_mean": -0.007950191570881221,
      "dGh_specific": -0.007258141762452102
    },
    "2": {
      "dU_MAP_frozen": 0.018611111111111245,
      "dU_MAP_fresh": 0.07805555555555566,
      "dU_MAP_bias": -0.015416666666666579,
      "U_frozen": 0.45486111111111105,
      "U_fresh": 0.39541666666666664,
      "U_MAP": 0.4734722222222223,
      "U_bias": 0.4888888888888889,
      "Gh_native": 0.018611111111111245,
      "Gh_informed": 0.0046527777777777835,
      "Gh_random_mean": 0.008912835249042158,
      "dGh_specific": -0.004260057471264374
    },
    "4": {
      "dU_MAP_frozen": 0.05076388888888883,
      "dU_MAP_fresh": 0.05881944444444431,
      "dU_MAP_bias": 0.007847222222222006,
      "U_frozen": 0.45486111111111105,
      "U_fresh": 0.44680555555555557,
      "U_MAP": 0.5056249999999999,
      "U_bias": 0.4977777777777779,
      "Gh_native": 0.05076388888888883,
      "Gh_informed": 0.02881944444444451,
      "Gh_random_mean": 0.04471024904214561,
      "dGh_specific": -0.0158908045977011
    },
    "8": {
      "dU_MAP_frozen": 0.09000000000000008,
      "dU_MAP_fresh": 0.057291666666666685,
      "dU_MAP_bias": 0.048958333333333326,
      "U_frozen": 0.45486111111111105,
      "U_fresh": 0.48756944444444444,
      "U_MAP": 0.5448611111111111,
      "U_bias": 0.4959027777777778,
      "Gh_native": 0.09000000000000008,
      "Gh_informed": 0.07583333333333342,
      "Gh_random_mean": 0.08846982758620692,
      "dGh_specific": -0.012636494252873498
    },
    "16": {
      "dU_MAP_frozen": 0.12923611111111122,
      "dU_MAP_fresh": 0.055208333333333304,
      "dU_MAP_bias": 0.08493055555555562,
      "U_frozen": 0.45486111111111105,
      "U_fresh": 0.528888888888889,
      "U_MAP": 0.5840972222222223,
      "U_bias": 0.49916666666666665,
      "Gh_native": 0.12923611111111122,
      "Gh_informed": 0.1175694444444445,
      "Gh_random_mean": 0.12360392720306514,
      "dGh_specific": -0.006034482758620632
    },
    "32": {
      "dU_MAP_frozen": 0.1661111111111112,
      "dU_MAP_fresh": 0.05111111111111122,
      "dU_MAP_bias": 0.12041666666666673,
      "U_frozen": 0.45486111111111105,
      "U_fresh": 0.569861111111111,
      "U_MAP": 0.6209722222222223,
      "U_bias": 0.5005555555555555,
      "Gh_native": 0.1661111111111112,
      "Gh_informed": 0.14812500000000006,
      "Gh_random_mean": 0.1482758620689655,
      "dGh_specific": -0.00015086206896544607
    },
    "Full": {
      "dU_MAP_frozen": 0.19097222222222227,
      "dU_MAP_fresh": 0.03472222222222221,
      "dU_MAP_bias": 0.14583333333333337,
      "U_frozen": 0.4548611111111111,
      "U_fresh": 0.6111111111111112,
      "U_MAP": 0.6458333333333334,
      "U_bias": 0.5,
      "Gh_native": 0.19097222222222227,
      "Gh_informed": 0.16666666666666669,
      "Gh_random_mean": 0.16678639846743298,
      "dGh_specific": -0.00011973180076629841
    }
  },
  "firewall": {
    "source_only_construction": true,
    "alpha_source_only": true,
    "Ycal_used_for_head_adapt": true,
    "Yquery_used_for_selection": false,
    "Xquery_used_for_selection": false,
    "Yquery_used_for_outcome": true
  }
}