{
  "dataset": "Lee2019_MI",
  "subject": "18",
  "seed": 1,
  "status": "ok",
  "C": 2,
  "rank": 8,
  "n_cal": 100,
  "n_query": 100,
  "cal_session": [
    "0"
  ],
  "query_sessions": [
    "1"
  ],
  "alpha": 1.0,
  "alpha_info": {
    "mean_ce": {
      "0.001": 0.5819002904827614,
      "0.01": 0.49217298658196085,
      "0.1": 0.4254809231234786,
      "1.0": 0.40848825865336486,
      "10.0": 0.4088229683660191,
      "100.0": 0.40911890736222983
    },
    "n_pseudo": 53
  },
  "n_random": 50,
  "n_matched_random": 35,
  "informed_src_bacc": 0.6931132075471698,
  "native_src_bacc": 0.7988679245283019,
  "n_draws": 50,
  "cal_per_class": {
    "0": 50,
    "1": 50
  },
  "budget_class_shortfall": {},
  "endpoints": {
    "1": {
      "dU_MAP_frozen": 0.013399999999999856,
      "dU_MAP_fresh": 0.13299999999999979,
      "dU_MAP_bias": 0.019199999999999884,
      "U_frozen": 0.79,
      "U_fresh": 0.6704000000000001,
      "U_MAP": 0.8033999999999999,
      "U_bias": 0.7842,
      "Gh_native": 0.013399999999999856,
      "Gh_informed": -0.03079999999999994,
      "Gh_random_mean": -0.00014285714285715566,
      "dGh_specific": -0.030657142857142782
    },
    "2": {
      "dU_MAP_frozen": 0.014600000000000057,
      "dU_MAP_fresh": 0.08040000000000003,
      "dU_MAP_bias": -0.035399999999999876,
      "U_frozen": 0.79,
      "U_fresh": 0.7242000000000001,
      "U_MAP": 0.8046000000000001,
      "U_bias": 0.84,
      "Gh_native": 0.014600000000000057,
      "Gh_informed": -0.03840000000000021,
      "Gh_random_mean": 0.01637142857142855,
      "dGh_specific": -0.05477142857142876
    },
    "4": {
      "dU_MAP_frozen": 0.016199999999999992,
      "dU_MAP_fresh": 0.058600000000000096,
      "dU_MAP_bias": -0.050799999999999845,
      "U_frozen": 0.79,
      "U_fresh": 0.7475999999999999,
      "U_MAP": 0.8062,
      "U_bias": 0.8569999999999999,
      "Gh_native": 0.016199999999999992,
      "Gh_informed": -0.028800000000000048,
      "Gh_random_mean": 0.02223428571428569,
      "dGh_specific": -0.05103428571428574
    },
    "8": {
      "dU_MAP_frozen": 0.022199999999999998,
      "dU_MAP_fresh": 0.011799999999999922,
      "dU_MAP_bias": -0.0736,
      "U_frozen": 0.79,
      "U_fresh": 0.8004000000000001,
      "U_MAP": 0.8122,
      "U_bias": 0.8858,
      "Gh_native": 0.022199999999999998,
      "Gh_informed": -0.010800000000000032,
      "Gh_random_mean": 0.028051428571428554,
      "dGh_specific": -0.038851428571428585
    },
    "16": {
      "dU_MAP_frozen": 0.021600000000000064,
      "dU_MAP_fresh": -0.0012000000000000899,
      "dU_MAP_bias": -0.08919999999999972,
      "U_frozen": 0.79,
      "U_fresh": 0.8128000000000002,
      "U_MAP": 0.8116000000000001,
      "U_bias": 0.9007999999999998,
      "Gh_native": 0.021600000000000064,
      "Gh_informed": 0.0009999999999998899,
      "Gh_random_mean": 0.029114285714285666,
      "dGh_specific": -0.028114285714285776
    },
    "32": {
      "dU_MAP_frozen": 0.027000000000000135,
      "dU_MAP_fresh": -0.011399999999999855,
      "dU_MAP_bias": -0.09039999999999959,
      "U_frozen": 0.79,
      "U_fresh": 0.8284,
      "U_MAP": 0.8170000000000002,
      "U_bias": 0.9073999999999998,
      "Gh_native": 0.027000000000000135,
      "Gh_informed": 0.0050000000000000044,
      "Gh_random_mean": 0.03141142857142855,
      "dGh_specific": -0.026411428571428544
    },
    "Full": {
      "dU_MAP_frozen": 0.030000000000000027,
      "dU_MAP_fresh": -0.040000000000000036,
      "dU_MAP_bias": -0.07999999999999985,
      "U_frozen": 0.79,
      "U_fresh": 0.8600000000000001,
      "U_MAP": 0.8200000000000001,
      "U_bias": 0.8999999999999999,
      "Gh_native": 0.030000000000000027,
      "Gh_informed": 0.020000000000000018,
      "Gh_random_mean": 0.03314285714285714,
      "dGh_specific": -0.013142857142857123
    }
  },
  "firewall": {
    "source_only_construction": true,
    "alpha_source_only": true,
    "Ycal_used_for_head_adapt": true,
    "Yquery_used_for_selection": false,
    "Xquery_used_for_selection": false,
    "Yquery_used_for_outcome": true
  }
}