{
  "dataset": "BNCI2014_004",
  "subject": "7",
  "seed": 1,
  "status": "ok",
  "C": 2,
  "rank": 8,
  "n_cal": 120,
  "n_query": 600,
  "cal_session": [
    "0train"
  ],
  "query_sessions": [
    "1train",
    "2train",
    "3test",
    "4test"
  ],
  "alpha": 1.0,
  "alpha_info": {
    "mean_ce": {
      "0.001": 0.6044339762879815,
      "0.01": 0.5619825773452991,
      "0.1": 0.5168266085339752,
      "1.0": 0.5097567968120584,
      "10.0": 0.5180125131512738,
      "100.0": 0.5200297807400751
    },
    "n_pseudo": 8
  },
  "n_random": 50,
  "n_matched_random": 9,
  "informed_src_bacc": 0.6012068965517241,
  "native_src_bacc": 0.7420689655172414,
  "n_draws": 50,
  "cal_per_class": {
    "0": 60,
    "1": 60
  },
  "budget_class_shortfall": {},
  "endpoints": {
    "1": {
      "dU_MAP_frozen": -0.021197916666666594,
      "dU_MAP_fresh": 0.14252083333333343,
      "dU_MAP_bias": 0.019156250000000097,
      "U_frozen": 0.6739583333333333,
      "U_fresh": 0.5102395833333333,
      "U_MAP": 0.6527604166666667,
      "U_bias": 0.6336041666666666,
      "Gh_native": -0.021197916666666594,
      "Gh_informed": -0.08354166666666663,
      "Gh_random_mean": -0.03794560185185185,
      "dGh_specific": -0.04559606481481478
    },
    "2": {
      "dU_MAP_frozen": -0.012010416666666579,
      "dU_MAP_fresh": 0.12520833333333348,
      "dU_MAP_bias": 0.013791666666666758,
      "U_frozen": 0.6739583333333333,
      "U_fresh": 0.5367395833333333,
      "U_MAP": 0.6619479166666667,
      "U_bias": 0.64815625,
      "Gh_native": -0.012010416666666579,
      "Gh_informed": -0.06933333333333325,
      "Gh_random_mean": -0.027957175925925948,
      "dGh_specific": -0.0413761574074073
    },
    "4": {
      "dU_MAP_frozen": -0.013489583333333277,
      "dU_MAP_fresh": 0.11222916666666671,
      "dU_MAP_bias": 0.014770833333333289,
      "U_frozen": 0.6739583333333333,
      "U_fresh": 0.5482395833333333,
      "U_MAP": 0.66046875,
      "U_bias": 0.6456979166666668,
      "Gh_native": -0.013489583333333277,
      "Gh_informed": -0.0700729166666666,
      "Gh_random_mean": -0.02446296296296297,
      "dGh_specific": -0.045609953703703625
    },
    "8": {
      "dU_MAP_frozen": -0.009197916666666694,
      "dU_MAP_fresh": 0.11286458333333338,
      "dU_MAP_bias": 0.006447916666666664,
      "U_frozen": 0.6739583333333333,
      "U_fresh": 0.5518958333333333,
      "U_MAP": 0.6647604166666666,
      "U_bias": 0.6583125,
      "Gh_native": -0.009197916666666694,
      "Gh_informed": -0.04861458333333324,
      "Gh_random_mean": -0.013870370370370397,
      "dGh_specific": -0.034744212962962845
    },
    "16": {
      "dU_MAP_frozen": -0.007770833333333393,
      "dU_MAP_fresh": 0.09633333333333327,
      "dU_MAP_bias": 0.0052916666666665835,
      "U_frozen": 0.6739583333333333,
      "U_fresh": 0.5698541666666667,
      "U_MAP": 0.6661874999999999,
      "U_bias": 0.6608958333333333,
      "Gh_native": -0.007770833333333393,
      "Gh_informed": -0.03240624999999986,
      "Gh_random_mean": -0.005708333333333365,
      "dGh_specific": -0.026697916666666495
    },
    "32": {
      "dU_MAP_frozen": -0.0036041666666668526,
      "dU_MAP_fresh": 0.049958333333333105,
      "dU_MAP_bias": 0.007239583333333077,
      "U_frozen": 0.6739583333333333,
      "U_fresh": 0.6203958333333334,
      "U_MAP": 0.6703541666666665,
      "U_bias": 0.6631145833333334,
      "Gh_native": -0.0036041666666668526,
      "Gh_informed": -0.022666666666666502,
      "Gh_random_mean": 0.0007986111111111249,
      "dGh_specific": -0.023465277777777627
    },
    "Full": {
      "dU_MAP_frozen": -0.0015625000000000222,
      "dU_MAP_fresh": 0.011979166666666652,
      "dU_MAP_bias": 0.009374999999999911,
      "U_frozen": 0.6739583333333333,
      "U_fresh": 0.6604166666666667,
      "U_MAP": 0.6723958333333333,
      "U_bias": 0.6630208333333334,
      "Gh_native": -0.0015625000000000222,
      "Gh_informed": -0.02083333333333337,
      "Gh_random_mean": 0.009317129629629618,
      "dGh_specific": -0.03015046296296299
    }
  },
  "firewall": {
    "source_only_construction": true,
    "alpha_source_only": true,
    "Ycal_used_for_head_adapt": true,
    "Yquery_used_for_selection": false,
    "Xquery_used_for_selection": false,
    "Yquery_used_for_outcome": true
  }
}