{
  "dataset": "Lee2019_MI",
  "subject": "19",
  "seed": 2,
  "status": "ok",
  "C": 2,
  "rank": 8,
  "n_cal": 100,
  "n_query": 100,
  "cal_session": [
    "0"
  ],
  "query_sessions": [
    "1"
  ],
  "alpha": 1.0,
  "alpha_info": {
    "mean_ce": {
      "0.001": 0.5538403807263581,
      "0.01": 0.47684030791138454,
      "0.1": 0.419920993192279,
      "1.0": 0.40881877537025874,
      "10.0": 0.4095590990032082,
      "100.0": 0.4098133690342216
    },
    "n_pseudo": 53
  },
  "n_random": 50,
  "n_matched_random": 11,
  "informed_src_bacc": 0.6142452830188679,
  "native_src_bacc": 0.7978301886792454,
  "n_draws": 50,
  "cal_per_class": {
    "0": 50,
    "1": 50
  },
  "budget_class_shortfall": {},
  "endpoints": {
    "1": {
      "dU_MAP_frozen": 0.0026000000000000467,
      "dU_MAP_fresh": 0.1604000000000002,
      "dU_MAP_bias": 0.0384000000000001,
      "U_frozen": 0.67,
      "U_fresh": 0.5121999999999999,
      "U_MAP": 0.6726000000000001,
      "U_bias": 0.6342,
      "Gh_native": 0.0026000000000000467,
      "Gh_informed": 0.005800000000000027,
      "Gh_random_mean": -0.02579999999999999,
      "dGh_specific": 0.03160000000000002
    },
    "2": {
      "dU_MAP_frozen": 0.0043999999999999595,
      "dU_MAP_fresh": 0.1309999999999999,
      "dU_MAP_bias": 0.00880000000000003,
      "U_frozen": 0.67,
      "U_fresh": 0.5434000000000001,
      "U_MAP": 0.6744,
      "U_bias": 0.6656,
      "Gh_native": 0.0043999999999999595,
      "Gh_informed": 0.005599999999999938,
      "Gh_random_mean": -0.014527272727272712,
      "dGh_specific": 0.02012727272727265
    },
    "4": {
      "dU_MAP_frozen": 0.009599999999999942,
      "dU_MAP_fresh": 0.129,
      "dU_MAP_bias": 0.0008000000000000229,
      "U_frozen": 0.67,
      "U_fresh": 0.5506,
      "U_MAP": 0.6796,
      "U_bias": 0.6788,
      "Gh_native": 0.009599999999999942,
      "Gh_informed": 0.0020000000000000018,
      "Gh_random_mean": -0.00872727272727275,
      "dGh_specific": 0.010727272727272752
    },
    "8": {
      "dU_MAP_frozen": 0.007400000000000073,
      "dU_MAP_fresh": 0.10200000000000009,
      "dU_MAP_bias": -0.007199999999999873,
      "U_frozen": 0.67,
      "U_fresh": 0.5754,
      "U_MAP": 0.6774000000000001,
      "U_bias": 0.6846,
      "Gh_native": 0.007400000000000073,
      "Gh_informed": 0.00539999999999996,
      "Gh_random_mean": -0.0016000000000000055,
      "dGh_specific": 0.006999999999999966
    },
    "16": {
      "dU_MAP_frozen": 0.007399999999999962,
      "dU_MAP_fresh": 0.09899999999999998,
      "dU_MAP_bias": -0.005199999999999871,
      "U_frozen": 0.67,
      "U_fresh": 0.5784,
      "U_MAP": 0.6774,
      "U_bias": 0.6825999999999999,
      "Gh_native": 0.007399999999999962,
      "Gh_informed": 0.0018000000000000238,
      "Gh_random_mean": 0.00614545454545455,
      "dGh_specific": -0.0043454545454545265
    },
    "32": {
      "dU_MAP_frozen": 0.0020000000000000018,
      "dU_MAP_fresh": 0.06840000000000002,
      "dU_MAP_bias": -0.0040000000000000036,
      "U_frozen": 0.67,
      "U_fresh": 0.6036,
      "U_MAP": 0.672,
      "U_bias": 0.676,
      "Gh_native": 0.0020000000000000018,
      "Gh_informed": -0.0028000000000000247,
      "Gh_random_mean": 0.007963636363636374,
      "dGh_specific": -0.010763636363636399
    },
    "Full": {
      "dU_MAP_frozen": 1.1102230246251565e-16,
      "dU_MAP_fresh": 0.040000000000000036,
      "dU_MAP_bias": -0.009999999999999898,
      "U_frozen": 0.6699999999999999,
      "U_fresh": 0.63,
      "U_MAP": 0.67,
      "U_bias": 0.6799999999999999,
      "Gh_native": 1.1102230246251565e-16,
      "Gh_informed": 0.010000000000000009,
      "Gh_random_mean": 0.01181818181818181,
      "dGh_specific": -0.0018181818181818004
    }
  },
  "firewall": {
    "source_only_construction": true,
    "alpha_source_only": true,
    "Ycal_used_for_head_adapt": true,
    "Yquery_used_for_selection": false,
    "Xquery_used_for_selection": false,
    "Yquery_used_for_outcome": true
  }
}