{
  "dataset": "BNCI2014_001",
  "subject": "6",
  "seed": 1,
  "status": "ok",
  "C": 4,
  "rank": 8,
  "n_cal": 288,
  "n_query": 288,
  "cal_session": [
    "0train"
  ],
  "query_sessions": [
    "1test"
  ],
  "alpha": 0.01,
  "alpha_info": {
    "mean_ce": {
      "0.001": 0.8325794400771256,
      "0.01": 0.7858714329353647,
      "0.1": 0.7920894571538353,
      "1.0": 0.8240744109285423,
      "10.0": 0.8359140982348817,
      "100.0": 0.8375945894209884
    },
    "n_pseudo": 8
  },
  "n_random": 50,
  "n_matched_random": 22,
  "informed_src_bacc": 0.4613715277777778,
  "native_src_bacc": 0.6638454861111112,
  "n_draws": 50,
  "cal_per_class": {
    "0": 72,
    "1": 72,
    "2": 72,
    "3": 72
  },
  "budget_class_shortfall": {},
  "endpoints": {
    "1": {
      "dU_MAP_frozen": 0.023472222222222228,
      "dU_MAP_fresh": 0.046875,
      "dU_MAP_bias": 0.01020833333333332,
      "U_frozen": 0.2847222222222222,
      "U_fresh": 0.26131944444444444,
      "U_MAP": 0.30819444444444444,
      "U_bias": 0.2979861111111111,
      "Gh_native": 0.023472222222222228,
      "Gh_informed": -0.03895833333333337,
      "Gh_random_mean": -0.0126104797979798,
      "dGh_specific": -0.02634785353535357
    },
    "2": {
      "dU_MAP_frozen": 0.01715277777777785,
      "dU_MAP_fresh": 0.036111111111111205,
      "dU_MAP_bias": 0.0012500000000000844,
      "U_frozen": 0.2847222222222222,
      "U_fresh": 0.26576388888888886,
      "U_MAP": 0.30187500000000006,
      "U_bias": 0.300625,
      "Gh_native": 0.01715277777777785,
      "Gh_informed": -0.03680555555555559,
      "Gh_random_mean": -0.015533459595959613,
      "dGh_specific": -0.021272095959595977
    },
    "4": {
      "dU_MAP_frozen": 0.021874999999999978,
      "dU_MAP_fresh": 0.030555555555555558,
      "dU_MAP_bias": 0.0002777777777777657,
      "U_frozen": 0.2847222222222222,
      "U_fresh": 0.27604166666666663,
      "U_MAP": 0.3065972222222222,
      "U_bias": 0.3063194444444444,
      "Gh_native": 0.021874999999999978,
      "Gh_informed": -0.024236111111111125,
      "Gh_random_mean": -0.008519570707070705,
      "dGh_specific": -0.01571654040404042
    },
    "8": {
      "dU_MAP_frozen": 0.01777777777777778,
      "dU_MAP_fresh": 0.023472222222222228,
      "dU_MAP_bias": -0.009027777777777746,
      "U_frozen": 0.2847222222222222,
      "U_fresh": 0.27902777777777776,
      "U_MAP": 0.3025,
      "U_bias": 0.31152777777777774,
      "Gh_native": 0.01777777777777778,
      "Gh_informed": -0.021597222222222157,
      "Gh_random_mean": -0.0028661616161616203,
      "dGh_specific": -0.018731060606060536
    },
    "16": {
      "dU_MAP_frozen": 0.03687499999999999,
      "dU_MAP_fresh": 0.018333333333333313,
      "dU_MAP_bias": 0.012708333333333321,
      "U_frozen": 0.2847222222222222,
      "U_fresh": 0.3032638888888889,
      "U_MAP": 0.3215972222222222,
      "U_bias": 0.3088888888888889,
      "Gh_native": 0.03687499999999999,
      "Gh_informed": -0.0077083333333333726,
      "Gh_random_mean": 0.011354166666666663,
      "dGh_specific": -0.019062500000000038
    },
    "32": {
      "dU_MAP_frozen": 0.06680555555555551,
      "dU_MAP_fresh": 0.0124305555555555,
      "dU_MAP_bias": 0.04493055555555553,
      "U_frozen": 0.2847222222222222,
      "U_fresh": 0.3390972222222222,
      "U_MAP": 0.3515277777777777,
      "U_bias": 0.3065972222222222,
      "Gh_native": 0.06680555555555551,
      "Gh_informed": 0.007638888888888917,
      "Gh_random_mean": 0.030909090909090896,
      "dGh_specific": -0.02327020202020198
    },
    "Full": {
      "dU_MAP_frozen": 0.08680555555555558,
      "dU_MAP_fresh": -0.010416666666666685,
      "dU_MAP_bias": 0.07291666666666669,
      "U_frozen": 0.2847222222222222,
      "U_fresh": 0.3819444444444445,
      "U_MAP": 0.3715277777777778,
      "U_bias": 0.2986111111111111,
      "Gh_native": 0.08680555555555558,
      "Gh_informed": 0.038194444444444475,
      "Gh_random_mean": 0.04640151515151516,
      "dGh_specific": -0.008207070707070684
    }
  },
  "firewall": {
    "source_only_construction": true,
    "alpha_source_only": true,
    "Ycal_used_for_head_adapt": true,
    "Yquery_used_for_selection": false,
    "Xquery_used_for_selection": false,
    "Yquery_used_for_outcome": true
  }
}