{
  "dataset": "Lee2019_MI",
  "subject": "25",
  "seed": 1,
  "status": "ok",
  "C": 2,
  "rank": 8,
  "n_cal": 100,
  "n_query": 100,
  "cal_session": [
    "0"
  ],
  "query_sessions": [
    "1"
  ],
  "alpha": 1.0,
  "alpha_info": {
    "mean_ce": {
      "0.001": 0.5751524973908413,
      "0.01": 0.4831474471513156,
      "0.1": 0.4223013346351179,
      "1.0": 0.4144260740321292,
      "10.0": 0.4162413257654916,
      "100.0": 0.41666248096815484
    },
    "n_pseudo": 53
  },
  "n_random": 50,
  "n_matched_random": 26,
  "informed_src_bacc": 0.644811320754717,
  "native_src_bacc": 0.7953773584905661,
  "n_draws": 50,
  "cal_per_class": {
    "0": 50,
    "1": 50
  },
  "budget_class_shortfall": {},
  "endpoints": {
    "1": {
      "dU_MAP_frozen": -0.027800000000000158,
      "dU_MAP_fresh": 0.15759999999999996,
      "dU_MAP_bias": 0.035800000000000054,
      "U_frozen": 0.7000000000000002,
      "U_fresh": 0.5146000000000001,
      "U_MAP": 0.6722,
      "U_bias": 0.6364,
      "Gh_native": -0.027800000000000158,
      "Gh_informed": 0.01979999999999993,
      "Gh_random_mean": -0.018876923076923048,
      "dGh_specific": 0.03867692307692298
    },
    "2": {
      "dU_MAP_frozen": -0.025600000000000178,
      "dU_MAP_fresh": 0.15879999999999994,
      "dU_MAP_bias": 0.0132000000000001,
      "U_frozen": 0.7000000000000002,
      "U_fresh": 0.5156000000000001,
      "U_MAP": 0.6744,
      "U_bias": 0.6611999999999999,
      "Gh_native": -0.025600000000000178,
      "Gh_informed": 0.011399999999999855,
      "Gh_random_mean": -0.015276923076923046,
      "dGh_specific": 0.0266769230769229
    },
    "4": {
      "dU_MAP_frozen": -0.02440000000000031,
      "dU_MAP_fresh": 0.1591999999999999,
      "dU_MAP_bias": 0.013199999999999767,
      "U_frozen": 0.7000000000000002,
      "U_fresh": 0.5164,
      "U_MAP": 0.6755999999999999,
      "U_bias": 0.6624000000000001,
      "Gh_native": -0.02440000000000031,
      "Gh_informed": 0.022199999999999886,
      "Gh_random_mean": -0.012499999999999966,
      "dGh_specific": 0.034699999999999856
    },
    "8": {
      "dU_MAP_frozen": -0.008800000000000252,
      "dU_MAP_fresh": 0.14879999999999993,
      "dU_MAP_bias": 0.0242,
      "U_frozen": 0.7000000000000002,
      "U_fresh": 0.5424,
      "U_MAP": 0.6911999999999999,
      "U_bias": 0.6669999999999999,
      "Gh_native": -0.008800000000000252,
      "Gh_informed": 0.03039999999999987,
      "Gh_random_mean": -0.0024846153846153607,
      "dGh_specific": 0.032884615384615234
    },
    "16": {
      "dU_MAP_frozen": -0.00560000000000016,
      "dU_MAP_fresh": 0.1402000000000001,
      "dU_MAP_bias": 0.015800000000000036,
      "U_frozen": 0.7000000000000002,
      "U_fresh": 0.5541999999999999,
      "U_MAP": 0.6944,
      "U_bias": 0.6786,
      "Gh_native": -0.00560000000000016,
      "Gh_informed": 0.02859999999999996,
      "Gh_random_mean": 0.0009615384615384517,
      "dGh_specific": 0.027638461538461508
    },
    "32": {
      "dU_MAP_frozen": -0.0016000000000002679,
      "dU_MAP_fresh": 0.0716,
      "dU_MAP_bias": 0.010599999999999943,
      "U_frozen": 0.7000000000000002,
      "U_fresh": 0.6267999999999999,
      "U_MAP": 0.6983999999999999,
      "U_bias": 0.6878,
      "Gh_native": -0.0016000000000002679,
      "Gh_informed": 0.03519999999999979,
      "Gh_random_mean": 0.004161538461538458,
      "dGh_specific": 0.031038461538461327
    },
    "Full": {
      "dU_MAP_frozen": -0.010000000000000009,
      "dU_MAP_fresh": 0.019999999999999907,
      "dU_MAP_bias": 0.0,
      "U_frozen": 0.7,
      "U_fresh": 0.67,
      "U_MAP": 0.69,
      "U_bias": 0.69,
      "Gh_native": -0.010000000000000009,
      "Gh_informed": 0.030000000000000027,
      "Gh_random_mean": 1.2810265668751807e-17,
      "dGh_specific": 0.030000000000000013
    }
  },
  "firewall": {
    "source_only_construction": true,
    "alpha_source_only": true,
    "Ycal_used_for_head_adapt": true,
    "Yquery_used_for_selection": false,
    "Xquery_used_for_selection": false,
    "Yquery_used_for_outcome": true
  }
}