{
  "dataset": "BNCI2014_004",
  "subject": "2",
  "seed": 2,
  "status": "ok",
  "C": 2,
  "rank": 8,
  "n_cal": 120,
  "n_query": 560,
  "cal_session": [
    "0train"
  ],
  "query_sessions": [
    "1train",
    "2train",
    "3test",
    "4test"
  ],
  "alpha": 1.0,
  "alpha_info": {
    "mean_ce": {
      "0.001": 0.6104918380234406,
      "0.01": 0.5497328717603451,
      "0.1": 0.4970994467475108,
      "1.0": 0.4862515838708156,
      "10.0": 0.49270688321981687,
      "100.0": 0.49431116496939564
    },
    "n_pseudo": 8
  },
  "n_random": 50,
  "n_matched_random": 7,
  "informed_src_bacc": 0.6126712328767123,
  "native_src_bacc": 0.7601027397260274,
  "n_draws": 50,
  "cal_per_class": {
    "0": 60,
    "1": 60
  },
  "budget_class_shortfall": {},
  "endpoints": {
    "1": {
      "dU_MAP_frozen": -0.0038645833333333934,
      "dU_MAP_fresh": 0.038114583333333285,
      "dU_MAP_bias": 0.012437500000000101,
      "U_frozen": 0.5453125000000001,
      "U_fresh": 0.5033333333333334,
      "U_MAP": 0.5414479166666667,
      "U_bias": 0.5290104166666666,
      "Gh_native": -0.0038645833333333934,
      "Gh_informed": -0.010979166666666873,
      "Gh_random_mean": -0.002385416666666632,
      "dGh_specific": -0.00859375000000024
    },
    "2": {
      "dU_MAP_frozen": -0.0020520833333333988,
      "dU_MAP_fresh": 0.036531250000000015,
      "dU_MAP_bias": 0.013291666666666702,
      "U_frozen": 0.5453125000000001,
      "U_fresh": 0.5067291666666667,
      "U_MAP": 0.5432604166666667,
      "U_bias": 0.52996875,
      "Gh_native": -0.0020520833333333988,
      "Gh_informed": -0.00829166666666692,
      "Gh_random_mean": -0.00019940476190474392,
      "dGh_specific": -0.008092261904762175
    },
    "4": {
      "dU_MAP_frozen": -0.0038958333333333206,
      "dU_MAP_fresh": 0.03123958333333343,
      "dU_MAP_bias": 0.002854166666666713,
      "U_frozen": 0.5453125000000001,
      "U_fresh": 0.5101770833333333,
      "U_MAP": 0.5414166666666668,
      "U_bias": 0.5385625,
      "Gh_native": -0.0038958333333333206,
      "Gh_informed": -0.007291666666666807,
      "Gh_random_mean": -0.0009285714285713739,
      "dGh_specific": -0.006363095238095433
    },
    "8": {
      "dU_MAP_frozen": -0.0017187500000001021,
      "dU_MAP_fresh": 0.031770833333333304,
      "dU_MAP_bias": 0.009343749999999984,
      "U_frozen": 0.5453125000000001,
      "U_fresh": 0.5118229166666667,
      "U_MAP": 0.54359375,
      "U_bias": 0.53425,
      "Gh_native": -0.0017187500000001021,
      "Gh_informed": -0.003114583333333587,
      "Gh_random_mean": 0.0010372023809523876,
      "dGh_specific": -0.004151785714285975
    },
    "16": {
      "dU_MAP_frozen": -0.0008020833333333144,
      "dU_MAP_fresh": 0.031083333333333463,
      "dU_MAP_bias": 0.007364583333333452,
      "U_frozen": 0.5453125000000001,
      "U_fresh": 0.5134270833333333,
      "U_MAP": 0.5445104166666668,
      "U_bias": 0.5371458333333333,
      "Gh_native": -0.0008020833333333144,
      "Gh_informed": -0.001791666666666858,
      "Gh_random_mean": 0.0029122023809523795,
      "dGh_specific": -0.004703869047619238
    },
    "32": {
      "dU_MAP_frozen": -0.0002395833333334041,
      "dU_MAP_fresh": 0.010062499999999974,
      "dU_MAP_bias": 0.003666666666666596,
      "U_frozen": 0.5453125000000001,
      "U_fresh": 0.5350104166666667,
      "U_MAP": 0.5450729166666667,
      "U_bias": 0.5414062500000001,
      "Gh_native": -0.0002395833333334041,
      "Gh_informed": 0.0003541666666665444,
      "Gh_random_mean": 0.0027752976190476486,
      "dGh_specific": -0.002421130952381104
    },
    "Full": {
      "dU_MAP_frozen": -0.0031250000000001554,
      "dU_MAP_fresh": 0.0005208333333331927,
      "dU_MAP_bias": -0.004166666666666763,
      "U_frozen": 0.5453125000000001,
      "U_fresh": 0.5416666666666667,
      "U_MAP": 0.5421874999999999,
      "U_bias": 0.5463541666666667,
      "Gh_native": -0.0031250000000001554,
      "Gh_informed": 0.007291666666666585,
      "Gh_random_mean": 0.004092261904761918,
      "dGh_specific": 0.0031994047619046673
    }
  },
  "firewall": {
    "source_only_construction": true,
    "alpha_source_only": true,
    "Ycal_used_for_head_adapt": true,
    "Yquery_used_for_selection": false,
    "Xquery_used_for_selection": false,
    "Yquery_used_for_outcome": true
  }
}