{
  "dataset": "BNCI2014_001",
  "subject": "4",
  "seed": 0,
  "status": "ok",
  "C": 4,
  "rank": 8,
  "n_cal": 288,
  "n_query": 288,
  "cal_session": [
    "0train"
  ],
  "query_sessions": [
    "1test"
  ],
  "alpha": 0.1,
  "alpha_info": {
    "mean_ce": {
      "0.001": 0.9013969316247186,
      "0.01": 0.8275163431366936,
      "0.1": 0.8160145471138519,
      "1.0": 0.8426339186949884,
      "10.0": 0.8553599279563858,
      "100.0": 0.8573125405567311
    },
    "n_pseudo": 8
  },
  "n_random": 50,
  "n_matched_random": 35,
  "informed_src_bacc": 0.5112847222222222,
  "native_src_bacc": 0.6636284722222221,
  "n_draws": 50,
  "cal_per_class": {
    "0": 72,
    "1": 72,
    "2": 72,
    "3": 72
  },
  "budget_class_shortfall": {},
  "endpoints": {
    "1": {
      "dU_MAP_frozen": 0.042013888888888795,
      "dU_MAP_fresh": 0.08270833333333327,
      "dU_MAP_bias": 0.00743055555555544,
      "U_frozen": 0.3125,
      "U_fresh": 0.2718055555555555,
      "U_MAP": 0.3545138888888888,
      "U_bias": 0.34708333333333335,
      "Gh_native": 0.042013888888888795,
      "Gh_informed": -0.0018055555555555602,
      "Gh_random_mean": 0.0014761904761904753,
      "dGh_specific": -0.003281746031746036
    },
    "2": {
      "dU_MAP_frozen": 0.041250000000000064,
      "dU_MAP_fresh": 0.06625000000000009,
      "dU_MAP_bias": -0.008333333333333248,
      "U_frozen": 0.3125,
      "U_fresh": 0.2875,
      "U_MAP": 0.35375000000000006,
      "U_bias": 0.3620833333333333,
      "Gh_native": 0.041250000000000064,
      "Gh_informed": -0.003541666666666665,
      "Gh_random_mean": 0.006628968253968244,
      "dGh_specific": -0.01017063492063491
    },
    "4": {
      "dU_MAP_frozen": 0.060555555555555474,
      "dU_MAP_fresh": 0.06145833333333328,
      "dU_MAP_bias": 0.004930555555555494,
      "U_frozen": 0.3125,
      "U_fresh": 0.3115972222222222,
      "U_MAP": 0.3730555555555555,
      "U_bias": 0.368125,
      "Gh_native": 0.060555555555555474,
      "Gh_informed": 0.011249999999999982,
      "Gh_random_mean": 0.02509920634920634,
      "dGh_specific": -0.013849206349206358
    },
    "8": {
      "dU_MAP_frozen": 0.07236111111111115,
      "dU_MAP_fresh": 0.04895833333333344,
      "dU_MAP_bias": 0.0050000000000000044,
      "U_frozen": 0.3125,
      "U_fresh": 0.3359027777777777,
      "U_MAP": 0.38486111111111115,
      "U_bias": 0.37986111111111115,
      "Gh_native": 0.07236111111111115,
      "Gh_informed": 0.026805555555555582,
      "Gh_random_mean": 0.04158730158730159,
      "dGh_specific": -0.014781746031746007
    },
    "16": {
      "dU_MAP_frozen": 0.0821527777777778,
      "dU_MAP_fresh": 0.028333333333333377,
      "dU_MAP_bias": 0.01395833333333335,
      "U_frozen": 0.3125,
      "U_fresh": 0.3663194444444444,
      "U_MAP": 0.3946527777777778,
      "U_bias": 0.38069444444444445,
      "Gh_native": 0.0821527777777778,
      "Gh_informed": 0.027986111111111045,
      "Gh_random_mean": 0.050843253968253975,
      "dGh_specific": -0.02285714285714293
    },
    "32": {
      "dU_MAP_frozen": 0.09173611111111113,
      "dU_MAP_fresh": -0.021458333333333357,
      "dU_MAP_bias": 0.02243055555555562,
      "U_frozen": 0.3125,
      "U_fresh": 0.4256944444444445,
      "U_MAP": 0.40423611111111113,
      "U_bias": 0.3818055555555555,
      "Gh_native": 0.09173611111111113,
      "Gh_informed": 0.03888888888888886,
      "Gh_random_mean": 0.05859920634920634,
      "dGh_specific": -0.019710317460317477
    },
    "Full": {
      "dU_MAP_frozen": 0.10069444444444442,
      "dU_MAP_fresh": -0.05208333333333337,
      "dU_MAP_bias": 0.03472222222222221,
      "U_frozen": 0.3125,
      "U_fresh": 0.4652777777777778,
      "U_MAP": 0.4131944444444444,
      "U_bias": 0.3784722222222222,
      "Gh_native": 0.10069444444444442,
      "Gh_informed": 0.055555555555555525,
      "Gh_random_mean": 0.06716269841269844,
      "dGh_specific": -0.011607142857142913
    }
  },
  "firewall": {
    "source_only_construction": true,
    "alpha_source_only": true,
    "Ycal_used_for_head_adapt": true,
    "Yquery_used_for_selection": false,
    "Xquery_used_for_selection": false,
    "Yquery_used_for_outcome": true
  }
}