{
  "dataset": "Lee2019_MI",
  "subject": "42",
  "seed": 1,
  "status": "ok",
  "C": 2,
  "rank": 8,
  "n_cal": 100,
  "n_query": 100,
  "cal_session": [
    "0"
  ],
  "query_sessions": [
    "1"
  ],
  "alpha": 1.0,
  "alpha_info": {
    "mean_ce": {
      "0.001": 0.5912044399622722,
      "0.01": 0.49217136395165745,
      "0.1": 0.41748334351219485,
      "1.0": 0.40368249617992824,
      "10.0": 0.4046322316973477,
      "100.0": 0.4048901564484511
    },
    "n_pseudo": 53
  },
  "n_random": 50,
  "n_matched_random": 29,
  "informed_src_bacc": 0.6675471698113208,
  "native_src_bacc": 0.7980188679245284,
  "n_draws": 50,
  "cal_per_class": {
    "0": 50,
    "1": 50
  },
  "budget_class_shortfall": {},
  "endpoints": {
    "1": {
      "dU_MAP_frozen": -0.009999999999999898,
      "dU_MAP_fresh": 0.20499999999999996,
      "dU_MAP_bias": 0.04540000000000022,
      "U_frozen": 0.7299999999999999,
      "U_fresh": 0.515,
      "U_MAP": 0.72,
      "U_bias": 0.6745999999999998,
      "Gh_native": -0.009999999999999898,
      "Gh_informed": -0.02819999999999978,
      "Gh_random_mean": -0.02886206896551724,
      "dGh_specific": 0.0006620689655174594
    },
    "2": {
      "dU_MAP_frozen": -0.009399999999999964,
      "dU_MAP_fresh": 0.1906,
      "dU_MAP_bias": 0.014799999999999924,
      "U_frozen": 0.7299999999999999,
      "U_fresh": 0.5299999999999999,
      "U_MAP": 0.7205999999999999,
      "U_bias": 0.7058,
      "Gh_native": -0.009399999999999964,
      "Gh_informed": -0.013599999999999834,
      "Gh_random_mean": -0.016482758620689646,
      "dGh_specific": 0.002882758620689811
    },
    "4": {
      "dU_MAP_frozen": -0.009599999999999831,
      "dU_MAP_fresh": 0.17620000000000013,
      "dU_MAP_bias": 0.00780000000000014,
      "U_frozen": 0.7299999999999999,
      "U_fresh": 0.5441999999999999,
      "U_MAP": 0.7204,
      "U_bias": 0.7125999999999999,
      "Gh_native": -0.009599999999999831,
      "Gh_informed": -0.013999999999999901,
      "Gh_random_mean": -0.005406896551724151,
      "dGh_specific": -0.008593103448275751
    },
    "8": {
      "dU_MAP_frozen": -0.01079999999999981,
      "dU_MAP_fresh": 0.15380000000000005,
      "dU_MAP_bias": -0.018999999999999906,
      "U_frozen": 0.7299999999999999,
      "U_fresh": 0.5654,
      "U_MAP": 0.7192000000000001,
      "U_bias": 0.7382,
      "Gh_native": -0.01079999999999981,
      "Gh_informed": -0.004799999999999693,
      "Gh_random_mean": -0.000275862068965506,
      "dGh_specific": -0.004524137931034187
    },
    "16": {
      "dU_MAP_frozen": -0.010000000000000009,
      "dU_MAP_fresh": 0.14339999999999975,
      "dU_MAP_bias": -0.011600000000000277,
      "U_frozen": 0.7299999999999999,
      "U_fresh": 0.5766000000000001,
      "U_MAP": 0.7199999999999999,
      "U_bias": 0.7316000000000001,
      "Gh_native": -0.010000000000000009,
      "Gh_informed": -0.0027999999999998026,
      "Gh_random_mean": 0.005220689655172406,
      "dGh_specific": -0.00802068965517221
    },
    "32": {
      "dU_MAP_frozen": -0.013399999999999856,
      "dU_MAP_fresh": 0.10519999999999996,
      "dU_MAP_bias": -0.014399999999999968,
      "U_frozen": 0.7299999999999999,
      "U_fresh": 0.6114,
      "U_MAP": 0.7166,
      "U_bias": 0.731,
      "Gh_native": -0.013399999999999856,
      "Gh_informed": 0.0038000000000000256,
      "Gh_random_mean": 0.007386206896551707,
      "dGh_specific": -0.0035862068965516816
    },
    "Full": {
      "dU_MAP_frozen": -0.010000000000000009,
      "dU_MAP_fresh": 0.10999999999999999,
      "dU_MAP_bias": -0.030000000000000027,
      "U_frozen": 0.73,
      "U_fresh": 0.61,
      "U_MAP": 0.72,
      "U_bias": 0.75,
      "Gh_native": -0.010000000000000009,
      "Gh_informed": 0.010000000000000009,
      "Gh_random_mean": 0.010344827586206902,
      "dGh_specific": -0.00034482758620689273
    }
  },
  "firewall": {
    "source_only_construction": true,
    "alpha_source_only": true,
    "Ycal_used_for_head_adapt": true,
    "Yquery_used_for_selection": false,
    "Xquery_used_for_selection": false,
    "Yquery_used_for_outcome": true
  }
}