{
  "dataset": "BNCI2014_004",
  "subject": "2",
  "seed": 1,
  "status": "ok",
  "C": 2,
  "rank": 8,
  "n_cal": 120,
  "n_query": 560,
  "cal_session": [
    "0train"
  ],
  "query_sessions": [
    "1train",
    "2train",
    "3test",
    "4test"
  ],
  "alpha": 1.0,
  "alpha_info": {
    "mean_ce": {
      "0.001": 0.6252497601546115,
      "0.01": 0.5476986132905102,
      "0.1": 0.4934475370227096,
      "1.0": 0.4897648056753693,
      "10.0": 0.4971808524892037,
      "100.0": 0.4986386405305939
    },
    "n_pseudo": 8
  },
  "n_random": 50,
  "n_matched_random": 29,
  "informed_src_bacc": 0.6645547945205479,
  "native_src_bacc": 0.7556506849315069,
  "n_draws": 50,
  "cal_per_class": {
    "0": 60,
    "1": 60
  },
  "budget_class_shortfall": {},
  "endpoints": {
    "1": {
      "dU_MAP_frozen": 0.001979166666666754,
      "dU_MAP_fresh": 0.04368749999999988,
      "dU_MAP_bias": 0.013552083333333353,
      "U_frozen": 0.5432291666666665,
      "U_fresh": 0.5015208333333334,
      "U_MAP": 0.5452083333333333,
      "U_bias": 0.5316562499999999,
      "Gh_native": 0.001979166666666754,
      "Gh_informed": -0.007552083333333348,
      "Gh_random_mean": -0.009787356321839025,
      "dGh_specific": 0.0022352729885056766
    },
    "2": {
      "dU_MAP_frozen": 0.0030416666666667203,
      "dU_MAP_fresh": 0.036833333333333274,
      "dU_MAP_bias": 0.011781249999999965,
      "U_frozen": 0.5432291666666665,
      "U_fresh": 0.5094375,
      "U_MAP": 0.5462708333333333,
      "U_bias": 0.5344895833333333,
      "Gh_native": 0.0030416666666667203,
      "Gh_informed": -0.007302083333333376,
      "Gh_random_mean": -0.007781249999999946,
      "dGh_specific": 0.0004791666666665705
    },
    "4": {
      "dU_MAP_frozen": 0.0057395833333334645,
      "dU_MAP_fresh": 0.03279166666666666,
      "dU_MAP_bias": 0.007437500000000097,
      "U_frozen": 0.5432291666666665,
      "U_fresh": 0.5161770833333333,
      "U_MAP": 0.54896875,
      "U_bias": 0.5415312499999999,
      "Gh_native": 0.0057395833333334645,
      "Gh_informed": -0.00811458333333337,
      "Gh_random_mean": -0.0015391522988505491,
      "dGh_specific": -0.006575431034482821
    },
    "8": {
      "dU_MAP_frozen": 0.006572916666666706,
      "dU_MAP_fresh": 0.040010416666666604,
      "dU_MAP_bias": 0.004302083333333262,
      "U_frozen": 0.5432291666666665,
      "U_fresh": 0.5097916666666666,
      "U_MAP": 0.5498020833333332,
      "U_bias": 0.5455,
      "Gh_native": 0.006572916666666706,
      "Gh_informed": -0.00477083333333328,
      "Gh_random_mean": 9.339080459774638e-05,
      "dGh_specific": -0.004864224137931026
    },
    "16": {
      "dU_MAP_frozen": 0.007625000000000104,
      "dU_MAP_fresh": 0.035499999999999976,
      "dU_MAP_bias": 0.007156249999999975,
      "U_frozen": 0.5432291666666665,
      "U_fresh": 0.5153541666666667,
      "U_MAP": 0.5508541666666666,
      "U_bias": 0.5436979166666667,
      "Gh_native": 0.007625000000000104,
      "Gh_informed": -0.007927083333333473,
      "Gh_random_mean": 0.0022869971264368127,
      "dGh_specific": -0.010214080459770286
    },
    "32": {
      "dU_MAP_frozen": 0.007697916666666749,
      "dU_MAP_fresh": 0.03035416666666657,
      "dU_MAP_bias": 0.004729166666666562,
      "U_frozen": 0.5432291666666665,
      "U_fresh": 0.5205729166666667,
      "U_MAP": 0.5509270833333333,
      "U_bias": 0.5461979166666667,
      "Gh_native": 0.007697916666666749,
      "Gh_informed": -0.007697916666666749,
      "Gh_random_mean": 0.0030427442528735836,
      "dGh_specific": -0.010740660919540332
    },
    "Full": {
      "dU_MAP_frozen": 0.004687499999999956,
      "dU_MAP_fresh": 0.03229166666666661,
      "dU_MAP_bias": 0.002083333333333326,
      "U_frozen": 0.5432291666666667,
      "U_fresh": 0.515625,
      "U_MAP": 0.5479166666666666,
      "U_bias": 0.5458333333333333,
      "Gh_native": 0.004687499999999956,
      "Gh_informed": -0.006250000000000089,
      "Gh_random_mean": 0.005477729885057478,
      "dGh_specific": -0.011727729885057566
    }
  },
  "firewall": {
    "source_only_construction": true,
    "alpha_source_only": true,
    "Ycal_used_for_head_adapt": true,
    "Yquery_used_for_selection": false,
    "Xquery_used_for_selection": false,
    "Yquery_used_for_outcome": true
  }
}