{
  "dataset": "BNCI2014_004",
  "subject": "6",
  "seed": 0,
  "status": "ok",
  "C": 2,
  "rank": 8,
  "n_cal": 120,
  "n_query": 600,
  "cal_session": [
    "0train"
  ],
  "query_sessions": [
    "1train",
    "2train",
    "3test",
    "4test"
  ],
  "alpha": 1.0,
  "alpha_info": {
    "mean_ce": {
      "0.001": 0.6150312989737394,
      "0.01": 0.5840259400085035,
      "0.1": 0.5323366953565531,
      "1.0": 0.5173182787285504,
      "10.0": 0.5233558342534965,
      "100.0": 0.5248843311396332
    },
    "n_pseudo": 8
  },
  "n_random": 50,
  "n_matched_random": 9,
  "informed_src_bacc": 0.5946551724137932,
  "native_src_bacc": 0.7312068965517241,
  "n_draws": 50,
  "cal_per_class": {
    "0": 60,
    "1": 60
  },
  "budget_class_shortfall": {},
  "endpoints": {
    "1": {
      "dU_MAP_frozen": -0.008812500000000001,
      "dU_MAP_fresh": 0.12222916666666661,
      "dU_MAP_bias": 0.013364583333333346,
      "U_frozen": 0.6739583333333333,
      "U_fresh": 0.5429166666666667,
      "U_MAP": 0.6651458333333333,
      "U_bias": 0.65178125,
      "Gh_native": -0.008812500000000001,
      "Gh_informed": -0.013656250000000147,
      "Gh_random_mean": -0.010641203703703757,
      "dGh_specific": -0.0030150462962963906
    },
    "2": {
      "dU_MAP_frozen": -0.009093750000000012,
      "dU_MAP_fresh": 0.1146562499999999,
      "dU_MAP_bias": 0.0041041666666665755,
      "U_frozen": 0.6739583333333333,
      "U_fresh": 0.5502083333333334,
      "U_MAP": 0.6648645833333333,
      "U_bias": 0.6607604166666667,
      "Gh_native": -0.009093750000000012,
      "Gh_informed": -0.0027083333333334236,
      "Gh_random_mean": -0.004765046296296347,
      "dGh_specific": 0.0020567129629629234
    },
    "4": {
      "dU_MAP_frozen": -0.00794791666666661,
      "dU_MAP_fresh": 0.11606250000000007,
      "dU_MAP_bias": 0.0011562500000000808,
      "U_frozen": 0.6739583333333333,
      "U_fresh": 0.5499479166666666,
      "U_MAP": 0.6660104166666667,
      "U_bias": 0.6648541666666666,
      "Gh_native": -0.00794791666666661,
      "Gh_informed": -0.0011041666666667949,
      "Gh_random_mean": 0.0007638888888888356,
      "dGh_specific": -0.0018680555555556306
    },
    "8": {
      "dU_MAP_frozen": -0.0069270833333333615,
      "dU_MAP_fresh": 0.08359374999999991,
      "dU_MAP_bias": -0.005270833333333225,
      "U_frozen": 0.6739583333333333,
      "U_fresh": 0.5834375,
      "U_MAP": 0.66703125,
      "U_bias": 0.6723020833333332,
      "Gh_native": -0.0069270833333333615,
      "Gh_informed": 0.007729166666666565,
      "Gh_random_mean": 0.008415509259259244,
      "dGh_specific": -0.0006863425925926793
    },
    "16": {
      "dU_MAP_frozen": -0.006781250000000072,
      "dU_MAP_fresh": 0.07628124999999986,
      "dU_MAP_bias": -0.006802083333333542,
      "U_frozen": 0.6739583333333333,
      "U_fresh": 0.5908958333333334,
      "U_MAP": 0.6671770833333333,
      "U_bias": 0.6739791666666668,
      "Gh_native": -0.006781250000000072,
      "Gh_informed": 0.0064791666666664804,
      "Gh_random_mean": 0.009785879629629587,
      "dGh_specific": -0.0033067129629631067
    },
    "32": {
      "dU_MAP_frozen": -0.0071041666666668,
      "dU_MAP_fresh": 0.027270833333333133,
      "dU_MAP_bias": -0.010072916666666765,
      "U_frozen": 0.6739583333333333,
      "U_fresh": 0.6395833333333334,
      "U_MAP": 0.6668541666666665,
      "U_bias": 0.6769270833333333,
      "Gh_native": -0.0071041666666668,
      "Gh_informed": 0.010531249999999881,
      "Gh_random_mean": 0.013586805555555494,
      "dGh_specific": -0.0030555555555556134
    },
    "Full": {
      "dU_MAP_frozen": -0.005729166666666785,
      "dU_MAP_fresh": 0.014583333333333282,
      "dU_MAP_bias": -0.009375000000000022,
      "U_frozen": 0.6739583333333334,
      "U_fresh": 0.6536458333333334,
      "U_MAP": 0.6682291666666667,
      "U_bias": 0.6776041666666667,
      "Gh_native": -0.005729166666666785,
      "Gh_informed": 0.012499999999999956,
      "Gh_random_mean": 0.014467592592592584,
      "dGh_specific": -0.0019675925925926284
    }
  },
  "firewall": {
    "source_only_construction": true,
    "alpha_source_only": true,
    "Ycal_used_for_head_adapt": true,
    "Yquery_used_for_selection": false,
    "Xquery_used_for_selection": false,
    "Yquery_used_for_outcome": true
  }
}