{
  "dataset": "BNCI2014_004",
  "subject": "9",
  "seed": 1,
  "status": "ok",
  "C": 2,
  "rank": 8,
  "n_cal": 120,
  "n_query": 600,
  "cal_session": [
    "0train"
  ],
  "query_sessions": [
    "1train",
    "2train",
    "3test",
    "4test"
  ],
  "alpha": 1.0,
  "alpha_info": {
    "mean_ce": {
      "0.001": 0.6192655498632631,
      "0.01": 0.5667919853069754,
      "0.1": 0.5211534983186423,
      "1.0": 0.5210043703455384,
      "10.0": 0.5281327628127096,
      "100.0": 0.5295145472320691
    },
    "n_pseudo": 8
  },
  "n_random": 50,
  "n_matched_random": 8,
  "informed_src_bacc": 0.5874137931034483,
  "native_src_bacc": 0.7296551724137932,
  "n_draws": 50,
  "cal_per_class": {
    "0": 60,
    "1": 60
  },
  "budget_class_shortfall": {},
  "endpoints": {
    "1": {
      "dU_MAP_frozen": -0.031083333333333574,
      "dU_MAP_fresh": 0.20614583333333314,
      "dU_MAP_bias": 0.052999999999999936,
      "U_frozen": 0.7385416666666668,
      "U_fresh": 0.5013125,
      "U_MAP": 0.7074583333333332,
      "U_bias": 0.6544583333333333,
      "Gh_native": -0.031083333333333574,
      "Gh_informed": -0.10815624999999995,
      "Gh_random_mean": -0.0395442708333333,
      "dGh_specific": -0.06861197916666666
    },
    "2": {
      "dU_MAP_frozen": -0.021250000000000213,
      "dU_MAP_fresh": 0.19636458333333318,
      "dU_MAP_bias": 0.04308333333333303,
      "U_frozen": 0.7385416666666668,
      "U_fresh": 0.5209270833333334,
      "U_MAP": 0.7172916666666665,
      "U_bias": 0.6742083333333335,
      "Gh_native": -0.021250000000000213,
      "Gh_informed": -0.0831770833333334,
      "Gh_random_mean": -0.032502604166666615,
      "dGh_specific": -0.050674479166666786
    },
    "4": {
      "dU_MAP_frozen": -0.018760416666666724,
      "dU_MAP_fresh": 0.17417708333333337,
      "dU_MAP_bias": 0.037968749999999996,
      "U_frozen": 0.7385416666666668,
      "U_fresh": 0.5456041666666667,
      "U_MAP": 0.71978125,
      "U_bias": 0.6818125,
      "Gh_native": -0.018760416666666724,
      "Gh_informed": -0.07031250000000011,
      "Gh_random_mean": -0.020069010416666602,
      "dGh_specific": -0.05024348958333351
    },
    "8": {
      "dU_MAP_frozen": -0.013677083333333395,
      "dU_MAP_fresh": 0.18330208333333342,
      "dU_MAP_bias": 0.02559375000000008,
      "U_frozen": 0.7385416666666668,
      "U_fresh": 0.5415625,
      "U_MAP": 0.7248645833333334,
      "U_bias": 0.6992708333333333,
      "Gh_native": -0.013677083333333395,
      "Gh_informed": -0.07082291666666662,
      "Gh_random_mean": -0.017617187499999937,
      "dGh_specific": -0.05320572916666669
    },
    "16": {
      "dU_MAP_frozen": -0.0013750000000001261,
      "dU_MAP_fresh": 0.16483333333333328,
      "dU_MAP_bias": 0.031145833333333206,
      "U_frozen": 0.7385416666666668,
      "U_fresh": 0.5723333333333334,
      "U_MAP": 0.7371666666666666,
      "U_bias": 0.7060208333333334,
      "Gh_native": -0.0013750000000001261,
      "Gh_informed": -0.03600000000000003,
      "Gh_random_mean": -0.000796874999999933,
      "dGh_specific": -0.0352031250000001
    },
    "32": {
      "dU_MAP_frozen": 0.0003541666666665444,
      "dU_MAP_fresh": 0.10252083333333328,
      "dU_MAP_bias": 0.024354166666666677,
      "U_frozen": 0.7385416666666668,
      "U_fresh": 0.636375,
      "U_MAP": 0.7388958333333333,
      "U_bias": 0.7145416666666666,
      "Gh_native": 0.0003541666666665444,
      "Gh_informed": -0.020197916666666593,
      "Gh_random_mean": 0.005282552083333392,
      "dGh_specific": -0.025480468749999985
    },
    "Full": {
      "dU_MAP_frozen": 0.006250000000000089,
      "dU_MAP_fresh": 0.03489583333333346,
      "dU_MAP_bias": 0.029166666666666785,
      "U_frozen": 0.7385416666666667,
      "U_fresh": 0.7098958333333333,
      "U_MAP": 0.7447916666666667,
      "U_bias": 0.715625,
      "Gh_native": 0.006250000000000089,
      "Gh_informed": -0.008333333333333304,
      "Gh_random_mean": 0.009179687499999964,
      "dGh_specific": -0.017513020833333268
    }
  },
  "firewall": {
    "source_only_construction": true,
    "alpha_source_only": true,
    "Ycal_used_for_head_adapt": true,
    "Yquery_used_for_selection": false,
    "Xquery_used_for_selection": false,
    "Yquery_used_for_outcome": true
  }
}