{
  "dataset": "Lee2019_MI",
  "subject": "54",
  "seed": 0,
  "status": "ok",
  "C": 2,
  "rank": 8,
  "n_cal": 100,
  "n_query": 100,
  "cal_session": [
    "0"
  ],
  "query_sessions": [
    "1"
  ],
  "alpha": 1.0,
  "alpha_info": {
    "mean_ce": {
      "0.001": 0.5779399654761489,
      "0.01": 0.4904036979195541,
      "0.1": 0.4188921821252841,
      "1.0": 0.40720973358043233,
      "10.0": 0.408463798598409,
      "100.0": 0.4087884005963763
    },
    "n_pseudo": 53
  },
  "n_random": 50,
  "n_matched_random": 24,
  "informed_src_bacc": 0.6433962264150943,
  "native_src_bacc": 0.7976415094339622,
  "n_draws": 50,
  "cal_per_class": {
    "0": 50,
    "1": 50
  },
  "budget_class_shortfall": {},
  "endpoints": {
    "1": {
      "dU_MAP_frozen": 1.1102230246251565e-16,
      "dU_MAP_fresh": 0.07720000000000005,
      "dU_MAP_bias": 0.029000000000000026,
      "U_frozen": 0.58,
      "U_fresh": 0.5028,
      "U_MAP": 0.5800000000000001,
      "U_bias": 0.551,
      "Gh_native": 1.1102230246251565e-16,
      "Gh_informed": -0.03080000000000005,
      "Gh_random_mean": -0.0038500000000000014,
      "dGh_specific": -0.026950000000000047
    },
    "2": {
      "dU_MAP_frozen": -0.007999999999999896,
      "dU_MAP_fresh": 0.09440000000000004,
      "dU_MAP_bias": 0.017999999999999905,
      "U_frozen": 0.58,
      "U_fresh": 0.4776,
      "U_MAP": 0.5720000000000001,
      "U_bias": 0.5540000000000002,
      "Gh_native": -0.007999999999999896,
      "Gh_informed": -0.03939999999999999,
      "Gh_random_mean": -0.008658333333333343,
      "dGh_specific": -0.030741666666666646
    },
    "4": {
      "dU_MAP_frozen": -0.0045999999999999375,
      "dU_MAP_fresh": 0.09300000000000003,
      "dU_MAP_bias": 0.017199999999999993,
      "U_frozen": 0.58,
      "U_fresh": 0.4824,
      "U_MAP": 0.5754,
      "U_bias": 0.5582,
      "Gh_native": -0.0045999999999999375,
      "Gh_informed": -0.02619999999999989,
      "Gh_random_mean": -0.0033916666666666934,
      "dGh_specific": -0.022808333333333198
    },
    "8": {
      "dU_MAP_frozen": -0.0047999999999999154,
      "dU_MAP_fresh": 0.1058,
      "dU_MAP_bias": 0.02059999999999995,
      "U_frozen": 0.58,
      "U_fresh": 0.46940000000000004,
      "U_MAP": 0.5752,
      "U_bias": 0.5546000000000001,
      "Gh_native": -0.0047999999999999154,
      "Gh_informed": -0.033600000000000074,
      "Gh_random_mean": -0.005508333333333333,
      "dGh_specific": -0.02809166666666674
    },
    "16": {
      "dU_MAP_frozen": -0.004999999999999893,
      "dU_MAP_fresh": 0.10800000000000004,
      "dU_MAP_bias": 0.008400000000000074,
      "U_frozen": 0.58,
      "U_fresh": 0.467,
      "U_MAP": 0.5750000000000001,
      "U_bias": 0.5666,
      "Gh_native": -0.004999999999999893,
      "Gh_informed": -0.016999999999999793,
      "Gh_random_mean": -0.0046833333333333475,
      "dGh_specific": -0.012316666666666445
    },
    "32": {
      "dU_MAP_frozen": -0.0035999999999999366,
      "dU_MAP_fresh": 0.1419999999999999,
      "dU_MAP_bias": 0.0014000000000000679,
      "U_frozen": 0.58,
      "U_fresh": 0.4344000000000001,
      "U_MAP": 0.5764,
      "U_bias": 0.575,
      "Gh_native": -0.0035999999999999366,
      "Gh_informed": -0.018999999999999906,
      "Gh_random_mean": -0.0049166666666666595,
      "dGh_specific": -0.014083333333333246
    },
    "Full": {
      "dU_MAP_frozen": 0.0,
      "dU_MAP_fresh": 0.1600000000000001,
      "dU_MAP_bias": -0.009999999999999898,
      "U_frozen": 0.5800000000000001,
      "U_fresh": 0.42,
      "U_MAP": 0.5800000000000001,
      "U_bias": 0.59,
      "Gh_native": 0.0,
      "Gh_informed": -0.019999999999999907,
      "Gh_random_mean": -0.004166666666666677,
      "dGh_specific": -0.01583333333333323
    }
  },
  "firewall": {
    "source_only_construction": true,
    "alpha_source_only": true,
    "Ycal_used_for_head_adapt": true,
    "Yquery_used_for_selection": false,
    "Xquery_used_for_selection": false,
    "Yquery_used_for_outcome": true
  }
}