{
  "dataset": "Lee2019_MI",
  "subject": "49",
  "seed": 1,
  "status": "ok",
  "C": 2,
  "rank": 8,
  "n_cal": 100,
  "n_query": 100,
  "cal_session": [
    "0"
  ],
  "query_sessions": [
    "1"
  ],
  "alpha": 1.0,
  "alpha_info": {
    "mean_ce": {
      "0.001": 0.5730457896902371,
      "0.01": 0.48646646995576337,
      "0.1": 0.4238276460550611,
      "1.0": 0.4112870344853487,
      "10.0": 0.4120145397546443,
      "100.0": 0.4122318589323025
    },
    "n_pseudo": 53
  },
  "n_random": 50,
  "n_matched_random": 9,
  "informed_src_bacc": 0.6085849056603774,
  "native_src_bacc": 0.7972641509433962,
  "n_draws": 50,
  "cal_per_class": {
    "0": 50,
    "1": 50
  },
  "budget_class_shortfall": {},
  "endpoints": {
    "1": {
      "dU_MAP_frozen": 0.007800000000000251,
      "dU_MAP_fresh": 0.14260000000000006,
      "dU_MAP_bias": 0.0364000000000001,
      "U_frozen": 0.6599999999999998,
      "U_fresh": 0.5252,
      "U_MAP": 0.6678000000000001,
      "U_bias": 0.6314,
      "Gh_native": 0.007800000000000251,
      "Gh_informed": 0.00019999999999986695,
      "Gh_random_mean": -0.025155555555555573,
      "dGh_specific": 0.02535555555555544
    },
    "2": {
      "dU_MAP_frozen": 0.006600000000000272,
      "dU_MAP_fresh": 0.14460000000000017,
      "dU_MAP_bias": 0.03380000000000016,
      "U_frozen": 0.6599999999999998,
      "U_fresh": 0.5219999999999999,
      "U_MAP": 0.6666000000000001,
      "U_bias": 0.6327999999999999,
      "Gh_native": 0.006600000000000272,
      "Gh_informed": 0.006199999999999983,
      "Gh_random_mean": -0.02342222222222224,
      "dGh_specific": 0.029622222222222223
    },
    "4": {
      "dU_MAP_frozen": 0.007200000000000206,
      "dU_MAP_fresh": 0.15400000000000014,
      "dU_MAP_bias": 0.03820000000000012,
      "U_frozen": 0.6599999999999998,
      "U_fresh": 0.5131999999999999,
      "U_MAP": 0.6672,
      "U_bias": 0.6289999999999999,
      "Gh_native": 0.007200000000000206,
      "Gh_informed": -0.0040000000000000036,
      "Gh_random_mean": -0.015955555555555574,
      "dGh_specific": 0.01195555555555557
    },
    "8": {
      "dU_MAP_frozen": 0.006200000000000205,
      "dU_MAP_fresh": 0.14100000000000001,
      "dU_MAP_bias": 0.05559999999999998,
      "U_frozen": 0.6599999999999998,
      "U_fresh": 0.5252,
      "U_MAP": 0.6662,
      "U_bias": 0.6106,
      "Gh_native": 0.006200000000000205,
      "Gh_informed": 0.010399999999999965,
      "Gh_random_mean": -0.01040000000000002,
      "dGh_specific": 0.020799999999999985
    },
    "16": {
      "dU_MAP_frozen": 0.002000000000000224,
      "dU_MAP_fresh": 0.11699999999999999,
      "dU_MAP_bias": 0.04620000000000002,
      "U_frozen": 0.6599999999999998,
      "U_fresh": 0.545,
      "U_MAP": 0.662,
      "U_bias": 0.6158,
      "Gh_native": 0.002000000000000224,
      "Gh_informed": 0.015599999999999947,
      "Gh_random_mean": -0.004088888888888895,
      "dGh_specific": 0.019688888888888843
    },
    "32": {
      "dU_MAP_frozen": -0.0017999999999996907,
      "dU_MAP_fresh": 0.07800000000000007,
      "dU_MAP_bias": 0.05860000000000021,
      "U_frozen": 0.6599999999999998,
      "U_fresh": 0.5802,
      "U_MAP": 0.6582000000000001,
      "U_bias": 0.5995999999999999,
      "Gh_native": -0.0017999999999996907,
      "Gh_informed": 0.007799999999999918,
      "Gh_random_mean": 0.0009555555555555428,
      "dGh_specific": 0.006844444444444375
    },
    "Full": {
      "dU_MAP_frozen": -0.009999999999999898,
      "dU_MAP_fresh": 0.06999999999999995,
      "dU_MAP_bias": 0.06000000000000005,
      "U_frozen": 0.6599999999999999,
      "U_fresh": 0.5800000000000001,
      "U_MAP": 0.65,
      "U_bias": 0.59,
      "Gh_native": -0.009999999999999898,
      "Gh_informed": 0.010000000000000009,
      "Gh_random_mean": 0.0011111111111110935,
      "dGh_specific": 0.008888888888888915
    }
  },
  "firewall": {
    "source_only_construction": true,
    "alpha_source_only": true,
    "Ycal_used_for_head_adapt": true,
    "Yquery_used_for_selection": false,
    "Xquery_used_for_selection": false,
    "Yquery_used_for_outcome": true
  }
}