{
  "dataset": "Lee2019_MI",
  "subject": "50",
  "seed": 2,
  "status": "ok",
  "C": 2,
  "rank": 8,
  "n_cal": 100,
  "n_query": 100,
  "cal_session": [
    "0"
  ],
  "query_sessions": [
    "1"
  ],
  "alpha": 1.0,
  "alpha_info": {
    "mean_ce": {
      "0.001": 0.5635345646597415,
      "0.01": 0.48652628014727234,
      "0.1": 0.4241450018769603,
      "1.0": 0.41042654618752716,
      "10.0": 0.41070522828852535,
      "100.0": 0.4108780508618944
    },
    "n_pseudo": 53
  },
  "n_random": 50,
  "n_matched_random": 13,
  "informed_src_bacc": 0.6179245283018868,
  "native_src_bacc": 0.7936792452830188,
  "n_draws": 50,
  "cal_per_class": {
    "0": 50,
    "1": 50
  },
  "budget_class_shortfall": {},
  "endpoints": {
    "1": {
      "dU_MAP_frozen": 0.012799999999999923,
      "dU_MAP_fresh": 0.056599999999999984,
      "dU_MAP_bias": 0.027000000000000024,
      "U_frozen": 0.54,
      "U_fresh": 0.4962,
      "U_MAP": 0.5528,
      "U_bias": 0.5257999999999999,
      "Gh_native": 0.012799999999999923,
      "Gh_informed": -0.014200000000000101,
      "Gh_random_mean": -0.0044153846153846075,
      "dGh_specific": -0.009784615384615494
    },
    "2": {
      "dU_MAP_frozen": 0.014799999999999924,
      "dU_MAP_fresh": 0.06440000000000001,
      "dU_MAP_bias": 0.026799999999999935,
      "U_frozen": 0.54,
      "U_fresh": 0.49039999999999995,
      "U_MAP": 0.5548,
      "U_bias": 0.528,
      "Gh_native": 0.014799999999999924,
      "Gh_informed": -0.0132000000000001,
      "Gh_random_mean": -0.00892307692307697,
      "dGh_specific": -0.004276923076923131
    },
    "4": {
      "dU_MAP_frozen": 0.024800000000000044,
      "dU_MAP_fresh": 0.07340000000000013,
      "dU_MAP_bias": 0.022800000000000042,
      "U_frozen": 0.54,
      "U_fresh": 0.49139999999999995,
      "U_MAP": 0.5648000000000001,
      "U_bias": 0.542,
      "Gh_native": 0.024800000000000044,
      "Gh_informed": -0.007000000000000117,
      "Gh_random_mean": -0.007615384615384601,
      "dGh_specific": 0.0006153846153844839
    },
    "8": {
      "dU_MAP_frozen": 0.017799999999999927,
      "dU_MAP_fresh": 0.07179999999999997,
      "dU_MAP_bias": 0.013399999999999967,
      "U_frozen": 0.54,
      "U_fresh": 0.486,
      "U_MAP": 0.5578,
      "U_bias": 0.5444,
      "Gh_native": 0.017799999999999927,
      "Gh_informed": -0.0038000000000001366,
      "Gh_random_mean": -0.012323076923076954,
      "dGh_specific": 0.008523076923076817
    },
    "16": {
      "dU_MAP_frozen": 0.018199999999999994,
      "dU_MAP_fresh": 0.0686,
      "dU_MAP_bias": 0.013999999999999901,
      "U_frozen": 0.54,
      "U_fresh": 0.48960000000000004,
      "U_MAP": 0.5582,
      "U_bias": 0.5442000000000001,
      "Gh_native": 0.018199999999999994,
      "Gh_informed": -0.002200000000000202,
      "Gh_random_mean": -0.006969230769230774,
      "dGh_specific": 0.004769230769230573
    },
    "32": {
      "dU_MAP_frozen": 0.016199999999999992,
      "dU_MAP_fresh": 0.0842,
      "dU_MAP_bias": 0.007399999999999962,
      "U_frozen": 0.54,
      "U_fresh": 0.47200000000000003,
      "U_MAP": 0.5562,
      "U_bias": 0.5488000000000001,
      "Gh_native": 0.016199999999999992,
      "Gh_informed": -0.0018000000000001348,
      "Gh_random_mean": -0.008738461538461554,
      "dGh_specific": 0.0069384615384614195
    },
    "Full": {
      "dU_MAP_frozen": 0.020000000000000018,
      "dU_MAP_fresh": 0.09000000000000008,
      "dU_MAP_bias": 0.010000000000000009,
      "U_frozen": 0.54,
      "U_fresh": 0.47,
      "U_MAP": 0.56,
      "U_bias": 0.55,
      "Gh_native": 0.020000000000000018,
      "Gh_informed": 0.0,
      "Gh_random_mean": -0.003846153846153841,
      "dGh_specific": 0.003846153846153841
    }
  },
  "firewall": {
    "source_only_construction": true,
    "alpha_source_only": true,
    "Ycal_used_for_head_adapt": true,
    "Yquery_used_for_selection": false,
    "Xquery_used_for_selection": false,
    "Yquery_used_for_outcome": true
  }
}