{
  "dataset": "BNCI2015_001",
  "subject": "10",
  "seed": 2,
  "status": "ok",
  "C": 2,
  "rank": 8,
  "n_cal": 200,
  "n_query": 400,
  "cal_session": [
    "0A"
  ],
  "query_sessions": [
    "1B",
    "2C"
  ],
  "alpha": 0.1,
  "alpha_info": {
    "mean_ce": {
      "0.001": 0.3821662631922667,
      "0.01": 0.3469527639468239,
      "0.1": 0.3374241096364365,
      "1.0": 0.3688757662619229,
      "10.0": 0.4005702736029369,
      "100.0": 0.40725516125963335
    },
    "n_pseudo": 11
  },
  "n_random": 50,
  "n_matched_random": 12,
  "informed_src_bacc": 0.7558,
  "native_src_bacc": 0.8222,
  "n_draws": 50,
  "cal_per_class": {
    "0": 100,
    "1": 100
  },
  "budget_class_shortfall": {},
  "endpoints": {
    "1": {
      "dU_MAP_frozen": -0.022399999999999864,
      "dU_MAP_fresh": 0.08639999999999992,
      "dU_MAP_bias": 0.013800000000000034,
      "U_frozen": 0.6174999999999998,
      "U_fresh": 0.5087,
      "U_MAP": 0.5951,
      "U_bias": 0.5812999999999999,
      "Gh_native": -0.022399999999999864,
      "Gh_informed": -0.026650000000000063,
      "Gh_random_mean": -0.035679166666666644,
      "dGh_specific": 0.009029166666666581
    },
    "2": {
      "dU_MAP_frozen": -0.019199999999999884,
      "dU_MAP_fresh": 0.0764999999999999,
      "dU_MAP_bias": 0.030199999999999894,
      "U_frozen": 0.6174999999999998,
      "U_fresh": 0.5218,
      "U_MAP": 0.5982999999999999,
      "U_bias": 0.5681,
      "Gh_native": -0.019199999999999884,
      "Gh_informed": -0.025600000000000178,
      "Gh_random_mean": -0.03313333333333334,
      "dGh_specific": 0.007533333333333163
    },
    "4": {
      "dU_MAP_frozen": -0.01629999999999976,
      "dU_MAP_fresh": 0.05465000000000009,
      "dU_MAP_bias": 0.030000000000000138,
      "U_frozen": 0.6174999999999998,
      "U_fresh": 0.54655,
      "U_MAP": 0.6012000000000001,
      "U_bias": 0.5711999999999999,
      "Gh_native": -0.01629999999999976,
      "Gh_informed": -0.022950000000000248,
      "Gh_random_mean": -0.024554166666666672,
      "dGh_specific": 0.001604166666666424
    },
    "8": {
      "dU_MAP_frozen": -0.0179499999999998,
      "dU_MAP_fresh": 0.04640000000000011,
      "dU_MAP_bias": 0.02320000000000011,
      "U_frozen": 0.6174999999999998,
      "U_fresh": 0.5531499999999999,
      "U_MAP": 0.59955,
      "U_bias": 0.5763499999999999,
      "Gh_native": -0.0179499999999998,
      "Gh_informed": -0.014600000000000168,
      "Gh_random_mean": -0.02316666666666664,
      "dGh_specific": 0.008566666666666473
    },
    "16": {
      "dU_MAP_frozen": -0.011049999999999893,
      "dU_MAP_fresh": 0.04084999999999994,
      "dU_MAP_bias": 0.03545000000000009,
      "U_frozen": 0.6174999999999998,
      "U_fresh": 0.5656,
      "U_MAP": 0.6064499999999999,
      "U_bias": 0.5709999999999998,
      "Gh_native": -0.011049999999999893,
      "Gh_informed": -0.01330000000000009,
      "Gh_random_mean": -0.013612499999999963,
      "dGh_specific": 0.00031249999999987364
    },
    "32": {
      "dU_MAP_frozen": -0.006449999999999845,
      "dU_MAP_fresh": 0.018399999999999972,
      "dU_MAP_bias": 0.038000000000000034,
      "U_frozen": 0.6174999999999998,
      "U_fresh": 0.59265,
      "U_MAP": 0.61105,
      "U_bias": 0.57305,
      "Gh_native": -0.006449999999999845,
      "Gh_informed": -0.005400000000000071,
      "Gh_random_mean": -0.00810833333333331,
      "dGh_specific": 0.002708333333333238
    },
    "Full": {
      "dU_MAP_frozen": 0.007500000000000062,
      "dU_MAP_fresh": 0.010000000000000009,
      "dU_MAP_bias": 0.06000000000000005,
      "U_frozen": 0.6174999999999999,
      "U_fresh": 0.615,
      "U_MAP": 0.625,
      "U_bias": 0.565,
      "Gh_native": 0.007500000000000062,
      "Gh_informed": -0.012499999999999956,
      "Gh_random_mean": -0.006458333333333316,
      "dGh_specific": -0.00604166666666664
    }
  },
  "firewall": {
    "source_only_construction": true,
    "alpha_source_only": true,
    "Ycal_used_for_head_adapt": true,
    "Yquery_used_for_selection": false,
    "Xquery_used_for_selection": false,
    "Yquery_used_for_outcome": true
  }
}