{
  "dataset": "Lee2019_MI",
  "subject": "20",
  "seed": 1,
  "status": "ok",
  "C": 2,
  "rank": 8,
  "n_cal": 100,
  "n_query": 100,
  "cal_session": [
    "0"
  ],
  "query_sessions": [
    "1"
  ],
  "alpha": 1.0,
  "alpha_info": {
    "mean_ce": {
      "0.001": 0.6098510696935265,
      "0.01": 0.5046220992319682,
      "0.1": 0.4319205011629635,
      "1.0": 0.4166673350835311,
      "10.0": 0.41707007890925857,
      "100.0": 0.4173166810203572
    },
    "n_pseudo": 53
  },
  "n_random": 50,
  "n_matched_random": 26,
  "informed_src_bacc": 0.645,
  "native_src_bacc": 0.7872641509433962,
  "n_draws": 50,
  "cal_per_class": {
    "0": 50,
    "1": 50
  },
  "budget_class_shortfall": {},
  "endpoints": {
    "1": {
      "dU_MAP_frozen": 0.011600000000000166,
      "dU_MAP_fresh": 0.1671999999999999,
      "dU_MAP_bias": 0.011600000000000166,
      "U_frozen": 0.6799999999999998,
      "U_fresh": 0.5244000000000001,
      "U_MAP": 0.6916,
      "U_bias": 0.6799999999999998,
      "Gh_native": 0.011600000000000166,
      "Gh_informed": -0.028599999999999848,
      "Gh_random_mean": -0.017807692307692323,
      "dGh_specific": -0.010792307692307525
    },
    "2": {
      "dU_MAP_frozen": 0.01540000000000008,
      "dU_MAP_fresh": 0.1654,
      "dU_MAP_bias": -0.015799999999999814,
      "U_frozen": 0.6799999999999998,
      "U_fresh": 0.5299999999999999,
      "U_MAP": 0.6953999999999999,
      "U_bias": 0.7111999999999997,
      "Gh_native": 0.01540000000000008,
      "Gh_informed": -0.016599999999999837,
      "Gh_random_mean": -0.01496153846153848,
      "dGh_specific": -0.0016384615384613579
    },
    "4": {
      "dU_MAP_frozen": 0.01440000000000019,
      "dU_MAP_fresh": 0.1641999999999999,
      "dU_MAP_bias": -0.034399999999999986,
      "U_frozen": 0.6799999999999998,
      "U_fresh": 0.5302000000000001,
      "U_MAP": 0.6944,
      "U_bias": 0.7288,
      "Gh_native": 0.01440000000000019,
      "Gh_informed": -0.0025999999999998247,
      "Gh_random_mean": -0.012792307692307693,
      "dGh_specific": 0.010192307692307868
    },
    "8": {
      "dU_MAP_frozen": 0.008000000000000118,
      "dU_MAP_fresh": 0.1491999999999999,
      "dU_MAP_bias": -0.037800000000000056,
      "U_frozen": 0.6799999999999998,
      "U_fresh": 0.5388000000000001,
      "U_MAP": 0.688,
      "U_bias": 0.7258,
      "Gh_native": 0.008000000000000118,
      "Gh_informed": -0.0003999999999998449,
      "Gh_random_mean": -0.010630769230769225,
      "dGh_specific": 0.01023076923076938
    },
    "16": {
      "dU_MAP_frozen": 0.010199999999999987,
      "dU_MAP_fresh": 0.1185999999999997,
      "dU_MAP_bias": -0.040400000000000214,
      "U_frozen": 0.6799999999999998,
      "U_fresh": 0.5716000000000001,
      "U_MAP": 0.6901999999999998,
      "U_bias": 0.7306,
      "Gh_native": 0.010199999999999987,
      "Gh_informed": 0.0022000000000000908,
      "Gh_random_mean": -0.00905384615384617,
      "dGh_specific": 0.01125384615384626
    },
    "32": {
      "dU_MAP_frozen": 0.0030000000000001137,
      "dU_MAP_fresh": 0.05840000000000001,
      "dU_MAP_bias": -0.04880000000000018,
      "U_frozen": 0.6799999999999998,
      "U_fresh": 0.6245999999999999,
      "U_MAP": 0.6829999999999999,
      "U_bias": 0.7318000000000001,
      "Gh_native": 0.0030000000000001137,
      "Gh_informed": -0.0047999999999999154,
      "Gh_random_mean": -0.010461538461538493,
      "dGh_specific": 0.005661538461538577
    },
    "Full": {
      "dU_MAP_frozen": 0.0,
      "dU_MAP_fresh": 0.020000000000000018,
      "dU_MAP_bias": -0.050000000000000044,
      "U_frozen": 0.6799999999999999,
      "U_fresh": 0.6599999999999999,
      "U_MAP": 0.6799999999999999,
      "U_bias": 0.73,
      "Gh_native": 0.0,
      "Gh_informed": -0.010000000000000009,
      "Gh_random_mean": -0.00961538461538462,
      "dGh_specific": -0.0003846153846153895
    }
  },
  "firewall": {
    "source_only_construction": true,
    "alpha_source_only": true,
    "Ycal_used_for_head_adapt": true,
    "Yquery_used_for_selection": false,
    "Xquery_used_for_selection": false,
    "Yquery_used_for_outcome": true
  }
}