{
  "dataset": "BNCI2014_004",
  "subject": "3",
  "seed": 0,
  "status": "ok",
  "C": 2,
  "rank": 8,
  "n_cal": 120,
  "n_query": 600,
  "cal_session": [
    "0train"
  ],
  "query_sessions": [
    "1train",
    "2train",
    "3test",
    "4test"
  ],
  "alpha": 1.0,
  "alpha_info": {
    "mean_ce": {
      "0.001": 0.6379867597929076,
      "0.01": 0.5574693759683941,
      "0.1": 0.48825615824083657,
      "1.0": 0.4760307083785754,
      "10.0": 0.4821986233108021,
      "100.0": 0.483635010819533
    },
    "n_pseudo": 8
  },
  "n_random": 50,
  "n_matched_random": 23,
  "informed_src_bacc": 0.6524137931034483,
  "native_src_bacc": 0.7620689655172415,
  "n_draws": 50,
  "cal_per_class": {
    "0": 60,
    "1": 60
  },
  "budget_class_shortfall": {},
  "endpoints": {
    "1": {
      "dU_MAP_frozen": 0.002697916666666633,
      "dU_MAP_fresh": 0.011968750000000083,
      "dU_MAP_bias": 0.005937499999999929,
      "U_frozen": 0.5145833333333334,
      "U_fresh": 0.5053124999999999,
      "U_MAP": 0.51728125,
      "U_bias": 0.5113437500000001,
      "Gh_native": 0.002697916666666633,
      "Gh_informed": 0.006791666666666585,
      "Gh_random_mean": 0.00022418478260870415,
      "dGh_specific": 0.006567481884057881
    },
    "2": {
      "dU_MAP_frozen": 0.007427083333333195,
      "dU_MAP_fresh": 0.01969791666666665,
      "dU_MAP_bias": 0.0089479166666665,
      "U_frozen": 0.5145833333333334,
      "U_fresh": 0.5023124999999999,
      "U_MAP": 0.5220104166666666,
      "U_bias": 0.5130625000000001,
      "Gh_native": 0.007427083333333195,
      "Gh_informed": 0.007875000000000021,
      "Gh_random_mean": 0.0010484601449275504,
      "dGh_specific": 0.006826539855072471
    },
    "4": {
      "dU_MAP_frozen": 0.005510416666666629,
      "dU_MAP_fresh": 0.015000000000000013,
      "dU_MAP_bias": 0.0067187499999999956,
      "U_frozen": 0.5145833333333334,
      "U_fresh": 0.50509375,
      "U_MAP": 0.52009375,
      "U_bias": 0.513375,
      "Gh_native": 0.005510416666666629,
      "Gh_informed": 0.007093749999999954,
      "Gh_random_mean": 0.002905797101449286,
      "dGh_specific": 0.004187952898550668
    },
    "8": {
      "dU_MAP_frozen": 0.009604166666666525,
      "dU_MAP_fresh": 0.014072916666666546,
      "dU_MAP_bias": 0.008812500000000001,
      "U_frozen": 0.5145833333333334,
      "U_fresh": 0.5101145833333334,
      "U_MAP": 0.5241874999999999,
      "U_bias": 0.5153749999999999,
      "Gh_native": 0.009604166666666525,
      "Gh_informed": 0.006552083333333292,
      "Gh_random_mean": 0.005221920289855073,
      "dGh_specific": 0.001330163043478219
    },
    "16": {
      "dU_MAP_frozen": 0.011062499999999975,
      "dU_MAP_fresh": 0.018437499999999996,
      "dU_MAP_bias": 0.009864583333333399,
      "U_frozen": 0.5145833333333334,
      "U_fresh": 0.5072083333333334,
      "U_MAP": 0.5256458333333334,
      "U_bias": 0.51578125,
      "Gh_native": 0.011062499999999975,
      "Gh_informed": 0.007062499999999916,
      "Gh_random_mean": 0.006867753623188419,
      "dGh_specific": 0.00019474637681149692
    },
    "32": {
      "dU_MAP_frozen": 0.01141666666666663,
      "dU_MAP_fresh": 0.0027395833333332398,
      "dU_MAP_bias": 0.011083333333333334,
      "U_frozen": 0.5145833333333334,
      "U_fresh": 0.5232604166666668,
      "U_MAP": 0.526,
      "U_bias": 0.5149166666666667,
      "Gh_native": 0.01141666666666663,
      "Gh_informed": 0.005010416666666628,
      "Gh_random_mean": 0.009901721014492756,
      "dGh_specific": -0.004891304347826128
    },
    "Full": {
      "dU_MAP_frozen": 0.005729166666666563,
      "dU_MAP_fresh": -0.0234375,
      "dU_MAP_bias": 0.008333333333333304,
      "U_frozen": 0.5145833333333334,
      "U_fresh": 0.54375,
      "U_MAP": 0.5203125,
      "U_bias": 0.5119791666666667,
      "Gh_native": 0.005729166666666563,
      "Gh_informed": 0.006249999999999978,
      "Gh_random_mean": 0.011662137681159429,
      "dGh_specific": -0.005412137681159451
    }
  },
  "firewall": {
    "source_only_construction": true,
    "alpha_source_only": true,
    "Ycal_used_for_head_adapt": true,
    "Yquery_used_for_selection": false,
    "Xquery_used_for_selection": false,
    "Yquery_used_for_outcome": true
  }
}