{
  "dataset": "Lee2019_MI",
  "subject": "35",
  "seed": 1,
  "status": "ok",
  "C": 2,
  "rank": 8,
  "n_cal": 100,
  "n_query": 100,
  "cal_session": [
    "0"
  ],
  "query_sessions": [
    "1"
  ],
  "alpha": 1.0,
  "alpha_info": {
    "mean_ce": {
      "0.001": 0.5902525684777243,
      "0.01": 0.49922945943498576,
      "0.1": 0.42602829873936804,
      "1.0": 0.4107008429825135,
      "10.0": 0.4114930400456321,
      "100.0": 0.4117682077642279
    },
    "n_pseudo": 53
  },
  "n_random": 50,
  "n_matched_random": 15,
  "informed_src_bacc": 0.624433962264151,
  "native_src_bacc": 0.794622641509434,
  "n_draws": 50,
  "cal_per_class": {
    "0": 50,
    "1": 50
  },
  "budget_class_shortfall": {},
  "endpoints": {
    "1": {
      "dU_MAP_frozen": -0.0028000000000000247,
      "dU_MAP_fresh": -0.0018000000000000238,
      "dU_MAP_bias": -0.009000000000000008,
      "U_frozen": 0.49,
      "U_fresh": 0.489,
      "U_MAP": 0.48719999999999997,
      "U_bias": 0.4962,
      "Gh_native": -0.0028000000000000247,
      "Gh_informed": -0.013400000000000023,
      "Gh_random_mean": -0.0014933333333332836,
      "dGh_specific": -0.011906666666666739
    },
    "2": {
      "dU_MAP_frozen": -0.008800000000000086,
      "dU_MAP_fresh": -0.012600000000000056,
      "dU_MAP_bias": -0.011400000000000077,
      "U_frozen": 0.49,
      "U_fresh": 0.49379999999999996,
      "U_MAP": 0.4811999999999999,
      "U_bias": 0.4926,
      "Gh_native": -0.008800000000000086,
      "Gh_informed": 0.0017999999999999683,
      "Gh_random_mean": -0.0011999999999999567,
      "dGh_specific": 0.002999999999999925
    },
    "4": {
      "dU_MAP_frozen": -0.006400000000000072,
      "dU_MAP_fresh": -0.02980000000000005,
      "dU_MAP_bias": -0.010400000000000076,
      "U_frozen": 0.49,
      "U_fresh": 0.5134,
      "U_MAP": 0.4835999999999999,
      "U_bias": 0.494,
      "Gh_native": -0.006400000000000072,
      "Gh_informed": 0.0017999999999999683,
      "Gh_random_mean": 0.007306666666666698,
      "dGh_specific": -0.00550666666666673
    },
    "8": {
      "dU_MAP_frozen": -0.011799999999999977,
      "dU_MAP_fresh": -0.024200000000000055,
      "dU_MAP_bias": -0.01759999999999995,
      "U_frozen": 0.49,
      "U_fresh": 0.5024000000000001,
      "U_MAP": 0.4782,
      "U_bias": 0.49579999999999996,
      "Gh_native": -0.011799999999999977,
      "Gh_informed": -0.004599999999999993,
      "Gh_random_mean": 0.0010533333333333727,
      "dGh_specific": -0.005653333333333366
    },
    "16": {
      "dU_MAP_frozen": -0.01639999999999997,
      "dU_MAP_fresh": -0.018799999999999928,
      "dU_MAP_bias": -0.022599999999999953,
      "U_frozen": 0.49,
      "U_fresh": 0.49239999999999995,
      "U_MAP": 0.4736,
      "U_bias": 0.4962,
      "Gh_native": -0.01639999999999997,
      "Gh_informed": -0.0116,
      "Gh_random_mean": -0.0023333333333332984,
      "dGh_specific": -0.0092666666666667
    },
    "32": {
      "dU_MAP_frozen": -0.015200000000000047,
      "dU_MAP_fresh": -0.0018000000000000793,
      "dU_MAP_bias": -0.021600000000000064,
      "U_frozen": 0.49,
      "U_fresh": 0.4766,
      "U_MAP": 0.47479999999999994,
      "U_bias": 0.4964,
      "Gh_native": -0.015200000000000047,
      "Gh_informed": -0.027600000000000013,
      "Gh_random_mean": -0.003479999999999957,
      "dGh_specific": -0.024120000000000058
    },
    "Full": {
      "dU_MAP_frozen": -0.020000000000000018,
      "dU_MAP_fresh": 0.010000000000000009,
      "dU_MAP_bias": -0.020000000000000018,
      "U_frozen": 0.49,
      "U_fresh": 0.45999999999999996,
      "U_MAP": 0.47,
      "U_bias": 0.49,
      "Gh_native": -0.020000000000000018,
      "Gh_informed": -0.03999999999999998,
      "Gh_random_mean": -0.006666666666666669,
      "dGh_specific": -0.03333333333333331
    }
  },
  "firewall": {
    "source_only_construction": true,
    "alpha_source_only": true,
    "Ycal_used_for_head_adapt": true,
    "Yquery_used_for_selection": false,
    "Xquery_used_for_selection": false,
    "Yquery_used_for_outcome": true
  }
}