{
  "dataset": "BNCI2014_001",
  "subject": "8",
  "seed": 1,
  "status": "ok",
  "C": 4,
  "rank": 8,
  "n_cal": 288,
  "n_query": 288,
  "cal_session": [
    "0train"
  ],
  "query_sessions": [
    "1test"
  ],
  "alpha": 0.01,
  "alpha_info": {
    "mean_ce": {
      "0.001": 0.9243001914114823,
      "0.01": 0.8776160920852316,
      "0.1": 0.8948792678183753,
      "1.0": 0.9444814313285386,
      "10.0": 0.9658875619535606,
      "100.0": 0.9691760088781534
    },
    "n_pseudo": 8
  },
  "n_random": 50,
  "n_matched_random": 19,
  "informed_src_bacc": 0.4301215277777778,
  "native_src_bacc": 0.6158854166666667,
  "n_draws": 50,
  "cal_per_class": {
    "0": 72,
    "1": 72,
    "2": 72,
    "3": 72
  },
  "budget_class_shortfall": {},
  "endpoints": {
    "1": {
      "dU_MAP_frozen": 0.006527777777777577,
      "dU_MAP_fresh": 0.13513888888888892,
      "dU_MAP_bias": 0.001388888888888884,
      "U_frozen": 0.5416666666666669,
      "U_fresh": 0.4130555555555555,
      "U_MAP": 0.5481944444444444,
      "U_bias": 0.5468055555555555,
      "Gh_native": 0.006527777777777577,
      "Gh_informed": -0.03166666666666662,
      "Gh_random_mean": -0.008654970760233928,
      "dGh_specific": -0.02301169590643269
    },
    "2": {
      "dU_MAP_frozen": 0.0005555555555553093,
      "dU_MAP_fresh": 0.09833333333333322,
      "dU_MAP_bias": -0.03458333333333341,
      "U_frozen": 0.5416666666666669,
      "U_fresh": 0.44388888888888894,
      "U_MAP": 0.5422222222222222,
      "U_bias": 0.5768055555555556,
      "Gh_native": 0.0005555555555553093,
      "Gh_informed": -0.03861111111111121,
      "Gh_random_mean": 0.0033223684210526307,
      "dGh_specific": -0.041933479532163837
    },
    "4": {
      "dU_MAP_frozen": 0.020277777777777617,
      "dU_MAP_fresh": 0.06583333333333341,
      "dU_MAP_bias": -0.036666666666666625,
      "U_frozen": 0.5416666666666669,
      "U_fresh": 0.49611111111111106,
      "U_MAP": 0.5619444444444445,
      "U_bias": 0.5986111111111111,
      "Gh_native": 0.020277777777777617,
      "Gh_informed": -0.028819444444444453,
      "Gh_random_mean": 0.030054824561403504,
      "dGh_specific": -0.058874269005847954
    },
    "8": {
      "dU_MAP_frozen": 0.042291666666666616,
      "dU_MAP_fresh": 0.05152777777777806,
      "dU_MAP_bias": -0.016111111111111076,
      "U_frozen": 0.5416666666666669,
      "U_fresh": 0.5324305555555554,
      "U_MAP": 0.5839583333333335,
      "U_bias": 0.6000694444444445,
      "Gh_native": 0.042291666666666616,
      "Gh_informed": 0.002847222222222223,
      "Gh_random_mean": 0.08347222222222225,
      "dGh_specific": -0.08062500000000003
    },
    "16": {
      "dU_MAP_frozen": 0.08708333333333318,
      "dU_MAP_fresh": 0.06465277777777778,
      "dU_MAP_bias": 0.021666666666666723,
      "U_frozen": 0.5416666666666669,
      "U_fresh": 0.5640972222222222,
      "U_MAP": 0.62875,
      "U_bias": 0.6070833333333333,
      "Gh_native": 0.08708333333333318,
      "Gh_informed": 0.03749999999999998,
      "Gh_random_mean": 0.1368859649122807,
      "dGh_specific": -0.09938596491228072
    },
    "32": {
      "dU_MAP_frozen": 0.12131944444444431,
      "dU_MAP_fresh": 0.030486111111111214,
      "dU_MAP_bias": 0.052152777777777826,
      "U_frozen": 0.5416666666666669,
      "U_fresh": 0.6325,
      "U_MAP": 0.6629861111111112,
      "U_bias": 0.6108333333333333,
      "Gh_native": 0.12131944444444431,
      "Gh_informed": 0.06923611111111116,
      "Gh_random_mean": 0.1649451754385965,
      "dGh_specific": -0.09570906432748533
    },
    "Full": {
      "dU_MAP_frozen": 0.13888888888888884,
      "dU_MAP_fresh": -0.04166666666666674,
      "dU_MAP_bias": 0.05555555555555558,
      "U_frozen": 0.5416666666666667,
      "U_fresh": 0.7222222222222223,
      "U_MAP": 0.6805555555555556,
      "U_bias": 0.625,
      "Gh_native": 0.13888888888888884,
      "Gh_informed": 0.12152777777777779,
      "Gh_random_mean": 0.1869517543859649,
      "dGh_specific": -0.0654239766081871
    }
  },
  "firewall": {
    "source_only_construction": true,
    "alpha_source_only": true,
    "Ycal_used_for_head_adapt": true,
    "Yquery_used_for_selection": false,
    "Xquery_used_for_selection": false,
    "Yquery_used_for_outcome": true
  }
}