{
  "dataset": "BNCI2014_004",
  "subject": "7",
  "seed": 2,
  "status": "ok",
  "C": 2,
  "rank": 8,
  "n_cal": 120,
  "n_query": 600,
  "cal_session": [
    "0train"
  ],
  "query_sessions": [
    "1train",
    "2train",
    "3test",
    "4test"
  ],
  "alpha": 1.0,
  "alpha_info": {
    "mean_ce": {
      "0.001": 0.6510870462814307,
      "0.01": 0.5795095776395722,
      "0.1": 0.5155439784053573,
      "1.0": 0.5085125760845083,
      "10.0": 0.5156008045440372,
      "100.0": 0.5170542503720013
    },
    "n_pseudo": 8
  },
  "n_random": 50,
  "n_matched_random": 30,
  "informed_src_bacc": 0.6470689655172414,
  "native_src_bacc": 0.7393103448275862,
  "n_draws": 50,
  "cal_per_class": {
    "0": 60,
    "1": 60
  },
  "budget_class_shortfall": {},
  "endpoints": {
    "1": {
      "dU_MAP_frozen": -0.014989583333333445,
      "dU_MAP_fresh": 0.12510416666666657,
      "dU_MAP_bias": 0.028552083333333256,
      "U_frozen": 0.6697916666666667,
      "U_fresh": 0.5296979166666667,
      "U_MAP": 0.6548020833333332,
      "U_bias": 0.62625,
      "Gh_native": -0.014989583333333445,
      "Gh_informed": -0.050000000000000155,
      "Gh_random_mean": -0.020202777777777778,
      "dGh_specific": -0.029797222222222378
    },
    "2": {
      "dU_MAP_frozen": -0.023500000000000076,
      "dU_MAP_fresh": 0.12254166666666666,
      "dU_MAP_bias": 0.025218749999999956,
      "U_frozen": 0.6697916666666667,
      "U_fresh": 0.5237499999999999,
      "U_MAP": 0.6462916666666666,
      "U_bias": 0.6210729166666666,
      "Gh_native": -0.023500000000000076,
      "Gh_informed": -0.06270833333333337,
      "Gh_random_mean": -0.02458819444444443,
      "dGh_specific": -0.03812013888888893
    },
    "4": {
      "dU_MAP_frozen": -0.01926041666666678,
      "dU_MAP_fresh": 0.1029895833333333,
      "dU_MAP_bias": 0.01577083333333329,
      "U_frozen": 0.6697916666666667,
      "U_fresh": 0.5475416666666666,
      "U_MAP": 0.6505312499999999,
      "U_bias": 0.6347604166666666,
      "Gh_native": -0.01926041666666678,
      "Gh_informed": -0.04255208333333338,
      "Gh_random_mean": -0.01592881944444444,
      "dGh_specific": -0.02662326388888894
    },
    "8": {
      "dU_MAP_frozen": -0.012854166666666722,
      "dU_MAP_fresh": 0.09681249999999997,
      "dU_MAP_bias": 0.01331249999999995,
      "U_frozen": 0.6697916666666667,
      "U_fresh": 0.560125,
      "U_MAP": 0.6569375,
      "U_bias": 0.643625,
      "Gh_native": -0.012854166666666722,
      "Gh_informed": -0.03266666666666673,
      "Gh_random_mean": -0.003312499999999992,
      "dGh_specific": -0.02935416666666674
    },
    "16": {
      "dU_MAP_frozen": -0.013052083333333409,
      "dU_MAP_fresh": 0.1309479166666666,
      "dU_MAP_bias": 0.0071666666666666545,
      "U_frozen": 0.6697916666666667,
      "U_fresh": 0.5257916666666667,
      "U_MAP": 0.6567395833333333,
      "U_bias": 0.6495729166666666,
      "Gh_native": -0.013052083333333409,
      "Gh_informed": -0.025989583333333233,
      "Gh_random_mean": -0.004172916666666657,
      "dGh_specific": -0.021816666666666575
    },
    "32": {
      "dU_MAP_frozen": -0.010697916666666751,
      "dU_MAP_fresh": 0.0730208333333332,
      "dU_MAP_bias": 0.004114583333333366,
      "U_frozen": 0.6697916666666667,
      "U_fresh": 0.5860729166666667,
      "U_MAP": 0.6590937499999999,
      "U_bias": 0.6549791666666666,
      "Gh_native": -0.010697916666666751,
      "Gh_informed": -0.018125000000000058,
      "Gh_random_mean": 0.003292361111111118,
      "dGh_specific": -0.021417361111111175
    },
    "Full": {
      "dU_MAP_frozen": -0.0067708333333332815,
      "dU_MAP_fresh": 0.05989583333333337,
      "dU_MAP_bias": 0.008854166666666607,
      "U_frozen": 0.6697916666666666,
      "U_fresh": 0.6031249999999999,
      "U_MAP": 0.6630208333333333,
      "U_bias": 0.6541666666666667,
      "Gh_native": -0.0067708333333332815,
      "Gh_informed": -0.019270833333333348,
      "Gh_random_mean": 0.006718750000000023,
      "dGh_specific": -0.02598958333333337
    }
  },
  "firewall": {
    "source_only_construction": true,
    "alpha_source_only": true,
    "Ycal_used_for_head_adapt": true,
    "Yquery_used_for_selection": false,
    "Xquery_used_for_selection": false,
    "Yquery_used_for_outcome": true
  }
}