{
  "dataset": "Lee2019_MI",
  "subject": "29",
  "seed": 1,
  "status": "ok",
  "C": 2,
  "rank": 8,
  "n_cal": 100,
  "n_query": 100,
  "cal_session": [
    "0"
  ],
  "query_sessions": [
    "1"
  ],
  "alpha": 1.0,
  "alpha_info": {
    "mean_ce": {
      "0.001": 0.5831670755618926,
      "0.01": 0.49215840965245927,
      "0.1": 0.42305746998504107,
      "1.0": 0.40902113418407093,
      "10.0": 0.40973455274420273,
      "100.0": 0.4099581721639887
    },
    "n_pseudo": 53
  },
  "n_random": 50,
  "n_matched_random": 23,
  "informed_src_bacc": 0.6331132075471697,
  "native_src_bacc": 0.8,
  "n_draws": 50,
  "cal_per_class": {
    "0": 50,
    "1": 50
  },
  "budget_class_shortfall": {},
  "endpoints": {
    "1": {
      "dU_MAP_frozen": 0.022000000000000186,
      "dU_MAP_fresh": -0.03699999999999998,
      "dU_MAP_bias": 0.01800000000000007,
      "U_frozen": 0.46999999999999986,
      "U_fresh": 0.529,
      "U_MAP": 0.49200000000000005,
      "U_bias": 0.474,
      "Gh_native": 0.022000000000000186,
      "Gh_informed": 0.07660000000000011,
      "Gh_random_mean": 0.01770434782608693,
      "dGh_specific": 0.05889565217391318
    },
    "2": {
      "dU_MAP_frozen": 0.04520000000000013,
      "dU_MAP_fresh": -0.04420000000000002,
      "dU_MAP_bias": 0.04360000000000003,
      "U_frozen": 0.46999999999999986,
      "U_fresh": 0.5594,
      "U_MAP": 0.5152,
      "U_bias": 0.47159999999999996,
      "Gh_native": 0.04520000000000013,
      "Gh_informed": 0.0792000000000001,
      "Gh_random_mean": 0.034695652173913016,
      "dGh_specific": 0.04450434782608709
    },
    "4": {
      "dU_MAP_frozen": 0.05380000000000007,
      "dU_MAP_fresh": -0.0828000000000001,
      "dU_MAP_bias": 0.05739999999999995,
      "U_frozen": 0.46999999999999986,
      "U_fresh": 0.6066,
      "U_MAP": 0.5237999999999999,
      "U_bias": 0.4664,
      "Gh_native": 0.05380000000000007,
      "Gh_informed": 0.07960000000000012,
      "Gh_random_mean": 0.050878260869565206,
      "dGh_specific": 0.02872173913043491
    },
    "8": {
      "dU_MAP_frozen": 0.06560000000000021,
      "dU_MAP_fresh": -0.07579999999999998,
      "dU_MAP_bias": 0.08060000000000006,
      "U_frozen": 0.46999999999999986,
      "U_fresh": 0.6114,
      "U_MAP": 0.5356000000000001,
      "U_bias": 0.455,
      "Gh_native": 0.06560000000000021,
      "Gh_informed": 0.06500000000000011,
      "Gh_random_mean": 0.050895652173913036,
      "dGh_specific": 0.014104347826087077
    },
    "16": {
      "dU_MAP_frozen": 0.07260000000000022,
      "dU_MAP_fresh": -0.07879999999999987,
      "dU_MAP_bias": 0.08860000000000001,
      "U_frozen": 0.46999999999999986,
      "U_fresh": 0.6214,
      "U_MAP": 0.5426000000000001,
      "U_bias": 0.45400000000000007,
      "Gh_native": 0.07260000000000022,
      "Gh_informed": 0.04920000000000013,
      "Gh_random_mean": 0.05373043478260868,
      "dGh_specific": -0.004530434782608547
    },
    "32": {
      "dU_MAP_frozen": 0.08360000000000012,
      "dU_MAP_fresh": -0.12840000000000007,
      "dU_MAP_bias": 0.10019999999999996,
      "U_frozen": 0.46999999999999986,
      "U_fresh": 0.682,
      "U_MAP": 0.5536,
      "U_bias": 0.4534,
      "Gh_native": 0.08360000000000012,
      "Gh_informed": 0.04360000000000014,
      "Gh_random_mean": 0.054904347826086934,
      "dGh_specific": -0.011304347826086796
    },
    "Full": {
      "dU_MAP_frozen": 0.08000000000000007,
      "dU_MAP_fresh": -0.16999999999999993,
      "dU_MAP_bias": 0.12,
      "U_frozen": 0.47,
      "U_fresh": 0.72,
      "U_MAP": 0.55,
      "U_bias": 0.43000000000000005,
      "Gh_native": 0.08000000000000007,
      "Gh_informed": 0.040000000000000036,
      "Gh_random_mean": 0.05869565217391303,
      "dGh_specific": -0.018695652173912995
    }
  },
  "firewall": {
    "source_only_construction": true,
    "alpha_source_only": true,
    "Ycal_used_for_head_adapt": true,
    "Yquery_used_for_selection": false,
    "Xquery_used_for_selection": false,
    "Yquery_used_for_outcome": true
  }
}