{
  "dataset": "Lee2019_MI",
  "subject": "51",
  "seed": 1,
  "status": "ok",
  "C": 2,
  "rank": 8,
  "n_cal": 100,
  "n_query": 100,
  "cal_session": [
    "0"
  ],
  "query_sessions": [
    "1"
  ],
  "alpha": 1.0,
  "alpha_info": {
    "mean_ce": {
      "0.001": 0.5355064166999932,
      "0.01": 0.4584388496409245,
      "0.1": 0.4082901461704241,
      "1.0": 0.4007840401254014,
      "10.0": 0.4029364878735807,
      "100.0": 0.4034148722628694
    },
    "n_pseudo": 53
  },
  "n_random": 50,
  "n_matched_random": 5,
  "informed_src_bacc": 0.6073584905660377,
  "native_src_bacc": 0.7993396226415095,
  "n_draws": 50,
  "cal_per_class": {
    "0": 50,
    "1": 50
  },
  "budget_class_shortfall": {},
  "endpoints": {
    "1": {
      "dU_MAP_frozen": -0.0026000000000001577,
      "dU_MAP_fresh": 0.06159999999999999,
      "dU_MAP_bias": 0.0401999999999999,
      "U_frozen": 0.6000000000000001,
      "U_fresh": 0.5357999999999999,
      "U_MAP": 0.5973999999999999,
      "U_bias": 0.5572,
      "Gh_native": -0.0026000000000001577,
      "Gh_informed": 0.018999999999999906,
      "Gh_random_mean": -0.007400000000000029,
      "dGh_specific": 0.026399999999999934
    },
    "2": {
      "dU_MAP_frozen": -0.007000000000000117,
      "dU_MAP_fresh": 0.06519999999999992,
      "dU_MAP_bias": 0.025799999999999934,
      "U_frozen": 0.6000000000000001,
      "U_fresh": 0.5278,
      "U_MAP": 0.593,
      "U_bias": 0.5672,
      "Gh_native": -0.007000000000000117,
      "Gh_informed": 0.01859999999999995,
      "Gh_random_mean": -0.011120000000000041,
      "dGh_specific": 0.02971999999999999
    },
    "4": {
      "dU_MAP_frozen": -0.007800000000000029,
      "dU_MAP_fresh": 0.0756,
      "dU_MAP_bias": 0.031399999999999983,
      "U_frozen": 0.6000000000000001,
      "U_fresh": 0.5166000000000001,
      "U_MAP": 0.5922000000000001,
      "U_bias": 0.5608000000000001,
      "Gh_native": -0.007800000000000029,
      "Gh_informed": 0.0232,
      "Gh_random_mean": -0.012280000000000046,
      "dGh_specific": 0.035480000000000046
    },
    "8": {
      "dU_MAP_frozen": -0.002200000000000202,
      "dU_MAP_fresh": 0.05659999999999987,
      "dU_MAP_bias": 0.010999999999999788,
      "U_frozen": 0.6000000000000001,
      "U_fresh": 0.5412,
      "U_MAP": 0.5977999999999999,
      "U_bias": 0.5868000000000001,
      "Gh_native": -0.002200000000000202,
      "Gh_informed": 0.04159999999999997,
      "Gh_random_mean": 0.0017599999999999617,
      "dGh_specific": 0.03984000000000001
    },
    "16": {
      "dU_MAP_frozen": -0.0016000000000001569,
      "dU_MAP_fresh": 0.08599999999999997,
      "dU_MAP_bias": 0.025399999999999867,
      "U_frozen": 0.6000000000000001,
      "U_fresh": 0.5124,
      "U_MAP": 0.5983999999999999,
      "U_bias": 0.5730000000000001,
      "Gh_native": -0.0016000000000001569,
      "Gh_informed": 0.05379999999999996,
      "Gh_random_mean": 0.0013999999999999013,
      "dGh_specific": 0.05240000000000006
    },
    "32": {
      "dU_MAP_frozen": 0.005199999999999871,
      "dU_MAP_fresh": 0.05879999999999985,
      "dU_MAP_bias": 0.03699999999999992,
      "U_frozen": 0.6000000000000001,
      "U_fresh": 0.5464000000000001,
      "U_MAP": 0.6052,
      "U_bias": 0.5682,
      "Gh_native": 0.005199999999999871,
      "Gh_informed": 0.06579999999999997,
      "Gh_random_mean": 0.005959999999999988,
      "dGh_specific": 0.059839999999999983
    },
    "Full": {
      "dU_MAP_frozen": 0.010000000000000009,
      "dU_MAP_fresh": 0.05999999999999994,
      "dU_MAP_bias": 0.04999999999999993,
      "U_frozen": 0.6,
      "U_fresh": 0.55,
      "U_MAP": 0.61,
      "U_bias": 0.56,
      "Gh_native": 0.010000000000000009,
      "Gh_informed": 0.07999999999999996,
      "Gh_random_mean": 0.014000000000000012,
      "dGh_specific": 0.06599999999999995
    }
  },
  "firewall": {
    "source_only_construction": true,
    "alpha_source_only": true,
    "Ycal_used_for_head_adapt": true,
    "Yquery_used_for_selection": false,
    "Xquery_used_for_selection": false,
    "Yquery_used_for_outcome": true
  }
}