{
  "dataset": "BNCI2014_004",
  "subject": "9",
  "seed": 2,
  "status": "ok",
  "C": 2,
  "rank": 8,
  "n_cal": 120,
  "n_query": 600,
  "cal_session": [
    "0train"
  ],
  "query_sessions": [
    "1train",
    "2train",
    "3test",
    "4test"
  ],
  "alpha": 1.0,
  "alpha_info": {
    "mean_ce": {
      "0.001": 0.6262671963559054,
      "0.01": 0.5767766564148343,
      "0.1": 0.5313106684043656,
      "1.0": 0.5235494029900498,
      "10.0": 0.529078848742826,
      "100.0": 0.5303942072183945
    },
    "n_pseudo": 8
  },
  "n_random": 50,
  "n_matched_random": 15,
  "informed_src_bacc": 0.6006896551724138,
  "native_src_bacc": 0.7317241379310344,
  "n_draws": 50,
  "cal_per_class": {
    "0": 60,
    "1": 60
  },
  "budget_class_shortfall": {},
  "endpoints": {
    "1": {
      "dU_MAP_frozen": -0.03411458333333328,
      "dU_MAP_fresh": 0.18576041666666665,
      "dU_MAP_bias": 0.01766666666666672,
      "U_frozen": 0.7364583333333333,
      "U_fresh": 0.5165833333333334,
      "U_MAP": 0.70234375,
      "U_bias": 0.6846770833333333,
      "Gh_native": -0.03411458333333328,
      "Gh_informed": -0.028249999999999886,
      "Gh_random_mean": -0.044027777777777784,
      "dGh_specific": 0.015777777777777897
    },
    "2": {
      "dU_MAP_frozen": -0.032906249999999915,
      "dU_MAP_fresh": 0.16308333333333336,
      "dU_MAP_bias": 0.04353124999999991,
      "U_frozen": 0.7364583333333333,
      "U_fresh": 0.54046875,
      "U_MAP": 0.7035520833333334,
      "U_bias": 0.6600208333333335,
      "Gh_native": -0.032906249999999915,
      "Gh_informed": -0.014968749999999753,
      "Gh_random_mean": -0.0332298611111111,
      "dGh_specific": 0.018261111111111346
    },
    "4": {
      "dU_MAP_frozen": -0.020000000000000018,
      "dU_MAP_fresh": 0.16712499999999997,
      "dU_MAP_bias": 0.03744791666666658,
      "U_frozen": 0.7364583333333333,
      "U_fresh": 0.5493333333333333,
      "U_MAP": 0.7164583333333333,
      "U_bias": 0.6790104166666667,
      "Gh_native": -0.020000000000000018,
      "Gh_informed": -0.014979166666666432,
      "Gh_random_mean": -0.02461944444444443,
      "dGh_specific": 0.009640277777777997
    },
    "8": {
      "dU_MAP_frozen": -0.00926041666666666,
      "dU_MAP_fresh": 0.14925,
      "dU_MAP_bias": 0.02340624999999985,
      "U_frozen": 0.7364583333333333,
      "U_fresh": 0.5779479166666667,
      "U_MAP": 0.7271979166666667,
      "U_bias": 0.7037916666666668,
      "Gh_native": -0.00926041666666666,
      "Gh_informed": 0.0023645833333335586,
      "Gh_random_mean": -0.01010138888888888,
      "dGh_specific": 0.012465972222222439
    },
    "16": {
      "dU_MAP_frozen": -0.005760416666666601,
      "dU_MAP_fresh": 0.15166666666666662,
      "dU_MAP_bias": 0.03223958333333343,
      "U_frozen": 0.7364583333333333,
      "U_fresh": 0.5790312500000001,
      "U_MAP": 0.7306979166666667,
      "U_bias": 0.6984583333333333,
      "Gh_native": -0.005760416666666601,
      "Gh_informed": 0.010635416666666786,
      "Gh_random_mean": -0.0029437499999999932,
      "dGh_specific": 0.01357916666666678
    },
    "32": {
      "dU_MAP_frozen": -0.00033333333333340764,
      "dU_MAP_fresh": 0.09209374999999986,
      "dU_MAP_bias": 0.02688541666666644,
      "U_frozen": 0.7364583333333333,
      "U_fresh": 0.64403125,
      "U_MAP": 0.7361249999999999,
      "U_bias": 0.7092395833333335,
      "Gh_native": -0.00033333333333340764,
      "Gh_informed": 0.0224479166666669,
      "Gh_random_mean": 0.0045965277777777706,
      "dGh_specific": 0.01785138888888913
    },
    "Full": {
      "dU_MAP_frozen": 0.009895833333333215,
      "dU_MAP_fresh": 0.05312499999999998,
      "dU_MAP_bias": 0.036979166666666674,
      "U_frozen": 0.7364583333333334,
      "U_fresh": 0.6932291666666667,
      "U_MAP": 0.7463541666666667,
      "U_bias": 0.709375,
      "Gh_native": 0.009895833333333215,
      "Gh_informed": 0.02968750000000009,
      "Gh_random_mean": 0.010486111111111137,
      "dGh_specific": 0.019201388888888952
    }
  },
  "firewall": {
    "source_only_construction": true,
    "alpha_source_only": true,
    "Ycal_used_for_head_adapt": true,
    "Yquery_used_for_selection": false,
    "Xquery_used_for_selection": false,
    "Yquery_used_for_outcome": true
  }
}