{
  "dataset": "Lee2019_MI",
  "subject": "16",
  "seed": 2,
  "status": "ok",
  "C": 2,
  "rank": 8,
  "n_cal": 100,
  "n_query": 100,
  "cal_session": [
    "0"
  ],
  "query_sessions": [
    "1"
  ],
  "alpha": 1.0,
  "alpha_info": {
    "mean_ce": {
      "0.001": 0.5536004716844446,
      "0.01": 0.47830391968267116,
      "0.1": 0.4223117296479996,
      "1.0": 0.4115484308199964,
      "10.0": 0.41289925505280933,
      "100.0": 0.4132775479808123
    },
    "n_pseudo": 53
  },
  "n_random": 50,
  "n_matched_random": 24,
  "informed_src_bacc": 0.645,
  "native_src_bacc": 0.7986792452830189,
  "n_draws": 50,
  "cal_per_class": {
    "0": 50,
    "1": 50
  },
  "budget_class_shortfall": {},
  "endpoints": {
    "1": {
      "dU_MAP_frozen": 0.009199999999999875,
      "dU_MAP_fresh": 0.11419999999999997,
      "dU_MAP_bias": 0.036599999999999966,
      "U_frozen": 0.6200000000000001,
      "U_fresh": 0.515,
      "U_MAP": 0.6292,
      "U_bias": 0.5926,
      "Gh_native": 0.009199999999999875,
      "Gh_informed": -0.018199999999999883,
      "Gh_random_mean": -0.011625000000000043,
      "dGh_specific": -0.00657499999999984
    },
    "2": {
      "dU_MAP_frozen": -0.00040000000000006697,
      "dU_MAP_fresh": 0.11980000000000002,
      "dU_MAP_bias": 0.007600000000000051,
      "U_frozen": 0.6200000000000001,
      "U_fresh": 0.4998,
      "U_MAP": 0.6196,
      "U_bias": 0.612,
      "Gh_native": -0.00040000000000006697,
      "Gh_informed": -0.024799999999999933,
      "Gh_random_mean": -0.012258333333333376,
      "dGh_specific": -0.012541666666666557
    },
    "4": {
      "dU_MAP_frozen": 0.008799999999999808,
      "dU_MAP_fresh": 0.11639999999999995,
      "dU_MAP_bias": 0.016599999999999948,
      "U_frozen": 0.6200000000000001,
      "U_fresh": 0.5124,
      "U_MAP": 0.6287999999999999,
      "U_bias": 0.6122,
      "Gh_native": 0.008799999999999808,
      "Gh_informed": -0.014999999999999902,
      "Gh_random_mean": -0.007441666666666703,
      "dGh_specific": -0.007558333333333199
    },
    "8": {
      "dU_MAP_frozen": 0.008199999999999985,
      "dU_MAP_fresh": 0.12360000000000015,
      "dU_MAP_bias": 0.01000000000000012,
      "U_frozen": 0.6200000000000001,
      "U_fresh": 0.5045999999999999,
      "U_MAP": 0.6282000000000001,
      "U_bias": 0.6182,
      "Gh_native": 0.008199999999999985,
      "Gh_informed": -0.0045999999999999375,
      "Gh_random_mean": -0.006666666666666691,
      "dGh_specific": 0.002066666666666754
    },
    "16": {
      "dU_MAP_frozen": 0.00979999999999992,
      "dU_MAP_fresh": 0.1100000000000001,
      "dU_MAP_bias": 0.005600000000000049,
      "U_frozen": 0.6200000000000001,
      "U_fresh": 0.5197999999999999,
      "U_MAP": 0.6298,
      "U_bias": 0.6242,
      "Gh_native": 0.00979999999999992,
      "Gh_informed": 0.007600000000000051,
      "Gh_random_mean": -0.004733333333333349,
      "dGh_specific": 0.012333333333333401
    },
    "32": {
      "dU_MAP_frozen": 0.0017999999999999128,
      "dU_MAP_fresh": 0.09960000000000002,
      "dU_MAP_bias": -0.0032000000000000917,
      "U_frozen": 0.6200000000000001,
      "U_fresh": 0.5222,
      "U_MAP": 0.6218,
      "U_bias": 0.6250000000000001,
      "Gh_native": 0.0017999999999999128,
      "Gh_informed": 0.010200000000000098,
      "Gh_random_mean": -0.004308333333333354,
      "dGh_specific": 0.014508333333333453
    },
    "Full": {
      "dU_MAP_frozen": -0.010000000000000009,
      "dU_MAP_fresh": 0.039999999999999925,
      "dU_MAP_bias": -0.01000000000000012,
      "U_frozen": 0.62,
      "U_fresh": 0.5700000000000001,
      "U_MAP": 0.61,
      "U_bias": 0.6200000000000001,
      "Gh_native": -0.010000000000000009,
      "Gh_informed": 0.0,
      "Gh_random_mean": -0.006666666666666664,
      "dGh_specific": 0.006666666666666664
    }
  },
  "firewall": {
    "source_only_construction": true,
    "alpha_source_only": true,
    "Ycal_used_for_head_adapt": true,
    "Yquery_used_for_selection": false,
    "Xquery_used_for_selection": false,
    "Yquery_used_for_outcome": true
  }
}