{
  "dataset": "Lee2019_MI",
  "subject": "37",
  "seed": 0,
  "status": "ok",
  "C": 2,
  "rank": 8,
  "n_cal": 100,
  "n_query": 100,
  "cal_session": [
    "0"
  ],
  "query_sessions": [
    "1"
  ],
  "alpha": 1.0,
  "alpha_info": {
    "mean_ce": {
      "0.001": 0.5785804498941621,
      "0.01": 0.49556894555586944,
      "0.1": 0.43853654615796756,
      "1.0": 0.4293149092774928,
      "10.0": 0.4311990028506247,
      "100.0": 0.43164450902145174
    },
    "n_pseudo": 53
  },
  "n_random": 50,
  "n_matched_random": 16,
  "informed_src_bacc": 0.6256603773584906,
  "native_src_bacc": 0.7864150943396226,
  "n_draws": 50,
  "cal_per_class": {
    "0": 50,
    "1": 50
  },
  "budget_class_shortfall": {},
  "endpoints": {
    "1": {
      "dU_MAP_frozen": 0.0015999999999999348,
      "dU_MAP_fresh": 0.16480000000000006,
      "dU_MAP_bias": 0.005400000000000071,
      "U_frozen": 0.9500000000000002,
      "U_fresh": 0.7868,
      "U_MAP": 0.9516000000000001,
      "U_bias": 0.9462,
      "Gh_native": 0.0015999999999999348,
      "Gh_informed": 0.01860000000000006,
      "Gh_random_mean": -0.013262500000000024,
      "dGh_specific": 0.031862500000000085
    },
    "2": {
      "dU_MAP_frozen": 0.00019999999999997797,
      "dU_MAP_fresh": 0.1452000000000001,
      "dU_MAP_bias": 0.0008000000000001339,
      "U_frozen": 0.9500000000000002,
      "U_fresh": 0.805,
      "U_MAP": 0.9502000000000002,
      "U_bias": 0.9494,
      "Gh_native": 0.00019999999999997797,
      "Gh_informed": 0.01860000000000006,
      "Gh_random_mean": -0.0031625000000000056,
      "dGh_specific": 0.021762500000000067
    },
    "4": {
      "dU_MAP_frozen": 0.0013999999999998458,
      "dU_MAP_fresh": 0.09920000000000007,
      "dU_MAP_bias": 0.005800000000000027,
      "U_frozen": 0.9500000000000002,
      "U_fresh": 0.8522,
      "U_MAP": 0.9514,
      "U_bias": 0.9456,
      "Gh_native": 0.0013999999999998458,
      "Gh_informed": 0.06259999999999999,
      "Gh_random_mean": 0.01569999999999997,
      "dGh_specific": 0.04690000000000002
    },
    "8": {
      "dU_MAP_frozen": 0.0027999999999998026,
      "dU_MAP_fresh": 0.07319999999999993,
      "dU_MAP_bias": 0.006799999999999806,
      "U_frozen": 0.9500000000000002,
      "U_fresh": 0.8796,
      "U_MAP": 0.9528,
      "U_bias": 0.9460000000000002,
      "Gh_native": 0.0027999999999998026,
      "Gh_informed": 0.07300000000000006,
      "Gh_random_mean": 0.03239999999999998,
      "dGh_specific": 0.04060000000000009
    },
    "16": {
      "dU_MAP_frozen": 0.005799999999999805,
      "dU_MAP_fresh": 0.05040000000000011,
      "dU_MAP_bias": 0.006799999999999917,
      "U_frozen": 0.9500000000000002,
      "U_fresh": 0.9053999999999999,
      "U_MAP": 0.9558,
      "U_bias": 0.9490000000000001,
      "Gh_native": 0.005799999999999805,
      "Gh_informed": 0.09260000000000013,
      "Gh_random_mean": 0.042824999999999946,
      "dGh_specific": 0.04977500000000018
    },
    "32": {
      "dU_MAP_frozen": 0.008399999999999852,
      "dU_MAP_fresh": 0.04840000000000022,
      "dU_MAP_bias": 0.008199999999999874,
      "U_frozen": 0.9500000000000002,
      "U_fresh": 0.9099999999999998,
      "U_MAP": 0.9584,
      "U_bias": 0.9502000000000002,
      "Gh_native": 0.008399999999999852,
      "Gh_informed": 0.10160000000000002,
      "Gh_random_mean": 0.051449999999999954,
      "dGh_specific": 0.05015000000000007
    },
    "Full": {
      "dU_MAP_frozen": 0.010000000000000009,
      "dU_MAP_fresh": 0.040000000000000036,
      "dU_MAP_bias": 0.010000000000000009,
      "U_frozen": 0.95,
      "U_fresh": 0.9199999999999999,
      "U_MAP": 0.96,
      "U_bias": 0.95,
      "Gh_native": 0.010000000000000009,
      "Gh_informed": 0.1100000000000001,
      "Gh_random_mean": 0.056249999999999974,
      "dGh_specific": 0.053750000000000124
    }
  },
  "firewall": {
    "source_only_construction": true,
    "alpha_source_only": true,
    "Ycal_used_for_head_adapt": true,
    "Yquery_used_for_selection": false,
    "Xquery_used_for_selection": false,
    "Yquery_used_for_outcome": true
  }
}