{
  "dataset": "Lee2019_MI",
  "subject": "5",
  "seed": 0,
  "status": "ok",
  "C": 2,
  "rank": 8,
  "n_cal": 100,
  "n_query": 100,
  "cal_session": [
    "0"
  ],
  "query_sessions": [
    "1"
  ],
  "alpha": 1.0,
  "alpha_info": {
    "mean_ce": {
      "0.001": 0.5685602242045108,
      "0.01": 0.4882117056735656,
      "0.1": 0.4269592663477788,
      "1.0": 0.4157549417796909,
      "10.0": 0.41667415576784356,
      "100.0": 0.41697330880164846
    },
    "n_pseudo": 53
  },
  "n_random": 50,
  "n_matched_random": 6,
  "informed_src_bacc": 0.6259433962264151,
  "native_src_bacc": 0.794622641509434,
  "n_draws": 50,
  "cal_per_class": {
    "0": 50,
    "1": 50
  },
  "budget_class_shortfall": {},
  "endpoints": {
    "1": {
      "dU_MAP_frozen": 0.0026000000000000467,
      "dU_MAP_fresh": 0.17279999999999995,
      "dU_MAP_bias": -0.007600000000000273,
      "U_frozen": 0.7999999999999998,
      "U_fresh": 0.6297999999999999,
      "U_MAP": 0.8025999999999999,
      "U_bias": 0.8102000000000001,
      "Gh_native": 0.0026000000000000467,
      "Gh_informed": -0.04859999999999998,
      "Gh_random_mean": -0.02199999999999998,
      "dGh_specific": -0.026599999999999995
    },
    "2": {
      "dU_MAP_frozen": 0.007400000000000295,
      "dU_MAP_fresh": 0.15080000000000016,
      "dU_MAP_bias": -0.007199999999999984,
      "U_frozen": 0.7999999999999998,
      "U_fresh": 0.6566,
      "U_MAP": 0.8074000000000001,
      "U_bias": 0.8146000000000001,
      "Gh_native": 0.007400000000000295,
      "Gh_informed": -0.0464,
      "Gh_random_mean": -0.013033333333333305,
      "dGh_specific": -0.03336666666666669
    },
    "4": {
      "dU_MAP_frozen": 0.00900000000000023,
      "dU_MAP_fresh": 0.10660000000000014,
      "dU_MAP_bias": -0.041200000000000014,
      "U_frozen": 0.7999999999999998,
      "U_fresh": 0.7023999999999999,
      "U_MAP": 0.809,
      "U_bias": 0.8502000000000001,
      "Gh_native": 0.00900000000000023,
      "Gh_informed": -0.02980000000000005,
      "Gh_random_mean": 0.0023000000000000242,
      "dGh_specific": -0.03210000000000007
    },
    "8": {
      "dU_MAP_frozen": 0.007200000000000206,
      "dU_MAP_fresh": 0.06599999999999995,
      "dU_MAP_bias": -0.0524,
      "U_frozen": 0.7999999999999998,
      "U_fresh": 0.7412000000000001,
      "U_MAP": 0.8072,
      "U_bias": 0.8596,
      "Gh_native": 0.007200000000000206,
      "Gh_informed": -0.013599999999999945,
      "Gh_random_mean": 0.014000000000000012,
      "dGh_specific": -0.027599999999999958
    },
    "16": {
      "dU_MAP_frozen": 0.006600000000000161,
      "dU_MAP_fresh": 0.029799999999999938,
      "dU_MAP_bias": -0.04640000000000011,
      "U_frozen": 0.7999999999999998,
      "U_fresh": 0.7768,
      "U_MAP": 0.8066,
      "U_bias": 0.8530000000000001,
      "Gh_native": 0.006600000000000161,
      "Gh_informed": -0.010399999999999965,
      "Gh_random_mean": 0.01786666666666666,
      "dGh_specific": -0.028266666666666624
    },
    "32": {
      "dU_MAP_frozen": 0.008800000000000252,
      "dU_MAP_fresh": 0.026800000000000046,
      "dU_MAP_bias": -0.054199999999999915,
      "U_frozen": 0.7999999999999998,
      "U_fresh": 0.782,
      "U_MAP": 0.8088000000000001,
      "U_bias": 0.863,
      "Gh_native": 0.008800000000000252,
      "Gh_informed": -0.004000000000000115,
      "Gh_random_mean": 0.02116666666666665,
      "dGh_specific": -0.025166666666666764
    },
    "Full": {
      "dU_MAP_frozen": 0.010000000000000009,
      "dU_MAP_fresh": 0.07000000000000006,
      "dU_MAP_bias": -0.050000000000000044,
      "U_frozen": 0.8,
      "U_fresh": 0.74,
      "U_MAP": 0.81,
      "U_bias": 0.8600000000000001,
      "Gh_native": 0.010000000000000009,
      "Gh_informed": -0.010000000000000009,
      "Gh_random_mean": 0.023333333333333355,
      "dGh_specific": -0.03333333333333337
    }
  },
  "firewall": {
    "source_only_construction": true,
    "alpha_source_only": true,
    "Ycal_used_for_head_adapt": true,
    "Yquery_used_for_selection": false,
    "Xquery_used_for_selection": false,
    "Yquery_used_for_outcome": true
  }
}