{
  "dataset": "Lee2019_MI",
  "subject": "17",
  "seed": 0,
  "status": "ok",
  "C": 2,
  "rank": 8,
  "n_cal": 100,
  "n_query": 100,
  "cal_session": [
    "0"
  ],
  "query_sessions": [
    "1"
  ],
  "alpha": 1.0,
  "alpha_info": {
    "mean_ce": {
      "0.001": 0.5848316174132389,
      "0.01": 0.48750874803716016,
      "0.1": 0.4247431812359523,
      "1.0": 0.4112568117950828,
      "10.0": 0.4117664868057642,
      "100.0": 0.4120290247377017
    },
    "n_pseudo": 53
  },
  "n_random": 50,
  "n_matched_random": 24,
  "informed_src_bacc": 0.6446226415094339,
  "native_src_bacc": 0.7956603773584905,
  "n_draws": 50,
  "cal_per_class": {
    "0": 50,
    "1": 50
  },
  "budget_class_shortfall": {},
  "endpoints": {
    "1": {
      "dU_MAP_frozen": -0.014000000000000012,
      "dU_MAP_fresh": 0.13239999999999985,
      "dU_MAP_bias": 0.028199999999999892,
      "U_frozen": 0.6499999999999999,
      "U_fresh": 0.5036,
      "U_MAP": 0.6359999999999999,
      "U_bias": 0.6078,
      "Gh_native": -0.014000000000000012,
      "Gh_informed": -0.02959999999999996,
      "Gh_random_mean": -0.01995833333333334,
      "dGh_specific": -0.009641666666666621
    },
    "2": {
      "dU_MAP_frozen": -0.0119999999999999,
      "dU_MAP_fresh": 0.12619999999999998,
      "dU_MAP_bias": 0.0132000000000001,
      "U_frozen": 0.6499999999999999,
      "U_fresh": 0.5118,
      "U_MAP": 0.638,
      "U_bias": 0.6247999999999999,
      "Gh_native": -0.0119999999999999,
      "Gh_informed": -0.02719999999999989,
      "Gh_random_mean": -0.015241666666666667,
      "dGh_specific": -0.011958333333333224
    },
    "4": {
      "dU_MAP_frozen": -0.014999999999999791,
      "dU_MAP_fresh": 0.10080000000000022,
      "dU_MAP_bias": 0.0022000000000000908,
      "U_frozen": 0.6499999999999999,
      "U_fresh": 0.5341999999999999,
      "U_MAP": 0.6350000000000001,
      "U_bias": 0.6328,
      "Gh_native": -0.014999999999999791,
      "Gh_informed": -0.02519999999999989,
      "Gh_random_mean": -0.011224999999999999,
      "dGh_specific": -0.01397499999999989
    },
    "8": {
      "dU_MAP_frozen": -0.007799999999999918,
      "dU_MAP_fresh": 0.09719999999999995,
      "dU_MAP_bias": -0.0038000000000001366,
      "U_frozen": 0.6499999999999999,
      "U_fresh": 0.545,
      "U_MAP": 0.6422,
      "U_bias": 0.6460000000000001,
      "Gh_native": -0.007799999999999918,
      "Gh_informed": -0.017999999999999905,
      "Gh_random_mean": -0.007650000000000004,
      "dGh_specific": -0.010349999999999901
    },
    "16": {
      "dU_MAP_frozen": -0.006800000000000028,
      "dU_MAP_fresh": 0.06859999999999977,
      "dU_MAP_bias": -0.007000000000000117,
      "U_frozen": 0.6499999999999999,
      "U_fresh": 0.5746000000000001,
      "U_MAP": 0.6431999999999999,
      "U_bias": 0.6502,
      "Gh_native": -0.006800000000000028,
      "Gh_informed": -0.018799999999999928,
      "Gh_random_mean": -0.006899999999999994,
      "dGh_specific": -0.011899999999999935
    },
    "32": {
      "dU_MAP_frozen": -0.00019999999999986695,
      "dU_MAP_fresh": 0.01539999999999997,
      "dU_MAP_bias": 0.000200000000000089,
      "U_frozen": 0.6499999999999999,
      "U_fresh": 0.6344000000000001,
      "U_MAP": 0.6498,
      "U_bias": 0.6496,
      "Gh_native": -0.00019999999999986695,
      "Gh_informed": -0.015999999999999903,
      "Gh_random_mean": -0.004933333333333338,
      "dGh_specific": -0.011066666666666565
    },
    "Full": {
      "dU_MAP_frozen": 1.1102230246251565e-16,
      "dU_MAP_fresh": 0.010000000000000009,
      "dU_MAP_bias": -0.010000000000000009,
      "U_frozen": 0.6499999999999999,
      "U_fresh": 0.64,
      "U_MAP": 0.65,
      "U_bias": 0.66,
      "Gh_native": 1.1102230246251565e-16,
      "Gh_informed": -0.029999999999999916,
      "Gh_random_mean": -0.00708333333333333,
      "dGh_specific": -0.022916666666666585
    }
  },
  "firewall": {
    "source_only_construction": true,
    "alpha_source_only": true,
    "Ycal_used_for_head_adapt": true,
    "Yquery_used_for_selection": false,
    "Xquery_used_for_selection": false,
    "Yquery_used_for_outcome": true
  }
}