{
  "dataset": "Lee2019_MI",
  "subject": "19",
  "seed": 1,
  "status": "ok",
  "C": 2,
  "rank": 8,
  "n_cal": 100,
  "n_query": 100,
  "cal_session": [
    "0"
  ],
  "query_sessions": [
    "1"
  ],
  "alpha": 1.0,
  "alpha_info": {
    "mean_ce": {
      "0.001": 0.5601005457654877,
      "0.01": 0.48719573940831334,
      "0.1": 0.4295014569830006,
      "1.0": 0.41734489719452994,
      "10.0": 0.41792407668132114,
      "100.0": 0.4181364876822616
    },
    "n_pseudo": 53
  },
  "n_random": 50,
  "n_matched_random": 21,
  "informed_src_bacc": 0.6408490566037736,
  "native_src_bacc": 0.7909433962264151,
  "n_draws": 50,
  "cal_per_class": {
    "0": 50,
    "1": 50
  },
  "budget_class_shortfall": {},
  "endpoints": {
    "1": {
      "dU_MAP_frozen": -0.011999999999999789,
      "dU_MAP_fresh": 0.21140000000000003,
      "dU_MAP_bias": 0.04740000000000011,
      "U_frozen": 0.7599999999999999,
      "U_fresh": 0.5366000000000001,
      "U_MAP": 0.7480000000000001,
      "U_bias": 0.7006,
      "Gh_native": -0.011999999999999789,
      "Gh_informed": -0.07380000000000009,
      "Gh_random_mean": -0.032895238095238116,
      "dGh_specific": -0.04090476190476197
    },
    "2": {
      "dU_MAP_frozen": -0.016999999999999904,
      "dU_MAP_fresh": 0.16920000000000002,
      "dU_MAP_bias": 0.03500000000000003,
      "U_frozen": 0.7599999999999999,
      "U_fresh": 0.5738,
      "U_MAP": 0.743,
      "U_bias": 0.708,
      "Gh_native": -0.016999999999999904,
      "Gh_informed": -0.04260000000000019,
      "Gh_random_mean": -0.02226666666666671,
      "dGh_specific": -0.020333333333333484
    },
    "4": {
      "dU_MAP_frozen": -0.011999999999999789,
      "dU_MAP_fresh": 0.18100000000000016,
      "dU_MAP_bias": 0.045600000000000196,
      "U_frozen": 0.7599999999999999,
      "U_fresh": 0.567,
      "U_MAP": 0.7480000000000001,
      "U_bias": 0.7023999999999999,
      "Gh_native": -0.011999999999999789,
      "Gh_informed": -0.038000000000000256,
      "Gh_random_mean": -0.015180952380952385,
      "dGh_specific": -0.02281904761904787
    },
    "8": {
      "dU_MAP_frozen": -0.009599999999999831,
      "dU_MAP_fresh": 0.15820000000000012,
      "dU_MAP_bias": 0.022600000000000176,
      "U_frozen": 0.7599999999999999,
      "U_fresh": 0.5922,
      "U_MAP": 0.7504000000000001,
      "U_bias": 0.7277999999999999,
      "Gh_native": -0.009599999999999831,
      "Gh_informed": -0.01340000000000019,
      "Gh_random_mean": -0.00675238095238098,
      "dGh_specific": -0.006647619047619209
    },
    "16": {
      "dU_MAP_frozen": -0.013000000000000012,
      "dU_MAP_fresh": 0.15899999999999992,
      "dU_MAP_bias": 0.012199999999999878,
      "U_frozen": 0.7599999999999999,
      "U_fresh": 0.588,
      "U_MAP": 0.7469999999999999,
      "U_bias": 0.7348,
      "Gh_native": -0.013000000000000012,
      "Gh_informed": 0.0021999999999997577,
      "Gh_random_mean": -0.004000000000000041,
      "dGh_specific": 0.0061999999999997986
    },
    "32": {
      "dU_MAP_frozen": -0.013999999999999901,
      "dU_MAP_fresh": 0.10339999999999994,
      "dU_MAP_bias": 0.010800000000000143,
      "U_frozen": 0.7599999999999999,
      "U_fresh": 0.6426000000000001,
      "U_MAP": 0.746,
      "U_bias": 0.7351999999999999,
      "Gh_native": -0.013999999999999901,
      "Gh_informed": 0.017599999999999838,
      "Gh_random_mean": -0.0003238095238095516,
      "dGh_specific": 0.01792380952380939
    },
    "Full": {
      "dU_MAP_frozen": -0.020000000000000018,
      "dU_MAP_fresh": 0.08999999999999997,
      "dU_MAP_bias": 0.0,
      "U_frozen": 0.76,
      "U_fresh": 0.65,
      "U_MAP": 0.74,
      "U_bias": 0.74,
      "Gh_native": -0.020000000000000018,
      "Gh_informed": 0.040000000000000036,
      "Gh_random_mean": 0.0023809523809523564,
      "dGh_specific": 0.03761904761904768
    }
  },
  "firewall": {
    "source_only_construction": true,
    "alpha_source_only": true,
    "Ycal_used_for_head_adapt": true,
    "Yquery_used_for_selection": false,
    "Xquery_used_for_selection": false,
    "Yquery_used_for_outcome": true
  }
}