{
  "dataset": "Lee2019_MI",
  "subject": "44",
  "seed": 2,
  "status": "ok",
  "C": 2,
  "rank": 8,
  "n_cal": 100,
  "n_query": 100,
  "cal_session": [
    "0"
  ],
  "query_sessions": [
    "1"
  ],
  "alpha": 1.0,
  "alpha_info": {
    "mean_ce": {
      "0.001": 0.5699485595647307,
      "0.01": 0.5016739857935291,
      "0.1": 0.43913782019325104,
      "1.0": 0.42579992162944824,
      "10.0": 0.42669658599968807,
      "100.0": 0.4269660161911991
    },
    "n_pseudo": 53
  },
  "n_random": 50,
  "n_matched_random": 17,
  "informed_src_bacc": 0.6291509433962263,
  "native_src_bacc": 0.7823584905660377,
  "n_draws": 50,
  "cal_per_class": {
    "0": 50,
    "1": 50
  },
  "budget_class_shortfall": {},
  "endpoints": {
    "1": {
      "dU_MAP_frozen": 0.009400000000000186,
      "dU_MAP_fresh": 0.20440000000000014,
      "dU_MAP_bias": -0.02279999999999982,
      "U_frozen": 0.83,
      "U_fresh": 0.635,
      "U_MAP": 0.8394000000000001,
      "U_bias": 0.8622,
      "Gh_native": 0.009400000000000186,
      "Gh_informed": 0.03259999999999996,
      "Gh_random_mean": -0.015423529411764765,
      "dGh_specific": 0.04802352941176473
    },
    "2": {
      "dU_MAP_frozen": 0.020400000000000196,
      "dU_MAP_fresh": 0.14780000000000026,
      "dU_MAP_bias": -0.025799999999999712,
      "U_frozen": 0.83,
      "U_fresh": 0.7025999999999999,
      "U_MAP": 0.8504000000000002,
      "U_bias": 0.8761999999999999,
      "Gh_native": 0.020400000000000196,
      "Gh_informed": 0.047599999999999976,
      "Gh_random_mean": 0.008270588235294082,
      "dGh_specific": 0.03932941176470589
    },
    "4": {
      "dU_MAP_frozen": 0.03259999999999996,
      "dU_MAP_fresh": 0.11319999999999997,
      "dU_MAP_bias": -0.04700000000000004,
      "U_frozen": 0.83,
      "U_fresh": 0.7494,
      "U_MAP": 0.8625999999999999,
      "U_bias": 0.9096,
      "Gh_native": 0.03259999999999996,
      "Gh_informed": 0.0663999999999999,
      "Gh_random_mean": 0.027494117647058752,
      "dGh_specific": 0.03890588235294115
    },
    "8": {
      "dU_MAP_frozen": 0.029200000000000004,
      "dU_MAP_fresh": 0.10919999999999985,
      "dU_MAP_bias": -0.06099999999999983,
      "U_frozen": 0.83,
      "U_fresh": 0.7500000000000001,
      "U_MAP": 0.8592,
      "U_bias": 0.9201999999999998,
      "Gh_native": 0.029200000000000004,
      "Gh_informed": 0.07799999999999996,
      "Gh_random_mean": 0.03601176470588229,
      "dGh_specific": 0.041988235294117666
    },
    "16": {
      "dU_MAP_frozen": 0.03579999999999983,
      "dU_MAP_fresh": 0.06099999999999972,
      "dU_MAP_bias": -0.06000000000000005,
      "U_frozen": 0.83,
      "U_fresh": 0.8048000000000001,
      "U_MAP": 0.8657999999999998,
      "U_bias": 0.9257999999999998,
      "Gh_native": 0.03579999999999983,
      "Gh_informed": 0.08099999999999996,
      "Gh_random_mean": 0.0460117647058823,
      "dGh_specific": 0.03498823529411766
    },
    "32": {
      "dU_MAP_frozen": 0.036799999999999944,
      "dU_MAP_fresh": 0.014799999999999924,
      "dU_MAP_bias": -0.05600000000000016,
      "U_frozen": 0.83,
      "U_fresh": 0.852,
      "U_MAP": 0.8667999999999999,
      "U_bias": 0.9228000000000001,
      "Gh_native": 0.036799999999999944,
      "Gh_informed": 0.08460000000000001,
      "Gh_random_mean": 0.049164705882352895,
      "dGh_specific": 0.03543529411764711
    },
    "Full": {
      "dU_MAP_frozen": 0.039999999999999925,
      "dU_MAP_fresh": -0.020000000000000018,
      "dU_MAP_bias": -0.04999999999999993,
      "U_frozen": 0.8300000000000001,
      "U_fresh": 0.89,
      "U_MAP": 0.87,
      "U_bias": 0.9199999999999999,
      "Gh_native": 0.039999999999999925,
      "Gh_informed": 0.08999999999999997,
      "Gh_random_mean": 0.05117647058823529,
      "dGh_specific": 0.03882352941176468
    }
  },
  "firewall": {
    "source_only_construction": true,
    "alpha_source_only": true,
    "Ycal_used_for_head_adapt": true,
    "Yquery_used_for_selection": false,
    "Xquery_used_for_selection": false,
    "Yquery_used_for_outcome": true
  }
}