tag,dataset,endpoint,information_regime,removal_kind,rank,cohen_kappa,balanced_accuracy,nll,n_units,prediction_sha256,delta_kappa_vs_unchanged,delta_bacc_vs_unchanged,delta_nll_vs_unchanged,fit_removed_energy_fraction,source_removed_energy_fraction,target_removed_energy_fraction
H500_s0,seedv,fresh_head,source_only,unchanged,0,0.09042553191489366,0.27234042553191495,2.08309604185512,235,38cf5f4db04438fb7f2204f7fb934eb5e1d4de9785b353f4e4638a97e4e39663,0.0,0.0,0.0,0.0,0.0,0.0
H500_s0,seedv,exact_head,source_only,unchanged,0,0.09042553191489366,0.27234042553191495,2.08309604185512,235,38cf5f4db04438fb7f2204f7fb934eb5e1d4de9785b353f4e4638a97e4e39663,0.0,0.0,0.0,0.0,0.0,0.0
H500_s0,seedv,fresh_head,global_oracle,subject_leace,15,0.04255319148936165,0.2340425531914893,2.620257484524396,235,e446ccb56e47ddc7cb3f176480804d2cddcaec12c560d948a372c48e0581e0b8,-0.04787234042553201,-0.03829787234042564,0.5371614426692761,0.8308120662390773,0.8284743722830361,0.8444422173582892
H500_s0,seedv,exact_head,global_oracle,subject_leace,15,0.07978723404255317,0.26382978723404255,1.9921399397647805,235,6fda1b8486b92b5801a14ba5a4e61365a1d6ac9b778b7649f6d214d9f8590d91,-0.010638297872340496,-0.008510638297872408,-0.09095610209033955,0.8308120662390773,0.8284743722830361,0.8444422173582892
H500_s0,seedv,fresh_head,source_only,subject_leace,15,0.06382978723404253,0.251063829787234,2.899342834606339,235,d4c01c4ce784ab28f774634bcd26fc2fc89cb1435c95de3311fa676ce0a6a347,-0.02659574468085113,-0.021276595744680937,0.8162467927512189,0.8094693529813297,0.8094693529813297,0.8368721290565585
H500_s0,seedv,exact_head,source_only,subject_leace,15,0.07446808510638303,0.25957446808510637,2.073300460122857,235,1a2be5cdf7bfbace6297a87d74789ac93525070fac92a8c057636b10c25a59d1,-0.015957446808510634,-0.012765957446808585,-0.009795581732263248,0.8094693529813297,0.8094693529813297,0.8368721290565585
