{
  "condition": "SCZ",
  "domain": "cohort",
  "dec_domain": "cohort",
  "cohorts": [
    "ds003944",
    "ds003947",
    "ds004000",
    "ds004367"
  ],
  "config": {
    "condition": "SCZ",
    "cohorts": null,
    "backbone": "EEGNet",
    "domain": "cohort",
    "dec_domain": "",
    "configs": [
      "erm:0",
      "lpc_prior:0.1"
    ],
    "epochs": 120,
    "bs": 64,
    "warmup": 30,
    "n_inner": 2,
    "device": "auto",
    "sampler": "classbal",
    "prior": "empirical",
    "beta": 0.0,
    "seed": 0,
    "balance": false,
    "label_correct": false,
    "reweight_dual": false,
    "transduct": "coral",
    "transduct_shrink": 0.1,
    "transduct_gate": 0.0,
    "dec_margin": null,
    "decoder_null_perms": 0,
    "decoder_null_quantile": 0.95,
    "out": "results/r2_dualpc2/r2_SCZ_s0.json"
  },
  "summary": {
    "erm:0": {
      "per_target_balanced_acc_mean": 0.5076414017453639,
      "worst_target_balanced_acc": 0.48043478260869565,
      "leakage_kl": 0.4553467109799385,
      "leakage_kl_rw": 0.4600331038236618,
      "marginal_leakage_kl": 0.4705313965678215,
      "marginal_leakage_kl_rw": 0.463469035923481,
      "marginal_leakage_advantage": 0.3206362534639181,
      "marginal_leakage_advantage_rw": 0.31828306711345417,
      "leakage_advantage_rw": 0.31219129848860616,
      "decoder_cmi": 0.0030502602458000183,
      "decoder_cmi_rw": 0.004461903125047684,
      "decoder_cmi_res": 0.003206949681043625,
      "decoder_cmi_res_rw": 0.0031670816242694855,
      "decoder_js_res": 0.0005893858906347305,
      "decoder_js_res_rw": 0.0005877546354895458,
      "decoder_valid_frac": 1.0,
      "decoder_min_domain_classes": 2,
      "decoder_single_class_frac": 0.0,
      "inloop_reg": 0.0,
      "inloop_dec": 0.0,
      "inloop_dec_loss": 0.0,
      "train_dec_margin": 0.02,
      "per_cohort": {
        "ds003944": 52.2,
        "ds003947": 53.3,
        "ds004000": 49.5,
        "ds004367": 48.0
      },
      "transduct_balanced_acc_mean": 0.5461428400420185,
      "probe_balanced_acc_mean": 0.5063169393582877,
      "decoder_valid_n": 4,
      "decoder_cmi_valid_mean": 0.0030502602458000183,
      "decoder_cmi_rw_valid_mean": 0.004461903125047684,
      "decoder_cmi_res_valid_mean": 0.003206949681043625,
      "decoder_cmi_res_rw_valid_mean": 0.0031670816242694855,
      "decoder_js_res_valid_mean": 0.0005893858906347305,
      "decoder_js_res_rw_valid_mean": 0.0005877546354895458,
      "decoder_cmi_res_null_q_valid_mean": null,
      "decoder_cmi_res_excess_valid_mean": null,
      "decoder_cmi_res_rw_null_q_valid_mean": null,
      "decoder_cmi_res_rw_excess_valid_mean": null,
      "decoder_js_res_null_q_valid_mean": null,
      "decoder_js_res_excess_valid_mean": null,
      "decoder_js_res_rw_null_q_valid_mean": null,
      "decoder_js_res_rw_excess_valid_mean": null
    },
    "lpc_prior:0.1": {
      "per_target_balanced_acc_mean": 0.5164308257262992,
      "worst_target_balanced_acc": 0.49513888888888885,
      "leakage_kl": 0.13812127150595188,
      "leakage_kl_rw": 0.14180173072963953,
      "marginal_leakage_kl": 0.1529323412105441,
      "marginal_leakage_kl_rw": 0.14213610906153917,
      "marginal_leakage_advantage": 0.125062828307439,
      "marginal_leakage_advantage_rw": 0.11597984663393182,
      "leakage_advantage_rw": 0.11575785547478465,
      "decoder_cmi": 0.0013278014957904816,
      "decoder_cmi_rw": 0.00324283167719841,
      "decoder_cmi_res": 0.0007041729986667633,
      "decoder_cmi_res_rw": 0.0007066428661346436,
      "decoder_js_res": 0.00010677653835955425,
      "decoder_js_res_rw": 6.752434956069919e-05,
      "decoder_valid_frac": 1.0,
      "decoder_min_domain_classes": 2,
      "decoder_single_class_frac": 0.0,
      "inloop_reg": 0.2398921823786664,
      "inloop_dec": 0.0,
      "inloop_dec_loss": 0.0,
      "train_dec_margin": 0.02,
      "per_cohort": {
        "ds003944": 50.6,
        "ds003947": 54.1,
        "ds004000": 49.5,
        "ds004367": 52.3
      },
      "transduct_balanced_acc_mean": 0.5513276448516234,
      "probe_balanced_acc_mean": 0.5255890313399495,
      "decoder_valid_n": 4,
      "decoder_cmi_valid_mean": 0.0013278014957904816,
      "decoder_cmi_rw_valid_mean": 0.00324283167719841,
      "decoder_cmi_res_valid_mean": 0.0007041729986667633,
      "decoder_cmi_res_rw_valid_mean": 0.0007066428661346436,
      "decoder_js_res_valid_mean": 0.00010677653835955425,
      "decoder_js_res_rw_valid_mean": 6.752434956069919e-05,
      "decoder_cmi_res_null_q_valid_mean": null,
      "decoder_cmi_res_excess_valid_mean": null,
      "decoder_cmi_res_rw_null_q_valid_mean": null,
      "decoder_cmi_res_rw_excess_valid_mean": null,
      "decoder_js_res_null_q_valid_mean": null,
      "decoder_js_res_excess_valid_mean": null,
      "decoder_js_res_rw_null_q_valid_mean": null,
      "decoder_js_res_rw_excess_valid_mean": null
    }
  },
  "folds": {
    "erm:0": [
      {
        "held_out": "ds003944",
        "balanced_acc": 0.52225,
        "macro_f1": 0.5218438585479916,
        "leakage_kl": 0.5733715295791626,
        "leakage_kl_rw": 0.5685490369796753,
        "leakage_advantage_rw": 0.40710541642399534,
        "marginal_leakage_kl": 0.5719677209854126,
        "marginal_leakage_kl_rw": 0.5640034675598145,
        "marginal_leakage_advantage": 0.4065230052417006,
        "marginal_leakage_advantage_rw": 0.40885264997087944,
        "decoder_cmi": 0.002057582139968872,
        "decoder_cmi_rw": 0.0020519644021987915,
        "decoder_cmi_res": 0.0025114864110946655,
        "decoder_cmi_res_rw": 0.0022331327199935913,
        "decoder_js_res": 0.00022597453789785504,
        "decoder_js_res_rw": 0.00020119527471251786,
        "decoder_valid": true,
        "decoder_n_domains": 3,
        "decoder_min_domain_classes": 2,
        "decoder_mean_domain_classes": 2.0,
        "decoder_single_class_frac": 0.0,
        "decoder_domain_class_spans": [
          2,
          2,
          2
        ],
        "decoder_domain_counts": [
          2440,
          1680,
          1600
        ],
        "inloop_reg": 0.0,
        "inloop_dec": 0.0,
        "inloop_dec_loss": 0.0,
        "train_dec_margin": 0.02,
        "train_sampler": "classbal",
        "n_test": 3280,
        "ts_balanced_acc": 0.535984375,
        "probe_balanced_acc": 0.525765625,
        "ts_pi_T": null
      },
      {
        "held_out": "ds003947",
        "balanced_acc": 0.5327419354838709,
        "macro_f1": 0.5305055153265001,
        "leakage_kl": 0.47658923268318176,
        "leakage_kl_rw": 0.4871393144130707,
        "leakage_advantage_rw": 0.33180894308943093,
        "marginal_leakage_kl": 0.5048443675041199,
        "marginal_leakage_kl_rw": 0.4901888072490692,
        "marginal_leakage_advantage": 0.33180894308943093,
        "marginal_leakage_advantage_rw": 0.32774390243902435,
        "decoder_cmi": 0.003552347421646118,
        "decoder_cmi_rw": 0.006297171115875244,
        "decoder_cmi_res": 0.005710422992706299,
        "decoder_cmi_res_rw": 0.005699098110198975,
        "decoder_js_res": 0.0003747138543985784,
        "decoder_js_res_rw": 0.00032429498969577253,
        "decoder_valid": true,
        "decoder_n_domains": 3,
        "decoder_min_domain_classes": 2,
        "decoder_mean_domain_classes": 2.0,
        "decoder_single_class_frac": 0.0,
        "decoder_domain_class_spans": [
          2,
          2,
          2
        ],
        "decoder_domain_counts": [
          3280,
          1680,
          1600
        ],
        "inloop_reg": 0.0,
        "inloop_dec": 0.0,
        "inloop_dec_loss": 0.0,
        "train_dec_margin": 0.02,
        "train_sampler": "classbal",
        "n_test": 2440,
        "ts_balanced_acc": 0.5560349462365591,
        "probe_balanced_acc": 0.5305913978494624,
        "ts_pi_T": null
      },
      {
        "held_out": "ds004000",
        "balanced_acc": 0.4951388888888889,
        "macro_f1": 0.47828660804311696,