{
  "condition": "SCZ",
  "domain": "cohort",
  "dec_domain": "cohort",
  "cohorts": [
    "ds003944",
    "ds003947",
    "ds004000",
    "ds004367"
  ],
  "config": {
    "condition": "SCZ",
    "cohorts": null,
    "backbone": "EEGNet",
    "domain": "cohort",
    "dec_domain": "",
    "configs": [
      "erm:0",
      "lpc_prior:0.1"
    ],
    "epochs": 120,
    "bs": 64,
    "warmup": 30,
    "n_inner": 2,
    "device": "auto",
    "sampler": "classbal",
    "prior": "empirical",
    "beta": 0.0,
    "seed": 2,
    "balance": false,
    "label_correct": false,
    "reweight_dual": false,
    "transduct": "coral",
    "transduct_shrink": 0.1,
    "transduct_gate": 0.0,
    "dec_margin": null,
    "decoder_null_perms": 0,
    "decoder_null_quantile": 0.95,
    "out": "results/r2_dualpc2/r2_SCZ_s2.json"
  },
  "summary": {
    "erm:0": {
      "per_target_balanced_acc_mean": 0.5179500510334452,
      "worst_target_balanced_acc": 0.45933503836317136,
      "leakage_kl": 0.44675223529338837,
      "leakage_kl_rw": 0.45354030281305313,
      "marginal_leakage_kl": 0.4630622938275337,
      "marginal_leakage_kl_rw": 0.4575324282050133,
      "marginal_leakage_advantage": 0.31557374023994755,
      "marginal_leakage_advantage_rw": 0.3141150883383802,
      "leakage_advantage_rw": 0.3102189069467278,
      "decoder_cmi": 0.003422468900680542,
      "decoder_cmi_rw": 0.005027502775192261,
      "decoder_cmi_res": 0.003786243498325348,
      "decoder_cmi_res_rw": 0.0038519762456417084,
      "decoder_js_res": 0.0007304907267098315,
      "decoder_js_res_rw": 0.0007102750969352201,
      "decoder_valid_frac": 1.0,
      "decoder_min_domain_classes": 2,
      "decoder_single_class_frac": 0.0,
      "inloop_reg": 0.0,
      "inloop_dec": 0.0,
      "inloop_dec_loss": 0.0,
      "train_dec_margin": 0.02,
      "per_cohort": {
        "ds003944": 53.6,
        "ds003947": 52.0,
        "ds004000": 55.6,
        "ds004367": 45.9
      },
      "transduct_balanced_acc_mean": 0.5115079469587333,
      "probe_balanced_acc_mean": 0.5216998493632493,
      "decoder_valid_n": 4,
      "decoder_cmi_valid_mean": 0.003422468900680542,
      "decoder_cmi_rw_valid_mean": 0.005027502775192261,
      "decoder_cmi_res_valid_mean": 0.003786243498325348,
      "decoder_cmi_res_rw_valid_mean": 0.0038519762456417084,
      "decoder_js_res_valid_mean": 0.0007304907267098315,
      "decoder_js_res_rw_valid_mean": 0.0007102750969352201,
      "decoder_cmi_res_null_q_valid_mean": null,
      "decoder_cmi_res_excess_valid_mean": null,
      "decoder_cmi_res_rw_null_q_valid_mean": null,
      "decoder_cmi_res_rw_excess_valid_mean": null,
      "decoder_js_res_null_q_valid_mean": null,
      "decoder_js_res_excess_valid_mean": null,
      "decoder_js_res_rw_null_q_valid_mean": null,
      "decoder_js_res_rw_excess_valid_mean": null
    },
    "lpc_prior:0.1": {
      "per_target_balanced_acc_mean": 0.5158506112268423,
      "worst_target_balanced_acc": 0.4866687979539642,
      "leakage_kl": 0.12137608416378498,
      "leakage_kl_rw": 0.12397185526788235,
      "marginal_leakage_kl": 0.13184630032628775,
      "marginal_leakage_kl_rw": 0.12209447007626295,
      "marginal_leakage_advantage": 0.11772904183762788,
      "marginal_leakage_advantage_rw": 0.10830107991625594,
      "leakage_advantage_rw": 0.10771489134953736,
      "decoder_cmi": 0.0011060014367103577,
      "decoder_cmi_rw": 0.003566127270460129,
      "decoder_cmi_res": 0.0008610673248767853,
      "decoder_cmi_res_rw": 0.0010162070393562317,
      "decoder_js_res": 9.412919280293863e-05,
      "decoder_js_res_rw": 7.005848965491168e-05,
      "decoder_valid_frac": 1.0,
      "decoder_min_domain_classes": 2,
      "decoder_single_class_frac": 0.0,
      "inloop_reg": 0.2248869776727619,
      "inloop_dec": 0.0,
      "inloop_dec_loss": 0.0,
      "train_dec_margin": 0.02,
      "per_cohort": {
        "ds003944": 51.3,
        "ds003947": 55.2,
        "ds004000": 51.2,
        "ds004367": 48.7
      },
      "transduct_balanced_acc_mean": 0.5257284810166469,
      "probe_balanced_acc_mean": 0.5172748934857663,
      "decoder_valid_n": 4,
      "decoder_cmi_valid_mean": 0.0011060014367103577,
      "decoder_cmi_rw_valid_mean": 0.003566127270460129,
      "decoder_cmi_res_valid_mean": 0.0008610673248767853,
      "decoder_cmi_res_rw_valid_mean": 0.0010162070393562317,
      "decoder_js_res_valid_mean": 9.412919280293863e-05,
      "decoder_js_res_rw_valid_mean": 7.005848965491168e-05,
      "decoder_cmi_res_null_q_valid_mean": null,
      "decoder_cmi_res_excess_valid_mean": null,
      "decoder_cmi_res_rw_null_q_valid_mean": null,
      "decoder_cmi_res_rw_excess_valid_mean": null,
      "decoder_js_res_null_q_valid_mean": null,
      "decoder_js_res_excess_valid_mean": null,
      "decoder_js_res_rw_null_q_valid_mean": null,
      "decoder_js_res_rw_excess_valid_mean": null
    }
  },
  "folds": {
    "erm:0": [
      {
        "held_out": "ds003944",
        "balanced_acc": 0.53628125,
        "macro_f1": 0.5307944045150286,
        "leakage_kl": 0.6235469579696655,
        "leakage_kl_rw": 0.6254552006721497,
        "leakage_advantage_rw": 0.45777518928363425,
        "marginal_leakage_kl": 0.6330986022949219,
        "marginal_leakage_kl_rw": 0.6297717094421387,
        "marginal_leakage_advantage": 0.4589400116482236,
        "marginal_leakage_advantage_rw": 0.4571927781013395,
        "decoder_cmi": 0.0005185604095458984,
        "decoder_cmi_rw": 0.00026498734951019287,
        "decoder_cmi_res": 0.0003493577241897583,
        "decoder_cmi_res_rw": 0.000726744532585144,
        "decoder_js_res": 0.00037857983261346817,
        "decoder_js_res_rw": 0.0003075944841839373,
        "decoder_valid": true,
        "decoder_n_domains": 3,
        "decoder_min_domain_classes": 2,
        "decoder_mean_domain_classes": 2.0,
        "decoder_single_class_frac": 0.0,
        "decoder_domain_class_spans": [
          2,
          2,
          2
        ],
        "decoder_domain_counts": [
          2440,
          1680,
          1600
        ],
        "inloop_reg": 0.0,
        "inloop_dec": 0.0,
        "inloop_dec_loss": 0.0,
        "train_dec_margin": 0.02,
        "train_sampler": "classbal",
        "n_test": 3280,
        "ts_balanced_acc": 0.534703125,
        "probe_balanced_acc": 0.53678125,
        "ts_pi_T": null
      },
      {
        "held_out": "ds003947",
        "balanced_acc": 0.5201075268817205,
        "macro_f1": 0.5104798403144115,
        "leakage_kl": 0.46758392453193665,
        "leakage_kl_rw": 0.47907015681266785,
        "leakage_advantage_rw": 0.3114837398373983,
        "marginal_leakage_kl": 0.492164671421051,
        "marginal_leakage_kl_rw": 0.48222777247428894,
        "marginal_leakage_advantage": 0.3145325203252032,
        "marginal_leakage_advantage_rw": 0.31859756097560976,
        "decoder_cmi": 0.0023057162761688232,
        "decoder_cmi_rw": 0.004875615239143372,
        "decoder_cmi_res": 0.002258613705635071,
        "decoder_cmi_res_rw": 0.0027437210083007812,
        "decoder_js_res": 0.00038322890759445727,
        "decoder_js_res_rw": 0.0002683789352886379,
        "decoder_valid": true,
        "decoder_n_domains": 3,
        "decoder_min_domain_classes": 2,
        "decoder_mean_domain_classes": 2.0,
        "decoder_single_class_frac": 0.0,
        "decoder_domain_class_spans": [
          2,
          2,
          2
        ],
        "decoder_domain_counts": [
          3280,
          1680,
          1600
        ],
        "inloop_reg": 0.0,
        "inloop_dec": 0.0,
        "inloop_dec_loss": 0.0,
        "train_dec_margin": 0.02,
        "train_sampler": "classbal",
        "n_test": 2440,
        "ts_balanced_acc": 0.5440456989247311,
        "probe_balanced_acc": 0.5370967741935484,
        "ts_pi_T": null
      },
      {
        "held_out": "ds004000",
        "balanced_acc": 0.5560763888888889,
        "macro_f1": 0.5545267132603879,