{
  "config": {
    "dataset": "BNCI2014_001",
    "backbone": "EEGNet",
    "configs": [
      "erm:0",
      "lpc_prior:0.1"
    ],
    "epochs": 200,
    "bs": 64,
    "warmup": 40,
    "n_inner": 2,
    "weight_decay": 0.0001,
    "sampler": "classbal",
    "prior": "empirical",
    "prior_alpha": 1.0,
    "align": "ea_strict",
    "fmin": null,
    "fmax": null,
    "protocol": "loso",
    "imbalance": 0.0,
    "tmin": 0.5,
    "tmax": 3.5,
    "resample": 250,
    "seed": 0,
    "max_subjects": 0,
    "out": "results/align_BNCI2014_001_ea_strict.json"
  },
  "classes": [
    "feet",
    "left_hand",
    "right_hand",
    "tongue"
  ],
  "summary": {
    "erm:0": {
      "per_target_balanced_acc_mean": 0.4184027777777778,
      "per_target_balanced_acc_std": 0.10945611092014947,
      "worst_target_balanced_acc": 0.2725694444444444,
      "worst_target_acc": 0.2725694444444444,
      "macro_f1": 0.3631574868707139,
      "pooled_balanced_acc": 0.4184027777777778,
      "pooled_macro_f1": 0.40526504448908834,
      "subject_balanced_acc": 0.0,
      "subject_macro_f1": 0.0,
      "leakage_kl": 0.790498846107059,
      "leakage_advantage": 0.5668032457620311,
      "label_sep": 0.6713264240379208,
      "inloop_reg": 0.0,
      "stepA_dom_acc": 0.0,
      "per_target": [
        {
          "target": "1",
          "accuracy": 0.4496527777777778,
          "balanced_acc": 0.4496527777777778,
          "macro_f1": 0.3729840345217996,
          "nll": 1.6056764125823975,
          "ece": 0.2699768771417439,
          "leakage_kl": 0.7877230048179626,
          "cond_dom_acc": 0.6673897324656544,
          "prior_dom_acc": 0.1019522776572668,
          "leakage_advantage": 0.5654374548083876,
          "label_sep": 0.6623282718727405,
          "inloop_reg": 0.0,
          "stepA_dom_acc": 0.0
        },
        {
          "target": "2",
          "accuracy": 0.2864583333333333,
          "balanced_acc": 0.2864583333333333,
          "macro_f1": 0.1953385580130217,
          "nll": 2.4645419120788574,
          "ece": 0.33582441984779304,
          "leakage_kl": 0.6775898337364197,
          "cond_dom_acc": 0.6305133767172812,
          "prior_dom_acc": 0.1019522776572668,
          "leakage_advantage": 0.5285610990600145,
          "label_sep": 0.7042660882140275,
          "inloop_reg": 0.0,
          "stepA_dom_acc": 0.0
        },
        {
          "target": "3",
          "accuracy": 0.515625,
          "balanced_acc": 0.515625,
          "macro_f1": 0.4611591152588248,
          "nll": 1.1219189167022705,
          "ece": 0.17053215971423522,
          "leakage_kl": 0.7338901162147522,
          "cond_dom_acc": 0.6290672451193059,
          "prior_dom_acc": 0.1019522776572668,
          "leakage_advantage": 0.5271149674620391,
          "label_sep": 0.6261749819233551,
          "inloop_reg": 0.0,
          "stepA_dom_acc": 0.0
        },
        {
          "target": "4",
          "accuracy": 0.4253472222222222,
          "balanced_acc": 0.4253472222222222,
          "macro_f1": 0.4217734390143999,
          "nll": 1.3286516666412354,
          "ece": 0.16180637866879505,
          "leakage_kl": 0.8811637163162231,
          "cond_dom_acc": 0.6861894432393347,
          "prior_dom_acc": 0.1019522776572668,
          "leakage_advantage": 0.584237165582068,
          "label_sep": 0.6804049168474331,
          "inloop_reg": 0.0,
          "stepA_dom_acc": 0.0
        },
        {
          "target": "5",
          "accuracy": 0.2725694444444444,
          "balanced_acc": 0.2725694444444444,
          "macro_f1": 0.15004024376221686,
          "nll": 3.1107096672058105,
          "ece": 0.4861959651526478,
          "leakage_kl": 0.8635415434837341,
          "cond_dom_acc": 0.7143890093998554,
          "prior_dom_acc": 0.1019522776572668,
          "leakage_advantage": 0.6124367317425886,
          "label_sep": 0.6984815618221258,
          "inloop_reg": 0.0,
          "stepA_dom_acc": 0.0
        },
        {
          "target": "6",
          "accuracy": 0.34375,
          "balanced_acc": 0.34375,
          "macro_f1": 0.2975091908215963,
          "nll": 3.108405113220215,
          "ece": 0.41979661356243825,
          "leakage_kl": 0.798468828201294,
          "cond_dom_acc": 0.6702819956616052,
          "prior_dom_acc": 0.10412147505422993,
          "leakage_advantage": 0.5661605206073752,
          "label_sep": 0.7049891540130152,
          "inloop_reg": 0.0,
          "stepA_dom_acc": 0.0
        },
        {
          "target": "7",
          "accuracy": 0.3663194444444444,
          "balanced_acc": 0.3663194444444444,
          "macro_f1": 0.33296636562670257,
          "nll": 1.7754167318344116,
          "ece": 0.27350225760084057,
          "leakage_kl": 0.7693840265274048,
          "cond_dom_acc": 0.6666666666666666,
          "prior_dom_acc": 0.10484454085321765,
          "leakage_advantage": 0.561822125813449,
          "label_sep": 0.6738973246565437,
          "inloop_reg": 0.0,
          "stepA_dom_acc": 0.0
        },
        {
          "target": "8",
          "accuracy": 0.6371527777777778,
          "balanced_acc": 0.6371527777777778,
          "macro_f1": 0.5973203893974572,
          "nll": 1.0038397312164307,
          "ece": 0.08624602197152047,
          "leakage_kl": 0.9084427952766418,
          "cond_dom_acc": 0.7122198120028923,
          "prior_dom_acc": 0.10484454085321765,
          "leakage_advantage": 0.6073752711496747,
          "label_sep": 0.6420824295010846,
          "inloop_reg": 0.0,
          "stepA_dom_acc": 0.0
        },
        {
          "target": "9",
          "accuracy": 0.46875,
          "balanced_acc": 0.46875,
          "macro_f1": 0.43932604542040665,
          "nll": 2.07977294921875,
          "ece": 0.3484574964063035,
          "leakage_kl": 0.6942857503890991,
          "cond_dom_acc": 0.6536514822848879,
          "prior_dom_acc": 0.10556760665220535,
          "leakage_advantage": 0.5480838756326826,
          "label_sep": 0.6493130874909617,
          "inloop_reg": 0.0,
          "stepA_dom_acc": 0.0
        }
      ]
    },
    "lpc_prior:0.1": {
      "per_target_balanced_acc_mean": 0.39274691358024694,
      "per_target_balanced_acc_std": 0.09749320761262024,
      "worst_target_balanced_acc": 0.27604166666666663,
      "worst_target_acc": 0.2760416666666667,
      "macro_f1": 0.33639638999080523,
      "pooled_balanced_acc": 0.39274691358024694,
      "pooled_macro_f1": 0.376709939935877,
      "subject_balanced_acc": 0.0,
      "subject_macro_f1": 0.0,
      "leakage_kl": 0.22776413957277933,
      "leakage_advantage": 0.279665782919579,
      "label_sep": 0.6749417530328593,
      "inloop_reg": 0.596836163719863,
      "stepA_dom_acc": 0.449194637345679,
      "per_target": [
        {
          "target": "1",
          "accuracy": 0.4270833333333333,
          "balanced_acc": 0.4270833333333333,
          "macro_f1": 0.3503622042024969,
          "nll": 1.5943756103515625,
          "ece": 0.3109432427316076,
          "leakage_kl": 0.1911853700876236,
          "cond_dom_acc": 0.3868402024584237,
          "prior_dom_acc": 0.1019522776572668,
          "leakage_advantage": 0.2848879248011569,
          "label_sep": 0.6420824295010846,
          "inloop_reg": 0.5935062136914995,
          "stepA_dom_acc": 0.4539930555555556
        },
        {
          "target": "2",
          "accuracy": 0.3020833333333333,
          "balanced_acc": 0.30208333333333337,
          "macro_f1": 0.25,
          "nll": 2.09608793258667,
          "ece": 0.29120182608150774,
          "leakage_kl": 0.18595069646835327,
          "cond_dom_acc": 0.36225596529284165,
          "prior_dom_acc": 0.1019522776572668,
          "leakage_advantage": 0.2603036876355749,
          "label_sep": 0.7216196673897325,
          "inloop_reg": 0.540484251247512,
          "stepA_dom_acc": 0.4353298611111111
        },
        {
          "target": "3",
          "accuracy": 0.4548611111111111,