{
  "config": {
    "dataset": "BNCI2014_001",
    "backbone": "LogCov",
    "configs": [
      "erm:0",
      "lpc_prior:0.3"
    ],
    "epochs": 200,
    "bs": 64,
    "warmup": 40,
    "n_inner": 2,
    "weight_decay": 0.0001,
    "sampler": "classbal",
    "prior": "empirical",
    "prior_alpha": 1.0,
    "align": "none",
    "fmin": 8.0,
    "fmax": 30.0,
    "protocol": "loso",
    "imbalance": 0.0,
    "tmin": 0.5,
    "tmax": 3.5,
    "resample": 250,
    "seed": 0,
    "max_subjects": 0,
    "out": "results/align_BNCI2014_001_LogCov_none.json"
  },
  "classes": [
    "feet",
    "left_hand",
    "right_hand",
    "tongue"
  ],
  "summary": {
    "erm:0": {
      "per_target_balanced_acc_mean": 0.3682484567901235,
      "per_target_balanced_acc_std": 0.0848208466247443,
      "worst_target_balanced_acc": 0.25,
      "worst_target_acc": 0.25,
      "macro_f1": 0.31532401524347875,
      "pooled_balanced_acc": 0.36824845679012347,
      "pooled_macro_f1": 0.3631162406522903,
      "subject_balanced_acc": 0.0,
      "subject_macro_f1": 0.0,
      "leakage_kl": 1.1286871433258057,
      "leakage_advantage": 0.7027396159717201,
      "label_sep": 1.0,
      "inloop_reg": 0.0,
      "stepA_dom_acc": 0.0,
      "per_target": [
        {
          "target": "1",
          "accuracy": 0.4965277777777778,
          "balanced_acc": 0.49652777777777785,
          "macro_f1": 0.41979134723506184,
          "nll": 7.0272955894470215,
          "ece": 0.4432845912459823,
          "leakage_kl": 1.1621037721633911,
          "cond_dom_acc": 0.8279103398409255,
          "prior_dom_acc": 0.1019522776572668,
          "leakage_advantage": 0.7259580621836588,
          "label_sep": 1.0,
          "inloop_reg": 0.0,
          "stepA_dom_acc": 0.0
        },
        {
          "target": "2",
          "accuracy": 0.2673611111111111,
          "balanced_acc": 0.2673611111111111,
          "macro_f1": 0.23724123545943848,
          "nll": 9.587014198303223,
          "ece": 0.6600256323710911,
          "leakage_kl": 1.1543387174606323,
          "cond_dom_acc": 0.8185104844540854,
          "prior_dom_acc": 0.1019522776572668,
          "leakage_advantage": 0.7165582067968186,
          "label_sep": 1.0,
          "inloop_reg": 0.0,
          "stepA_dom_acc": 0.0
        },
        {
          "target": "3",
          "accuracy": 0.4722222222222222,
          "balanced_acc": 0.47222222222222227,
          "macro_f1": 0.4617325335621748,
          "nll": 4.970006465911865,
          "ece": 0.4821448173994819,
          "leakage_kl": 1.1035654544830322,
          "cond_dom_acc": 0.7715112075198843,
          "prior_dom_acc": 0.1019522776572668,
          "leakage_advantage": 0.6695589298626176,
          "label_sep": 1.0,
          "inloop_reg": 0.0,
          "stepA_dom_acc": 0.0
        },
        {
          "target": "4",
          "accuracy": 0.359375,
          "balanced_acc": 0.359375,
          "macro_f1": 0.3190308500336312,
          "nll": 5.693065166473389,
          "ece": 0.5549794105916387,
          "leakage_kl": 1.1691910028457642,
          "cond_dom_acc": 0.8112798264642083,
          "prior_dom_acc": 0.1019522776572668,
          "leakage_advantage": 0.7093275488069415,
          "label_sep": 1.0,
          "inloop_reg": 0.0,
          "stepA_dom_acc": 0.0
        },
        {
          "target": "5",
          "accuracy": 0.25,
          "balanced_acc": 0.25,
          "macro_f1": 0.13741142163721956,
          "nll": 15.869954109191895,
          "ece": 0.7339397067618039,
          "leakage_kl": 1.1397643089294434,
          "cond_dom_acc": 0.8148951554591468,
          "prior_dom_acc": 0.1019522776572668,
          "leakage_advantage": 0.71294287780188,
          "label_sep": 1.0,
          "inloop_reg": 0.0,
          "stepA_dom_acc": 0.0
        },
        {
          "target": "6",
          "accuracy": 0.2881944444444444,
          "balanced_acc": 0.2881944444444444,
          "macro_f1": 0.20947058709691688,
          "nll": 12.027543067932129,
          "ece": 0.6702075643051003,
          "leakage_kl": 1.227967381477356,
          "cond_dom_acc": 0.8409255242227043,
          "prior_dom_acc": 0.10412147505422993,
          "leakage_advantage": 0.7368040491684743,
          "label_sep": 1.0,
          "inloop_reg": 0.0,
          "stepA_dom_acc": 0.0
        },
        {
          "target": "7",
          "accuracy": 0.3420138888888889,
          "balanced_acc": 0.3420138888888889,
          "macro_f1": 0.319060754531377,
          "nll": 6.282941818237305,
          "ece": 0.5693065565493372,
          "leakage_kl": 1.0573875904083252,
          "cond_dom_acc": 0.7592190889370932,
          "prior_dom_acc": 0.10484454085321765,
          "leakage_advantage": 0.6543745480838756,
          "label_sep": 1.0,
          "inloop_reg": 0.0,
          "stepA_dom_acc": 0.0
        },
        {
          "target": "8",
          "accuracy": 0.4409722222222222,
          "balanced_acc": 0.44097222222222227,
          "macro_f1": 0.3854509041050729,
          "nll": 7.504241943359375,
          "ece": 0.5189255128304164,
          "leakage_kl": 1.054534912109375,
          "cond_dom_acc": 0.8026030368763557,
          "prior_dom_acc": 0.10484454085321765,
          "leakage_advantage": 0.697758496023138,
          "label_sep": 1.0,
          "inloop_reg": 0.0,
          "stepA_dom_acc": 0.0
        },
        {
          "target": "9",
          "accuracy": 0.3975694444444444,
          "balanced_acc": 0.3975694444444444,
          "macro_f1": 0.34872650353041634,
          "nll": 12.392730712890625,
          "ece": 0.5751770553696487,
          "leakage_kl": 1.0893311500549316,
          "cond_dom_acc": 0.806941431670282,
          "prior_dom_acc": 0.10556760665220535,
          "leakage_advantage": 0.7013738250180767,
          "label_sep": 1.0,
          "inloop_reg": 0.0,
          "stepA_dom_acc": 0.0
        }
      ]
    },
    "lpc_prior:0.3": {
      "per_target_balanced_acc_mean": 0.3686342592592593,
      "per_target_balanced_acc_std": 0.09605784222799275,
      "worst_target_balanced_acc": 0.2482638888888889,
      "worst_target_acc": 0.2482638888888889,
      "macro_f1": 0.3209862291233142,
      "pooled_balanced_acc": 0.36863425925925924,
      "pooled_macro_f1": 0.3664524177842271,
      "subject_balanced_acc": 0.0,
      "subject_macro_f1": 0.0,
      "leakage_kl": 0.027819273475971486,
      "leakage_advantage": 0.1474250823491604,
      "label_sep": 1.0,
      "inloop_reg": 0.06566410399628458,
      "stepA_dom_acc": 0.2158564814814815,
      "per_target": [
        {
          "target": "1",
          "accuracy": 0.484375,
          "balanced_acc": 0.484375,
          "macro_f1": 0.4119954238921002,
          "nll": 2.9631030559539795,
          "ece": 0.3816617865943246,
          "leakage_kl": 0.03470234200358391,
          "cond_dom_acc": 0.2386117136659436,
          "prior_dom_acc": 0.1019522776572668,
          "leakage_advantage": 0.1366594360086768,
          "label_sep": 1.0,
          "inloop_reg": 0.06870596845530802,
          "stepA_dom_acc": 0.2228732638888889
        },
        {
          "target": "2",
          "accuracy": 0.2569444444444444,
          "balanced_acc": 0.2569444444444444,
          "macro_f1": 0.22906501620327988,
          "nll": 3.1688201427459717,
          "ece": 0.5530168421876926,
          "leakage_kl": 0.023354006931185722,
          "cond_dom_acc": 0.27114967462039047,
          "prior_dom_acc": 0.1019522776572668,
          "leakage_advantage": 0.16919739696312366,
          "label_sep": 1.0,
          "inloop_reg": 0.07241699332371354,
          "stepA_dom_acc": 0.2269965277777778
        },
        {
          "target": "3",
          "accuracy": 0.4444444444444444,
          "balanced_acc": 0.4444444444444445,
          "macro_f1": 0.4252646038328505,
          "nll": 2.3537912368774414,
          "ece": 0.3959183543920517,
          "leakage_kl": 0.04364125058054924,