{
  "config": {
    "dataset": "ADFTD",
    "backbone": "EEGNet",
    "configs": [
      "erm:0",
      "lpc_prior:0.3",
      "lpc_uniform:0.5",
      "marginal:0.5",
      "cdann:1"
    ],
    "n_folds": 2,
    "epochs": 100,
    "bs": 64,
    "warmup": 40,
    "n_inner": 2,
    "sampler": "classbal",
    "tmin": 0.5,
    "tmax": 3.5,
    "resample": 128,
    "seed": 0,
    "out": "results/audit_ADFTD.json"
  },
  "classes": [
    "Alzheimer",
    "Control",
    "FTD"
  ],
  "summary": {
    "erm:0": {
      "linear_adv": 0.7733268017402808,
      "mlp_s_adv": 0.7512435462252709,
      "mlp_l_adv": 0.7646158227568172,
      "rf_adv": 0.6989649972199874,
      "hgbm_adv": 0.6824550074150249,
      "hsic": 0.00838654483063281,
      "knn_cmi": 8.65729581724954,
      "perm_null_adv": -0.002467275111177617,
      "prior_bacc": 0.034482758620689655,
      "grouped_mlp_l_adv": 0.7651454736571888
    },
    "lpc_prior:0.3": {
      "linear_adv": 0.5714530353362183,
      "mlp_s_adv": 0.513229724515865,
      "mlp_l_adv": 0.5851148369759773,
      "rf_adv": 0.4719890590162842,
      "hgbm_adv": 0.4620858716653634,
      "hsic": 0.005796318978393613,
      "knn_cmi": 5.4840152572916,
      "perm_null_adv": -0.005499955828061896,
      "prior_bacc": 0.034482758620689655,
      "grouped_mlp_l_adv": 0.5856889381762451
    },
    "lpc_uniform:0.5": {
      "linear_adv": 0.6011522304379482,
      "mlp_s_adv": 0.5504823968239663,
      "mlp_l_adv": 0.5950831072481868,
      "rf_adv": 0.4940453983434673,
      "hgbm_adv": 0.5010144249100053,
      "hsic": 0.005799405698103014,
      "knn_cmi": 5.482864483992639,
      "perm_null_adv": -0.0009839368235421767,
      "prior_bacc": 0.034482758620689655,
      "grouped_mlp_l_adv": 0.6343054690285015
    },
    "marginal:0.5": {
      "linear_adv": 0.6551162217008396,
      "mlp_s_adv": 0.6056389226464987,
      "mlp_l_adv": 0.6622010154313597,
      "rf_adv": 0.5739398376776192,
      "hgbm_adv": 0.550502353657448,
      "hsic": 0.0062935013045338824,
      "knn_cmi": 5.8380438758103,
      "perm_null_adv": -0.0026344419949184926,
      "prior_bacc": 0.034482758620689655,
      "grouped_mlp_l_adv": 0.6544614499492452
    },
    "cdann:1": {
      "linear_adv": 0.32784211262370455,
      "mlp_s_adv": 0.29115241169119765,
      "mlp_l_adv": 0.311283484202481,
      "rf_adv": 0.19742409525937563,
      "hgbm_adv": 0.20316557032811294,
      "hsic": 0.0020720403111741826,
      "knn_cmi": 1.6113055601054742,
      "perm_null_adv": -0.002513682517198565,
      "prior_bacc": 0.034482758620689655,
      "grouped_mlp_l_adv": 0.31858008609516414
    },
    "raw": {
      "linear_adv": 0.7823824544848974,
      "mlp_s_adv": 0.7006713353431393,
      "mlp_l_adv": 0.7355617661470125,
      "rf_adv": 0.7262966694581725,
      "hgbm_adv": 0.11083466719346326,
      "hsic": 0.0037583088419493814,
      "knn_cmi": 58.86168440593446,
      "perm_null_adv": -0.010353450872026725,
      "prior_bacc": 0.034482758620689655,
      "grouped_mlp_l_adv": 0.7491369947268014
    },
    "random": {
      "linear_adv": 0.04470992218127165,
      "mlp_s_adv": 0.03404297854895698,
      "mlp_l_adv": 0.03504028272871018,
      "rf_adv": 0.031080088502757345,
      "hgbm_adv": 0.03528610278889357,
      "hsic": 0.0010852979858817801,
      "knn_cmi": 0.363469081158634,
      "perm_null_adv": -0.0018904376329379035,
      "prior_bacc": 0.034482758620689655,
      "grouped_mlp_l_adv": 0.035636498893678356
    }
  }
}