{
  "config": {
    "dataset": "BNCI2014_004",
    "backbone": "EEGNet",
    "configs": [
      "erm:0",
      "lpc_prior:0.3",
      "lpc_uniform:0.5",
      "cdann:1"
    ],
    "n_folds": 2,
    "epochs": 200,
    "bs": 64,
    "warmup": 40,
    "n_inner": 2,
    "sampler": "classbal",
    "tmin": 0.5,
    "tmax": 3.5,
    "resample": 128,
    "seed": 0,
    "out": "results/audit_BNCI2014_004.json"
  },
  "classes": [
    "left_hand",
    "right_hand"
  ],
  "summary": {
    "erm:0": {
      "linear_adv": 0.48822595922964607,
      "mlp_s_adv": 0.5247813106777692,
      "mlp_l_adv": 0.54352394357896,
      "rf_adv": 0.48336384780336417,
      "hgbm_adv": 0.49707066473060957,
      "hsic": 0.01036086095720563,
      "knn_cmi": 2.7872643890850584,
      "perm_null_adv": 0.0055122800165693375,
      "prior_bacc": 0.12285251489976522,
      "grouped_mlp_l_adv": 0.4333047161172161
    },
    "lpc_prior:0.3": {
      "linear_adv": 0.21683525038262713,
      "mlp_s_adv": 0.273602827639304,
      "mlp_l_adv": 0.30771616564312076,
      "rf_adv": 0.2595775518396207,
      "hgbm_adv": 0.27256780820683607,
      "hsic": 0.0036052546376951393,
      "knn_cmi": 1.0126380116300462,
      "perm_null_adv": 0.003261313852831224,
      "prior_bacc": 0.12285251489976522,
      "grouped_mlp_l_adv": 0.23571714743589745
    },
    "lpc_uniform:0.5": {
      "linear_adv": 0.2836670254104031,
      "mlp_s_adv": 0.34525970868151423,
      "mlp_l_adv": 0.365199577896655,
      "rf_adv": 0.3076267526659766,
      "hgbm_adv": 0.30787397111675374,
      "hsic": 0.004048984992466696,
      "knn_cmi": 1.1309068993144846,
      "perm_null_adv": 0.0075154381140612875,
      "prior_bacc": 0.12285251489976522,
      "grouped_mlp_l_adv": 0.27482257326007326
    },
    "cdann:1": {
      "linear_adv": 0.27408517117580666,
      "mlp_s_adv": 0.31285586045172775,
      "mlp_l_adv": 0.34383567979254515,
      "rf_adv": 0.22533623486230037,
      "hgbm_adv": 0.25142664738905735,
      "hsic": 0.0021657409872479104,
      "knn_cmi": 0.5168365591889503,
      "perm_null_adv": 0.004035576614811069,
      "prior_bacc": 0.12285251489976522,
      "grouped_mlp_l_adv": 0.1921617445054945
    },
    "raw": {
      "linear_adv": 0.3039017557736732,
      "mlp_s_adv": 0.299491604904372,
      "mlp_l_adv": 0.325122766664804,
      "rf_adv": 0.42557564292639666,
      "hgbm_adv": 0.4140137035658148,
      "hsic": 0.020910407564659426,
      "knn_cmi": 1.7449539310884425,
      "perm_null_adv": 0.011508304350833568,
      "prior_bacc": 0.12285251489976522,
      "grouped_mlp_l_adv": 0.22329155219780222
    },
    "random": {
      "linear_adv": 0.403674579578883,
      "mlp_s_adv": 0.41231876470524115,
      "mlp_l_adv": 0.3957169567794395,
      "rf_adv": 0.33734252310070195,
      "hgbm_adv": 0.3354405797956801,
      "hsic": 0.007414931594606147,
      "knn_cmi": 1.8232828070502567,
      "perm_null_adv": 0.0033303851165125756,
      "prior_bacc": 0.12285251489976522,
      "grouped_mlp_l_adv": 0.29808836996336996
    }
  }
}