{
  "config": {
    "dataset": "BNCI2014_001",
    "backbone": "EEGNet",
    "configs": [
      "erm:0",
      "lpc_prior:0.3",
      "cdann:1"
    ],
    "epochs": 300,
    "bs": 64,
    "warmup": 40,
    "n_inner": 2,
    "weight_decay": 0.0001,
    "protocol": "loso",
    "imbalance": 0.0,
    "tmin": 0.0,
    "tmax": 4.0,
    "resample": 250,
    "seed": 1,
    "max_subjects": 0,
    "out": "results/BNCI2014_001_EEGNet_ms1.json"
  },
  "classes": [
    "feet",
    "left_hand",
    "right_hand",
    "tongue"
  ],
  "summary": {
    "erm:0": {
      "per_target_balanced_acc_mean": 0.5129243827160495,
      "per_target_balanced_acc_std": 0.10734325413102536,
      "worst_target_balanced_acc": 0.3645833333333333,
      "worst_target_acc": 0.3645833333333333,
      "macro_f1": 0.4933181623560448,
      "pooled_balanced_acc": 0.5129243827160495,
      "pooled_macro_f1": 0.5140541760780173,
      "subject_balanced_acc": 0.2222222222222222,
      "subject_macro_f1": 0.09090909090909091,
      "leakage_kl": 1.2027018732494779,
      "leakage_advantage": 0.7654053185506547,
      "label_sep": 0.5879328352213384,
      "per_target": [
        {
          "target": "1",
          "accuracy": 0.6493055555555556,
          "balanced_acc": 0.6493055555555556,
          "macro_f1": 0.6294622095699467,
          "nll": 0.885298490524292,
          "ece": 0.09037456563156512,
          "leakage_kl": 1.2706880569458008,
          "cond_dom_acc": 0.8994938539407086,
          "prior_dom_acc": 0.1005061460592914,
          "leakage_advantage": 0.7989877078814172,
          "label_sep": 0.57411424439624
        },
        {
          "target": "2",
          "accuracy": 0.4322916666666667,
          "balanced_acc": 0.4322916666666667,
          "macro_f1": 0.4217442146308362,
          "nll": 1.343490481376648,
          "ece": 0.1202338607981801,
          "leakage_kl": 1.1889773607254028,
          "cond_dom_acc": 0.8843094721619668,
          "prior_dom_acc": 0.09978308026030369,
          "leakage_advantage": 0.7845263919016631,
          "label_sep": 0.6203904555314533
        },
        {
          "target": "3",
          "accuracy": 0.6336805555555556,
          "balanced_acc": 0.6336805555555556,
          "macro_f1": 0.6259686497675776,
          "nll": 0.9122998714447021,
          "ece": 0.07225214131176472,
          "leakage_kl": 1.1348896026611328,
          "cond_dom_acc": 0.8358640636297903,
          "prior_dom_acc": 0.09978308026030369,
          "leakage_advantage": 0.7360809833694866,
          "label_sep": 0.5466377440347071
        },
        {
          "target": "4",
          "accuracy": 0.4149305555555556,
          "balanced_acc": 0.4149305555555556,
          "macro_f1": 0.4063293212150986,
          "nll": 1.4793109893798828,
          "ece": 0.2587526358870996,
          "leakage_kl": 1.2327511310577393,
          "cond_dom_acc": 0.8944323933477947,
          "prior_dom_acc": 0.09978308026030369,
          "leakage_advantage": 0.794649313087491,
          "label_sep": 0.5986984815618221
        },
        {
          "target": "5",
          "accuracy": 0.3645833333333333,
          "balanced_acc": 0.3645833333333333,
          "macro_f1": 0.30165667185877465,
          "nll": 2.07389497756958,
          "ece": 0.3469969167684515,
          "leakage_kl": 1.1614567041397095,
          "cond_dom_acc": 0.8575560375994216,
          "prior_dom_acc": 0.09978308026030369,
          "leakage_advantage": 0.7577729573391179,
          "label_sep": 0.5936370209689081
        },
        {
          "target": "6",
          "accuracy": 0.3871527777777778,
          "balanced_acc": 0.3871527777777778,
          "macro_f1": 0.34444225220217034,
          "nll": 2.4711809158325195,
          "ece": 0.3674048989390334,
          "leakage_kl": 1.2986350059509277,
          "cond_dom_acc": 0.8843094721619668,
          "prior_dom_acc": 0.09978308026030369,
          "leakage_advantage": 0.7845263919016631,
          "label_sep": 0.6413593637020969
        },
        {
          "target": "7",
          "accuracy": 0.5277777777777778,
          "balanced_acc": 0.5277777777777778,
          "macro_f1": 0.5126499810080717,
          "nll": 1.191002368927002,
          "ece": 0.1407588422298431,
          "leakage_kl": 1.2295904159545898,
          "cond_dom_acc": 0.8669558929862617,
          "prior_dom_acc": 0.09978308026030369,
          "leakage_advantage": 0.767172812725958,
          "label_sep": 0.5784526391901663
        },
        {
          "target": "8",
          "accuracy": 0.5989583333333334,
          "balanced_acc": 0.5989583333333334,
          "macro_f1": 0.5896771561321443,
          "nll": 0.9660739898681641,
          "ece": 0.09407223978390296,
          "leakage_kl": 1.2541921138763428,
          "cond_dom_acc": 0.8929862617498192,
          "prior_dom_acc": 0.09978308026030369,
          "leakage_advantage": 0.7932031814895155,
          "label_sep": 0.5553145336225597
        },
        {
          "target": "9",
          "accuracy": 0.6076388888888888,
          "balanced_acc": 0.6076388888888888,
          "macro_f1": 0.6079330048197833,
          "nll": 1.0902339220046997,
          "ece": 0.17313275217182106,
          "leakage_kl": 1.0531364679336548,
          "cond_dom_acc": 0.7715112075198843,
          "prior_dom_acc": 0.09978308026030369,
          "leakage_advantage": 0.6717281272595806,
          "label_sep": 0.5827910339840926
        }
      ]
    },
    "lpc_prior:0.3": {
      "per_target_balanced_acc_mean": 0.49691358024691357,
      "per_target_balanced_acc_std": 0.10147558397675403,
      "worst_target_balanced_acc": 0.3888888888888889,
      "worst_target_acc": 0.3888888888888889,
      "macro_f1": 0.4707036828932649,
      "pooled_balanced_acc": 0.49691358024691357,
      "pooled_macro_f1": 0.49775708402975716,
      "subject_balanced_acc": 0.3333333333333333,
      "subject_macro_f1": 0.125,
      "leakage_kl": 0.12993520746628442,
      "leakage_advantage": 0.23676387884630834,
      "label_sep": 0.5643930264320719,
      "per_target": [
        {
          "target": "1",
          "accuracy": 0.6041666666666666,
          "balanced_acc": 0.6041666666666666,
          "macro_f1": 0.5487298322493087,
          "nll": 1.0823674201965332,
          "ece": 0.06695402030729584,
          "leakage_kl": 0.14742717146873474,
          "cond_dom_acc": 0.35213304410701374,
          "prior_dom_acc": 0.1005061460592914,
          "leakage_advantage": 0.2516268980477223,
          "label_sep": 0.5553145336225597
        },
        {
          "target": "2",
          "accuracy": 0.4097222222222222,
          "balanced_acc": 0.4097222222222222,
          "macro_f1": 0.3636537480877104,
          "nll": 1.49196457862854,
          "ece": 0.16271304494390884,
          "leakage_kl": 0.12413753569126129,
          "cond_dom_acc": 0.35068691250903833,
          "prior_dom_acc": 0.09978308026030369,
          "leakage_advantage": 0.25090383224873464,
          "label_sep": 0.5726681127982647
        },
        {
          "target": "3",
          "accuracy": 0.4722222222222222,
          "balanced_acc": 0.4722222222222222,
          "macro_f1": 0.43645828028485767,
          "nll": 1.2183328866958618,
          "ece": 0.1944464689327611,
          "leakage_kl": 0.10362695902585983,
          "cond_dom_acc": 0.32537960954446854,
          "prior_dom_acc": 0.09978308026030369,
          "leakage_advantage": 0.22559652928416485,
          "label_sep": 0.5292841648590022
        },
        {
          "target": "4",
          "accuracy": 0.46875,
          "balanced_acc": 0.46875,
          "macro_f1": 0.45879352502336374,
          "nll": 1.2726171016693115,
          "ece": 0.1349783876082963,
          "leakage_kl": 0.18629306554794312,
          "cond_dom_acc": 0.3405639913232104,
          "prior_dom_acc": 0.09978308026030369,
          "leakage_advantage": 0.24078091106290672,