{
  "config": {
    "dataset": "BNCI2014_001",
    "backbone": "EEGNet",
    "configs": [
      "lpc_prior:0.3"
    ],
    "epochs": 300,
    "bs": 64,
    "warmup": 40,
    "n_inner": 4,
    "weight_decay": 0.0001,
    "sampler": "classbal",
    "prior": "empirical",
    "align": "none",
    "fmin": null,
    "fmax": null,
    "protocol": "loso",
    "imbalance": 0.0,
    "tmin": 0.0,
    "tmax": 4.0,
    "resample": 250,
    "seed": 0,
    "max_subjects": 0,
    "out": "results/BNCI2014_001_EEGNet_ablninner.json"
  },
  "classes": [
    "feet",
    "left_hand",
    "right_hand",
    "tongue"
  ],
  "summary": {
    "lpc_prior:0.3": {
      "per_target_balanced_acc_mean": 0.4959490740740741,
      "per_target_balanced_acc_std": 0.1070398504211833,
      "worst_target_balanced_acc": 0.3611111111111111,
      "worst_target_acc": 0.3611111111111111,
      "macro_f1": 0.4671972433120712,
      "pooled_balanced_acc": 0.49594907407407407,
      "pooled_macro_f1": 0.4970276389232673,
      "subject_balanced_acc": 0.3333333333333333,
      "subject_macro_f1": 0.125,
      "leakage_kl": 0.12413394782278273,
      "leakage_advantage": 0.24134329557323048,
      "label_sep": 0.5549128304008997,
      "inloop_reg": 0.46858157645221105,
      "stepA_dom_acc": 0.39699074074074076,
      "per_target": [
        {
          "target": "1",
          "accuracy": 0.6059027777777778,
          "balanced_acc": 0.6059027777777777,
          "macro_f1": 0.5849546718270141,
          "nll": 0.959746241569519,
          "ece": 0.08021251650320159,
          "leakage_kl": 0.12639209628105164,
          "cond_dom_acc": 0.3571945046999277,
          "prior_dom_acc": 0.1019522776572668,
          "leakage_advantage": 0.25524222704266086,
          "label_sep": 0.5480838756326826,
          "inloop_reg": 0.44460642834504444,
          "stepA_dom_acc": 0.3895399305555556
        },
        {
          "target": "2",
          "accuracy": 0.3767361111111111,
          "balanced_acc": 0.37673611111111116,
          "macro_f1": 0.35824125825452013,
          "nll": 1.4116206169128418,
          "ece": 0.17080224295043284,
          "leakage_kl": 0.13483119010925293,
          "cond_dom_acc": 0.39190166305133767,
          "prior_dom_acc": 0.1019522776572668,
          "leakage_advantage": 0.2899493853940709,
          "label_sep": 0.6059291395516992,
          "inloop_reg": 0.4421776512430774,
          "stepA_dom_acc": 0.3930121527777778
        },
        {
          "target": "3",
          "accuracy": 0.5642361111111112,
          "balanced_acc": 0.5642361111111112,
          "macro_f1": 0.5462754367489916,
          "nll": 1.028412938117981,
          "ece": 0.07853091989333431,
          "leakage_kl": 0.10003434121608734,
          "cond_dom_acc": 0.30441070137382503,
          "prior_dom_acc": 0.1019522776572668,
          "leakage_advantage": 0.20245842371655823,
          "label_sep": 0.527114967462039,
          "inloop_reg": 0.3957074193490876,
          "stepA_dom_acc": 0.3465711805555556
        },
        {
          "target": "4",
          "accuracy": 0.390625,
          "balanced_acc": 0.390625,
          "macro_f1": 0.35341741745913074,
          "nll": 1.458915114402771,
          "ece": 0.26142300763684845,
          "leakage_kl": 0.15346358716487885,
          "cond_dom_acc": 0.3774403470715835,
          "prior_dom_acc": 0.1019522776572668,
          "leakage_advantage": 0.2754880694143167,
          "label_sep": 0.5697758496023138,
          "inloop_reg": 0.5332796374956766,
          "stepA_dom_acc": 0.4244791666666667
        },
        {
          "target": "5",
          "accuracy": 0.3802083333333333,
          "balanced_acc": 0.38020833333333337,
          "macro_f1": 0.3124165756367528,
          "nll": 1.7206121683120728,
          "ece": 0.2567600762575037,
          "leakage_kl": 0.10940376669168472,
          "cond_dom_acc": 0.3347794649313087,
          "prior_dom_acc": 0.1019522776572668,
          "leakage_advantage": 0.23282718727404192,
          "label_sep": 0.5589298626174982,
          "inloop_reg": 0.4480821349554592,
          "stepA_dom_acc": 0.3836805555555556
        },
        {
          "target": "6",
          "accuracy": 0.3611111111111111,
          "balanced_acc": 0.3611111111111111,
          "macro_f1": 0.281804333931442,
          "nll": 2.505035400390625,
          "ece": 0.371680248528719,
          "leakage_kl": 0.18826083838939667,
          "cond_dom_acc": 0.3275488069414317,
          "prior_dom_acc": 0.10412147505422993,
          "leakage_advantage": 0.22342733188720176,
          "label_sep": 0.5574837310195228,
          "inloop_reg": 0.51668672884504,
          "stepA_dom_acc": 0.4240451388888889
        },
        {
          "target": "7",
          "accuracy": 0.5868055555555556,
          "balanced_acc": 0.5868055555555556,
          "macro_f1": 0.5868345436062747,
          "nll": 0.997923731803894,
          "ece": 0.04279582481831311,
          "leakage_kl": 0.10161054134368896,
          "cond_dom_acc": 0.3383947939262473,
          "prior_dom_acc": 0.10484454085321765,
          "leakage_advantage": 0.23355025307302962,
          "label_sep": 0.5386840202458424,
          "inloop_reg": 0.5208886336121294,
          "stepA_dom_acc": 0.4299045138888889
        },
        {
          "target": "8",
          "accuracy": 0.6006944444444444,
          "balanced_acc": 0.6006944444444444,
          "macro_f1": 0.5864895765081944,
          "nll": 0.9849807024002075,
          "ece": 0.0483423268629445,
          "leakage_kl": 0.1111351028084755,
          "cond_dom_acc": 0.351409978308026,
          "prior_dom_acc": 0.10484454085321765,
          "leakage_advantage": 0.24656543745480836,
          "label_sep": 0.5408532176428055,
          "inloop_reg": 0.4591618234084712,
          "stepA_dom_acc": 0.3873697916666667
        },
        {
          "target": "9",
          "accuracy": 0.5972222222222222,
          "balanced_acc": 0.5972222222222222,
          "macro_f1": 0.5943413758363205,
          "nll": 1.0583224296569824,
          "ece": 0.12967374677666357,
          "leakage_kl": 0.09207406640052795,
          "cond_dom_acc": 0.31814895155459144,
          "prior_dom_acc": 0.10556760665220535,
          "leakage_advantage": 0.2125813449023861,
          "label_sep": 0.5473608098336948,
          "inloop_reg": 0.4566437308159139,
          "stepA_dom_acc": 0.3943142361111111
        }
      ]
    }
  }
}