{
  "config": {
    "dataset": "BNCI2014_004",
    "backbone": "TSMNet",
    "configs": [
      "erm:0",
      "lpc_prior:0.05",
      "lpc_prior:0.1"
    ],
    "epochs": 200,
    "bs": 64,
    "warmup": 40,
    "n_inner": 2,
    "weight_decay": 0.0001,
    "sampler": "classbal",
    "prior": "empirical",
    "protocol": "loso",
    "imbalance": 0.0,
    "tmin": 0.5,
    "tmax": 3.5,
    "resample": 128,
    "seed": 0,
    "max_subjects": 0,
    "out": "results/BNCI2014_004_TSMNet_smalllam.json"
  },
  "classes": [
    "left_hand",
    "right_hand"
  ],
  "summary": {
    "erm:0": {
      "per_target_balanced_acc_mean": 0.650160299618504,
      "per_target_balanced_acc_std": 0.07949279353488867,
      "worst_target_balanced_acc": 0.5347222222222222,
      "worst_target_acc": 0.5347222222222222,
      "macro_f1": 0.6441352335632818,
      "pooled_balanced_acc": 0.6512269938650307,
      "pooled_macro_f1": 0.6508508592238373,
      "subject_balanced_acc": 0.4444444444444444,
      "subject_macro_f1": 0.3076923076923077,
      "leakage_kl": 1.7424963182873197,
      "leakage_advantage": 0.7880871868653803,
      "label_sep": 0.7145623894203141,
      "inloop_reg": 0.0,
      "stepA_dom_acc": 0.0,
      "per_target": [
        {
          "target": "1",
          "accuracy": 0.6916666666666667,
          "balanced_acc": 0.6916666666666667,
          "macro_f1": 0.6881925153718904,
          "nll": 0.5742361720604325,
          "ece": 0.035539703639973386,
          "leakage_kl": 1.732295274734497,
          "cond_dom_acc": 0.897185525560023,
          "prior_dom_acc": 0.11717403790924756,
          "leakage_advantage": 0.7800114876507754,
          "label_sep": 0.7225732337736933,
          "inloop_reg": 0.0,
          "stepA_dom_acc": 0.0
        },
        {
          "target": "2",
          "accuracy": 0.5426470588235294,
          "balanced_acc": 0.5426470588235295,
          "macro_f1": 0.5404516820189877,
          "nll": 0.7434192448748028,
          "ece": 0.11899637475430723,
          "leakage_kl": 1.7445316314697266,
          "cond_dom_acc": 0.9024529378208785,
          "prior_dom_acc": 0.11009697661152311,
          "leakage_advantage": 0.7923559612093555,
          "label_sep": 0.7204791785510554,
          "inloop_reg": 0.0,
          "stepA_dom_acc": 0.0
        },
        {
          "target": "3",
          "accuracy": 0.5347222222222222,
          "balanced_acc": 0.5347222222222222,
          "macro_f1": 0.5268278041632091,
          "nll": 0.7707258925427773,
          "ece": 0.14665550019775483,
          "leakage_kl": 1.7327399253845215,
          "cond_dom_acc": 0.9012062033314188,
          "prior_dom_acc": 0.11717403790924756,
          "leakage_advantage": 0.7840321654221712,
          "label_sep": 0.7306145893164848,
          "inloop_reg": 0.0,
          "stepA_dom_acc": 0.0
        },
        {
          "target": "4",
          "accuracy": 0.7608108108108108,
          "balanced_acc": 0.7608108108108108,
          "macro_f1": 0.749835267153703,
          "nll": 0.4939369330644504,
          "ece": 0.059801420497147185,
          "leakage_kl": 1.7227691411972046,
          "cond_dom_acc": 0.9020172910662824,
          "prior_dom_acc": 0.12103746397694524,
          "leakage_advantage": 0.7809798270893371,
          "label_sep": 0.7020172910662824,
          "inloop_reg": 0.0,
          "stepA_dom_acc": 0.0
        },
        {
          "target": "5",
          "accuracy": 0.5567567567567567,
          "balanced_acc": 0.5567567567567567,
          "macro_f1": 0.543086051624951,
          "nll": 0.7430094611738911,
          "ece": 0.1340665667573423,
          "leakage_kl": 1.749455213546753,
          "cond_dom_acc": 0.9170028818443804,
          "prior_dom_acc": 0.12103746397694524,
          "leakage_advantage": 0.7959654178674351,
          "label_sep": 0.7118155619596542,
          "inloop_reg": 0.0,
          "stepA_dom_acc": 0.0
        },
        {
          "target": "6",
          "accuracy": 0.65,
          "balanced_acc": 0.6499999999999999,
          "macro_f1": 0.645625,
          "nll": 0.6170159199921454,
          "ece": 0.04655460243310702,
          "leakage_kl": 1.748593807220459,
          "cond_dom_acc": 0.8977599080987938,
          "prior_dom_acc": 0.11602527283170591,
          "leakage_advantage": 0.7817346352670879,
          "label_sep": 0.7116599655370477,
          "inloop_reg": 0.0,
          "stepA_dom_acc": 0.0
        },
        {
          "target": "7",
          "accuracy": 0.6916666666666667,
          "balanced_acc": 0.6916666666666667,
          "macro_f1": 0.6883748859480157,
          "nll": 0.6123379568078358,
          "ece": 0.06409992999011087,
          "leakage_kl": 1.7404769659042358,
          "cond_dom_acc": 0.9058012636415853,
          "prior_dom_acc": 0.11602527283170591,
          "leakage_advantage": 0.7897759908098794,
          "label_sep": 0.7162550258472142,
          "inloop_reg": 0.0,
          "stepA_dom_acc": 0.0
        },
        {
          "target": "8",
          "accuracy": 0.7078947368421052,
          "balanced_acc": 0.7078947368421054,
          "macro_f1": 0.6996389686037983,
          "nll": 0.621102120454976,
          "ece": 0.12085071486876378,
          "leakage_kl": 1.7741209268569946,
          "cond_dom_acc": 0.9103528050896472,
          "prior_dom_acc": 0.11162521688837479,
          "leakage_advantage": 0.7987275882012724,
          "label_sep": 0.7200694042799306,
          "inloop_reg": 0.0,
          "stepA_dom_acc": 0.0
        },
        {
          "target": "9",
          "accuracy": 0.7152777777777778,
          "balanced_acc": 0.7152777777777777,
          "macro_f1": 0.7151849271849813,
          "nll": 0.5658549915358434,
          "ece": 0.04417311523244718,
          "leakage_kl": 1.7374839782714844,
          "cond_dom_acc": 0.8966111430212521,
          "prior_dom_acc": 0.1074095347501436,
          "leakage_advantage": 0.7892016082711085,
          "label_sep": 0.6955772544514647,
          "inloop_reg": 0.0,
          "stepA_dom_acc": 0.0
        }
      ]
    },
    "lpc_prior:0.05": {
      "per_target_balanced_acc_mean": 0.6516539243061431,
      "per_target_balanced_acc_std": 0.07984504211884574,
      "worst_target_balanced_acc": 0.5264705882352941,
      "worst_target_acc": 0.5264705882352941,
      "macro_f1": 0.6458792373341792,
      "pooled_balanced_acc": 0.652760736196319,
      "pooled_macro_f1": 0.6523205262713602,
      "subject_balanced_acc": 0.2222222222222222,
      "subject_macro_f1": 0.18181818181818182,
      "leakage_kl": 1.6577250560124714,
      "leakage_advantage": 0.7570229005461688,
      "label_sep": 0.7173018694498966,
      "inloop_reg": 2.071763564265578,
      "stepA_dom_acc": 0.9999035493827161,
      "per_target": [
        {
          "target": "1",
          "accuracy": 0.6930555555555555,
          "balanced_acc": 0.6930555555555555,
          "macro_f1": 0.6922428248983137,
          "nll": 0.5637350835058152,
          "ece": 0.043897938969440164,
          "leakage_kl": 1.6063010692596436,
          "cond_dom_acc": 0.8592762780011488,
          "prior_dom_acc": 0.11717403790924756,
          "leakage_advantage": 0.7421022400919013,
          "label_sep": 0.7208500861573808,
          "inloop_reg": 2.066780463854472,
          "stepA_dom_acc": 1.0
        },
        {
          "target": "2",
          "accuracy": 0.5264705882352941,
          "balanced_acc": 0.5264705882352941,
          "macro_f1": 0.5264664919246707,
          "nll": 0.7528842654795749,
          "ece": 0.138953290351575,
          "leakage_kl": 1.6891024112701416,
          "cond_dom_acc": 0.8899030233884769,
          "prior_dom_acc": 0.11009697661152311,
          "leakage_advantage": 0.7798060467769539,
          "label_sep": 0.7290359383913292,
          "inloop_reg": 2.0729599549220157,
          "stepA_dom_acc": 1.0
        },
        {
          "target": "3",
          "accuracy": 0.5569444444444445,