{
  "condition": "PD",
  "cohorts": [
    "ds002778",
    "ds003490",
    "ds004584"
  ],
  "shifted_dom": 2,
  "alpha": 0.6,
  "seed": 0,
  "n_swapped": 3170,
  "feat": "pc1",
  "route_c": {
    "raw": 0.02658829092979431,
    "residual": 0.02895253896713257,
    "null_mean": 0.0009400516748428345,
    "null_std": 0.0011525010962743902,
    "z_score": 24.305822686714784,
    "p_value": 0.01639344262295082,
    "fired": true,
    "n_perm": 60
  },
  "route_a": {
    "observed_gain": -0.01806163787841797,
    "elbo_shared": -8.530017852783203,
    "elbo_delta": -8.548079490661621,
    "null_mean": 0.012004931767781576,
    "null_std": 0.07612976662139591,
    "null_min": -0.1545248031616211,
    "null_max": 0.21428298950195312,
    "n_perm": 60,
    "z_score": -0.39493841870979124,
    "p_value": 0.6885245901639344,
    "concept_shift_detected": false
  }
}