{
  "condition": "PD",
  "dvar": "age",
  "domains": [
    "mid",
    "old",
    "young"
  ],
  "shifted_dom": 2,
  "alpha": 0.5,
  "seed": 2,
  "n_swapped": 1236,
  "feat": "pc1",
  "route_c": {
    "raw": 0.024704933166503906,
    "residual": 0.026284098625183105,
    "null_mean": 0.00020094811916351318,
    "null_std": 0.001,
    "z_score": 26.083150506019592,
    "p_value": 0.01639344262295082,
    "fired": true,
    "n_perm": 60
  },
  "route_a": {
    "observed_gain": -0.07689857482910156,
    "elbo_shared": -8.82387638092041,
    "elbo_delta": -8.900774955749512,
    "null_mean": 0.02389079729715983,
    "null_std": 0.061751207467719275,
    "null_min": -0.15190505981445312,
    "null_max": 0.20405960083007812,
    "n_perm": 60,
    "z_score": -1.6321846366963673,
    "p_value": 0.9344262295081968,
    "concept_shift_detected": false
  }
}