{
  "condition": "PD",
  "dvar": "age",
  "domains": [
    "mid",
    "old",
    "young"
  ],
  "shifted_dom": 2,
  "alpha": 0.5,
  "seed": 0,
  "n_swapped": 1236,
  "feat": "pc1",
  "route_c": {
    "raw": 0.02476818859577179,
    "residual": 0.026354864239692688,
    "null_mean": 7.4729323387146e-05,
    "null_std": 0.001,
    "z_score": 26.280134916305542,
    "p_value": 0.01639344262295082,
    "fired": true,
    "n_perm": 60
  },
  "route_a": {
    "observed_gain": -0.007016181945800781,
    "elbo_shared": -9.075480461120605,
    "elbo_delta": -9.082496643066406,
    "null_mean": 0.01405347188313802,
    "null_std": 0.06275809581414443,
    "null_min": -0.14148998260498047,
    "null_max": 0.20001888275146484,
    "n_perm": 60,
    "z_score": -0.3357280611466564,
    "p_value": 0.5901639344262295,
    "concept_shift_detected": false
  }
}