{
  "condition": "PDMED",
  "dvar": "subject",
  "domains": [
    "ds002778/sub-pd11",
    "ds002778/sub-pd12",
    "ds002778/sub-pd13",
    "ds002778/sub-pd14",
    "ds002778/sub-pd16",
    "ds002778/sub-pd17",
    "ds002778/sub-pd19",
    "ds002778/sub-pd22",
    "ds002778/sub-pd23",
    "ds002778/sub-pd26",
    "ds002778/sub-pd28",
    "ds002778/sub-pd3",
    "ds002778/sub-pd5",
    "ds002778/sub-pd6",
    "ds002778/sub-pd9",
    "ds003490/sub-001",
    "ds003490/sub-002",
    "ds003490/sub-004",
    "ds003490/sub-006",
    "ds003490/sub-007",
    "ds003490/sub-008",
    "ds003490/sub-009",
    "ds003490/sub-010",
    "ds003490/sub-011",
    "ds003490/sub-012",
    "ds003490/sub-013",
    "ds003490/sub-014",
    "ds003490/sub-015",
    "ds003490/sub-016",
    "ds003490/sub-017",
    "ds003490/sub-018",
    "ds003490/sub-019",
    "ds003490/sub-020",
    "ds003490/sub-021",
    "ds003490/sub-022",
    "ds003490/sub-023",
    "ds003490/sub-024",
    "ds003490/sub-025",
    "ds003490/sub-026",
    "ds003490/sub-027"
  ],
  "shifted_dom": 39,
  "alpha": 0.0,
  "seed": 0,
  "n_swapped": 0,
  "feat": "pc1",
  "route_c": {
    "raw": 0.049039095640182495,
    "residual": 0.03454968333244324,
    "acc": 0.891533613204956,
    "null_mean": 0.0,
    "null_std": 0.001,
    "z_score": 34.54968333244324,
    "p_value": 0.01639344262295082,
    "fired": true,
    "n_perm": 60
  },
  "route_a": {
    "observed_gain": 0.14675521850585938,
    "elbo_shared": -8.708462715148926,
    "elbo_delta": -8.561707496643066,
    "null_mean": -0.029071537653605144,
    "null_std": 0.10060523176151667,
    "null_min": -0.24280643463134766,
    "null_max": 0.3017740249633789,
    "n_perm": 60,
    "z_score": 1.7476899867022766,
    "p_value": 0.08196721311475409,
    "concept_shift_detected": false
  }
}