{
  "config": {
    "dataset": "BNCI2014_001",
    "backbone": "LogCov",
    "configs": [
      "dualpc:0.1:0.05"
    ],
    "epochs": 1,
    "bs": 32,
    "warmup": 1,
    "n_inner": 1,
    "device": "cpu",
    "weight_decay": 0.0001,
    "sampler": "classbal",
    "prior": "empirical",
    "prior_alpha": 1.0,
    "beta": 0.0,
    "balance": false,
    "label_correct": false,
    "dec_margin": null,
    "decoder_null_perms": 0,
    "decoder_null_quantile": 0.95,
    "reweight_dual": false,
    "align": "none",
    "fmin": null,
    "fmax": null,
    "protocol": "loso",
    "imbalance": 0.0,
    "tmin": 0.5,
    "tmax": 3.5,
    "resample": 64,
    "seed": 0,
    "max_subjects": 3,
    "out": "results/dualpc_condrw_loso3_smoke.json"
  },
  "classes": [
    "feet",
    "left_hand",
    "right_hand",
    "tongue"
  ],
  "summary": {
    "dualpc:0.1:0.05": {
      "per_target_balanced_acc_mean": 0.38310185185185186,
      "per_target_balanced_acc_std": 0.0983762254312989,
      "worst_target_balanced_acc": 0.24479166666666666,
      "worst_target_acc": 0.24479166666666666,
      "macro_f1": 0.28340743524870904,
      "pooled_balanced_acc": 0.38310185185185186,
      "pooled_macro_f1": 0.3260127575550489,
      "subject_balanced_acc": 0.3333333333333333,
      "subject_macro_f1": 0.25,
      "leakage_kl": 0.633348266283671,
      "leakage_kl_rw": 0.6323583722114563,
      "marginal_leakage_kl": 0.6185009479522705,
      "marginal_leakage_kl_rw": 0.619702955087026,
      "marginal_leakage_advantage": 0.5038535645472061,
      "marginal_leakage_advantage_rw": 0.5038535645472061,
      "decoder_cmi": 0.008366902669270834,
      "decoder_cmi_rw": 0.01238924264907837,
      "decoder_cmi_res": 0.0012990236282348633,
      "decoder_cmi_res_rw": 0.004090110460917155,
      "decoder_js_res": 0.002008212720587229,
      "decoder_js_res_rw": 0.001935191733840232,
      "decoder_valid_frac": 1.0,
      "decoder_min_domain_classes": 4,
      "decoder_single_class_frac": 0.0,
      "leakage_advantage": 0.5346820809248554,
      "leakage_advantage_rw": 0.5048169556840076,
      "label_sep": 0.6425818882466281,
      "inloop_reg": 0.03159375910682785,
      "inloop_dec": 0.0009231727432321619,
      "inloop_dec_loss": 0.0004790894116147818,
      "train_dec_margin": 0.0,
      "stepA_dom_acc": 0.7086226851851851,
      "n_folds": 3,
      "per_target": [
        {
          "target": "1",
          "accuracy": 0.4652777777777778,
          "balanced_acc": 0.46527777777777773,
          "macro_f1": 0.3321634522223723,
          "nll": 1.2910128831863403,
          "ece": 0.15452309278771284,
          "leakage_kl": 0.6183977723121643,
          "cond_dom_acc": 0.9826589595375722,
          "prior_dom_acc": 0.4479768786127168,
          "leakage_advantage": 0.5346820809248554,
          "leakage_kl_rw": 0.6165452599525452,
          "leakage_advantage_rw": 0.49710982658959535,
          "marginal_leakage_kl": 0.5987642407417297,
          "marginal_leakage_kl_rw": 0.5980783700942993,
          "marginal_leakage_advantage": 0.4942196531791908,
          "marginal_leakage_advantage_rw": 0.4942196531791908,
          "decoder_cmi": 0.008122622966766357,
          "decoder_cmi_rw": 0.017323851585388184,
          "decoder_cmi_res": 0.0007594823837280273,
          "decoder_cmi_res_rw": 0.008725523948669434,
          "decoder_js_res": 0.003992990590631962,
          "decoder_js_res_rw": 0.0038717316929250956,
          "decoder_valid": true,
          "decoder_n_domains": 2,
          "decoder_min_domain_classes": 4,
          "decoder_mean_domain_classes": 4.0,
          "decoder_single_class_frac": 0.0,
          "decoder_domain_class_spans": [
            4,
            4
          ],
          "decoder_domain_counts": [
            576,
            576
          ],
          "label_sep": 0.6184971098265896,
          "inloop_reg": 0.026512384847996548,
          "inloop_dec": 0.0059986478752560085,
          "inloop_dec_loss": 0.0004283940252207685,
          "train_dec_margin": 0.0,
          "train_sampler": "raw",
          "stepA_dom_acc": 0.7760416666666666
        },
        {
          "target": "2",
          "accuracy": 0.24479166666666666,
          "balanced_acc": 0.24479166666666666,
          "macro_f1": 0.10215526402225786,
          "nll": 1.6216351985931396,
          "ece": 0.2157834181562066,
          "leakage_kl": 0.6158499717712402,
          "cond_dom_acc": 0.9942196531791907,
          "prior_dom_acc": 0.4595375722543353,
          "leakage_advantage": 0.5346820809248554,
          "leakage_kl_rw": 0.6173330545425415,
          "leakage_advantage_rw": 0.5086705202312138,
          "marginal_leakage_kl": 0.6134758591651917,
          "marginal_leakage_kl_rw": 0.616392195224762,
          "marginal_leakage_advantage": 0.5086705202312138,
          "marginal_leakage_advantage_rw": 0.5086705202312138,
          "decoder_cmi": 0.0076985955238342285,
          "decoder_cmi_rw": 0.009389758110046387,
          "decoder_cmi_res": 0.0010892748832702637,
          "decoder_cmi_res_rw": 0.00035369396209716797,
          "decoder_js_res": 0.0003777938836719841,
          "decoder_js_res_rw": 0.0003588116087485105,
          "decoder_valid": true,
          "decoder_n_domains": 2,
          "decoder_min_domain_classes": 4,
          "decoder_mean_domain_classes": 4.0,
          "decoder_single_class_frac": 0.0,
          "decoder_domain_class_spans": [
            4,
            4
          ],
          "decoder_domain_counts": [
            576,
            576
          ],
          "label_sep": 0.7485549132947977,
          "inloop_reg": 0.01632924129403869,
          "inloop_dec": -0.005714014172554016,
          "inloop_dec_loss": 0.0005358421221899334,
          "train_dec_margin": 0.0,
          "train_sampler": "raw",
          "stepA_dom_acc": 0.6276041666666666
        },
        {
          "target": "3",
          "accuracy": 0.4392361111111111,
          "balanced_acc": 0.43923611111111116,
          "macro_f1": 0.4159035895014969,
          "nll": 1.310144066810608,
          "ece": 0.14887374111761648,
          "leakage_kl": 0.6657970547676086,
          "cond_dom_acc": 0.9942196531791907,
          "prior_dom_acc": 0.4595375722543353,
          "leakage_advantage": 0.5346820809248554,
          "leakage_kl_rw": 0.6631968021392822,
          "leakage_advantage_rw": 0.5086705202312138,
          "marginal_leakage_kl": 0.6432627439498901,
          "marginal_leakage_kl_rw": 0.6446382999420166,
          "marginal_leakage_advantage": 0.5086705202312138,
          "marginal_leakage_advantage_rw": 0.5086705202312138,
          "decoder_cmi": 0.009279489517211914,
          "decoder_cmi_rw": 0.010454118251800537,
          "decoder_cmi_res": 0.002048313617706299,
          "decoder_cmi_res_rw": 0.0031911134719848633,
          "decoder_js_res": 0.0016538536874577403,
          "decoder_js_res_rw": 0.0015750318998470902,
          "decoder_valid": true,
          "decoder_n_domains": 2,
          "decoder_min_domain_classes": 4,
          "decoder_mean_domain_classes": 4.0,
          "decoder_single_class_frac": 0.0,
          "decoder_domain_class_spans": [
            4,
            4
          ],
          "decoder_domain_counts": [
            576,
            576
          ],
          "label_sep": 0.5606936416184971,
          "inloop_reg": 0.05193965117844831,
          "inloop_dec": 0.0024848845269944933,
          "inloop_dec_loss": 0.0004730320874336434,
          "train_dec_margin": 0.0,
          "train_sampler": "raw",
          "stepA_dom_acc": 0.7222222222222222
        }
      ],
      "decoder_valid_n": 3,
      "decoder_cmi_valid_mean": 0.008366902669270834,
      "decoder_cmi_rw_valid_mean": 0.01238924264907837,
      "decoder_cmi_res_valid_mean": 0.0012990236282348633,
      "decoder_cmi_res_rw_valid_mean": 0.004090110460917155,
      "decoder_js_res_valid_mean": 0.002008212720587229,