{
  "config": {
    "quick": false,
    "n": 250,
    "seeds": 2,
    "epochs": 30,
    "probe_epochs": 80,
    "domains": 4,
    "z_dim": 16,
    "hidden": 64,
    "bs": 128,
    "warmup": 10,
    "n_inner": 1,
    "sampler": "raw",
    "lam": 0.2,
    "gamma": 0.2,
    "dec_margin": 0.02,
    "dgps": [
      "all_three"
    ],
    "source_select": true,
    "select_methods": [
      "dualpc"
    ],
    "select_lams": [
      0.0,
      0.05,
      0.2
    ],
    "select_gammas": [
      0.05,
      0.2
    ],
    "select_epochs": 15,
    "select_rule": "guarded_probe",
    "select_tolerance": 0.02,
    "select_probe_epochs": 30,
    "select_pz_weight": 1.0,
    "select_py_weight": 1.0,
    "val_frac": 0.25,
    "out": "results/dualpc_synthetic_select_allthree_guarded.json"
  },
  "rows": [
    {
      "dgp": "all_three",
      "method": "erm",
      "seed": 0,
      "target_acc": 0.84,
      "target_bacc": 0.8336538461538462,
      "inloop_reg": 0.0,
      "inloop_dec": 0.0,
      "train_sampler": "raw",
      "pz_kl_rw": 0.147556334733963,
      "pz_kl_raw": 0.15801958739757538,
      "py_raw_rw": 0.02586967498064041,
      "py_res_rw": 0.018213041126728058,
      "ce_q": 0.09929174184799194,
      "ce_h": 0.07342206686735153,
      "ce_0": 0.09163510799407959
    },
    {
      "dgp": "all_three",
      "method": "erm",
      "seed": 1,
      "target_acc": 0.58,
      "target_bacc": 0.6152597402597403,
      "inloop_reg": 0.0,
      "inloop_dec": 0.0,
      "train_sampler": "raw",
      "pz_kl_rw": 0.1465224176645279,
      "pz_kl_raw": 0.12490607798099518,
      "py_raw_rw": 0.09526275098323822,
      "py_res_rw": 0.06485128402709961,
      "ce_q": 0.2116803526878357,
      "ce_h": 0.11641760170459747,
      "ce_0": 0.18126888573169708
    },
    {
      "dgp": "all_three",
      "method": "lpc_prior",
      "seed": 0,
      "target_acc": 0.856,
      "target_bacc": 0.85,
      "inloop_reg": 0.18458411594231924,
      "inloop_dec": 0.0,
      "train_sampler": "raw",
      "pz_kl_rw": 0.10590789467096329,
      "pz_kl_raw": 0.11514949053525925,
      "py_raw_rw": 0.027130991220474243,
      "py_res_rw": 0.01932510733604431,
      "ce_q": 0.09810838848352432,
      "ce_h": 0.07097739726305008,
      "ce_0": 0.09030250459909439
    },
    {
      "dgp": "all_three",
      "method": "lpc_prior",
      "seed": 1,
      "target_acc": 0.624,
      "target_bacc": 0.6555194805194805,
      "inloop_reg": 0.30261918902397156,
      "inloop_dec": 0.0,
      "train_sampler": "raw",
      "pz_kl_rw": 0.12873533368110657,
      "pz_kl_raw": 0.10914123803377151,
      "py_raw_rw": 0.09985468536615372,
      "py_res_rw": 0.07145874947309494,
      "ce_q": 0.2087254524230957,
      "ce_h": 0.10887076705694199,
      "ce_0": 0.18032951653003693
    },
    {
      "dgp": "all_three",
      "method": "dualc",
      "seed": 0,
      "target_acc": 0.856,
      "target_bacc": 0.8503205128205129,
      "inloop_reg": 0.16636839509010315,
      "inloop_dec": 0.04640668506423632,
      "train_sampler": "raw",
      "pz_kl_rw": 0.10156787931919098,
      "pz_kl_raw": 0.1091039702296257,
      "py_raw_rw": 0.025963716208934784,
      "py_res_rw": 0.0178033709526062,
      "ce_q": 0.09885033220052719,
      "ce_h": 0.07288661599159241,
      "ce_0": 0.09068998694419861
    },
    {
      "dgp": "all_three",
      "method": "dualc",
      "seed": 1,
      "target_acc": 0.616,
      "target_bacc": 0.6474025974025974,
      "inloop_reg": 0.27146191398302716,
      "inloop_dec": 0.09602303057909012,
      "train_sampler": "raw",
      "pz_kl_rw": 0.13734468817710876,
      "pz_kl_raw": 0.11765895783901215,
      "py_raw_rw": 0.09912096709012985,
      "py_res_rw": 0.069746233522892,
      "ce_q": 0.21119704842567444,
      "ce_h": 0.11207608133554459,
      "ce_0": 0.18182231485843658
    },
    {
      "dgp": "all_three",
      "method": "dualpc",
      "seed": 0,
      "target_acc": 0.808,
      "target_bacc": 0.8,
      "inloop_reg": 0.1382946123679479,
      "inloop_dec": 0.04869492972890536,
      "train_sampler": "raw",
      "pz_kl_rw": 0.11563782393932343,
      "pz_kl_raw": 0.12486419826745987,
      "py_raw_rw": 0.02633318305015564,
      "py_res_rw": 0.018707677721977234,
      "ce_q": 0.10012279450893402,
      "ce_h": 0.07378961145877838,
      "ce_0": 0.09249728918075562
    },
    {
      "dgp": "all_three",
      "method": "dualpc",
      "seed": 1,
      "target_acc": 0.52,
      "target_bacc": 0.5675324675324676,
      "inloop_reg": 0.14932445685068765,
      "inloop_dec": 0.10046853870153427,
      "train_sampler": "raw",
      "pz_kl_rw": 0.12401820719242096,
      "pz_kl_raw": 0.10455818474292755,
      "py_raw_rw": 0.1175934374332428,
      "py_res_rw": 0.08068962395191193,
      "ce_q": 0.23641830682754517,
      "ce_h": 0.11882486939430237,
      "ce_0": 0.1995144933462143
    },
    {
      "dgp": "all_three",
      "method": "dualpc_select",
      "seed": 0,
      "target_acc": 0.84,
      "target_bacc": 0.8336538461538462,
      "inloop_reg": 0.0,
      "inloop_dec": 0.0,
      "train_sampler": "raw",
      "pz_kl_rw": 0.147556334733963,
      "pz_kl_raw": 0.15801958739757538,
      "py_raw_rw": 0.02586967498064041,
      "py_res_rw": 0.018213041126728058,
      "ce_q": 0.09929174184799194,
      "ce_h": 0.07342206686735153,
      "ce_0": 0.09163510799407959,
      "selected_config": "erm:0",
      "selected_lambda": 0.0,
      "selected_gamma": 0.0,
      "source_val_bacc": 0.9203125,
      "select_rule": "guarded_probe",
      "selector_penalty": 0.045466478914022446,
      "candidate_scores": [
        {
          "config": "erm:0",
          "lam": 0.0,
          "gamma": 0.0,
          "source_val_bacc": 0.9203125,
          "select_pz_kl_rw": 0.045466478914022446,
          "select_py_res_rw": 0.0,
          "selector_penalty": 0.045466478914022446
        },
        {
          "config": "dualpc:0.05:0.05",
          "lam": 0.05,
          "gamma": 0.05,
          "source_val_bacc": 0.9135416666666667,
          "select_pz_kl_rw": 0.03819846734404564,
          "select_py_res_rw": 0.05870068073272705,
          "selector_penalty": 0.09689914807677269
        },
        {
          "config": "dualpc:0.05:0.2",
          "lam": 0.05,
          "gamma": 0.2,
          "source_val_bacc": 0.9135416666666667,
          "select_pz_kl_rw": 0.018911637365818024,
          "select_py_res_rw": 0.06916153430938721,
          "selector_penalty": 0.08807317167520523
        },
        {
          "config": "dualpc:0.2:0.05",
          "lam": 0.2,
          "gamma": 0.05,
          "source_val_bacc": 0.9135416666666667,
          "select_pz_kl_rw": 0.0503387525677681,
          "select_py_res_rw": 0.013791888952255249,
          "selector_penalty": 0.06413064152002335
        },
        {
          "config": "dualpc:0.2:0.2",
          "lam": 0.2,
          "gamma": 0.2,
          "source_val_bacc": 0.9135416666666667,
          "select_pz_kl_rw": 0.009647968225181103,
          "select_py_res_rw": 0.042384326457977295,
          "selector_penalty": 0.0520322946831584
        }
      ]
    },
    {
      "dgp": "all_three",
      "method": "dualpc_select",
      "seed": 1,
      "target_acc": 0.512,
      "target_bacc": 0.5603896103896104,
      "inloop_reg": 0.17148018876711527,
      "inloop_dec": 0.11088847617308299,
      "train_sampler": "raw",
      "pz_kl_rw": 0.1453440636396408,
      "pz_kl_raw": 0.12253722548484802,
      "py_raw_rw": 0.11628708243370056,
      "py_res_rw": 0.08064983785152435,
      "ce_q": 0.2434806078672409,
      "ce_h": 0.12719352543354034,
      "ce_0": 0.2078433632850647,
      "selected_config": "dualpc:0.05:0.05",
      "selected_lambda": 0.05,
      "selected_gamma": 0.05,
      "source_val_bacc": 0.7783926218708828,
      "select_rule": "guarded_probe",
      "selector_penalty": 0.04896159842610359,
      "candidate_scores": [
        {
          "config": "erm:0",
          "lam": 0.0,
          "gamma": 0.0,