{
  "config": {
    "dataset": "BNCI2014_001",
    "backbone": "LogCov",
    "configs": [
      "dualpc:0.1:0.05"
    ],
    "epochs": 1,
    "bs": 32,
    "warmup": 1,
    "n_inner": 1,
    "device": "cpu",
    "weight_decay": 0.0001,
    "sampler": "classbal",
    "prior": "empirical",
    "prior_alpha": 1.0,
    "beta": 0.0,
    "balance": false,
    "label_correct": false,
    "dec_margin": null,
    "decoder_null_perms": 0,
    "decoder_null_quantile": 0.95,
    "reweight_dual": false,
    "align": "none",
    "fmin": null,
    "fmax": null,
    "protocol": "loso",
    "imbalance": 0.0,
    "tmin": 0.5,
    "tmax": 3.5,
    "resample": 64,
    "seed": 0,
    "max_subjects": 3,
    "out": "results/dualpc_tau_valid_loso3_smoke.json"
  },
  "classes": [
    "feet",
    "left_hand",
    "right_hand",
    "tongue"
  ],
  "summary": {
    "dualpc:0.1:0.05": {
      "per_target_balanced_acc_mean": 0.39178240740740744,
      "per_target_balanced_acc_std": 0.10609076868547213,
      "worst_target_balanced_acc": 0.24479166666666666,
      "worst_target_acc": 0.24479166666666666,
      "macro_f1": 0.29358151454519216,
      "pooled_balanced_acc": 0.3917824074074074,
      "pooled_macro_f1": 0.33752856018861616,
      "subject_balanced_acc": 0.3333333333333333,
      "subject_macro_f1": 0.25,
      "leakage_kl": 0.6363936265309652,
      "marginal_leakage_kl": 0.6209630568822225,
      "marginal_leakage_kl_rw": 0.622821589310964,
      "marginal_leakage_advantage": 0.5067437379576109,
      "marginal_leakage_advantage_rw": 0.5067437379576109,
      "decoder_cmi": 0.006031334400177002,
      "decoder_cmi_rw": 0.009555419286092123,
      "decoder_cmi_res": 0.0010458628336588542,
      "decoder_cmi_res_rw": 0.0029183427492777505,
      "decoder_js_res": 0.0019860298586233207,
      "decoder_js_res_rw": 0.0018800272470495354,
      "decoder_valid_frac": 1.0,
      "decoder_min_domain_classes": 4,
      "decoder_single_class_frac": 0.0,
      "leakage_advantage": 0.5366088631984585,
      "label_sep": 0.6358381502890174,
      "inloop_reg": 0.027314205501709325,
      "inloop_dec": -0.0008680903249316745,
      "inloop_dec_loss": 0.00045921898668489623,
      "train_dec_margin": 0.0,
      "stepA_dom_acc": 0.6892361111111112,
      "n_folds": 3,
      "per_target": [
        {
          "target": "1",
          "accuracy": 0.4913194444444444,
          "balanced_acc": 0.4913194444444444,
          "macro_f1": 0.36268569011182183,
          "nll": 1.276827096939087,
          "ece": 0.1999689519612326,
          "leakage_kl": 0.6275338530540466,
          "cond_dom_acc": 0.9884393063583815,
          "prior_dom_acc": 0.4479768786127168,
          "leakage_advantage": 0.5404624277456647,
          "marginal_leakage_kl": 0.6061505675315857,
          "marginal_leakage_kl_rw": 0.6074342727661133,
          "marginal_leakage_advantage": 0.5028901734104047,
          "marginal_leakage_advantage_rw": 0.5028901734104047,
          "decoder_cmi": 0.0011159181594848633,
          "decoder_cmi_rw": 0.008822381496429443,
          "decoder_cmi_res": 0.0,
          "decoder_cmi_res_rw": 0.005210220813751221,
          "decoder_js_res": 0.003926442004740238,
          "decoder_js_res_rw": 0.0037062382325530052,
          "decoder_valid": true,
          "decoder_n_domains": 2,
          "decoder_min_domain_classes": 4,
          "decoder_mean_domain_classes": 4.0,
          "decoder_single_class_frac": 0.0,
          "decoder_domain_class_spans": [
            4,
            4
          ],
          "decoder_domain_counts": [
            576,
            576
          ],
          "label_sep": 0.5982658959537572,
          "inloop_reg": 0.013673724032640975,
          "inloop_dec": 0.0006248586707644992,
          "inloop_dec_loss": 0.0003687827504311119,
          "train_dec_margin": 0.0,
          "train_sampler": "raw",
          "stepA_dom_acc": 0.7178819444444444
        },
        {
          "target": "2",
          "accuracy": 0.24479166666666666,
          "balanced_acc": 0.24479166666666666,
          "macro_f1": 0.10215526402225786,
          "nll": 1.6216351985931396,
          "ece": 0.2157834181562066,
          "leakage_kl": 0.6158499717712402,
          "cond_dom_acc": 0.9942196531791907,
          "prior_dom_acc": 0.4595375722543353,
          "leakage_advantage": 0.5346820809248554,
          "marginal_leakage_kl": 0.6134758591651917,
          "marginal_leakage_kl_rw": 0.616392195224762,
          "marginal_leakage_advantage": 0.5086705202312138,
          "marginal_leakage_advantage_rw": 0.5086705202312138,
          "decoder_cmi": 0.0076985955238342285,
          "decoder_cmi_rw": 0.009389758110046387,
          "decoder_cmi_res": 0.0010892748832702637,
          "decoder_cmi_res_rw": 0.00035369396209716797,
          "decoder_js_res": 0.0003777938836719841,
          "decoder_js_res_rw": 0.0003588116087485105,
          "decoder_valid": true,
          "decoder_n_domains": 2,
          "decoder_min_domain_classes": 4,
          "decoder_mean_domain_classes": 4.0,
          "decoder_single_class_frac": 0.0,
          "decoder_domain_class_spans": [
            4,
            4
          ],
          "decoder_domain_counts": [
            576,
            576
          ],
          "label_sep": 0.7485549132947977,
          "inloop_reg": 0.01632924129403869,
          "inloop_dec": -0.005714014172554016,
          "inloop_dec_loss": 0.0005358421221899334,
          "train_dec_margin": 0.0,
          "train_sampler": "raw",
          "stepA_dom_acc": 0.6276041666666666
        },
        {
          "target": "3",
          "accuracy": 0.4392361111111111,
          "balanced_acc": 0.43923611111111116,
          "macro_f1": 0.4159035895014969,
          "nll": 1.310144066810608,
          "ece": 0.14887374111761648,
          "leakage_kl": 0.6657970547676086,
          "cond_dom_acc": 0.9942196531791907,
          "prior_dom_acc": 0.4595375722543353,
          "leakage_advantage": 0.5346820809248554,
          "marginal_leakage_kl": 0.6432627439498901,
          "marginal_leakage_kl_rw": 0.6446382999420166,
          "marginal_leakage_advantage": 0.5086705202312138,
          "marginal_leakage_advantage_rw": 0.5086705202312138,
          "decoder_cmi": 0.009279489517211914,
          "decoder_cmi_rw": 0.010454118251800537,
          "decoder_cmi_res": 0.002048313617706299,
          "decoder_cmi_res_rw": 0.0031911134719848633,
          "decoder_js_res": 0.0016538536874577403,
          "decoder_js_res_rw": 0.0015750318998470902,
          "decoder_valid": true,
          "decoder_n_domains": 2,
          "decoder_min_domain_classes": 4,
          "decoder_mean_domain_classes": 4.0,
          "decoder_single_class_frac": 0.0,
          "decoder_domain_class_spans": [
            4,
            4
          ],
          "decoder_domain_counts": [
            576,
            576
          ],
          "label_sep": 0.5606936416184971,
          "inloop_reg": 0.05193965117844831,
          "inloop_dec": 0.0024848845269944933,
          "inloop_dec_loss": 0.0004730320874336434,
          "train_dec_margin": 0.0,
          "train_sampler": "raw",
          "stepA_dom_acc": 0.7222222222222222
        }
      ],
      "decoder_valid_n": 3,
      "decoder_cmi_valid_mean": 0.006031334400177002,
      "decoder_cmi_rw_valid_mean": 0.009555419286092123,
      "decoder_cmi_res_valid_mean": 0.0010458628336588542,
      "decoder_cmi_res_rw_valid_mean": 0.0029183427492777505,
      "decoder_js_res_valid_mean": 0.0019860298586233207,
      "decoder_js_res_rw_valid_mean": 0.0018800272470495354,
      "decoder_cmi_res_null_q_valid_mean": null,
      "decoder_cmi_res_excess_valid_mean": null,
      "decoder_cmi_res_rw_null_q_valid_mean": null,
      "decoder_cmi_res_rw_excess_valid_mean": null,
      "decoder_js_res_null_q_valid_mean": null,
      "decoder_js_res_excess_valid_mean": null,
      "decoder_js_res_rw_null_q_valid_mean": null,