{
  "dataset": "ADFTD",
  "backbone": "EEGNet",
  "n_dom": 2,
  "n_cls": 2,
  "n_windows": 5720,
  "z_dim": 16,
  "config": {
    "dataset": "ADFTD",
    "condition": "SCZ",
    "cohorts": [
      "ds003944",
      "ds003947"
    ],
    "domain": "cohort",
    "backbone": "EEGNet",
    "bb_epochs": 120,
    "vae_epochs": 300,
    "delta_epochs": 300,
    "n_perm": 100,
    "zy": 8,
    "zd": 6,
    "beta": 1.0,
    "lr": 0.002,
    "bs": 64,
    "tmin": 0.0,
    "tmax": 4.0,
    "resample": 128,
    "max_per_subject": 60,
    "max_subjects": 0,
    "seed": 0,
    "out": "results/glsvae_scz_rest.json"
  },
  "result": {
    "observed_gain": -0.052535057067871094,
    "elbo_shared": -8.456489562988281,
    "elbo_delta": -8.509024620056152,
    "null_mean": 0.013014287948608398,
    "null_std": 0.07603211227897534,
    "null_min": -0.1707172393798828,
    "null_max": 0.18375492095947266,
    "n_perm": 100,
    "z_score": -0.8621271072407839,
    "p_value": 0.8118811881188119,
    "concept_shift_detected": false,
    "null_gains": [
      -0.06687164306640625,
      0.1504535675048828,
      -0.031341552734375,
      0.13221073150634766,
      -0.019992828369140625,
      -0.16810226440429688,
      0.04901409149169922,
      0.12723159790039062,
      0.051117897033691406,
      0.11566734313964844,
      0.08872318267822266,
      0.028390884399414062,
      0.0892181396484375,
      0.02994537353515625,
      0.017238616943359375,
      0.06922531127929688,
      0.06874656677246094,
      -0.0075321197509765625,
      -0.1692647933959961,
      0.08497047424316406,
      -0.09516143798828125,
      -0.03078460693359375,
      -0.0686197280883789,
      -0.04717826843261719,
      0.029692649841308594,
      0.0613861083984375,
      -0.049465179443359375,
      0.016384124755859375,
      0.04118824005126953,
      0.0978403091430664,
      0.06798744201660156,
      0.001499176025390625,
      0.008119583129882812,
      -0.05627918243408203,
      0.013004302978515625,
      -0.07703018188476562,
      0.041426658630371094,
      0.057288169860839844,
      0.0312347412109375,
      -0.03274822235107422,
      0.04960823059082031,
      0.0937185287475586,
      0.09876251220703125,
      0.08296775817871094,
      -0.0010128021240234375,
      0.0028228759765625,
      0.03145599365234375,
      0.045342445373535156,
      -0.0957174301147461,
      -0.05124950408935547,
      -0.08235454559326172,
      0.08932304382324219,
      -0.03928089141845703,
      0.18375492095947266,
      -0.06427955627441406,
      -0.08979034423828125,
      0.10254383087158203,
      -0.0707855224609375,
      -0.014393806457519531,
      0.09923648834228516,
      0.06524658203125,
      -0.0075855255126953125,
      0.015433311462402344,
      0.06369972229003906,
      -0.02774333953857422,
      -0.09979438781738281,
      -0.01740264892578125,
      -0.02931976318359375,
      -0.03302001953125,
      0.10906600952148438,
      0.1253032684326172,
      0.029001235961914062,
      -0.06527042388916016,
      0.04945182800292969,
      0.057135581970214844,
      -0.1707172393798828,
      0.02511119842529297,
      -0.038787841796875,
      0.04798603057861328,
      0.04289817810058594,
      -0.04854774475097656,
      0.0039215087890625,
      -0.0026397705078125,
      -0.022069931030273438,
      -0.08652973175048828,
      -0.10149765014648438,
      -0.029549598693847656,
      -0.1271839141845703,
      0.08338069915771484,
      -0.16056251525878906,
      -0.0380096435546875,
      0.09816265106201172,
      0.1241607666015625,
      0.037880897521972656,
      0.050978660583496094,
      0.10599517822265625,
      0.09624576568603516,
      0.04361534118652344,
      -0.015926361083984375,
      0.12940692901611328
    ]
  }
}