{
  "config": {
    "dataset": "BNCI2014_001",
    "backbone": "EEGNet",
    "configs": [
      "erm:0",
      "lpc_prior:0.1"
    ],
    "epochs": 250,
    "bs": 64,
    "warmup": 40,
    "n_inner": 2,
    "weight_decay": 0.0001,
    "sampler": "classbal",
    "prior": "empirical",
    "prior_alpha": 1.0,
    "beta": 0.01,
    "align": "none",
    "fmin": null,
    "fmax": null,
    "protocol": "loso",
    "imbalance": 0.0,
    "tmin": 0.5,
    "tmax": 3.5,
    "resample": 250,
    "seed": 0,
    "max_subjects": 0,
    "out": "results/vib_2a_b0p01.json"
  },
  "classes": [
    "feet",
    "left_hand",
    "right_hand",
    "tongue"
  ],
  "summary": {
    "erm:0": {
      "per_target_balanced_acc_mean": 0.3956404320987654,
      "per_target_balanced_acc_std": 0.11786944197585496,
      "worst_target_balanced_acc": 0.2482638888888889,
      "worst_target_acc": 0.2482638888888889,
      "macro_f1": 0.3366231355443649,
      "pooled_balanced_acc": 0.3956404320987654,
      "pooled_macro_f1": 0.3873096225920125,
      "subject_balanced_acc": 0.2222222222222222,
      "subject_macro_f1": 0.09090909090909091,
      "leakage_kl": 0.5158141222265031,
      "leakage_advantage": 0.3510082750863662,
      "label_sep": 0.6305937173616133,
      "inloop_reg": 4.805893484824969,
      "stepA_dom_acc": 0.0,
      "per_target": [
        {
          "target": "1",
          "accuracy": 0.4635416666666667,
          "balanced_acc": 0.4635416666666667,
          "macro_f1": 0.3768524561333968,
          "nll": 1.720816969871521,
          "ece": 0.23000971419322824,
          "leakage_kl": 0.4555205702781677,
          "cond_dom_acc": 0.42516268980477223,
          "prior_dom_acc": 0.1019522776572668,
          "leakage_advantage": 0.32321041214750545,
          "label_sep": 0.6370209689081706,
          "inloop_reg": 5.482117507192823,
          "stepA_dom_acc": 0.0
        },
        {
          "target": "2",
          "accuracy": 0.2777777777777778,
          "balanced_acc": 0.2777777777777778,
          "macro_f1": 0.19853825998059388,
          "nll": 1.8476380109786987,
          "ece": 0.3027755207796064,
          "leakage_kl": 0.3430497348308563,
          "cond_dom_acc": 0.3658712942877802,
          "prior_dom_acc": 0.1019522776572668,
          "leakage_advantage": 0.2639190166305134,
          "label_sep": 0.618944323933478,
          "inloop_reg": 4.028175354003906,
          "stepA_dom_acc": 0.0
        },
        {
          "target": "3",
          "accuracy": 0.5503472222222222,
          "balanced_acc": 0.5503472222222222,
          "macro_f1": 0.5134728322054262,
          "nll": 1.011250376701355,
          "ece": 0.06915526981982921,
          "leakage_kl": 0.5748859643936157,
          "cond_dom_acc": 0.5162689804772235,
          "prior_dom_acc": 0.1019522776572668,
          "leakage_advantage": 0.4143167028199567,
          "label_sep": 0.6044830079537238,
          "inloop_reg": 4.606628676255544,
          "stepA_dom_acc": 0.0
        },
        {
          "target": "4",
          "accuracy": 0.4097222222222222,
          "balanced_acc": 0.4097222222222222,
          "macro_f1": 0.380079151476002,
          "nll": 1.3347010612487793,
          "ece": 0.14857240088490978,
          "leakage_kl": 0.5389679074287415,
          "cond_dom_acc": 0.4642082429501085,
          "prior_dom_acc": 0.1019522776572668,
          "leakage_advantage": 0.36225596529284165,
          "label_sep": 0.6507592190889371,
          "inloop_reg": 5.603061689270867,
          "stepA_dom_acc": 0.0
        },
        {
          "target": "5",
          "accuracy": 0.2569444444444444,
          "balanced_acc": 0.2569444444444444,
          "macro_f1": 0.1683838056271929,
          "nll": 2.178462266921997,
          "ece": 0.40678198852886754,
          "leakage_kl": 0.5940250158309937,
          "cond_dom_acc": 0.519884309472162,
          "prior_dom_acc": 0.1019522776572668,
          "leakage_advantage": 0.41793203181489524,
          "label_sep": 0.6630513376717281,
          "inloop_reg": 5.259957571824391,
          "stepA_dom_acc": 0.0
        },
        {
          "target": "6",
          "accuracy": 0.2482638888888889,
          "balanced_acc": 0.2482638888888889,
          "macro_f1": 0.1813936334803125,
          "nll": 2.8441169261932373,
          "ece": 0.40027986999808085,
          "leakage_kl": 0.5469192266464233,
          "cond_dom_acc": 0.47288503253796094,
          "prior_dom_acc": 0.10412147505422993,
          "leakage_advantage": 0.368763557483731,
          "label_sep": 0.6666666666666666,
          "inloop_reg": 5.38016445769204,
          "stepA_dom_acc": 0.0
        },
        {
          "target": "7",
          "accuracy": 0.3125,
          "balanced_acc": 0.3125,
          "macro_f1": 0.2600678331033906,
          "nll": 1.4719897508621216,
          "ece": 0.2199044531832139,
          "leakage_kl": 0.558792769908905,
          "cond_dom_acc": 0.4822848879248012,
          "prior_dom_acc": 0.10484454085321765,
          "leakage_advantage": 0.3774403470715835,
          "label_sep": 0.6218365871294288,
          "inloop_reg": 4.816334293948279,
          "stepA_dom_acc": 0.0
        },
        {
          "target": "8",
          "accuracy": 0.5607638888888888,
          "balanced_acc": 0.560763888888889,
          "macro_f1": 0.5226879845644794,
          "nll": 0.9878561496734619,
          "ece": 0.041830996154910996,
          "leakage_kl": 0.5241668820381165,
          "cond_dom_acc": 0.4316702819956616,
          "prior_dom_acc": 0.10484454085321765,
          "leakage_advantage": 0.32682574114244395,
          "label_sep": 0.5979754157628344,
          "inloop_reg": 3.9269948270585804,
          "stepA_dom_acc": 0.0
        },
        {
          "target": "9",
          "accuracy": 0.4809027777777778,
          "balanced_acc": 0.4809027777777778,
          "macro_f1": 0.42813226332849014,
          "nll": 1.1706973314285278,
          "ece": 0.12951872487448984,
          "leakage_kl": 0.5059990286827087,
          "cond_dom_acc": 0.40997830802603036,
          "prior_dom_acc": 0.10556760665220535,
          "leakage_advantage": 0.304410701373825,
          "label_sep": 0.6146059291395517,
          "inloop_reg": 4.149606986178292,
          "stepA_dom_acc": 0.0
        }
      ]
    },
    "lpc_prior:0.1": {
      "per_target_balanced_acc_mean": 0.40837191358024694,
      "per_target_balanced_acc_std": 0.11559822759002619,
      "worst_target_balanced_acc": 0.265625,
      "worst_target_acc": 0.265625,
      "macro_f1": 0.352383160175832,
      "pooled_balanced_acc": 0.40837191358024694,
      "pooled_macro_f1": 0.40193313524681773,
      "subject_balanced_acc": 0.2222222222222222,
      "subject_macro_f1": 0.09090909090909091,
      "leakage_kl": 0.46030980679723954,
      "leakage_advantage": 0.36651401944243595,
      "label_sep": 0.6138025226962321,
      "inloop_reg": 2.5959666558069947,
      "stepA_dom_acc": 0.2976707175925926,
      "per_target": [
        {
          "target": "1",
          "accuracy": 0.5190972222222222,
          "balanced_acc": 0.5190972222222222,
          "macro_f1": 0.43070294818005134,
          "nll": 1.28586745262146,
          "ece": 0.1508195369193951,
          "leakage_kl": 0.481528103351593,
          "cond_dom_acc": 0.502530730296457,
          "prior_dom_acc": 0.1019522776572668,
          "leakage_advantage": 0.40057845263919023,
          "label_sep": 0.6254519161243673,
          "inloop_reg": 2.689498810408016,
          "stepA_dom_acc": 0.3148871527777778
        },
        {
          "target": "2",
          "accuracy": 0.3038194444444444,
          "balanced_acc": 0.3038194444444444,
          "macro_f1": 0.24181943112046317,
          "nll": 1.699938416481018,
          "ece": 0.24695028581966957,
          "leakage_kl": 0.33203408122062683,
          "cond_dom_acc": 0.41576283441793205,
          "prior_dom_acc": 0.1019522776572668,