{
  "config": {
    "datasets": [
      "BNCI2014_001",
      "Lee2019_MI",
      "Cho2017"
    ],
    "backbone": "EEGNet",
    "configs": [
      "erm:0",
      "lpc_prior:0.3",
      "lpc_uniform:0.5",
      "marginal:0.5",
      "cdann:1"
    ],
    "epochs": 150,
    "bs": 64,
    "warmup": 40,
    "n_inner": 2,
    "weight_decay": 0.0001,
    "tmin": 0.5,
    "tmax": 3.5,
    "resample": 128,
    "seed": 0,
    "max_subj": 0,
    "out": "results/xdata_EEGNet.json"
  },
  "classes": [
    "left_hand",
    "right_hand"
  ],
  "summary": {
    "erm:0": {
      "balanced_acc_mean": 0.6636834991941667,
      "balanced_acc_std": 0.03571183288978682,
      "worst_dataset": 0.6149239543726236,
      "macro_f1": 0.6528405624486825,
      "leakage_kl": 0.8152796824773153,
      "label_sep": 0.7378463025812732,
      "per_target": [
        {
          "target": "BNCI2014_001",
          "balanced_acc": 0.6994598765432098,
          "macro_f1": 0.6994498111781972,
          "nll": 0.5644265413284302,
          "ece": 0.02320662205233985,
          "leakage_kl": 0.7987877130508423,
          "cond_dom_acc": 0.284039393465687,
          "prior_dom_acc": 0.0098483664217602,
          "leakage_advantage": 0.27419102704392684,
          "label_sep": 0.7350320462716898
        },
        {
          "target": "Lee2019_MI",
          "balanced_acc": 0.6766666666666666,
          "macro_f1": 0.6747642270039726,
          "nll": 0.5926075577735901,
          "ece": 0.03939965010793119,
          "leakage_kl": 0.867584228515625,
          "cond_dom_acc": 0.3909506863243518,
          "prior_dom_acc": 0.019064565327910524,
          "leakage_advantage": 0.3718861209964413,
          "label_sep": 0.7219115404168785
        },
        {
          "target": "Cho2017",
          "balanced_acc": 0.6149239543726236,
          "macro_f1": 0.5843076491638776,
          "nll": 0.806081235408783,
          "ece": 0.174489898118456,
          "leakage_kl": 0.7794671058654785,
          "cond_dom_acc": 0.3048780487804878,
          "prior_dom_acc": 0.018666002986560477,
          "leakage_advantage": 0.28621204579392734,
          "label_sep": 0.7565953210552514
        }
      ]
    },
    "lpc_prior:0.3": {
      "balanced_acc_mean": 0.6553765119153797,
      "balanced_acc_std": 0.03234528757646986,
      "worst_dataset": 0.6269011406844106,
      "macro_f1": 0.6486524560406794,
      "leakage_kl": 0.0364987861054639,
      "label_sep": 0.7056356607256912,
      "per_target": [
        {
          "target": "BNCI2014_001",
          "balanced_acc": 0.7006172839506173,
          "macro_f1": 0.6997662484215051,
          "nll": 0.6074652671813965,
          "ece": 0.11971827276786902,
          "leakage_kl": 0.007210483308881521,
          "cond_dom_acc": 0.017508206972018135,
          "prior_dom_acc": 0.0098483664217602,
          "leakage_advantage": 0.007659840550257934,
          "label_sep": 0.6989213693919024
        },
        {
          "target": "Lee2019_MI",
          "balanced_acc": 0.6386111111111111,
          "macro_f1": 0.6227126106191304,
          "nll": 0.6165685653686523,
          "ece": 0.019431354734632696,
          "leakage_kl": 0.012603385373950005,
          "cond_dom_acc": 0.036858159633960344,
          "prior_dom_acc": 0.019064565327910524,
          "leakage_advantage": 0.01779359430604982,
          "label_sep": 0.7079308591764107
        },
        {
          "target": "Cho2017",
          "balanced_acc": 0.6269011406844106,
          "macro_f1": 0.6234785090814028,
          "nll": 0.6375324726104736,
          "ece": 0.02582771481783215,
          "leakage_kl": 0.08968248963356018,
          "cond_dom_acc": 0.05674464907914385,
          "prior_dom_acc": 0.018666002986560477,
          "leakage_advantage": 0.03807864609258338,
          "label_sep": 0.7100547536087606
        }
      ]
    },
    "lpc_uniform:0.5": {
      "balanced_acc_mean": 0.6397968009200582,
      "balanced_acc_std": 0.044808369648201035,
      "worst_dataset": 0.5818441064638783,
      "macro_f1": 0.6229601168445171,
      "leakage_kl": 0.011085082456702366,
      "label_sep": 0.6293832339371481,
      "per_target": [
        {
          "target": "BNCI2014_001",
          "balanced_acc": 0.6909722222222222,
          "macro_f1": 0.6872439414766415,
          "nll": 0.5906281471252441,
          "ece": 0.0781485123536837,
          "leakage_kl": 2.1606434529530816e-05,
          "cond_dom_acc": 0.0098483664217602,
          "prior_dom_acc": 0.0098483664217602,
          "leakage_advantage": 0.0,
          "label_sep": 0.5579177739565422
        },
        {
          "target": "Lee2019_MI",
          "balanced_acc": 0.6465740740740741,
          "macro_f1": 0.6418141545343111,
          "nll": 0.6238464117050171,
          "ece": 0.04500005053701224,
          "leakage_kl": 3.0251439966377802e-05,
          "cond_dom_acc": 0.019064565327910524,
          "prior_dom_acc": 0.019064565327910524,
          "leakage_advantage": 0.0,
          "label_sep": 0.64133197763091
        },
        {
          "target": "Cho2017",
          "balanced_acc": 0.5818441064638783,
          "macro_f1": 0.5398222545225988,
          "nll": 0.6612390875816345,
          "ece": 0.03510994575209491,
          "leakage_kl": 0.03320338949561119,
          "cond_dom_acc": 0.031110004977600796,
          "prior_dom_acc": 0.018666002986560477,
          "leakage_advantage": 0.012444001991040319,
          "label_sep": 0.6888999502239921
        }
      ]
    },
    "marginal:0.5": {
      "balanced_acc_mean": 0.6496549586130279,
      "balanced_acc_std": 0.03869266975627473,
      "worst_dataset": 0.598764258555133,
      "macro_f1": 0.6379717601638114,
      "leakage_kl": 0.001423682780417342,
      "label_sep": 0.7016369773972083,
      "per_target": [
        {
          "target": "BNCI2014_001",
          "balanced_acc": 0.6925154320987654,
          "macro_f1": 0.6887525068782365,
          "nll": 0.6105064153671265,
          "ece": 0.1110284134607624,
          "leakage_kl": 1.9178596630808897e-05,
          "cond_dom_acc": 0.011255275910583085,
          "prior_dom_acc": 0.0098483664217602,
          "leakage_advantage": 0.0014069094888228845,
          "label_sep": 0.6778177270595591
        },
        {
          "target": "Lee2019_MI",
          "balanced_acc": 0.6576851851851853,
          "macro_f1": 0.6540902594876646,
          "nll": 0.6191237568855286,
          "ece": 0.06170549015756008,
          "leakage_kl": 0.0011569514172151685,
          "cond_dom_acc": 0.0315200813421454,
          "prior_dom_acc": 0.019064565327910524,
          "leakage_advantage": 0.012455516014234877,
          "label_sep": 0.7031011692933401
        },
        {
          "target": "Cho2017",
          "balanced_acc": 0.598764258555133,
          "macro_f1": 0.5710725141255334,
          "nll": 0.6557542681694031,
          "ece": 0.03458492248797145,
          "leakage_kl": 0.0030949183274060488,
          "cond_dom_acc": 0.037829766052762566,
          "prior_dom_acc": 0.018666002986560477,
          "leakage_advantage": 0.01916376306620209,
          "label_sep": 0.7239920358387257
        }
      ]
    },
    "cdann:1": {
      "balanced_acc_mean": 0.6393162152435494,
      "balanced_acc_std": 0.043605175061421135,
      "worst_dataset": 0.5899239543726236,
      "macro_f1": 0.6292139983099899,
      "leakage_kl": 0.34409864246845245,
      "label_sep": 0.6556098415222046,
      "per_target": [
        {
          "target": "BNCI2014_001",
          "balanced_acc": 0.6959876543209876,
          "macro_f1": 0.6956526144571922,
          "nll": 0.589321494102478,
          "ece": 0.07684876240881874,
          "leakage_kl": 0.669249415397644,
          "cond_dom_acc": 0.150226668750977,
          "prior_dom_acc": 0.0098483664217602,
          "leakage_advantage": 0.1403783023292168,
          "label_sep": 0.6712521494450524
        },
        {
          "target": "Lee2019_MI",