{
  "BNCI2014_001": {
    "0": {
      "erm_full": 0.36149691358024694,
      "spc_full": 0.3680555555555556,
      "delta_full": 0.006558641975308643,
      "erm_dec": 0.4657118055555556,
      "spc_dec": 0.4496527777777778,
      "delta_dec": -0.01605902777777779,
      "per_subj": {
        "1": 0.045138888888888784,
        "3": -0.01041666666666663,
        "8": -0.03125,
        "9": -0.06770833333333337
      }
    },
    "1": {
      "erm_full": 0.36921296296296297,
      "spc_full": 0.3601466049382716,
      "delta_full": -0.009066358024691357,
      "erm_dec": 0.4683159722222222,
      "spc_dec": 0.4609375,
      "delta_dec": -0.00737847222222221,
      "per_subj": {
        "1": 0.0034722222222221544,
        "3": -0.10243055555555558,
        "8": -0.00520833333333337,
        "9": 0.07465277777777779
      }
    },
    "2": {
      "erm_full": 0.33564814814814814,
      "spc_full": 0.3470293209876543,
      "delta_full": 0.011381172839506182,
      "erm_dec": 0.3836805555555555,
      "spc_dec": 0.43185763888888884,
      "delta_dec": 0.048177083333333315,
      "per_subj": {
        "1": 0.060763888888888895,
        "3": 0.05555555555555558,
        "8": 0.012152777777777735,
        "9": 0.0642361111111111
      }
    }
  },
  "BNCI2015_001": {
    "0": {
      "erm_full": 0.5880555555555556,
      "spc_full": 0.6027777777777777,
      "delta_full": 0.014722222222222192
    },
    "1": {
      "erm_full": 0.6108333333333333,
      "spc_full": 0.6119444444444444,
      "delta_full": 0.0011111111111110628
    },
    "2": {
      "erm_full": 0.6125,
      "spc_full": 0.6136805555555556,
      "delta_full": 0.001180555555555518
    }
  }
}