{
  "config": {
    "dataset": "BNCI2014_001",
    "backbone": "FBCSPLGGGraph",
    "target_indices": [
      5
    ],
    "source_val_early_stop": true,
    "configs": [
      "graphdualpc:0.000:0.000:0.000:0.100:300"
    ],
    "epochs": 300,
    "bs": 64,
    "warmup": 40,
    "n_inner": 2,
    "device": "cuda",
    "weight_decay": 0.0001,
    "sampler": "classbal",
    "prior": "empirical",
    "prior_alpha": 1.0,
    "beta": 0.0,
    "balance": false,
    "label_correct": false,
    "dec_margin": null,
    "decoder_null_perms": 0,
    "decoder_null_quantile": 0.95,
    "reweight_dual": false,
    "align": "none",
    "fmin": null,
    "fmax": null,
    "protocol": "loso",
    "imbalance": 0.0,
    "tmin": 0.5,
    "tmax": 3.5,
    "resample": 128,
    "seed": 0,
    "transduct": "off",
    "transduct_shrink": 0.1,
    "transduct_gate": 0.0,
    "max_subjects": 0,
    "out": "results/fbcsp_lgg_f1a_decoder_s0/BNCI2014_001_t5_seed0_decoder.json",
    "requested_target_indices": [
      5
    ],
    "actual_target_subjects": [
      "6"
    ]
  },
  "classes": [
    "feet",
    "left_hand",
    "right_hand",
    "tongue"
  ],
  "summary": {
    "graphdualpc:0.000:0.000:0.000:0.100:300": {
      "per_target_balanced_acc_mean": 0.2899305555555556,
      "per_target_balanced_acc_std": 0.0,
      "worst_target_balanced_acc": 0.2899305555555556,
      "worst_target_acc": 0.2899305555555556,
      "macro_f1": 0.2708871030755405,
      "pooled_balanced_acc": 0.2899305555555556,
      "pooled_macro_f1": 0.2708871030755405,
      "subject_balanced_acc": 1.0,
      "subject_macro_f1": 1.0,
      "leakage_kl": 1.3358051776885986,
      "leakage_kl_rw": 1.3319984674453735,
      "marginal_leakage_kl": 1.3044668436050415,
      "marginal_leakage_kl_rw": 1.3018333911895752,
      "marginal_leakage_advantage": 0.6565437454808387,
      "marginal_leakage_advantage_rw": 0.6579898770788142,
      "decoder_cmi": 0.02806156873703003,
      "decoder_cmi_rw": 0.02872943878173828,
      "decoder_cmi_res": 0.01551663875579834,
      "decoder_cmi_res_rw": 0.01516789197921753,
      "decoder_js_res": 0.0064805313013494015,
      "decoder_js_res_rw": 0.006087059620767832,
      "decoder_valid_frac": 1.0,
      "decoder_min_domain_classes": 4,
      "decoder_single_class_frac": 0.0,
      "leakage_advantage": 0.6840202458423716,
      "leakage_advantage_rw": 0.6695589298626176,
      "label_sep": 0.6804049168474331,
      "inloop_reg": 0.3322073696624665,
      "inloop_dec": 0.0,
      "inloop_dec_loss": 0.0,
      "train_dec_margin": 0.0,
      "stepA_dom_acc": 0.0,
      "source_bacc_mean": 0.6424593308727251,
      "worst_source_bacc": 0.6424593308727251,
      "n_folds": 1,
      "per_target": [
        {
          "target": "6",
          "accuracy": 0.2899305555555556,
          "balanced_acc": 0.2899305555555556,
          "macro_f1": 0.2708871030755405,
          "nll": 1.7539302110671997,
          "ece": 0.2813081795142758,
          "leakage_kl": 1.3358051776885986,
          "cond_dom_acc": 0.7881417208966016,
          "prior_dom_acc": 0.10412147505422993,
          "leakage_advantage": 0.6840202458423716,
          "leakage_kl_rw": 1.3319984674453735,
          "leakage_advantage_rw": 0.6695589298626176,
          "marginal_leakage_kl": 1.3044668436050415,
          "marginal_leakage_kl_rw": 1.3018333911895752,
          "marginal_leakage_advantage": 0.6565437454808387,
          "marginal_leakage_advantage_rw": 0.6579898770788142,
          "decoder_cmi": 0.02806156873703003,
          "decoder_cmi_rw": 0.02872943878173828,
          "decoder_cmi_res": 0.01551663875579834,
          "decoder_cmi_res_rw": 0.01516789197921753,
          "decoder_js_res": 0.0064805313013494015,
          "decoder_js_res_rw": 0.006087059620767832,
          "decoder_valid": true,
          "decoder_n_domains": 8,
          "decoder_min_domain_classes": 4,
          "decoder_mean_domain_classes": 4.0,
          "decoder_single_class_frac": 0.0,
          "decoder_domain_class_spans": [
            4,
            4,
            4,
            4,
            4,
            4,
            4,
            4
          ],
          "decoder_domain_counts": [
            576,
            576,
            576,
            576,
            576,
            576,
            576,
            576
          ],
          "label_sep": 0.6804049168474331,
          "inloop_reg": 0.3322073696624665,
          "inloop_dec": 0.0,
          "inloop_dec_loss": 0.0,
          "train_dec_margin": 0.0,
          "train_sampler": "raw",
          "stepA_dom_acc": 0.0,
          "method_config": "graphdualpc:0.000:0.000:0.000:0.100:300",
          "backbone": "FBCSPLGGGraph",
          "git_sha": "071a4c9a9c6d",
          "ch_names_source": "preset:BNCI2014_001",
          "grouping_scheme": "central_strip_v1",
          "channel_groups": {
            "FC_left": [
              "FC3",
              "FC1"
            ],
            "FC_mid": [
              "Fz",
              "FCz"
            ],
            "FC_right": [
              "FC2",
              "FC4"
            ],
            "C_left": [
              "C5",
              "C3",
              "C1"
            ],
            "C_mid": [
              "Cz"
            ],
            "C_right": [
              "C2",
              "C4",
              "C6"
            ],
            "CP_left": [
              "CP3",
              "CP1",
              "P1"
            ],
            "CP_mid": [
              "CPz",
              "Pz",
              "POz"
            ],
            "CP_right": [
              "CP2",
              "CP4",
              "P2"
            ]
          },
          "gate_graph_mean": 0.20441791415214539,
          "gate_graph_std": 0.09828075766563416,
          "gate_temporal_mean": 0.1171230599284172,
          "gate_temporal_std": 0.13052727282047272,
          "gate_spatial_mean": 0.6784590482711792,
          "gate_spatial_std": 0.17063024640083313,
          "source_bacc": 0.6424593308727251,
          "ablate_zero_graph_target_bacc": 0.27604166666666663,
          "ablate_zero_temporal_target_bacc": 0.2760416666666667,
          "ablate_zero_spatial_target_bacc": 0.2552083333333333,
          "ablate_permute_nodes_target_bacc": 0.2725694444444445,
          "lambda_g": 0.0,
          "lambda_node": 0.0,
          "lambda_edge": 0.0,
          "gamma_dec": 0.1,
          "reg_graph_gls": 0.3322073696624665,
          "reg_node_gls": 0.4290669139415499,
          "reg_edge_gls": 0.0,
          "dec_js_res": 0.00208249228030798,
          "dec_ce_res": 0.008690795373348962,
          "stepA_graph_dom_acc_gls": 0.35987103174603174,
          "stepA_node_dom_acc_gls": 0.3992942821067821,
          "stepA_edge_dom_acc_gls": 0.0,
          "loss_ce": 0.19186661818197795,
          "dec_js_res_raw": 0.00208249228030798,
          "dec_js_res_scaled": 0.624747684077611,
          "loss_dec": 0.06247476840776111,
          "loss_dec_over_ce": 0.3256156229767194,
          "dec_gate_active_frac": 1.0,
          "source_val_subjects": [
            2
          ],
          "best_epoch": 31,
          "best_source_val_bacc": 0.6145833333333333,
          "final_val_source_bacc": 0.4548611111111111,
          "final_train_source_bacc": 0.9841269841269841
        }
      ],
      "ablate_zero_graph_target_bacc_mean": 0.27604166666666663,
      "ablate_zero_temporal_target_bacc_mean": 0.2760416666666667,
      "ablate_zero_spatial_target_bacc_mean": 0.2552083333333333,
      "ablate_permute_nodes_target_bacc_mean": 0.2725694444444445,
      "decoder_valid_n": 1,
      "decoder_cmi_valid_mean": 0.02806156873703003,
      "decoder_cmi_rw_valid_mean": 0.02872943878173828,
      "decoder_cmi_res_valid_mean": 0.01551663875579834,
      "decoder_cmi_res_rw_valid_mean": 0.01516789197921753,
      "decoder_js_res_valid_mean": 0.0064805313013494015,
      "decoder_js_res_rw_valid_mean": 0.006087059620767832,