{
  "config": {
    "dataset": "BNCI2014_001",
    "backbone": "FBCSPLGGGraph",
    "target_indices": [
      2
    ],
    "source_val_early_stop": true,
    "configs": [
      "graphdualpc:0.000:0.000:0.000:0.100:300"
    ],
    "epochs": 300,
    "bs": 64,
    "warmup": 40,
    "n_inner": 2,
    "device": "cuda",
    "weight_decay": 0.0001,
    "sampler": "classbal",
    "prior": "empirical",
    "prior_alpha": 1.0,
    "beta": 0.0,
    "balance": false,
    "label_correct": false,
    "dec_margin": null,
    "decoder_null_perms": 0,
    "decoder_null_quantile": 0.95,
    "reweight_dual": false,
    "align": "none",
    "fmin": null,
    "fmax": null,
    "protocol": "loso",
    "imbalance": 0.0,
    "tmin": 0.5,
    "tmax": 3.5,
    "resample": 128,
    "seed": 0,
    "transduct": "off",
    "transduct_shrink": 0.1,
    "transduct_gate": 0.0,
    "max_subjects": 0,
    "out": "results/fbcsp_lgg_f1a_decoder_s0/BNCI2014_001_t2_seed0_decoder.json",
    "requested_target_indices": [
      2
    ],
    "actual_target_subjects": [
      "3"
    ]
  },
  "classes": [
    "feet",
    "left_hand",
    "right_hand",
    "tongue"
  ],
  "summary": {
    "graphdualpc:0.000:0.000:0.000:0.100:300": {
      "per_target_balanced_acc_mean": 0.5850694444444444,
      "per_target_balanced_acc_std": 0.0,
      "worst_target_balanced_acc": 0.5850694444444444,
      "worst_target_acc": 0.5850694444444444,
      "macro_f1": 0.5759863519876035,
      "pooled_balanced_acc": 0.5850694444444444,
      "pooled_macro_f1": 0.5759863519876035,
      "subject_balanced_acc": 0.0,
      "subject_macro_f1": 0.0,
      "leakage_kl": 1.2720582485198975,
      "leakage_kl_rw": 1.2675460577011108,
      "marginal_leakage_kl": 1.243200659751892,
      "marginal_leakage_kl_rw": 1.2464696168899536,
      "marginal_leakage_advantage": 0.6276211135213304,
      "marginal_leakage_advantage_rw": 0.6283441793203182,
      "decoder_cmi": 0.036800265312194824,
      "decoder_cmi_rw": 0.040859878063201904,
      "decoder_cmi_res": 0.039317786693573,
      "decoder_cmi_res_rw": 0.04196000099182129,
      "decoder_js_res": 0.00503809517249465,
      "decoder_js_res_rw": 0.0048347096890211105,
      "decoder_valid_frac": 1.0,
      "decoder_min_domain_classes": 4,
      "decoder_single_class_frac": 0.0,
      "leakage_advantage": 0.6616052060737527,
      "leakage_advantage_rw": 0.648590021691974,
      "label_sep": 0.8011569052783803,
      "inloop_reg": 0.4774115303206065,
      "inloop_dec": 0.0,
      "inloop_dec_loss": 0.0,
      "train_dec_margin": 0.0,
      "stepA_dom_acc": 0.0,
      "source_bacc_mean": 0.7966302464730413,
      "worst_source_bacc": 0.7966302464730413,
      "n_folds": 1,
      "per_target": [
        {
          "target": "3",
          "accuracy": 0.5850694444444444,
          "balanced_acc": 0.5850694444444444,
          "macro_f1": 0.5759863519876035,
          "nll": 1.2670928239822388,
          "ece": 0.17638645507395267,
          "leakage_kl": 1.2720582485198975,
          "cond_dom_acc": 0.7635574837310195,
          "prior_dom_acc": 0.1019522776572668,
          "leakage_advantage": 0.6616052060737527,
          "leakage_kl_rw": 1.2675460577011108,
          "leakage_advantage_rw": 0.648590021691974,
          "marginal_leakage_kl": 1.243200659751892,
          "marginal_leakage_kl_rw": 1.2464696168899536,
          "marginal_leakage_advantage": 0.6276211135213304,
          "marginal_leakage_advantage_rw": 0.6283441793203182,
          "decoder_cmi": 0.036800265312194824,
          "decoder_cmi_rw": 0.040859878063201904,
          "decoder_cmi_res": 0.039317786693573,
          "decoder_cmi_res_rw": 0.04196000099182129,
          "decoder_js_res": 0.00503809517249465,
          "decoder_js_res_rw": 0.0048347096890211105,
          "decoder_valid": true,
          "decoder_n_domains": 8,
          "decoder_min_domain_classes": 4,
          "decoder_mean_domain_classes": 4.0,
          "decoder_single_class_frac": 0.0,
          "decoder_domain_class_spans": [
            4,
            4,
            4,
            4,
            4,
            4,
            4,
            4
          ],
          "decoder_domain_counts": [
            576,
            576,
            576,
            576,
            576,
            576,
            576,
            576
          ],
          "label_sep": 0.8011569052783803,
          "inloop_reg": 0.4774115303206065,
          "inloop_dec": 0.0,
          "inloop_dec_loss": 0.0,
          "train_dec_margin": 0.0,
          "train_sampler": "raw",
          "stepA_dom_acc": 0.0,
          "method_config": "graphdualpc:0.000:0.000:0.000:0.100:300",
          "backbone": "FBCSPLGGGraph",
          "git_sha": "071a4c9a9c6d",
          "ch_names_source": "preset:BNCI2014_001",
          "grouping_scheme": "central_strip_v1",
          "channel_groups": {
            "FC_left": [
              "FC3",
              "FC1"
            ],
            "FC_mid": [
              "Fz",
              "FCz"
            ],
            "FC_right": [
              "FC2",
              "FC4"
            ],
            "C_left": [
              "C5",
              "C3",
              "C1"
            ],
            "C_mid": [
              "Cz"
            ],
            "C_right": [
              "C2",
              "C4",
              "C6"
            ],
            "CP_left": [
              "CP3",
              "CP1",
              "P1"
            ],
            "CP_mid": [
              "CPz",
              "Pz",
              "POz"
            ],
            "CP_right": [
              "CP2",
              "CP4",
              "P2"
            ]
          },
          "gate_graph_mean": 0.3046836853027344,
          "gate_graph_std": 0.25306323170661926,
          "gate_temporal_mean": 0.11411183327436447,
          "gate_temporal_std": 0.123703233897686,
          "gate_spatial_mean": 0.5812044739723206,
          "gate_spatial_std": 0.21941404044628143,
          "source_bacc": 0.7966302464730413,
          "ablate_zero_graph_target_bacc": 0.6267361111111112,
          "ablate_zero_temporal_target_bacc": 0.5763888888888888,
          "ablate_zero_spatial_target_bacc": 0.29166666666666663,
          "ablate_permute_nodes_target_bacc": 0.5572916666666666,
          "lambda_g": 0.0,
          "lambda_node": 0.0,
          "lambda_edge": 0.0,
          "gamma_dec": 0.1,
          "reg_graph_gls": 0.4774115303206065,
          "reg_node_gls": 0.5347439585224031,
          "reg_edge_gls": 0.0,
          "dec_js_res": 0.001953589057342874,
          "dec_ce_res": 0.004791726905202109,
          "stepA_graph_dom_acc_gls": 0.4184027777777778,
          "stepA_node_dom_acc_gls": 0.4503742784992785,
          "stepA_edge_dom_acc_gls": 0.0,
          "loss_ce": 0.1764180495861977,
          "dec_js_res_raw": 0.001953589057342874,
          "dec_js_res_scaled": 0.5860767170550332,
          "loss_dec": 0.05860767170550332,
          "loss_dec_over_ce": 0.33220904461290773,
          "dec_gate_active_frac": 1.0,
          "source_val_subjects": [
            2
          ],
          "best_epoch": 72,
          "best_source_val_bacc": 0.39409722222222227,
          "final_val_source_bacc": 0.328125,
          "final_train_source_bacc": 0.9816468253968255
        }
      ],
      "ablate_zero_graph_target_bacc_mean": 0.6267361111111112,
      "ablate_zero_temporal_target_bacc_mean": 0.5763888888888888,
      "ablate_zero_spatial_target_bacc_mean": 0.29166666666666663,
      "ablate_permute_nodes_target_bacc_mean": 0.5572916666666666,
      "decoder_valid_n": 1,
      "decoder_cmi_valid_mean": 0.036800265312194824,
      "decoder_cmi_rw_valid_mean": 0.040859878063201904,
      "decoder_cmi_res_valid_mean": 0.039317786693573,
      "decoder_cmi_res_rw_valid_mean": 0.04196000099182129,
      "decoder_js_res_valid_mean": 0.00503809517249465,
      "decoder_js_res_rw_valid_mean": 0.0048347096890211105,
      "decoder_cmi_res_null_q_valid_mean": null,