{
  "config": {
    "dataset": "BNCI2014_001",
    "backbone": "FBCSPLGGGraph",
    "target_indices": [
      6
    ],
    "source_val_early_stop": true,
    "configs": [
      "graphdualpc:0.000:0.000:0.000:0.100:300"
    ],
    "epochs": 300,
    "bs": 64,
    "warmup": 40,
    "n_inner": 2,
    "device": "cuda",
    "weight_decay": 0.0001,
    "sampler": "classbal",
    "prior": "empirical",
    "prior_alpha": 1.0,
    "beta": 0.0,
    "balance": false,
    "label_correct": false,
    "dec_margin": null,
    "decoder_null_perms": 0,
    "decoder_null_quantile": 0.95,
    "reweight_dual": false,
    "align": "none",
    "fmin": null,
    "fmax": null,
    "protocol": "loso",
    "imbalance": 0.0,
    "tmin": 0.5,
    "tmax": 3.5,
    "resample": 128,
    "seed": 0,
    "transduct": "off",
    "transduct_shrink": 0.1,
    "transduct_gate": 0.0,
    "max_subjects": 0,
    "out": "results/fbcsp_lgg_f1a_decoder_s0/BNCI2014_001_t6_seed0_decoder.json",
    "requested_target_indices": [
      6
    ],
    "actual_target_subjects": [
      "7"
    ]
  },
  "classes": [
    "feet",
    "left_hand",
    "right_hand",
    "tongue"
  ],
  "summary": {
    "graphdualpc:0.000:0.000:0.000:0.100:300": {
      "per_target_balanced_acc_mean": 0.2673611111111111,
      "per_target_balanced_acc_std": 0.0,
      "worst_target_balanced_acc": 0.2673611111111111,
      "worst_target_acc": 0.2673611111111111,
      "macro_f1": 0.22626129578184373,
      "pooled_balanced_acc": 0.2673611111111111,
      "pooled_macro_f1": 0.22626129578184373,
      "subject_balanced_acc": 0.0,
      "subject_macro_f1": 0.0,
      "leakage_kl": 1.5392959117889404,
      "leakage_kl_rw": 1.5351697206497192,
      "marginal_leakage_kl": 1.5223366022109985,
      "marginal_leakage_kl_rw": 1.5202727317810059,
      "marginal_leakage_advantage": 0.754880694143167,
      "marginal_leakage_advantage_rw": 0.7592190889370933,
      "decoder_cmi": 0.010691642761230469,
      "decoder_cmi_rw": 0.01468425989151001,
      "decoder_cmi_res": 0.008892357349395752,
      "decoder_cmi_res_rw": 0.010167539119720459,
      "decoder_js_res": 0.0033998179715126753,
      "decoder_js_res_rw": 0.0033243701327592134,
      "decoder_valid_frac": 1.0,
      "decoder_min_domain_classes": 4,
      "decoder_single_class_frac": 0.0,
      "leakage_advantage": 0.7642805495300071,
      "leakage_advantage_rw": 0.7563268257411424,
      "label_sep": 0.7505422993492408,
      "inloop_reg": 0.4911534857182276,
      "inloop_dec": 0.0,
      "inloop_dec_loss": 0.0,
      "train_dec_margin": 0.0,
      "stepA_dom_acc": 0.0,
      "source_bacc_mean": 0.7490546491635971,
      "worst_source_bacc": 0.7490546491635971,
      "n_folds": 1,
      "per_target": [
        {
          "target": "7",
          "accuracy": 0.2673611111111111,
          "balanced_acc": 0.2673611111111111,
          "macro_f1": 0.22626129578184373,
          "nll": 2.130871057510376,
          "ece": 0.3522518419971069,
          "leakage_kl": 1.5392959117889404,
          "cond_dom_acc": 0.8691250903832248,
          "prior_dom_acc": 0.10484454085321765,
          "leakage_advantage": 0.7642805495300071,
          "leakage_kl_rw": 1.5351697206497192,
          "leakage_advantage_rw": 0.7563268257411424,
          "marginal_leakage_kl": 1.5223366022109985,
          "marginal_leakage_kl_rw": 1.5202727317810059,
          "marginal_leakage_advantage": 0.754880694143167,
          "marginal_leakage_advantage_rw": 0.7592190889370933,
          "decoder_cmi": 0.010691642761230469,
          "decoder_cmi_rw": 0.01468425989151001,
          "decoder_cmi_res": 0.008892357349395752,
          "decoder_cmi_res_rw": 0.010167539119720459,
          "decoder_js_res": 0.0033998179715126753,
          "decoder_js_res_rw": 0.0033243701327592134,
          "decoder_valid": true,
          "decoder_n_domains": 8,
          "decoder_min_domain_classes": 4,
          "decoder_mean_domain_classes": 4.0,
          "decoder_single_class_frac": 0.0,
          "decoder_domain_class_spans": [
            4,
            4,
            4,
            4,
            4,
            4,
            4,
            4
          ],
          "decoder_domain_counts": [
            576,
            576,
            576,
            576,
            576,
            576,
            576,
            576
          ],
          "label_sep": 0.7505422993492408,
          "inloop_reg": 0.4911534857182276,
          "inloop_dec": 0.0,
          "inloop_dec_loss": 0.0,
          "train_dec_margin": 0.0,
          "train_sampler": "raw",
          "stepA_dom_acc": 0.0,
          "method_config": "graphdualpc:0.000:0.000:0.000:0.100:300",
          "backbone": "FBCSPLGGGraph",
          "git_sha": "071a4c9a9c6d",
          "ch_names_source": "preset:BNCI2014_001",
          "grouping_scheme": "central_strip_v1",
          "channel_groups": {
            "FC_left": [
              "FC3",
              "FC1"
            ],
            "FC_mid": [
              "Fz",
              "FCz"
            ],
            "FC_right": [
              "FC2",
              "FC4"
            ],
            "C_left": [
              "C5",
              "C3",
              "C1"
            ],
            "C_mid": [
              "Cz"
            ],
            "C_right": [
              "C2",
              "C4",
              "C6"
            ],
            "CP_left": [
              "CP3",
              "CP1",
              "P1"
            ],
            "CP_mid": [
              "CPz",
              "Pz",
              "POz"
            ],
            "CP_right": [
              "CP2",
              "CP4",
              "P2"
            ]
          },
          "gate_graph_mean": 0.33879178762435913,
          "gate_graph_std": 0.1859089732170105,
          "gate_temporal_mean": 0.14574849605560303,
          "gate_temporal_std": 0.1360417902469635,
          "gate_spatial_mean": 0.5154596567153931,
          "gate_spatial_std": 0.18905463814735413,
          "source_bacc": 0.7490546491635971,
          "ablate_zero_graph_target_bacc": 0.28645833333333337,
          "ablate_zero_temporal_target_bacc": 0.2951388888888889,
          "ablate_zero_spatial_target_bacc": 0.2586805555555555,
          "ablate_permute_nodes_target_bacc": 0.2899305555555555,
          "lambda_g": 0.0,
          "lambda_node": 0.0,
          "lambda_edge": 0.0,
          "gamma_dec": 0.1,
          "reg_graph_gls": 0.4911534857182276,
          "reg_node_gls": 0.5175260991331131,
          "reg_edge_gls": 0.0,
          "dec_js_res": 0.0021177070383499893,
          "dec_ce_res": 0.004581739268605671,
          "stepA_graph_dom_acc_gls": 0.43625992063492064,
          "stepA_node_dom_acc_gls": 0.4396870490620491,
          "stepA_edge_dom_acc_gls": 0.0,
          "loss_ce": 0.1982960213744451,
          "dec_js_res_raw": 0.0021177070383499893,
          "dec_js_res_scaled": 0.6353121111317287,
          "loss_dec": 0.06353121111317286,
          "loss_dec_over_ce": 0.3203857075538899,
          "dec_gate_active_frac": 1.0,
          "source_val_subjects": [
            2
          ],
          "best_epoch": 46,
          "best_source_val_bacc": 0.654513888888889,
          "final_val_source_bacc": 0.5295138888888888,
          "final_train_source_bacc": 0.9739583333333334
        }
      ],
      "ablate_zero_graph_target_bacc_mean": 0.28645833333333337,
      "ablate_zero_temporal_target_bacc_mean": 0.2951388888888889,
      "ablate_zero_spatial_target_bacc_mean": 0.2586805555555555,
      "ablate_permute_nodes_target_bacc_mean": 0.2899305555555555,
      "decoder_valid_n": 1,
      "decoder_cmi_valid_mean": 0.010691642761230469,
      "decoder_cmi_rw_valid_mean": 0.01468425989151001,
      "decoder_cmi_res_valid_mean": 0.008892357349395752,
      "decoder_cmi_res_rw_valid_mean": 0.010167539119720459,
      "decoder_js_res_valid_mean": 0.0033998179715126753,
      "decoder_js_res_rw_valid_mean": 0.0033243701327592134,