{
  "config": {
    "dataset": "BNCI2014_001",
    "backbone": "FBCSPLGGGraph",
    "target_indices": [
      4
    ],
    "source_val_early_stop": true,
    "configs": [
      "graphdualpc:0.000:0.000:0.000:0.100:300"
    ],
    "epochs": 300,
    "bs": 64,
    "warmup": 40,
    "n_inner": 2,
    "device": "cuda",
    "weight_decay": 0.0001,
    "sampler": "classbal",
    "prior": "empirical",
    "prior_alpha": 1.0,
    "beta": 0.0,
    "balance": false,
    "label_correct": false,
    "dec_margin": null,
    "decoder_null_perms": 0,
    "decoder_null_quantile": 0.95,
    "reweight_dual": false,
    "align": "none",
    "fmin": null,
    "fmax": null,
    "protocol": "loso",
    "imbalance": 0.0,
    "tmin": 0.5,
    "tmax": 3.5,
    "resample": 128,
    "seed": 0,
    "transduct": "off",
    "transduct_shrink": 0.1,
    "transduct_gate": 0.0,
    "max_subjects": 0,
    "out": "results/fbcsp_lgg_f1a_decoder_s0/BNCI2014_001_t4_seed0_decoder.json",
    "requested_target_indices": [
      4
    ],
    "actual_target_subjects": [
      "5"
    ]
  },
  "classes": [
    "feet",
    "left_hand",
    "right_hand",
    "tongue"
  ],
  "summary": {
    "graphdualpc:0.000:0.000:0.000:0.100:300": {
      "per_target_balanced_acc_mean": 0.2534722222222222,
      "per_target_balanced_acc_std": 0.0,
      "worst_target_balanced_acc": 0.2534722222222222,
      "worst_target_acc": 0.2534722222222222,
      "macro_f1": 0.20236593315906742,
      "pooled_balanced_acc": 0.2534722222222222,
      "pooled_macro_f1": 0.20236593315906742,
      "subject_balanced_acc": 0.0,
      "subject_macro_f1": 0.0,
      "leakage_kl": 1.209594488143921,
      "leakage_kl_rw": 1.2047661542892456,
      "marginal_leakage_kl": 1.1760610342025757,
      "marginal_leakage_kl_rw": 1.17508864402771,
      "marginal_leakage_advantage": 0.618944323933478,
      "marginal_leakage_advantage_rw": 0.6225596529284165,
      "decoder_cmi": 0.019529759883880615,
      "decoder_cmi_rw": 0.024467945098876953,
      "decoder_cmi_res": 0.014092981815338135,
      "decoder_cmi_res_rw": 0.01828312873840332,
      "decoder_js_res": 0.0052264537662267685,
      "decoder_js_res_rw": 0.005303806625306606,
      "decoder_valid_frac": 1.0,
      "decoder_min_domain_classes": 4,
      "decoder_single_class_frac": 0.0,
      "leakage_advantage": 0.6413593637020969,
      "leakage_advantage_rw": 0.6326825741142444,
      "label_sep": 0.596529284164859,
      "inloop_reg": 0.4345578049856519,
      "inloop_dec": 0.0,
      "inloop_dec_loss": 0.0,
      "train_dec_margin": 0.0,
      "stepA_dom_acc": 0.0,
      "source_bacc_mean": 0.5955979634488462,
      "worst_source_bacc": 0.5955979634488462,
      "n_folds": 1,
      "per_target": [
        {
          "target": "5",
          "accuracy": 0.2534722222222222,
          "balanced_acc": 0.2534722222222222,
          "macro_f1": 0.20236593315906742,
          "nll": 1.893380880355835,
          "ece": 0.3050084301374025,
          "leakage_kl": 1.209594488143921,
          "cond_dom_acc": 0.7433116413593637,
          "prior_dom_acc": 0.1019522776572668,
          "leakage_advantage": 0.6413593637020969,
          "leakage_kl_rw": 1.2047661542892456,
          "leakage_advantage_rw": 0.6326825741142444,
          "marginal_leakage_kl": 1.1760610342025757,
          "marginal_leakage_kl_rw": 1.17508864402771,
          "marginal_leakage_advantage": 0.618944323933478,
          "marginal_leakage_advantage_rw": 0.6225596529284165,
          "decoder_cmi": 0.019529759883880615,
          "decoder_cmi_rw": 0.024467945098876953,
          "decoder_cmi_res": 0.014092981815338135,
          "decoder_cmi_res_rw": 0.01828312873840332,
          "decoder_js_res": 0.0052264537662267685,
          "decoder_js_res_rw": 0.005303806625306606,
          "decoder_valid": true,
          "decoder_n_domains": 8,
          "decoder_min_domain_classes": 4,
          "decoder_mean_domain_classes": 4.0,
          "decoder_single_class_frac": 0.0,
          "decoder_domain_class_spans": [
            4,
            4,
            4,
            4,
            4,
            4,
            4,
            4
          ],
          "decoder_domain_counts": [
            576,
            576,
            576,
            576,
            576,
            576,
            576,
            576
          ],
          "label_sep": 0.596529284164859,
          "inloop_reg": 0.4345578049856519,
          "inloop_dec": 0.0,
          "inloop_dec_loss": 0.0,
          "train_dec_margin": 0.0,
          "train_sampler": "raw",
          "stepA_dom_acc": 0.0,
          "method_config": "graphdualpc:0.000:0.000:0.000:0.100:300",
          "backbone": "FBCSPLGGGraph",
          "git_sha": "071a4c9a9c6d",
          "ch_names_source": "preset:BNCI2014_001",
          "grouping_scheme": "central_strip_v1",
          "channel_groups": {
            "FC_left": [
              "FC3",
              "FC1"
            ],
            "FC_mid": [
              "Fz",
              "FCz"
            ],
            "FC_right": [
              "FC2",
              "FC4"
            ],
            "C_left": [
              "C5",
              "C3",
              "C1"
            ],
            "C_mid": [
              "Cz"
            ],
            "C_right": [
              "C2",
              "C4",
              "C6"
            ],
            "CP_left": [
              "CP3",
              "CP1",
              "P1"
            ],
            "CP_mid": [
              "CPz",
              "Pz",
              "POz"
            ],
            "CP_right": [
              "CP2",
              "CP4",
              "P2"
            ]
          },
          "gate_graph_mean": 0.7480390071868896,
          "gate_graph_std": 0.11342203617095947,
          "gate_temporal_mean": 0.060458775609731674,
          "gate_temporal_std": 0.04830576106905937,
          "gate_spatial_mean": 0.19150219857692719,
          "gate_spatial_std": 0.08865074813365936,
          "source_bacc": 0.5955979634488462,
          "ablate_zero_graph_target_bacc": 0.26388888888888884,
          "ablate_zero_temporal_target_bacc": 0.24305555555555555,
          "ablate_zero_spatial_target_bacc": 0.2604166666666667,
          "ablate_permute_nodes_target_bacc": 0.23958333333333334,
          "lambda_g": 0.0,
          "lambda_node": 0.0,
          "lambda_edge": 0.0,
          "gamma_dec": 0.1,
          "reg_graph_gls": 0.4345578049856519,
          "reg_node_gls": 0.459286430998454,
          "reg_edge_gls": 0.0,
          "dec_js_res": 0.0018187231201279377,
          "dec_ce_res": 0.0007690656043234325,
          "stepA_graph_dom_acc_gls": 0.39211309523809523,
          "stepA_node_dom_acc_gls": 0.4110299422799423,
          "stepA_edge_dom_acc_gls": 0.0,
          "loss_ce": 0.187910652586392,
          "dec_js_res_raw": 0.0018187231201279377,
          "dec_js_res_scaled": 0.545616938954308,
          "loss_dec": 0.05456169389543079,
          "loss_dec_over_ce": 0.2903597701590975,
          "dec_gate_active_frac": 1.0,
          "source_val_subjects": [
            2
          ],
          "best_epoch": 14,
          "best_source_val_bacc": 0.5902777777777778,
          "final_val_source_bacc": 0.4965277777777778,
          "final_train_source_bacc": 0.980654761904762
        }
      ],
      "ablate_zero_graph_target_bacc_mean": 0.26388888888888884,
      "ablate_zero_temporal_target_bacc_mean": 0.24305555555555555,
      "ablate_zero_spatial_target_bacc_mean": 0.2604166666666667,
      "ablate_permute_nodes_target_bacc_mean": 0.23958333333333334,
      "decoder_valid_n": 1,
      "decoder_cmi_valid_mean": 0.019529759883880615,
      "decoder_cmi_rw_valid_mean": 0.024467945098876953,
      "decoder_cmi_res_valid_mean": 0.014092981815338135,
      "decoder_cmi_res_rw_valid_mean": 0.01828312873840332,
      "decoder_js_res_valid_mean": 0.0052264537662267685,
      "decoder_js_res_rw_valid_mean": 0.005303806625306606,