held_target,effective_M_coefficient,inverse_gap_coefficient
1,0.18919307553626719,0.13696954875566314
2,0.18064243314924217,0.260646815311917
3,0.026068096761235546,0.531119923129022
5,0.18048558836125456,0.21502703237490162
6,0.12115367908841682,0.13633405586274508
7,0.7275752897936976,-0.12338573076542844
8,0.2429265746858283,0.24748145348069925
9,0.05956312956387578,0.251082301537254
