path,kernel,bandwidth_factor,alpha,prior_LOTO_R2,full_LOTO_R2,incremental_LOTO_R2,LOTO_median_increment_residual_rho,positive_targets,prior_LORO_R2,full_LORO_R2,incremental_LORO_R2,null_p95,uncorrected_p,global_max_stat_p
strict_source,rbf,1.0,1.0,0.4076594157108129,0.3107093474948104,-0.0969500682160025,-0.10117406969900969,3,0.11463083824773079,-0.24493325490670648,-0.35956409315443727,-0.027167825840442063,1.0,1.0
target_unlabeled,laplacian,1.0,1.0,0.2937980867695634,0.0809230319621943,-0.21287505480736912,-0.06776127955109018,4,0.3019793059512911,0.2161828630513316,-0.08579644289995947,-0.07817290764216014,1.0,1.0
