target_id,units,continuous_utility_mean,construction_eval_spearman,target4_canary,seed3_exploratory_not_confirmation
1,162,0.5,0.8990672052652449,0,1
2,162,0.5,0.7244640663229808,0,1
3,162,0.4999999999999999,0.9213458168974717,0,1
5,162,0.5,0.7914539988427132,0,1
6,162,0.5000000000000001,0.7977785479592064,0,1
7,162,0.5,0.7669705243773722,0,1
8,162,0.5,0.8825709672399075,0,1
9,162,0.5,0.8743275486638404,0,1
