target_id,trial_bootstrap_replicates,reliability_mean,reliability_ci_low,reliability_ci_high,construction_top5_mean,construction_top5_ci_low,construction_top5_ci_high,standardized_regret_mean,standardized_regret_ci_low,standardized_regret_ci_high,bootstrap_unit
1,499,0.781844747486531,0.7113366978380833,0.8432305242578592,0.41382765531062127,0.0,1.0,0.14753183947868848,0.01381880733944958,0.3382703868728181,shared_trial_id_within_target_stratified_by_class
2,499,0.5799188638478399,0.4634384365104679,0.6858107437160402,0.3306613226452906,0.0,1.0,0.19935686048919268,0.022373039150376955,0.44771603974728974,shared_trial_id_within_target_stratified_by_class
3,499,0.8096068973382609,0.7284845619710469,0.8646079272381498,0.5460921843687375,0.0,1.0,0.10495742117425129,0.009173669467787115,0.29608544329458886,shared_trial_id_within_target_stratified_by_class
5,499,0.6025512725578182,0.47067565528469635,0.7240097604197269,0.43587174348697394,0.0,1.0,0.16604538672918245,0.0,0.3450645439437004,shared_trial_id_within_target_stratified_by_class
6,499,0.5542312893834025,0.44626709483968474,0.6537001936609526,0.5340681362725451,0.0,1.0,0.13923978448278537,0.0,0.37386538523293344,shared_trial_id_within_target_stratified_by_class
7,499,0.6638546656871237,0.5534297672113568,0.7637471326338607,0.4589178356713427,0.0,1.0,0.08777782788725945,0.0010817307692308046,0.24636146609093762,shared_trial_id_within_target_stratified_by_class
8,499,0.7704527581561534,0.7098383026143927,0.8245614590466452,0.40681362725450904,0.0,1.0,0.18021355821433016,0.03180899482312331,0.33498914954605735,shared_trial_id_within_target_stratified_by_class
9,499,0.7748227214583528,0.6967900436225262,0.8430994113534068,0.657314629258517,0.0,1.0,0.05446690382431535,0.0,0.17699170906742698,shared_trial_id_within_target_stratified_by_class
