grouping,n_groups,mean_group_size,weighted_target_utility_variance,weighted_joint_good_entropy,weighted_pareto_good_entropy,weighted_preference_robust_entropy,weighted_target_gauge_variance,weighted_endpoint_vector_trace_variance,global_target_utility_variance,global_joint_good_entropy,global_target_gauge_variance,global_endpoint_vector_trace_variance,target_utility_variance_over_global,joint_entropy_over_global,target_gauge_variance_over_global,endpoint_trace_variance_over_global,target_labels_diagnostic_only
global,1,3804.0,0.868960934265508,0.9833972412548246,0.574826587279707,0.19423363282901537,0.0034457779063144112,3.0,0.868960934265508,0.9833972412548246,0.0034457779063144112,3.0,1.0,1.0,1.0,1.0,1
target,9,422.6666666666667,0.6542673422714098,0.9045551136998046,0.5655603832247358,0.19338489518896737,0.0028044519638947877,2.24779120991703,0.868960934265508,0.9833972412548246,0.0034457779063144112,3.0,0.7529306744087769,0.9198267757448488,0.8138806505072804,0.7492637366390099,1
trajectory,162,23.48148148148148,0.33459365751636055,0.6053894678184948,0.5329187274268518,0.1790591533911571,0.0013825683190915833,0.943873095633307,0.868960934265508,0.9833972412548246,0.0034457779063144112,3.0,0.3850502874437927,0.6156102970616552,0.40123547038769314,0.3146243652111023,1
seed,3,1268.0,0.8613355144033426,0.967209365271501,0.5745611067606817,0.1941163146766969,0.0034027498416852073,2.9707870154019567,0.868960934265508,0.9833972412548246,0.0034457779063144112,3.0,0.9912246689563659,0.9835388230674028,0.9875128154515256,0.9902623384673189,1
level,2,1902.0,0.8496660841026297,0.9713016884260895,0.5691395412472322,0.19407309876363946,0.0033648206654277985,2.932908655059894,0.868960934265508,0.9833972412548246,0.0034457779063144112,3.0,0.9777954918316467,0.9877002371764831,0.9765053804720676,0.9776362183532981,1
regime,3,1268.0,0.868960934265508,0.9833972412548247,0.574826587279707,0.19423363282901537,0.0034457779063144112,3.0,0.868960934265508,0.9833972412548246,0.0034457779063144112,3.0,1.0,1.0000000000000002,1.0,1.0,1
target_regime,27,140.88888888888889,0.6542673422714101,0.9045551136998046,0.5655603832247356,0.19338489518896737,0.002804451963894787,2.2477912099170303,0.868960934265508,0.9833972412548246,0.0034457779063144112,3.0,0.7529306744087773,0.9198267757448488,0.8138806505072801,0.7492637366390101,1
