scope,n_rows,mean_source_distance,mean_target_utility_gap,target_divergent_rate,joint_good_disagreement_rate,pareto_good_disagreement_rate,target_gauge_gap_mean,source_equivalent_q10_fraction,source_equivalent_q10_target_divergent_rate,source_equivalent_q10_joint_disagreement_rate,baseline_target_divergent_rate,baseline_joint_good_disagreement_rate,nearest_over_baseline_divergence
within_trajectory,3804,2.410715599895769,0.42340851807694063,0.6167192429022083,0.19137749737118823,0.19216614090431125,0.025534135857597215,0.19190325972660358,0.13287671232876713,0.028767123287671233,0.8162460567823344,0.3107255520504732,0.7555555555555555
within_target,3804,0.29080240192157125,0.0030003322633358107,0.007360672975814932,0.002365930599369085,0.004468980021030494,0.00020163639412026409,0.9771293375394322,0.004842615012106538,0.0002690341673392521,0.919558359621451,0.46267087276551,0.008004574042309892
within_seed,3804,0.29027216655974786,0.003071406360722532,0.009200841219768665,0.002103049421661409,0.004206098843322818,0.000268602109118307,0.9776550998948476,0.005377789728421619,0.00026888948642108095,0.9355941114616193,0.5099894847528917,0.009834223096375386
within_level,3804,0.29025223324620447,0.004288087520118486,0.009989484752891693,0.0034174553101997897,0.00473186119873817,0.00031085741995807016,0.9773922187171399,0.005110274341043572,0.00026896180742334586,0.935068349106204,0.4558359621451104,0.010683159966263706
within_regime,3804,1.62425502040259,0.7513853378051658,0.7652471083070452,0.3588328075709779,0.20951629863301788,0.04585296938221207,0.2400105152471083,0.29901423877327493,0.12814895947426067,0.9400630914826499,0.48264984227129337,0.8140380313199105
cross_target,3804,1.7961488080420518,1.0007333786766426,0.9400630914826499,0.4597791798107255,0.21950578338590956,0.05969728262241993,0.1750788643533123,0.9369369369369369,0.35435435435435436,0.9763406940063092,0.48264984227129337,0.962843295638126
cross_regime,3804,0.3004299931250235,0.0073782081248184635,0.01025236593059937,0.004468980021030494,0.003680336487907466,0.0005292994770343691,0.9776550998948476,0.004033342296316214,0.00026888948642108095,0.9466351209253417,0.48738170347003157,0.010830324909747294
