scope,n_pairs,pair_sample_max,source_distance_target_utility_gap_spearman,sample_pair_target_divergent_rate,sample_pair_mean_source_distance,sample_pair_mean_target_utility_gap,nearest_target_divergent_rate,nearest_q10_target_divergent_rate,nearest_joint_good_disagreement_rate,distance_usefulness_diagnostic_only
within_trajectory,44115,100000,0.39119886096262285,0.7493369602176131,5.35776780313327,0.59709743124205,0.6167192429022083,0.13287671232876713,0.19137749737118823,1
within_target,100000,100000,0.07920068556376955,0.89379,5.436782338668816,0.875677899550618,0.007360672975814932,0.004842615012106538,0.002365930599369085,1
within_seed,100000,100000,0.04572852535307037,0.93384,5.475509010424558,1.004274809630786,0.009200841219768665,0.005377789728421619,0.002103049421661409,1
within_level,100000,100000,0.03313795493760637,0.93937,5.485435586220286,1.00836759171451,0.009989484752891693,0.005110274341043572,0.0034174553101997897,1
within_regime,100000,100000,0.020484969391135484,0.94407,5.466901504913904,1.0174969421238464,0.7652471083070452,0.29901423877327493,0.3588328075709779,1
cross_target,100000,100000,0.016024950337713784,0.95071,5.488033621112066,1.0337840058418275,0.9400630914826499,0.9369369369369369,0.4597791798107255,1
cross_regime,100000,100000,0.022849960766657622,0.94333,5.489125026343364,1.0138626986223236,0.01025236593059937,0.004033342296316214,0.004468980021030494,1
