{
  "config": {
    "seeds": 8,
    "lams": [
      0.0,
      1.0,
      3.0,
      8.0,
      20.0
    ],
    "epochs": 70,
    "out": "synthetic/results.json"
  },
  "sweep": {
    "0.0": {
      "erm": {
        "src_bacc": [
          0.8621036788587726,
          0.008173324805939127
        ],
        "target_bacc": [
          0.5693444368043844,
          0.06475056334756948
        ],
        "leakage_kl": [
          0.5915841981768608,
          0.03675803843982239
        ],
        "leakage_advantage": [
          0.42078125,
          0.012378313950211469
        ],
        "label_sep": [
          0.8634765624999999,
          0.006829461217939777
        ]
      },
      "marginal": {
        "src_bacc": [
          0.8621036788587726,
          0.008173324805939127
        ],
        "target_bacc": [
          0.5693444368043844,
          0.06475056334756948
        ],
        "leakage_kl": [
          0.5915841981768608,
          0.03675803843982239
        ],
        "leakage_advantage": [
          0.42078125,
          0.012378313950211469
        ],
        "label_sep": [
          0.8634765624999999,
          0.006829461217939777
        ]
      },
      "chain": {
        "src_bacc": [
          0.8621036788587726,
          0.008173324805939127
        ],
        "target_bacc": [
          0.5693444368043844,
          0.06475056334756948
        ],
        "leakage_kl": [
          0.5915841981768608,
          0.03675803843982239
        ],
        "leakage_advantage": [
          0.42078125,
          0.012378313950211469
        ],
        "label_sep": [
          0.8634765624999999,
          0.006829461217939777
        ]
      },
      "lpc_uniform": {
        "src_bacc": [
          0.8621036788587726,
          0.008173324805939127
        ],
        "target_bacc": [
          0.5693444368043844,
          0.06475056334756948
        ],
        "leakage_kl": [
          0.5915841981768608,
          0.03675803843982239
        ],
        "leakage_advantage": [
          0.42078125,
          0.012378313950211469
        ],
        "label_sep": [
          0.8634765624999999,
          0.006829461217939777
        ]
      },
      "lpc_prior": {
        "src_bacc": [
          0.8621036788587726,
          0.008173324805939127
        ],
        "target_bacc": [
          0.5693444368043844,
          0.06475056334756948
        ],
        "leakage_kl": [
          0.5915841981768608,
          0.03675803843982239
        ],
        "leakage_advantage": [
          0.42078125,
          0.012378313950211469
        ],
        "label_sep": [
          0.8634765624999999,
          0.006829461217939777
        ]
      }
    },
    "1.0": {
      "erm": {
        "src_bacc": [
          0.8621036788587726,
          0.008173324805939127
        ],
        "target_bacc": [
          0.5693444368043844,
          0.06475056334756948
        ],
        "leakage_kl": [
          0.5915841981768608,
          0.03675803843982239
        ],
        "leakage_advantage": [
          0.42078125,
          0.012378313950211469
        ],
        "label_sep": [
          0.8634765624999999,
          0.006829461217939777
        ]
      },
      "marginal": {
        "src_bacc": [
          0.8593348013397885,
          0.008043912579785772
        ],
        "target_bacc": [
          0.597977963674831,
          0.05379323754441703
        ],
        "leakage_kl": [
          0.10549505287781358,
          0.030529225749162697
        ],
        "leakage_advantage": [
          0.19121093749999998,
          0.04594983823994754
        ],
        "label_sep": [
          0.8684765624999999,
          0.006546553355762378
        ]
      },
      "chain": {
        "src_bacc": [
          0.7687554716890495,
          0.12062482291375012
        ],
        "target_bacc": [
          0.6249406854708521,
          0.15431167689167072
        ],
        "leakage_kl": [
          0.055651112110354006,
          0.0258321964915807
        ],
        "leakage_advantage": [
          0.07234375000000001,
          0.04741383014545966
        ],
        "label_sep": [
          0.8684765625,
          0.01084383724298479
        ]
      },
      "lpc_uniform": {
        "src_bacc": [
          0.8702947931734156,
          0.00512896518371133
        ],
        "target_bacc": [
          0.6186254431876339,
          0.02977659921414885
        ],
        "leakage_kl": [
          0.09506869362667203,
          0.0512638345420086
        ],
        "leakage_advantage": [
          0.16386718749999998,
          0.047776982697566764
        ],
        "label_sep": [
          0.8751171875,
          0.005833667563899556
        ]
      },
      "lpc_prior": {
        "src_bacc": [
          0.8571659562318714,
          0.010750086302504435
        ],
        "target_bacc": [
          0.5496064979418054,
          0.04237801482190592
        ],
        "leakage_kl": [
          0.008774595393333584,
          0.006745526391515197
        ],
        "leakage_advantage": [
          0.014218750000000002,
          0.023309022864011264
        ],
        "label_sep": [
          0.8638671874999999,
          0.009040838200692111
        ]
      }
    },
    "3.0": {
      "erm": {
        "src_bacc": [
          0.8621036788587726,
          0.008173324805939127
        ],
        "target_bacc": [
          0.5693444368043844,
          0.06475056334756948
        ],
        "leakage_kl": [
          0.5915841981768608,
          0.03675803843982239
        ],
        "leakage_advantage": [
          0.42078125,
          0.012378313950211469
        ],
        "label_sep": [
          0.8634765624999999,
          0.006829461217939777
        ]
      },
      "marginal": {
        "src_bacc": [
          0.7811366269830269,
          0.11274501244253955
        ],
        "target_bacc": [
          0.58608691259659,
          0.08917165184676978
        ],
        "leakage_kl": [
          0.07281609049459803,
          0.04428449543601089
        ],
        "leakage_advantage": [
          0.13406250000000003,
          0.06518603186266211
        ],
        "label_sep": [
          0.85140625,
          0.025735755313619622
        ]
      },
      "chain": {
        "src_bacc": [
          0.6877470264185401,
          0.09280008810969184
        ],
        "target_bacc": [
          0.4750700449289038,
          0.11444938806580271
        ],
        "leakage_kl": [
          0.11596307391300797,
          0.10779919142807237
        ],
        "leakage_advantage": [
          0.155703125,
          0.10404628134685724
        ],
        "label_sep": [
          0.8246093750000001,
          0.034858023281726325
        ]
      },
      "lpc_uniform": {
        "src_bacc": [
          0.852122858618301,
          0.01126984947499
        ],
        "target_bacc": [
          0.6272877279711472,
          0.03918236084732182
        ],
        "leakage_kl": [
          0.09119847510010004,
          0.020967155568959502
        ],
        "leakage_advantage": [
          0.11011718749999999,
          0.051386997130802387
        ],
        "label_sep": [
          0.8700390625,
          0.006631772592214223
        ]
      },
      "lpc_prior": {
        "src_bacc": [
          0.8557070310899175,
          0.007914257425840041
        ],
        "target_bacc": [
          0.5599280044391035,
          0.04415472221417825
        ],
        "leakage_kl": [
          0.001698614600172732,
          0.0012563476880472508
        ],
        "leakage_advantage": [
          0.0010546874999999983,
          0.0026833975774368094
        ],
        "label_sep": [
          0.86453125,
          0.009546606481493834
        ]
      }
    },
    "8.0": {
      "erm": {
        "src_bacc": [
          0.8621036788587726,
          0.008173324805939127
        ],