k_per_class,pooled_auc,auc_improve,gap_closed,n_targets_with_both_classes,n_targets
0,0.6337666333998669,0.09061765358172547,1.0,9,9
1,0.6296052339764915,0.08645625415835001,0.9540773871437489,9,9
2,0.654323297848747,0.11117431803060551,1.2268505488319732,9,9
4,0.6668255156353958,0.12367653581725435,1.3648172395648495,9,9
8,0.6713899977822133,0.12824101796407184,1.4151880223693383,9,9
