rung,pooled_auc,auc_improve,gap_closed,status
R0,0.5431489798181415,0.0,0.0,computed
R1,0.4684187181193169,-0.07473026169882457,-0.8246766357884945,computed
R2,0.5209178864493236,-0.0222310933688179,-0.24532850377513157,computed
R3,0.5876289088489687,0.0444799290308272,0.4908528004503232,computed
R4,0.4992157351962741,-0.04393324462186737,-0.4848199317172259,computed
R5,0.6713899977822133,0.12824101796407184,1.4151880223693383,computed
R6,0.6337666333998669,0.09061765358172547,1.0,computed
