{
  "condition": "SCZ",
  "domain": "cohort",
  "dec_domain": "cohort",
  "cohorts": [
    "ds003944",
    "ds003947",
    "ds004000",
    "ds004367"
  ],
  "config": {
    "condition": "SCZ",
    "cohorts": null,
    "backbone": "EEGNet",
    "domain": "cohort",
    "dec_domain": "",
    "configs": [
      "erm:0"
    ],
    "epochs": 120,
    "bs": 64,
    "warmup": 30,
    "n_inner": 2,
    "device": "auto",
    "sampler": "classbal",
    "prior": "empirical",
    "beta": 0.0,
    "seed": 1,
    "balance": false,
    "label_correct": false,
    "reweight_dual": false,
    "transduct": "all",
    "transduct_shrink": 0.1,
    "transduct_gate": 0.0,
    "target_prior": 0.5,
    "dec_margin": null,
    "decoder_null_perms": 0,
    "decoder_null_quantile": 0.95,
    "out": "results/r7stress_dualpc2/r7st_SCZ_p0.5_s1.json"
  },
  "summary": {
    "erm:0": {
      "per_target_balanced_acc_mean": 0.5077135671977124,
      "worst_target_balanced_acc": 0.4951388888888889,
      "leakage_kl": 0.4083140678703785,
      "leakage_kl_rw": 0.415816318243742,
      "marginal_leakage_kl": 0.4262809306383133,
      "marginal_leakage_kl_rw": 0.4210043139755726,
      "marginal_leakage_advantage": 0.2963004093867918,
      "marginal_leakage_advantage_rw": 0.29988934543399454,
      "leakage_advantage_rw": 0.2953655727352109,
      "decoder_cmi": 0.002362176775932312,
      "decoder_cmi_rw": 0.004161953926086426,
      "decoder_cmi_res": 0.0023800767958164215,
      "decoder_cmi_res_rw": 0.002460148185491562,
      "decoder_js_res": 0.0005283909595164005,
      "decoder_js_res_rw": 0.0005117999498907011,
      "decoder_valid_frac": 1.0,
      "decoder_min_domain_classes": 2,
      "decoder_single_class_frac": 0.0,
      "inloop_reg": 0.0,
      "inloop_dec": 0.0,
      "inloop_dec_loss": 0.0,
      "train_dec_margin": 0.02,
      "per_cohort": {
        "ds003944": 51.1,
        "ds003947": 52.3,
        "ds004000": 49.5,
        "ds004367": 50.1
      },
      "transduct_balanced_acc_mean": 0.5424221303104575,
      "probe_balanced_acc_mean": 0.5081938061683007,
      "ts_probe_balanced_acc_mean": 0.5081938061683007,
      "ts_coral_balanced_acc_mean": 0.5424221303104575,
      "ts_prior_balanced_acc_mean": 0.5113817401960784,
      "ts_coral_prior_balanced_acc_mean": 0.5445323988970588,
      "ts_pmct_balanced_acc_mean": 0.5431543607026144,
      "ts_balanced_acc_mean": 0.5424221303104575,
      "decoder_valid_n": 4,
      "decoder_cmi_valid_mean": 0.002362176775932312,
      "decoder_cmi_rw_valid_mean": 0.004161953926086426,
      "decoder_cmi_res_valid_mean": 0.0023800767958164215,
      "decoder_cmi_res_rw_valid_mean": 0.002460148185491562,
      "decoder_js_res_valid_mean": 0.0005283909595164005,
      "decoder_js_res_rw_valid_mean": 0.0005117999498907011,
      "decoder_cmi_res_null_q_valid_mean": null,
      "decoder_cmi_res_excess_valid_mean": null,
      "decoder_cmi_res_rw_null_q_valid_mean": null,
      "decoder_cmi_res_rw_excess_valid_mean": null,
      "decoder_js_res_null_q_valid_mean": null,
      "decoder_js_res_excess_valid_mean": null,
      "decoder_js_res_rw_null_q_valid_mean": null,
      "decoder_js_res_rw_excess_valid_mean": null
    }
  },
  "folds": {
    "erm:0": [
      {
        "held_out": "ds003944",
        "balanced_acc": 0.511328125,
        "macro_f1": 0.5097115106251677,
        "leakage_kl": 0.6043887734413147,
        "leakage_kl_rw": 0.611229658126831,
        "leakage_advantage_rw": 0.4403028538147932,
        "marginal_leakage_kl": 0.6105952858924866,
        "marginal_leakage_kl_rw": 0.6115220785140991,
        "marginal_leakage_advantage": 0.44088526499708797,
        "marginal_leakage_advantage_rw": 0.44088526499708797,
        "decoder_cmi": 0.0024485737085342407,
        "decoder_cmi_rw": 0.0021547526121139526,
        "decoder_cmi_res": 0.0017302632331848145,
        "decoder_cmi_res_rw": 0.0018123090267181396,
        "decoder_js_res": 0.00014530531188938767,
        "decoder_js_res_rw": 0.0001549293810967356,
        "decoder_valid": true,
        "decoder_n_domains": 3,
        "decoder_min_domain_classes": 2,
        "decoder_mean_domain_classes": 2.0,
        "decoder_single_class_frac": 0.0,
        "decoder_domain_class_spans": [
          2,
          2,
          2
        ],
        "decoder_domain_counts": [
          2440,
          1680,
          1600
        ],
        "inloop_reg": 0.0,
        "inloop_dec": 0.0,
        "inloop_dec_loss": 0.0,
        "train_dec_margin": 0.02,
        "train_sampler": "classbal",
        "n_test": 3280,
        "ts_probe_balanced_acc": 0.515234375,
        "ts_coral_balanced_acc": 0.52734375,
        "ts_prior_balanced_acc": 0.515625,
        "ts_coral_prior_balanced_acc": 0.526953125,
        "ts_pmct_balanced_acc": 0.51796875,
        "ts_balanced_acc": 0.52734375,
        "probe_balanced_acc": 0.515234375
      },
      {
        "held_out": "ds003947",
        "balanced_acc": 0.5229166666666667,
        "macro_f1": 0.5205954664869539,
        "leakage_kl": 0.4529474079608917,
        "leakage_kl_rw": 0.4656371474266052,
        "leakage_advantage_rw": 0.33384146341463417,
        "marginal_leakage_kl": 0.48906397819519043,
        "marginal_leakage_kl_rw": 0.4756160080432892,
        "marginal_leakage_advantage": 0.3297764227642277,
        "marginal_leakage_advantage_rw": 0.3323170731707318,
        "decoder_cmi": 0.00010098516941070557,
        "decoder_cmi_rw": 0.003085300326347351,
        "decoder_cmi_res": 0.000827297568321228,
        "decoder_cmi_res_rw": 0.001209840178489685,
        "decoder_js_res": 0.000306120200548321,
        "decoder_js_res_rw": 0.00023295033315662295,
        "decoder_valid": true,
        "decoder_n_domains": 3,
        "decoder_min_domain_classes": 2,
        "decoder_mean_domain_classes": 2.0,
        "decoder_single_class_frac": 0.0,
        "decoder_domain_class_spans": [
          2,
          2,
          2
        ],
        "decoder_domain_counts": [
          3280,
          1680,
          1600
        ],
        "inloop_reg": 0.0,
        "inloop_dec": 0.0,
        "inloop_dec_loss": 0.0,
        "train_dec_margin": 0.02,
        "train_sampler": "classbal",
        "n_test": 2440,
        "ts_probe_balanced_acc": 0.5175000000000001,
        "ts_coral_balanced_acc": 0.5408333333333333,
        "ts_prior_balanced_acc": 0.5166666666666666,
        "ts_coral_prior_balanced_acc": 0.5475,
        "ts_pmct_balanced_acc": 0.5579166666666666,
        "ts_balanced_acc": 0.5408333333333333,
        "probe_balanced_acc": 0.5175000000000001
      },
      {
        "held_out": "ds004000",
        "balanced_acc": 0.4951388888888889,
        "macro_f1": 0.4787946678615436,
        "leakage_kl": 0.3383377194404602,
        "leakage_kl_rw": 0.3414064049720764,
        "leakage_advantage_rw": 0.21857923497267762,
        "marginal_leakage_kl": 0.353179007768631,
        "marginal_leakage_kl_rw": 0.35354140400886536,
        "marginal_leakage_advantage": 0.2199453551912569,
        "marginal_leakage_advantage_rw": 0.2295081967213115,
        "decoder_cmi": 0.002734363079071045,
        "decoder_cmi_rw": 0.00354611873626709,
        "decoder_cmi_res": 0.0018787384033203125,
        "decoder_cmi_res_rw": 0.0029746592044830322,
        "decoder_js_res": 0.0005412095342762768,
        "decoder_js_res_rw": 0.0005485037108883262,
        "decoder_valid": true,
        "decoder_n_domains": 3,
        "decoder_min_domain_classes": 2,
        "decoder_mean_domain_classes": 2.0,
        "decoder_single_class_frac": 0.0,
        "decoder_domain_class_spans": [
          2,
          2,
          2
        ],
        "decoder_domain_counts": [
          3280,
          2440,
          1600
        ],
        "inloop_reg": 0.0,
        "inloop_dec": 0.0,
        "inloop_dec_loss": 0.0,
        "train_dec_margin": 0.02,
        "train_sampler": "classbal",
        "n_test": 1680,
        "ts_probe_balanced_acc": 0.49930555555555556,