{
  "condition": "SCZ",
  "domain": "cohort",
  "dec_domain": "cohort",
  "cohorts": [
    "ds003944",
    "ds003947",
    "ds004000",
    "ds004367"
  ],
  "config": {
    "condition": "SCZ",
    "cohorts": null,
    "backbone": "EEGNet",
    "domain": "cohort",
    "dec_domain": "",
    "configs": [
      "erm:0"
    ],
    "epochs": 120,
    "bs": 64,
    "warmup": 30,
    "n_inner": 2,
    "device": "auto",
    "sampler": "classbal",
    "prior": "empirical",
    "beta": 0.0,
    "seed": 0,
    "balance": false,
    "label_correct": false,
    "reweight_dual": false,
    "transduct": "all",
    "transduct_shrink": 0.1,
    "transduct_gate": 0.0,
    "target_prior": 0.7,
    "dec_margin": null,
    "decoder_null_perms": 0,
    "decoder_null_quantile": 0.95,
    "out": "results/r7stress_dualpc2/r7st_SCZ_p0.7.json"
  },
  "summary": {
    "erm:0": {
      "per_target_balanced_acc_mean": 0.5011854249550062,
      "worst_target_balanced_acc": 0.4750426257459505,
      "leakage_kl": 0.42680709809064865,
      "leakage_kl_rw": 0.4317205250263214,
      "marginal_leakage_kl": 0.4434920698404312,
      "marginal_leakage_kl_rw": 0.43595079332590103,
      "marginal_leakage_advantage": 0.3060112242795642,
      "marginal_leakage_advantage_rw": 0.30398223370320854,
      "leakage_advantage_rw": 0.2973398133400913,
      "decoder_cmi": 0.002821795642375946,
      "decoder_cmi_rw": 0.004253357648849487,
      "decoder_cmi_res": 0.0027900859713554382,
      "decoder_cmi_res_rw": 0.002842579036951065,
      "decoder_js_res": 0.0005642726482619764,
      "decoder_js_res_rw": 0.000568993904380477,
      "decoder_valid_frac": 1.0,
      "decoder_min_domain_classes": 2,
      "decoder_single_class_frac": 0.0,
      "inloop_reg": 0.0,
      "inloop_dec": 0.0,
      "inloop_dec_loss": 0.0,
      "train_dec_margin": 0.02,
      "per_cohort": {
        "ds003944": 50.7,
        "ds003947": 53.4,
        "ds004000": 48.8,
        "ds004367": 47.5
      },
      "transduct_balanced_acc_mean": 0.532205430934451,
      "probe_balanced_acc_mean": 0.498333135375225,
      "ts_probe_balanced_acc_mean": 0.498333135375225,
      "ts_coral_balanced_acc_mean": 0.532205430934451,
      "ts_prior_balanced_acc_mean": 0.49538324689779295,
      "ts_coral_prior_balanced_acc_mean": 0.534907636816804,
      "ts_pmct_balanced_acc_mean": 0.541200477171545,
      "ts_balanced_acc_mean": 0.532205430934451,
      "decoder_valid_n": 4,
      "decoder_cmi_valid_mean": 0.002821795642375946,
      "decoder_cmi_rw_valid_mean": 0.004253357648849487,
      "decoder_cmi_res_valid_mean": 0.0027900859713554382,
      "decoder_cmi_res_rw_valid_mean": 0.002842579036951065,
      "decoder_js_res_valid_mean": 0.0005642726482619764,
      "decoder_js_res_rw_valid_mean": 0.000568993904380477,
      "decoder_cmi_res_null_q_valid_mean": null,
      "decoder_cmi_res_excess_valid_mean": null,
      "decoder_cmi_res_rw_null_q_valid_mean": null,
      "decoder_cmi_res_rw_excess_valid_mean": null,
      "decoder_js_res_null_q_valid_mean": null,
      "decoder_js_res_excess_valid_mean": null,
      "decoder_js_res_rw_null_q_valid_mean": null,
      "decoder_js_res_rw_excess_valid_mean": null
    }
  },
  "folds": {
    "erm:0": [
      {
        "held_out": "ds003944",
        "balanced_acc": 0.5072916666666667,
        "macro_f1": 0.4820346022874769,
        "leakage_kl": 0.4592096209526062,
        "leakage_kl_rw": 0.4552868604660034,
        "leakage_advantage_rw": 0.3476994758299359,
        "marginal_leakage_kl": 0.4638122320175171,
        "marginal_leakage_kl_rw": 0.45403173565864563,
        "marginal_leakage_advantage": 0.34711706464764125,
        "marginal_leakage_advantage_rw": 0.3511939429237041,
        "decoder_cmi": 0.0011539161205291748,
        "decoder_cmi_rw": 0.001222074031829834,
        "decoder_cmi_res": 0.0008560717105865479,
        "decoder_cmi_res_rw": 0.0009602755308151245,
        "decoder_js_res": 0.00012049944052705541,
        "decoder_js_res_rw": 0.00012077806604793295,
        "decoder_valid": true,
        "decoder_n_domains": 3,
        "decoder_min_domain_classes": 2,
        "decoder_mean_domain_classes": 2.0,
        "decoder_single_class_frac": 0.0,
        "decoder_domain_class_spans": [
          2,
          2,
          2
        ],
        "decoder_domain_counts": [
          2440,
          1680,
          1600
        ],
        "inloop_reg": 0.0,
        "inloop_dec": 0.0,
        "inloop_dec_loss": 0.0,
        "train_dec_margin": 0.02,
        "train_sampler": "classbal",
        "n_test": 3280,
        "ts_probe_balanced_acc": 0.5029947916666667,
        "ts_coral_balanced_acc": 0.4984375,
        "ts_prior_balanced_acc": 0.5010416666666667,
        "ts_coral_prior_balanced_acc": 0.5005208333333333,
        "ts_pmct_balanced_acc": 0.5020833333333333,
        "ts_balanced_acc": 0.4984375,
        "probe_balanced_acc": 0.5029947916666667
      },
      {
        "held_out": "ds003947",
        "balanced_acc": 0.5344444444444445,
        "macro_f1": 0.5131549163343838,
        "leakage_kl": 0.4766097366809845,
        "leakage_kl_rw": 0.4871377944946289,
        "leakage_advantage_rw": 0.33180894308943093,
        "marginal_leakage_kl": 0.5048505663871765,
        "marginal_leakage_kl_rw": 0.4900763928890228,
        "marginal_leakage_advantage": 0.33180894308943093,
        "marginal_leakage_advantage_rw": 0.32774390243902435,
        "decoder_cmi": 0.003548741340637207,
        "decoder_cmi_rw": 0.006300687789916992,
        "decoder_cmi_res": 0.005703926086425781,
        "decoder_cmi_res_rw": 0.0056948065757751465,
        "decoder_js_res": 0.00037527442327700555,
        "decoder_js_res_rw": 0.0003245323314331472,
        "decoder_valid": true,
        "decoder_n_domains": 3,
        "decoder_min_domain_classes": 2,
        "decoder_mean_domain_classes": 2.0,
        "decoder_single_class_frac": 0.0,
        "decoder_domain_class_spans": [
          2,
          2,
          2
        ],
        "decoder_domain_counts": [
          3280,
          1680,
          1600
        ],
        "inloop_reg": 0.0,
        "inloop_dec": 0.0,
        "inloop_dec_loss": 0.0,
        "train_dec_margin": 0.02,
        "train_sampler": "classbal",
        "n_test": 2440,
        "ts_probe_balanced_acc": 0.5323611111111112,
        "ts_coral_balanced_acc": 0.5563888888888888,
        "ts_prior_balanced_acc": 0.5173611111111112,
        "ts_coral_prior_balanced_acc": 0.5590277777777777,
        "ts_pmct_balanced_acc": 0.5634722222222222,
        "ts_balanced_acc": 0.5563888888888888,
        "probe_balanced_acc": 0.5323611111111112
      },
      {
        "held_out": "ds004000",
        "balanced_acc": 0.48796296296296293,
        "macro_f1": 0.4446808510638298,
        "leakage_kl": 0.3844628930091858,
        "leakage_kl_rw": 0.3905874788761139,
        "leakage_advantage_rw": 0.244535519125683,
        "marginal_leakage_kl": 0.3967632055282593,
        "marginal_leakage_kl_rw": 0.39435654878616333,
        "marginal_leakage_advantage": 0.2568306010928962,
        "marginal_leakage_advantage_rw": 0.25500910746812383,
        "decoder_cmi": 0.0007625818252563477,
        "decoder_cmi_rw": 0.000831305980682373,
        "decoder_cmi_res": 9.298324584960938e-06,
        "decoder_cmi_res_rw": 0.0004975795745849609,
        "decoder_js_res": 0.0006844309973530471,
        "decoder_js_res_rw": 0.0006539202877320349,
        "decoder_valid": true,
        "decoder_n_domains": 3,
        "decoder_min_domain_classes": 2,
        "decoder_mean_domain_classes": 2.0,
        "decoder_single_class_frac": 0.0,
        "decoder_domain_class_spans": [
          2,
          2,
          2
        ],
        "decoder_domain_counts": [
          3280,
          2440,
          1600
        ],
        "inloop_reg": 0.0,
        "inloop_dec": 0.0,
        "inloop_dec_loss": 0.0,
        "train_dec_margin": 0.02,
        "train_sampler": "classbal",
        "n_test": 1680,