{
  "dataset": "BNCI2015_001",
  "subject": "11",
  "seed": 1,
  "status": "ok",
  "rank": 8,
  "n_cal": 200,
  "n_query": 400,
  "cal_session": [
    "0A"
  ],
  "query_sessions": [
    "1B",
    "2C"
  ],
  "n_random": 10,
  "n_draws": 20,
  "informed": {
    "R0": 0.0,
    "RX": -0.0050000000000000044,
    "R1": 0.002125000000000002,
    "R2": 0.008250000000000007,
    "R4": 0.012500000000000011,
    "RF": 0.012500000000000011
  },
  "random_mean": {
    "R0": 0.0010000000000000009,
    "RX": 0.0005000000000000033,
    "R1": -0.0018624999999999991,
    "R2": 0.0014875000000000014,
    "R4": 0.0030250000000000047,
    "RF": 0.0025000000000000022
  },
  "specific": {
    "R0": -0.0010000000000000009,
    "RX": -0.0055000000000000075,
    "R1": 0.0039875000000000015,
    "R2": 0.006762500000000006,
    "R4": 0.009475000000000006,
    "RF": 0.010000000000000009
  },
  "head_only": {
    "R1": {
      "source_identity": 0.5024999999999998,
      "native": 0.5033749999999999,
      "selected": 0.5115000000000001
    },
    "R2": {
      "source_identity": 0.5024999999999998,
      "native": 0.5093750000000001,
      "selected": 0.5098750000000001
    },
    "R4": {
      "source_identity": 0.5024999999999998,
      "native": 0.523875,
      "selected": 0.536875
    },
    "RF": {
      "source_identity": 0.5025,
      "native": 0.5925,
      "selected": 0.615
    }
  },
  "oracle": {
    "delta": -0.003571428571428575,
    "random": -0.001785714285714319,
    "rank": 8
  },
  "firewall": {
    "source_only_construction": true,
    "Ycal_used_for_selection": true,
    "Yquery_used_for_selection": false,
    "Xquery_used_for_selection": false,
    "Yquery_used_for_outcome": true
  }
}