{
  "dataset": "BNCI2014_001",
  "subject": "9",
  "seed": 0,
  "status": "ok",
  "rank": 8,
  "n_cal": 288,
  "n_query": 288,
  "cal_session": [
    "0train"
  ],
  "query_sessions": [
    "1test"
  ],
  "n_random": 10,
  "n_draws": 20,
  "informed": {
    "R0": -0.013888888888888895,
    "RX": 0.00347222222222221,
    "R1": 0.001736111111111091,
    "R2": 0.0010416666666666463,
    "R4": 0.01128472222222221,
    "RF": 0.04513888888888884
  },
  "random_mean": {
    "R0": -0.011805555555555559,
    "RX": -0.000694444444444453,
    "R1": -0.015295138888888898,
    "R2": -0.014809027777777794,
    "R4": -0.0036284722222222356,
    "RF": 0.015624999999999967
  },
  "specific": {
    "R0": -0.0020833333333333363,
    "RX": 0.004166666666666663,
    "R1": 0.01703124999999999,
    "R2": 0.01585069444444444,
    "R4": 0.014913194444444446,
    "RF": 0.029513888888888874
  },
  "head_only": {
    "R1": {
      "source_identity": 0.49652777777777796,
      "native": 0.37743055555555555,
      "selected": 0.36597222222222225
    },
    "R2": {
      "source_identity": 0.49652777777777796,
      "native": 0.41493055555555564,
      "selected": 0.4078125000000001
    },
    "R4": {
      "source_identity": 0.49652777777777796,
      "native": 0.5045138888888889,
      "selected": 0.5071180555555554
    },
    "RF": {
      "source_identity": 0.4965277777777778,
      "native": 0.6770833333333334,
      "selected": 0.6770833333333334
    }
  },
  "oracle": {
    "delta": 0.016865079365079336,
    "random": -0.0112103174603175,
    "rank": 8
  },
  "firewall": {
    "source_only_construction": true,
    "Ycal_used_for_selection": true,
    "Yquery_used_for_selection": false,
    "Xquery_used_for_selection": false,
    "Yquery_used_for_outcome": true
  }
}