{
  "dataset": "BNCI2014_001",
  "subject": "9",
  "seed": 2,
  "status": "ok",
  "rank": 8,
  "n_cal": 288,
  "n_query": 288,
  "cal_session": [
    "0train"
  ],
  "query_sessions": [
    "1test"
  ],
  "n_random": 10,
  "n_draws": 20,
  "informed": {
    "R0": 0.0,
    "RX": 0.00694444444444442,
    "R1": -0.01822916666666673,
    "R2": -0.02222222222222229,
    "R4": -0.01996527777777785,
    "RF": -0.01041666666666674
  },
  "random_mean": {
    "R0": 0.0006944444444444309,
    "RX": -0.04270833333333339,
    "R1": -0.028472222222222277,
    "R2": -0.027430555555555604,
    "R4": -0.012968750000000057,
    "RF": -0.0024305555555556137
  },
  "specific": {
    "R0": -0.0006944444444444309,
    "RX": 0.04965277777777781,
    "R1": 0.010243055555555547,
    "R2": 0.005208333333333315,
    "R4": -0.0069965277777777925,
    "RF": -0.007986111111111128
  },
  "head_only": {
    "R1": {
      "source_identity": 0.548611111111111,
      "native": 0.3758680555555555,
      "selected": 0.36996527777777777
    },
    "R2": {
      "source_identity": 0.548611111111111,
      "native": 0.421875,
      "selected": 0.42256944444444444
    },
    "R4": {
      "source_identity": 0.548611111111111,
      "native": 0.49861111111111106,
      "selected": 0.48368055555555556
    },
    "RF": {
      "source_identity": 0.5486111111111112,
      "native": 0.6354166666666666,
      "selected": 0.611111111111111
    }
  },
  "oracle": {
    "delta": -0.01190476190476191,
    "random": -0.006845238095238134,
    "rank": 8
  },
  "firewall": {
    "source_only_construction": true,
    "Ycal_used_for_selection": true,
    "Yquery_used_for_selection": false,
    "Xquery_used_for_selection": false,
    "Yquery_used_for_outcome": true
  }
}