{
  "dataset": "BNCI2015_001",
  "subject": "11",
  "seed": 0,
  "status": "ok",
  "rank": 8,
  "n_cal": 200,
  "n_query": 400,
  "cal_session": [
    "0A"
  ],
  "query_sessions": [
    "1B",
    "2C"
  ],
  "n_random": 10,
  "n_draws": 20,
  "informed": {
    "R0": 0.0025000000000000022,
    "RX": 0.0025000000000000022,
    "R1": 0.013750000000000012,
    "R2": 0.012750000000000011,
    "R4": 0.014375000000000013,
    "RF": 0.025000000000000022
  },
  "random_mean": {
    "R0": 0.0002500000000000002,
    "RX": -0.0004999999999999949,
    "R1": 0.001725000000000005,
    "R2": 0.003125000000000007,
    "R4": 0.003937500000000009,
    "RF": 0.013250000000000015
  },
  "specific": {
    "R0": 0.002250000000000002,
    "RX": 0.002999999999999997,
    "R1": 0.012025000000000008,
    "R2": 0.009625000000000005,
    "R4": 0.010437500000000004,
    "RF": 0.011750000000000007
  },
  "head_only": {
    "R1": {
      "source_identity": 0.49499999999999983,
      "native": 0.48749999999999993,
      "selected": 0.5118750000000001
    },
    "R2": {
      "source_identity": 0.49499999999999983,
      "native": 0.5138749999999999,
      "selected": 0.520875
    },
    "R4": {
      "source_identity": 0.49499999999999983,
      "native": 0.522625,
      "selected": 0.5238750000000001
    },
    "RF": {
      "source_identity": 0.495,
      "native": 0.6575,
      "selected": 0.6299999999999999
    }
  },
  "oracle": {
    "delta": 0.003571428571428575,
    "random": 0.008142857142857134,
    "rank": 8
  },
  "firewall": {
    "source_only_construction": true,
    "Ycal_used_for_selection": true,
    "Yquery_used_for_selection": false,
    "Xquery_used_for_selection": false,
    "Yquery_used_for_outcome": true
  }
}