{
  "dataset": "BNCI2014_001",
  "subject": "4",
  "seed": 2,
  "status": "ok",
  "rank": 8,
  "n_cal": 288,
  "n_query": 288,
  "cal_session": [
    "0train"
  ],
  "query_sessions": [
    "1test"
  ],
  "n_random": 10,
  "n_draws": 20,
  "informed": {
    "R0": -0.027777777777777735,
    "RX": -0.01736111111111105,
    "R1": -0.047222222222222186,
    "R2": -0.05885416666666664,
    "R4": -0.06701388888888886,
    "RF": -0.0763888888888889
  },
  "random_mean": {
    "R0": 0.0,
    "RX": -0.049999999999999975,
    "R1": -0.02706597222222219,
    "R2": -0.02640624999999997,
    "R4": -0.024392361111111083,
    "RF": -0.009722222222222188
  },
  "specific": {
    "R0": -0.027777777777777735,
    "RX": 0.032638888888888926,
    "R1": -0.020156249999999997,
    "R2": -0.03244791666666667,
    "R4": -0.04262152777777778,
    "RF": -0.06666666666666671
  },
  "head_only": {
    "R1": {
      "source_identity": 0.36805555555555547,
      "native": 0.2772569444444445,
      "selected": 0.2826388888888889
    },
    "R2": {
      "source_identity": 0.36805555555555547,
      "native": 0.27899305555555554,
      "selected": 0.2822916666666666
    },
    "R4": {
      "source_identity": 0.36805555555555547,
      "native": 0.30486111111111114,
      "selected": 0.30590277777777775
    },
    "RF": {
      "source_identity": 0.3680555555555555,
      "native": 0.45486111111111116,
      "selected": 0.4409722222222222
    }
  },
  "oracle": {
    "delta": -0.03174603174603175,
    "random": -0.03501984126984127,
    "rank": 8
  },
  "firewall": {
    "source_only_construction": true,
    "Ycal_used_for_selection": true,
    "Yquery_used_for_selection": false,
    "Xquery_used_for_selection": false,
    "Yquery_used_for_outcome": true
  }
}