{
  "dataset": "BNCI2015_001",
  "subject": "5",
  "seed": 1,
  "status": "ok",
  "rank": 8,
  "n_cal": 200,
  "n_query": 200,
  "cal_session": [
    "0A"
  ],
  "query_sessions": [
    "1B"
  ],
  "n_random": 10,
  "n_draws": 20,
  "informed": {
    "R0": -0.0050000000000001155,
    "RX": -0.04500000000000004,
    "R1": -0.05125000000000005,
    "R2": -0.03425000000000004,
    "R4": -0.034250000000000023,
    "RF": -0.010000000000000009
  },
  "random_mean": {
    "R0": -1.1102230246251566e-17,
    "RX": -0.04300000000000004,
    "R1": -0.02467500000000004,
    "R2": -0.025350000000000046,
    "R4": -0.013700000000000042,
    "RF": 0.008499999999999962
  },
  "specific": {
    "R0": -0.005000000000000104,
    "RX": -0.0020000000000000018,
    "R1": -0.026575000000000012,
    "R2": -0.008899999999999991,
    "R4": -0.02054999999999998,
    "RF": -0.01849999999999997
  },
  "head_only": {
    "R1": {
      "source_identity": 0.8000000000000002,
      "native": 0.5137499999999999,
      "selected": 0.5439999999999998
    },
    "R2": {
      "source_identity": 0.8000000000000002,
      "native": 0.5775,
      "selected": 0.59125
    },
    "R4": {
      "source_identity": 0.8000000000000002,
      "native": 0.62175,
      "selected": 0.6285000000000001
    },
    "RF": {
      "source_identity": 0.8,
      "native": 0.8049999999999999,
      "selected": 0.8
    }
  },
  "oracle": {
    "delta": -0.024285714285714292,
    "random": -0.023571428571428577,
    "rank": 8
  },
  "firewall": {
    "source_only_construction": true,
    "Ycal_used_for_selection": true,
    "Yquery_used_for_selection": false,
    "Xquery_used_for_selection": false,
    "Yquery_used_for_outcome": true
  }
}