{
  "dataset": "BNCI2015_001",
  "subject": "10",
  "seed": 0,
  "status": "ok",
  "rank": 8,
  "n_cal": 200,
  "n_query": 400,
  "cal_session": [
    "0A"
  ],
  "query_sessions": [
    "1B",
    "2C"
  ],
  "n_random": 10,
  "n_draws": 20,
  "informed": {
    "R0": -0.0025000000000000022,
    "RX": -0.04750000000000004,
    "R1": -0.01587500000000001,
    "R2": -0.022625000000000024,
    "R4": -0.023125000000000014,
    "RF": -0.015000000000000013
  },
  "random_mean": {
    "R0": 0.0050000000000000044,
    "RX": -0.007500000000000023,
    "R1": -0.0033125000000000086,
    "R2": -0.00852500000000001,
    "R4": -0.0018625000000000124,
    "RF": 0.0012499999999999844
  },
  "specific": {
    "R0": -0.007500000000000007,
    "RX": -0.04000000000000002,
    "R1": -0.012562500000000002,
    "R2": -0.014100000000000014,
    "R4": -0.0212625,
    "RF": -0.016249999999999997
  },
  "head_only": {
    "R1": {
      "source_identity": 0.5800000000000001,
      "native": 0.5077499999999999,
      "selected": 0.4995
    },
    "R2": {
      "source_identity": 0.5800000000000001,
      "native": 0.5078750000000001,
      "selected": 0.51075
    },
    "R4": {
      "source_identity": 0.5800000000000001,
      "native": 0.5385,
      "selected": 0.53475
    },
    "RF": {
      "source_identity": 0.5800000000000001,
      "native": 0.605,
      "selected": 0.5825
    }
  },
  "oracle": {
    "delta": 0.0142857142857143,
    "random": -0.009500000000000017,
    "rank": 8
  },
  "firewall": {
    "source_only_construction": true,
    "Ycal_used_for_selection": true,
    "Yquery_used_for_selection": false,
    "Xquery_used_for_selection": false,
    "Yquery_used_for_outcome": true
  }
}