{
  "dataset": "BNCI2014_001",
  "subject": "6",
  "seed": 1,
  "status": "ok",
  "rank": 8,
  "n_cal": 288,
  "n_query": 288,
  "cal_session": [
    "0train"
  ],
  "query_sessions": [
    "1test"
  ],
  "n_random": 10,
  "n_draws": 20,
  "informed": {
    "R0": 0.0,
    "RX": 0.03125,
    "R1": 0.015451388888888926,
    "R2": 0.010069444444444475,
    "R4": 0.014236111111111158,
    "RF": 0.01388888888888895
  },
  "random_mean": {
    "R0": -0.000347222222222221,
    "RX": 0.02395833333333333,
    "R1": 0.02079861111111112,
    "R2": 0.019791666666666676,
    "R4": 0.021944444444444447,
    "RF": 0.030902777777777786
  },
  "specific": {
    "R0": 0.000347222222222221,
    "RX": 0.0072916666666666685,
    "R1": -0.0053472222222221925,
    "R2": -0.009722222222222202,
    "R4": -0.007708333333333289,
    "RF": -0.017013888888888835
  },
  "head_only": {
    "R1": {
      "source_identity": 0.2847222222222222,
      "native": 0.26371527777777776,
      "selected": 0.2555555555555556
    },
    "R2": {
      "source_identity": 0.2847222222222222,
      "native": 0.2637152777777778,
      "selected": 0.2607638888888889
    },
    "R4": {
      "source_identity": 0.2847222222222222,
      "native": 0.27222222222222225,
      "selected": 0.2744791666666666
    },
    "RF": {
      "source_identity": 0.2847222222222222,
      "native": 0.3819444444444445,
      "selected": 0.3611111111111111
    }
  },
  "oracle": {
    "delta": 0.0029761904761904656,
    "random": 0.013095238095238096,
    "rank": 8
  },
  "firewall": {
    "source_only_construction": true,
    "Ycal_used_for_selection": true,
    "Yquery_used_for_selection": false,
    "Xquery_used_for_selection": false,
    "Yquery_used_for_outcome": true
  }
}