{
  "dataset": "BNCI2014_001",
  "subject": "5",
  "seed": 1,
  "status": "ok",
  "rank": 8,
  "n_cal": 288,
  "n_query": 288,
  "cal_session": [
    "0train"
  ],
  "query_sessions": [
    "1test"
  ],
  "n_random": 10,
  "n_draws": 20,
  "informed": {
    "R0": 0.0034722222222222654,
    "RX": 0.013888888888888895,
    "R1": 0.0036458333333333577,
    "R2": 0.007291666666666694,
    "R4": 0.006250000000000025,
    "RF": 0.0
  },
  "random_mean": {
    "R0": 0.003819444444444453,
    "RX": 0.02708333333333333,
    "R1": 0.027204861111111124,
    "R2": 0.029253472222222236,
    "R4": 0.03144097222222224,
    "RF": 0.02881944444444446
  },
  "specific": {
    "R0": -0.0003472222222221876,
    "RX": -0.013194444444444436,
    "R1": -0.023559027777777766,
    "R2": -0.021961805555555543,
    "R4": -0.025190972222222212,
    "RF": -0.02881944444444446
  },
  "head_only": {
    "R1": {
      "source_identity": 0.27083333333333326,
      "native": 0.2567708333333333,
      "selected": 0.2640625
    },
    "R2": {
      "source_identity": 0.27083333333333326,
      "native": 0.2670138888888889,
      "selected": 0.2652777777777778
    },
    "R4": {
      "source_identity": 0.27083333333333326,
      "native": 0.2725694444444444,
      "selected": 0.2697916666666666
    },
    "RF": {
      "source_identity": 0.2708333333333333,
      "native": 0.3263888888888889,
      "selected": 0.3055555555555556
    }
  },
  "oracle": {
    "delta": 0.012896825396825382,
    "random": -0.0008928571428571476,
    "rank": 8
  },
  "firewall": {
    "source_only_construction": true,
    "Ycal_used_for_selection": true,
    "Yquery_used_for_selection": false,
    "Xquery_used_for_selection": false,
    "Yquery_used_for_outcome": true
  }
}