{
  "dataset": "BNCI2014_001",
  "subject": "1",
  "seed": 1,
  "status": "ok",
  "rank": 8,
  "n_cal": 288,
  "n_query": 288,
  "cal_session": [
    "0train"
  ],
  "query_sessions": [
    "1test"
  ],
  "n_random": 10,
  "n_draws": 20,
  "informed": {
    "R0": 0.00694444444444442,
    "RX": -0.02777777777777779,
    "R1": -0.015277777777777743,
    "R2": 0.0019097222222222738,
    "R4": 0.023784722222222283,
    "RF": 0.04513888888888895
  },
  "random_mean": {
    "R0": 0.0,
    "RX": -0.004166666666666652,
    "R1": -0.0004340277777777601,
    "R2": 0.0038368055555555855,
    "R4": 0.010208333333333364,
    "RF": 0.006944444444444464
  },
  "specific": {
    "R0": 0.00694444444444442,
    "RX": -0.023611111111111138,
    "R1": -0.014843749999999982,
    "R2": -0.0019270833333333117,
    "R4": 0.013576388888888919,
    "RF": 0.03819444444444449
  },
  "head_only": {
    "R1": {
      "source_identity": 0.6006944444444444,
      "native": 0.38107638888888895,
      "selected": 0.38472222222222224
    },
    "R2": {
      "source_identity": 0.6006944444444444,
      "native": 0.4552083333333333,
      "selected": 0.45694444444444454
    },
    "R4": {
      "source_identity": 0.6006944444444444,
      "native": 0.515451388888889,
      "selected": 0.5166666666666667
    },
    "RF": {
      "source_identity": 0.6006944444444444,
      "native": 0.7465277777777778,
      "selected": 0.7291666666666665
    }
  },
  "oracle": {
    "delta": 0.04365079365079368,
    "random": -0.05158730158730155,
    "rank": 8
  },
  "firewall": {
    "source_only_construction": true,
    "Ycal_used_for_selection": true,
    "Yquery_used_for_selection": false,
    "Xquery_used_for_selection": false,
    "Yquery_used_for_outcome": true
  }
}