{
  "dataset": "BNCI2014_001",
  "subject": "7",
  "seed": 1,
  "status": "ok",
  "rank": 8,
  "n_cal": 288,
  "n_query": 288,
  "cal_session": [
    "0train"
  ],
  "query_sessions": [
    "1test"
  ],
  "n_random": 10,
  "n_draws": 20,
  "informed": {
    "R0": -0.00694444444444442,
    "RX": -0.04513888888888884,
    "R1": 0.0008680555555555663,
    "R2": -0.004166666666666677,
    "R4": 0.017013888888888887,
    "RF": -0.041666666666666685
  },
  "random_mean": {
    "R0": 0.00034722222222221546,
    "RX": -0.012847222222222227,
    "R1": 0.0032465277777777787,
    "R2": -0.0011284722222222208,
    "R4": 0.007256944444444448,
    "RF": 0.018055555555555554
  },
  "specific": {
    "R0": -0.0072916666666666356,
    "RX": -0.032291666666666614,
    "R1": -0.0023784722222222124,
    "R2": -0.003038194444444456,
    "R4": 0.00975694444444444,
    "RF": -0.05972222222222224
  },
  "head_only": {
    "R1": {
      "source_identity": 0.34375,
      "native": 0.3012152777777778,
      "selected": 0.30746527777777777
    },
    "R2": {
      "source_identity": 0.34375,
      "native": 0.3135416666666667,
      "selected": 0.31562500000000004
    },
    "R4": {
      "source_identity": 0.34375,
      "native": 0.35520833333333335,
      "selected": 0.3550347222222222
    },
    "RF": {
      "source_identity": 0.34375,
      "native": 0.53125,
      "selected": 0.5347222222222222
    }
  },
  "oracle": {
    "delta": 0.024801587301587293,
    "random": -0.013194444444444469,
    "rank": 8
  },
  "firewall": {
    "source_only_construction": true,
    "Ycal_used_for_selection": true,
    "Yquery_used_for_selection": false,
    "Xquery_used_for_selection": false,
    "Yquery_used_for_outcome": true
  }
}