{
  "dataset": "BNCI2014_001",
  "subject": "3",
  "seed": 2,
  "status": "ok",
  "rank": 8,
  "n_cal": 288,
  "n_query": 288,
  "cal_session": [
    "0train"
  ],
  "query_sessions": [
    "1test"
  ],
  "n_random": 10,
  "n_draws": 20,
  "informed": {
    "R0": 0.0,
    "RX": 0.01041666666666663,
    "R1": 0.0003472222222222321,
    "R2": 0.003993055555555555,
    "R4": 0.010416666666666675,
    "RF": 0.02777777777777779
  },
  "random_mean": {
    "R0": 0.0,
    "RX": -0.033333333333333305,
    "R1": 0.0009548611111111386,
    "R2": 0.011927083333333354,
    "R4": 0.01940972222222224,
    "RF": 0.03402777777777778
  },
  "specific": {
    "R0": 0.0,
    "RX": 0.043749999999999935,
    "R1": -0.0006076388888889065,
    "R2": -0.007934027777777799,
    "R4": -0.008993055555555567,
    "RF": -0.006249999999999992
  },
  "head_only": {
    "R1": {
      "source_identity": 0.5069444444444444,
      "native": 0.36354166666666665,
      "selected": 0.35677083333333337
    },
    "R2": {
      "source_identity": 0.5069444444444444,
      "native": 0.41649305555555555,
      "selected": 0.4175347222222222
    },
    "R4": {
      "source_identity": 0.5069444444444444,
      "native": 0.4725694444444445,
      "selected": 0.4833333333333334
    },
    "RF": {
      "source_identity": 0.5069444444444444,
      "native": 0.7152777777777778,
      "selected": 0.6805555555555556
    }
  },
  "oracle": {
    "delta": 0.004960317460317427,
    "random": -0.07013888888888889,
    "rank": 8
  },
  "firewall": {
    "source_only_construction": true,
    "Ycal_used_for_selection": true,
    "Yquery_used_for_selection": false,
    "Xquery_used_for_selection": false,
    "Yquery_used_for_outcome": true
  }
}