level,rows,finite,ERM_R_src,tau,OACI_risk_feasible_count,OACI_count,lambda_min,lambda_max,train_surrogate_min,train_surrogate_max,passed
0,41,1,0.6531374176517972,0.6831374176517973,23,40,0.0,20.0,-0.6508455791899903,1.7917559855527971,1
1,41,1,0.7624890290455082,0.7924890290455082,23,40,0.0,20.0,-49.69423320291416,1.7433980102502633,1
