quantity,mean_delta_OACI_minus_ERM
entropy,0.08029040745153537
margin,-0.06088852459921822
logit_norm,-0.41710466416280917
mean_conf,-0.04306318691345474
