target,temp,level,source_nll_improvement,target_nll_improvement,memorization_index,flag
1,0.1,0,1.1255793739030668,-1.170057517543191,2.295636891446258,True
1,0.3,0,1.0504225450212745,-1.1667644194975362,2.2171869645188105,True
3,0.1,0,0.9216777817419564,-0.1280649735383197,1.049742755280276,True
3,0.3,0,0.9978615441209739,-0.27902781066941107,1.276889354790385,True
5,0.1,0,1.3085689643483354,-1.9241205876496985,3.2326895519980337,True
5,0.3,0,1.0134454275394533,-0.7054395200445973,1.7188849475840506,True
