seed,level,target_oracle_dbacc,target_oracle_dnll,source_oracle_dbacc,source_oracle_dnll
0,0,0.019097222222222265,-0.46355574777746344,-0.01041666666666663,0.3604193656333523
0,1,0.0034722222222222654,0.28452925423271624,-0.013888888888888895,0.1260623129923748
1,0,0.031250000000000056,-0.1319891423292674,0.03125,-0.01820454240543734
1,1,0.036458333333333315,0.1841726948345772,-0.05902777777777779,0.03471885889837267
2,0,0.029513888888888895,-0.4233978593050922,-0.017361111111111105,0.19976982141032407
2,1,0.013888888888888895,-0.4442891687164403,0.001736111111111105,-0.32478515585302326
