class,n,mean_recall_delta
0,54,0.026620370370370367
1,54,-0.037808641975308616
2,54,0.03343621399176953
3,54,-0.03189300411522634
