target,n,mean_d_bacc,mean_d_nll
1,6,-0.009548611111111086,-0.12957420370398087
2,6,-0.00347222222222221,0.14659723839060382
3,6,-0.03530092592592593,0.05123315771315595
4,6,0.033275462962962965,-0.49586444521805983
5,6,-0.008101851851851824,-0.002707193312398141
6,6,0.00405092592592593,-0.1366111692076358
7,6,-0.012442129629629636,0.034486656084758836
8,6,-0.016493055555555542,-0.029398878731214644
9,6,0.026331018518518528,-0.10318249040958301
