true,pred,mean_confusion_delta
0,3,-0.04565329218106996
0,2,0.04282407407407408
3,2,0.04205246913580246
1,0,0.03266460905349793
1,2,0.027520576131687235
2,3,-0.024305555555555556
0,1,-0.023791152263374492
1,3,-0.022376543209876556
2,1,-0.02006172839506172
3,1,-0.018004115226337457
2,0,0.010931069958847732
3,0,0.007844650205761318
