seed,level,target_oracle_bacc_dnll,target_oracle_joint_dnll
0,0,-0.46355574777746344,-0.6071685825597162
0,1,0.28452925423271624,0.0
1,0,-0.1319891423292674,-0.22808712522028074
1,1,0.1841726948345772,-0.04897129897963182
2,0,-0.4233978593050922,-0.45733344312012214
2,1,-0.4442891687164403,-0.4442891687164403
