row,budget_h,target_kappa_mean,target_kappa_ci95_low,target_kappa_ci95_high,target_bacc_mean,target_bacc_ci95_low,target_bacc_ci95_high,delta_kappa_vs_random,l1_subject_bacc,task_gate,l5_subject_minus_variance_null_kappa
Random,,0.028536834853766978,0.008097861964618596,0.04854326666047394,0.13714439076757917,0.11889425657541601,0.15499194847020933,,0.7806124348473568,reference,
200h,200,0.04225368680651055,0.02635812570805394,0.05891385218585693,0.14888620504562533,0.13493022007514763,0.16358024691358025,0.013716851952743574,0.9790860014892033,2/2 PASS,-0.0026368385602706292
500h,500,0.07235083341954623,0.05519742871628585,0.09111634386564423,0.1747181964573269,0.15982286634460546,0.19135802469135801,0.04381399856577926,0.9925632911392405,2/2 PASS,-0.01659427172115027
1000h,1000,0.06732629505148871,0.04566974218156284,0.08934206916969584,0.17028985507246375,0.15150295222758992,0.1894139157273215,0.03878946019772173,0.9885470960536114,2/2 PASS,-0.007709643781326325
2000h,2000,0.07037784561507296,0.05316241980211172,0.0889583405002278,0.17297369833601717,0.15801127214170693,0.18934514224369298,0.04184101076130598,0.9914836187639613,2/2 PASS,-0.008898060440504962
Released,,0.07547169811320756,0.05365786892436913,0.0990503295619452,0.17632850241545894,0.15646470746108423,0.1977992485238862,0.04693486325944058,0.9762937453462397,reference,
