tag,budget_h,seed,task_gate_pass,l4_l5_l6_status,l5_subject_removal_delta_kappa,l5_subject_removal_delta_bacc,l5_null_delta_kappa_mean,l5_null_delta_kappa_sd,l5_null_delta_bacc_mean,l5_null_delta_bacc_sd,l5_subject_removal_kappa_z,l5_subject_removal_bacc_z,l5_removed_variance_frac
random,,,,REFERENCE,0.0003766607879064354,0.0012077294685990392,0.0006666113849254706,0.005692630472254849,0.0008373590982286541,0.004949167074513067,-0.050934369883632376,0.07483487422415425,0.1498536765575409
released,,,True,REFERENCE,0.010247044697473395,0.008722490606548616,0.00631619810423828,0.007989341467808638,0.00497584541062803,0.007088996928679226,0.49201127740782535,0.52851548746589,0.39635491371154785
H1000_s0,1000.0,0,True,PASS,-0.0009558748864512134,-0.0008051529790660261,-0.0011922711862201929,0.004176221629372208,-0.0013365539452496239,0.003760251184700365,0.05660529161121752,0.1413205657710275,0.2254781275987625
H1000_s1,1000.0,1,True,PASS,0.0009141920166990669,0.0008051529790660261,-0.00021282346663434204,0.004877138077167154,-9.125067096081796e-05,0.004342806722111711,0.23108126823974567,0.2064110841156383,0.2745370864868164
