tag,budget_h,seed,task_gate_pass,l4_l5_l6_status,l6_target_kappa_base,l6_target_kappa_subject_removed,l6_target_bacc_base,l6_target_bacc_subject_removed,l6_target_weighted_f1_base,l6_target_weighted_f1_subject_removed
random,,,,REFERENCE,0.0285368348537669,0.028160174065860466,0.13714439076757917,0.13593666129898013,0.13858800894997034,0.13642423412946136
released,,,True,REFERENCE,0.07547169811320742,0.06522465341573402,0.17632850241545894,0.16760601180891033,0.17400056410347212,0.16568089427718602
H1000_s0,1000.0,0,True,PASS,0.06453973364554366,0.06549560853199488,0.1668008588298443,0.16760601180891033,0.16550973268802785,0.16657258791611454
H1000_s1,1000.0,1,True,PASS,0.0701128564574337,0.06919866444073464,0.1737788513150832,0.17297369833601717,0.16958189477605892,0.168717438149926
