scope,tag,budget_h,seed,source_val_kappa,task_gate_threshold,task_gate_pass,l1_subject_bacc,l4_task_head_subject_energy,l5_subject_delta_kappa,l5_null_delta_kappa,l5_subject_minus_null_kappa,l5_subject_minus_null_ci95_low,l5_subject_minus_null_ci95_high,l5_subject_intervention_exceeds_null,l6_target_kappa_consequence
checkpoint,H200_s0,200,0,0.06650917243208054,0.056362325458434434,True,0.9785740878629933,0.0075612732064136955,-0.0022197953788774052,-0.0018607079982413837,-0.0003590873806360215,-0.009522113772583864,0.007979648153431976,False,-0.0022197953788774052
checkpoint,H200_s1,200,1,0.07330673460558568,0.056362325458434434,True,0.9795979151154134,0.004024072186715548,-0.0026753749463816895,0.002239214793523547,-0.0049145897399052365,-0.0159428789702126,0.005985471137094766,False,-0.0026753749463816895
checkpoint,H500_s0,500,0,0.08920120120120134,0.056362325458434434,True,0.9926842889054356,0.0012046796662882843,-0.0014471912269261172,0.020398004012481343,-0.02184519523940746,-0.034495179810727715,-0.010047927047397274,False,-0.0014471912269261172
checkpoint,H500_s1,500,1,0.08115000601467581,0.056362325458434434,True,0.9924422933730453,0.003271921594973162,-0.002590284919764957,0.008753063283128122,-0.011343348202893079,-0.02206621815824576,-0.0008087020551087601,False,-0.002590284919764957
checkpoint,H1000_s0,1000,0,0.08735069794214989,0.056362325458434434,True,0.9879839910647803,0.0006715881741580337,-0.00037034581911546405,0.004221232025206633,-0.004591577844322097,-0.014847277506164035,0.005588738643819861,False,-0.00037034581911546405
checkpoint,H1000_s1,1000,1,0.0889487870619946,0.056362325458434434,True,0.9891102010424424,0.0006534784842403331,0.0014984991953302246,0.012326208913660779,-0.010827709718330554,-0.023052647864856914,0.0011006458302892956,False,0.0014984991953302246
