tag,checkpoint,budget_h,seed,fine_tuning_used,codebrain_used,h2000_included,target_labels_used_for_selection,task_gate_pass,l4_l5_l6_status,selected_pca_dim,selected_C,selection_metric,source_val_kappa,source_val_weighted_f1,source_val_macro_f1,source_val_bacc,source_val_nll,target_kappa,target_weighted_f1,target_macro_f1,target_bacc,target_nll
random,random,,,False,False,False,False,,REFERENCE,64,0.01,source_val_cohen_kappa_then_bacc,0.03636232545843443,0.1451630651246124,0.14408293916896475,0.14459876543209876,2.204509254006803,0.0285368348537669,0.13858800894997034,0.1373370998103154,0.13714439076757917,2.2160779833786908
released,/home/infres/yinwang/eeg2025/NIPS/Cbramod_pretrained_weights.pth,,,False,False,False,False,True,REFERENCE,128,1.0,source_val_cohen_kappa_then_bacc,0.0853544215561377,0.18459111261956623,0.18200866821806988,0.18564814814814812,2.2183171031902287,0.07547169811320742,0.17400056410347212,0.17085109815995947,0.17632850241545894,2.240715479645091
H1000_s0,/home/infres/yinwang/CMI_AAAI_s2p_b1_launch/results/s2p_route_b_33ch_b1/H1000_s0/best.pth,1000.0,0,False,False,False,False,True,PASS,128,10.0,source_val_cohen_kappa_then_bacc,0.08735069794214989,0.18815469292147055,0.18603370949555295,0.18780864197530864,2.249144012444757,0.06453973364554366,0.16550973268802785,0.16239289206424362,0.1668008588298443,2.3073829277676148
H1000_s1,/home/infres/yinwang/CMI_AAAI_s2p_b1_launch/results/s2p_route_b_33ch_b1/H1000_s1/best.pth,1000.0,1,False,False,False,False,True,PASS,128,0.01,source_val_cohen_kappa_then_bacc,0.0889487870619946,0.18376869607698235,0.18023902676717207,0.18765432098765433,2.18969474010982,0.0701128564574337,0.16958189477605892,0.1683277842307567,0.1737788513150832,2.232629107931993
