path,C75_expected,C76_replayed,absolute_error,passed,C75_global_max_stat_p
strict_source,0.026768950189218054,0.026768950189218054,0.0,1,0.004
target_unlabeled,0.05775235137883344,0.05775235137883344,0.0,1,0.002
