path,new_block,prior_blocks,full_blocks,outcome,prior_dimension,new_block_dimension,full_dimension,prior_R2,full_R2,incremental_R2,bootstrap_ci_low,bootstrap_ci_high,median_increment_residual_rho,positive_target_count,outer_crossfit,inner_alpha_grid,target_labels_in_new_block,nested_null_p95,observed_above_null_p95,uncorrected_p,max_stat_corrected_p
P_F2_strict_architecture,F2,F0+F1,F0+F1+F2,continuous_joint_utility,34,25,59,-0.038868703038408725,-0.022677352624816294,0.01619135041359243,-0.0558542140623676,0.09331645531926425,0.29739130434782607,5,leave_one_target_out,"[0.01, 0.1, 1.0, 10.0, 100.0]",0,0.04400854303717955,0,0.408,1.0
P_F4_target_architecture,F4,F0+F1+F3,F0+F1+F3+F4,continuous_joint_utility,52,35,87,0.21021903266753716,0.0018756756862094992,-0.20834335698132767,-0.44490740162258874,-0.02791079139578612,0.04521739130434782,5,leave_one_target_out,"[0.01, 0.1, 1.0, 10.0, 100.0]",0,-0.12605585686508758,0,0.752,1.0
P_F5_construction_positive,F5,F0+F1+F3+F4,F0+F1+F3+F4+F5,continuous_joint_utility,87,15,102,0.0018756756862094992,0.4546287736451502,0.4527530979589407,0.33174333653574356,0.60412352146547,0.6965217391304346,9,leave_one_target_out,"[0.01, 0.1, 1.0, 10.0, 100.0]",1,0.21522891996228694,1,0.002,0.002
