path,prior_R2,full_R2,incremental_R2,bootstrap_ci_low,bootstrap_ci_high,leave_target_median_increment,positive_targets,nested_null_p95,observed_above_nested_null_p95,uncorrected_p,global_max_stat_p
strict_source,-0.038868703038408725,-0.08135148921570745,-0.042482786177298726,-0.16945755619801744,0.05357717053054816,0.1782608695652174,6,0.005798641014220772,0,0.964,0.998
target_unlabeled,0.21021903266753716,0.19917824870779977,-0.011040783959737399,-0.0443666278080071,0.014729305752597751,-0.08782608695652173,4,0.008044150578714453,0,0.556,0.82
