case,replicates,association_detection_rate,median_within_target_association,median_pooled_association,median_orbit_effect_retention,median_incremental_R2,mean_top1,mean_prior_top1,mean_top1_increment,null_association_p95
S0_no_association,500,0.05,0.08123102408499754,-0.0047753490862804445,1.009824965038074,-0.007608748364358264,0.656888888888889,0.6748888888888889,-0.018,0.11536443018502568
S1_coordinate_artifact,500,0.042,0.07995714286913085,-0.004761170633831126,0.9773874267289442,-0.0069762063825597465,0.656,0.6655555555555556,-0.009555555555555555,0.11536443018502568
S2_pooled_identity,500,0.042,0.0827069118056521,0.1844836872282948,0.9831116583036955,-0.06419939539567959,0.048888888888888885,0.03955555555555556,0.009333333333333336,0.11536443018502568
S3_local_nonlinear_nontransport,500,1.0,0.2721386876049187,0.0007071072121120485,0.8186804061405966,-0.26474926515183517,0.14955555555555555,0.035555555555555556,0.114,0.11536443018502568
S4_factorization_invariant_endpoint,500,1.0,0.4642075623843601,0.11998806614922597,1.0,0.8762804256426855,0.7882222222222222,0.04733333333333334,0.7408888888888889,0.11536443018502568
S5_association_no_extreme_action,500,1.0,0.18487826938559732,0.02801739416269987,0.8488001694788803,0.3865036641525095,0.04111111111111111,0.04,0.001111111111111111,0.11536443018502568
S6_predictive_actionable,500,1.0,0.2852307859168782,0.058607174529809916,0.8155059283235119,0.8146072167676237,0.7102222222222222,0.036666666666666674,0.6735555555555555,0.11536443018502568
