label,rate,count
accuracy_good,0.47318611987381703,1800
nll_good,0.5764984227129337,2193
ece_good,0.6167192429022083,2346
calibration_good,0.6837539432176656,2601
joint_good,0.4242902208201893,1614
pareto_good,0.13643533123028392,519
dominated,0.863564668769716,3285
accuracy_good_calibration_bad,0.04889589905362776,186
calibration_good_accuracy_flat,0.25946372239747634,987
joint_strict_good,0.3462145110410095,1317
frac_accuracy_good_also_calibration_good,0.8966666666666666,
