endpoint,pooled_auc,within_target_auc,gauge_gap
accuracy_good,0.5431489798181415,0.658600107451297,0.11545112763315557
nll_good,0.47241986309919576,0.612619758407218,0.08503962150641381
ece_good,0.4440956617632441,0.5654786670675772,0.009574328830821321
calibration_good,0.5146463586004871,0.6198533676951796,0.1052070090946925
joint_good,0.5406644486315515,0.6718077295200574,0.1311432808885059
