metric,between_target_variance_fraction
bacc,0.8819948419465858
nll,0.8415573178149667
ece,0.8340340495320835
