path,new_block,delta_spearman,delta_pairwise,delta_top1,delta_top3,regret_reduction,delta_joint_good_coverage,positive_regret_reduction_targets
P_F1_strict_functional,F1,-0.017778766528166307,-0.0022926768766558217,-0.1111111111111111,-0.1111111111111111,0.048309178743961345,-0.1111111111111111,4
P_F2_strict_architecture,F2,-0.034043173933543294,-0.016782682867409568,0.1111111111111111,-0.1111111111111111,0.011272141706924341,0.0,5
P_F3_target_functional,F3,0.21801402995327301,0.07811604904484433,0.0,0.2222222222222222,0.10789049919484704,0.1111111111111111,4
P_F4_target_architecture,F4,0.017291265503169926,0.006330502591550571,0.2222222222222222,0.0,2.4671622769447922e-17,0.2222222222222222,2
P_F5_construction_positive,F5,0.23842547120355365,0.10794340592556427,0.2222222222222222,0.2222222222222222,0.13848631239935585,0.3333333333333333,3
