path,bandwidth_factor,observed_alignment,null_mean,null_p95,uncorrected_p,null_replicates,median_training_fold_bandwidth,bandwidth_estimation,global_path_bandwidth_max_stat_p
strict_source,0.5,0.026768950189218054,-0.026733295612857977,-0.011082708448877886,0.002,499,3.242228143050462,outer_training_targets_only,0.004
strict_source,1.0,-0.013294172732278115,-0.03937654423976857,-0.03264226595062169,0.002,499,6.484456286100924,outer_training_targets_only,0.476
strict_source,2.0,-0.03603430265959559,-0.04337146274623297,-0.04143956599485224,0.002,499,12.968912572201848,outer_training_targets_only,0.988
target_unlabeled,0.5,0.05775235137883344,-0.013648555397524695,0.006326541796354156,0.002,499,3.6442776996117665,outer_training_targets_only,0.002
target_unlabeled,1.0,-0.003940954983075868,-0.034332370139370155,-0.026012344510372418,0.002,499,7.288555399223533,outer_training_targets_only,0.184
target_unlabeled,2.0,-0.03315121659735723,-0.04206410405431954,-0.039446042767280864,0.002,499,14.577110798447066,outer_training_targets_only,0.982
