component,point_mean,ci_low,ci_high,causal_interpretation
target_common_trial,0.48367820041198,0.37702666748064867,0.5759112828663293,0
checkpoint_candidate,0.3109250899793399,0.21914475503606984,0.4277821452020797,0
candidate_x_trial_residual,0.20539670960868,0.1751206355293369,0.23825677503215043,0
