path,new_block,prior_blocks,full_blocks,outcome,prior_dimension,new_block_dimension,full_dimension,prior_R2,full_R2,incremental_R2,bootstrap_ci_low,bootstrap_ci_high,median_increment_residual_rho,positive_target_count,outer_crossfit,inner_alpha_grid,target_labels_in_new_block,nested_null_p95,observed_above_null_p95,uncorrected_p,max_stat_corrected_p
P_F4_target_architecture,F4,F0+F1+F3,F0+F1+F3+F4,continuous_joint_utility,52,35,87,0.21021903266753716,0.0018756756862094992,-0.20834335698132767,-0.44490740162258874,-0.02791079139578612,0.04521739130434782,5,leave_one_target_out,"[0.01, 0.1, 1.0, 10.0, 100.0]",0,-0.12605585686508758,0,0.752,1.0
P_F4_target_architecture,F4,F0+F1+F3,F0+F1+F3+F4,bAcc,52,35,87,0.01298893411468105,0.009571976450529207,-0.003416957664151843,-0.04724422334716508,0.03243956846517766,-0.05739130434782608,4,leave_one_target_out,"[0.01, 0.1, 1.0, 10.0, 100.0]",0,-0.002684681806808916,0,0.056,1.0
P_F4_target_architecture,F4,F0+F1+F3,F0+F1+F3+F4,negNLL,52,35,87,0.44377551429529194,0.44880722594817646,0.0050317116528845185,-0.13950371575345638,0.2058476618653477,0.23826086956521736,7,leave_one_target_out,"[0.01, 0.1, 1.0, 10.0, 100.0]",0,-0.03187030830636633,1,0.012,1.0
P_F4_target_architecture,F4,F0+F1+F3,F0+F1+F3+F4,negECE,52,35,87,0.4927123873443865,0.5120457438197803,0.019333356475393804,-0.15991453734220837,0.2413335098844378,0.3869565217391304,8,leave_one_target_out,"[0.01, 0.1, 1.0, 10.0, 100.0]",0,-0.004042951972801656,1,0.006,1.0
P_F4_target_architecture,F4,F0+F1+F3,F0+F1+F3+F4,primary_joint_good,52,35,87,-0.029709586370186614,-0.009036232200087868,0.020673354170098746,-0.16159263202274948,0.13283510169234583,0.2695652173913043,7,leave_one_target_out,"[0.01, 0.1, 1.0, 10.0, 100.0]",0,0.03949608078859772,0,0.232,1.0
P_F4_target_architecture,F4,F0+F1+F3,F0+F1+F3+F4,unexplained_candidate_specific_residual,52,35,87,-0.010660614541470714,-0.011820812497768118,-0.001160197956297404,-0.005218394612563881,0.002046025178285925,0.054782608695652164,5,leave_one_target_out,"[0.01, 0.1, 1.0, 10.0, 100.0]",0,0.0018832570389782912,0,0.442,1.0
