transform,condition_number_A,Wz_max_abs_error,logit_max_abs_error,probability_max_abs_error,mean_z_norm_delta,W_frobenius_delta,z_coordinate_mean_l2_delta,function_invariant,coordinate_geometry_invariant
identity,1.0,0.0,0.0,0.0,0.0,0.0,0.0,1,1
orthogonal_QR,1.000000000000001,7.549516567451064e-15,7.549516567451064e-15,1.9984014443252818e-15,3.165870343657673e-17,0.0,0.2802436780373662,1,1
diagonal_scale_0.5_to_2,4.0,3.552713678800501e-15,3.552713678800501e-15,7.771561172376096e-16,1.2900457653121045,-0.5571102202764431,0.06670367327524473,1,0
nonorthogonal_condition_le_4,4.0,8.881784197001252e-15,8.881784197001252e-15,1.5543122344752192e-15,1.2894748019658264,-0.5857805026982961,0.20433642901264712,1,0
