seed,budget,expected_standardized_regret,mean_regret_reduction_vs_source,positive_targets,catastrophic_target,maxT_p,direct_qualification,closure_qualification,simultaneous_band_low,simultaneous_band_high
3,1,0.35338318633180843,0.426092786538936,8,0,0.042801556420233464,1,1,0.36138418508878095,0.49080138798909106
3,2,0.2782089536699878,0.5012670192007567,8,0,0.03501945525291829,1,1,0.4405809802388368,0.5619530581626766
3,4,0.21660180756980868,0.5628741653009357,8,0,0.011673151750972763,1,1,0.5096974819105135,0.616050848691358
3,8,0.16631014202055397,0.6131658308501906,8,0,0.007782101167315175,1,1,0.563089911354181,0.6632417503462003
3,16,0.13453563321685552,0.644940339653889,8,0,0.007782101167315175,1,1,0.5911748879576175,0.6987057913501604
3,32,0.11187064388052365,0.6676053289902208,8,0,0.007782101167315175,1,1,0.6038681485672432,0.7313425094131984
3,FULL,0.08279432226091084,0.6966816506098336,8,0,0.007782101167315175,1,1,0.6172924614022239,0.7760708398174432
