seed,budget,expected_standardized_regret,mean_regret_reduction_vs_source,positive_targets,catastrophic_target,maxT_p,direct_qualification,closure_qualification,simultaneous_band_low,simultaneous_band_high
4,1,0.3737050812998979,0.42374240248226924,8,0,0.042801556420233464,1,1,0.31751346802525227,0.5299713369392862
4,2,0.3002019611832293,0.4972455225989379,8,0,0.03501945525291829,1,1,0.39669793810173654,0.5977931070961393
4,4,0.23247996828407924,0.5649675154980879,8,0,0.011673151750972763,1,1,0.4726742687600836,0.6572607622360922
4,8,0.18112845533394029,0.6163190284482268,8,0,0.007782101167315175,1,1,0.532281349081898,0.7003567078145557
4,16,0.14462401480239961,0.6528234689797675,8,0,0.007782101167315175,1,1,0.5774276793904047,0.7282192585691303
4,32,0.11768566212495614,0.6797618216572109,8,0,0.007782101167315175,1,1,0.6114491345344364,0.7480745087799854
4,FULL,0.1106669682773286,0.6867805155048384,8,0,0.007782101167315175,1,1,0.6157774316125426,0.7577835993971342
