held_target,effective_M_coefficient,inverse_gap_coefficient
1,0.40703294320111066,0.00659758843224202
2,0.6058233681158202,0.008530126816253444
3,0.10394379635579992,0.17952421681305608
5,0.33999721076331163,0.11023473249355685
6,0.22159808978280324,0.2016710500269777
7,0.22344003439035426,0.25914538560157213
8,0.1483300278513448,-0.09471583837600366
9,0.4493621476041179,0.04842921879942928
