path,kernel,bandwidth_factor,alpha,prior_LOTO_R2,full_LOTO_R2,incremental_LOTO_R2,LOTO_median_increment_residual_rho,positive_targets,prior_LORO_R2,full_LORO_R2,incremental_LORO_R2,null_p95,uncorrected_p,global_max_stat_p
strict_source,rbf,1.0,1.0,0.38406325109080297,0.27019692950985086,-0.11386632158095211,-0.18631846799358134,2,-0.0731164862863054,-0.16150886664839792,-0.08839238036209252,-0.014429584238907025,1.0,1.0
target_unlabeled,laplacian,1.0,1.0,0.443898213733384,0.34540071904324043,-0.09849749469014357,-0.14967095281845882,3,0.3423730561734195,0.3094289724571342,-0.03294408371628532,-0.0168498839976016,1.0,1.0
