target_id,units,continuous_utility_mean,construction_eval_spearman,target4_canary,seed3_exploratory_not_confirmation
1,162,0.5,0.8544292139480325,0,1
2,162,0.5,0.8098736368228867,0,1
3,162,0.5,0.9398912926892332,0,1
5,162,0.5,0.7899356964295251,0,1
6,162,0.5,0.7990739518798536,0,1
7,162,0.5,0.8212668089543129,0,1
8,162,0.5,0.9048526444056361,0,1
9,162,0.5,0.8044575925443914,0,1
