target_id,trial_bootstrap_replicates,reliability_mean,reliability_ci_low,reliability_ci_high,construction_top5_mean,construction_top5_ci_low,construction_top5_ci_high,standardized_regret_mean,standardized_regret_ci_low,standardized_regret_ci_high,bootstrap_unit
1,499,0.7504963456590773,0.6621547236210207,0.8144059658321058,0.5250501002004008,0.0,1.0,0.1089365469507249,0.0,0.2893713590230916,shared_trial_id_within_target_stratified_by_class
2,499,0.6660504612486062,0.5436515084210469,0.7677549550813657,0.3096192384769539,0.0,1.0,0.21206216466081274,0.05341422646436518,0.45227528788768695,shared_trial_id_within_target_stratified_by_class
3,499,0.860522485716923,0.8159995804021672,0.9002922356750305,0.5891783567134269,0.0,1.0,0.07025274696353495,0.006285144376899679,0.14324240943610955,shared_trial_id_within_target_stratified_by_class
5,499,0.6576650709524332,0.5446368099960494,0.7709201904204592,0.3346693386773547,0.0,1.0,0.1642337922998287,0.0078043818466354015,0.3379530829530829,shared_trial_id_within_target_stratified_by_class
6,499,0.6206821337841157,0.5157443327235638,0.7128732879201395,0.38577154308617234,0.0,1.0,0.09154731962801751,0.005271008754809521,0.24030755335951598,shared_trial_id_within_target_stratified_by_class
7,499,0.4949204989591089,0.35212319344758675,0.6333620858803197,0.280561122244489,0.0,1.0,0.18696941084412785,0.02517614430283268,0.35598300317769466,shared_trial_id_within_target_stratified_by_class
8,499,0.7961827050053678,0.7386356012637557,0.8450604691772868,0.5090180360721442,0.0,1.0,0.11605671781258872,6.110763050811876e-17,0.2652850404587678,shared_trial_id_within_target_stratified_by_class
9,499,0.6477288487623211,0.5359663658621182,0.7388023134168444,0.3967935871743487,0.0,1.0,0.1511511829166382,0.03363236543555408,0.30736256547966373,shared_trial_id_within_target_stratified_by_class
