pair,seed,exposure_h,n_low,n_high,pool_size,nested_low_in_high,train_val_disjoint,low_first5,high_first5,val_first5
A,0,0.78125,128,256,713,True,True,"[62, 68, 85, 89, 286]","[62, 68, 85, 89, 93]","[109, 110, 124, 175, 208]"
A,1,0.78125,128,256,713,True,True,"[62, 70, 96, 145, 147]","[62, 64, 66, 70, 71]","[109, 110, 124, 175, 208]"
A,2,0.78125,128,256,713,True,True,"[88, 95, 98, 118, 127]","[64, 68, 88, 93, 95]","[109, 110, 124, 175, 208]"
B,0,0.1953125,512,1024,6486,True,True,"[4, 14, 33, 57, 63]","[4, 7, 8, 11, 14]","[43, 166, 515, 543, 849]"
B,1,0.1953125,512,1024,6486,True,True,"[4, 37, 59, 64, 78]","[4, 10, 14, 17, 20]","[43, 166, 515, 543, 849]"
B,2,0.1953125,512,1024,6486,True,True,"[10, 33, 50, 66, 76]","[4, 10, 24, 33, 50]","[43, 166, 515, 543, 849]"
C,0,0.09765625,1024,2048,6516,True,True,"[5, 14, 20, 23, 31]","[3, 5, 6, 7, 8]","[4, 139, 216, 553, 755]"
C,1,0.09765625,1024,2048,6516,True,True,"[7, 16, 17, 34, 44]","[1, 6, 7, 8, 10]","[4, 139, 216, 553, 755]"
C,2,0.09765625,1024,2048,6516,True,True,"[5, 15, 16, 33, 43]","[3, 5, 7, 8, 15]","[4, 139, 216, 553, 755]"
