comparison_id,expected_hit_before,expected_hit_after,c61_hit_before,c61_hit_after,delta_hit,identity_abs_error,identity_pass,source_table
COD_key_given_source,0.5061728395061729,0.4876543209876543,0.5061728395061729,0.4876543209876543,-0.018518518518518545,0.0,1,c61_tables/eeg_cod_ladder_summary.csv
COD_template_given_source,0.5061728395061729,0.7037037037037037,0.5061728395061729,0.7037037037037037,0.19753086419753085,0.0,1,c61_tables/eeg_cod_ladder_summary.csv
COD_label_diag_given_source,0.5061728395061729,0.8127572016460904,0.5061728395061729,0.8127572016460904,0.3065843621399176,0.0,1,c61_tables/eeg_cod_ladder_summary.csv
COD_endpoint_given_source,0.5061728395061729,0.9444444444444444,0.5061728395061729,0.9444444444444444,0.43827160493827155,0.0,1,c61_tables/eeg_cod_ladder_summary.csv
COD_endpoint_given_source_template,0.7037037037037037,0.9444444444444444,0.7037037037037037,0.9444444444444444,0.2407407407407407,0.0,1,c61_tables/eeg_cod_ladder_summary.csv
COD_source_scalarization_given_source_rank,0.5061728395061729,0.5740740740740741,0.5061728395061729,0.5740740740740741,0.0679012345679012,0.0,1,c61_tables/eeg_cod_ladder_summary.csv
