comparison_id,raw_hit_gain,smoothed_gain_alpha5,entropy_gap_bits,js_bits,hellinger2,cs_binary_proxy,kernel_proxy_bw_0p10,endpoint_dominates,template_partial,screen_off_endpoint,agreement_status
COD_key_given_source,-0.018518518518518545,-0.0179640718562874,0.0003298761611980616,0.00024739926339123475,0.00017148900438901382,0.0006858188352363645,0.01700060707216966,0,0,0,key_negative_gain_stable
COD_template_given_source,0.19753086419753085,0.19161676646706594,0.12317376345508779,0.02968532152002179,0.020661794682140577,0.0718403965391381,0.8578570610755549,0,1,0,stable_partition_agrees_proxy
COD_label_diag_given_source,0.3065843621399176,0.29740518962075835,0.3042222098951598,0.07755077622658474,0.05451717131214856,0.15749134449320848,0.9909019807631928,0,0,0,stable_partition_agrees_proxy
COD_endpoint_given_source,0.43827160493827155,0.4251497005988023,0.6903466233042265,0.19339944171556783,0.1429521978668871,0.280304335781474,0.9999325483818179,1,0,0,stable_partition_agrees_proxy
COD_endpoint_given_source_template,0.2407407407407407,0.23353293413173637,0.5671728598491387,0.07795303094563394,0.05646435858544832,0.058866670575405296,0.944855883051652,0,0,0,stable_partition_agrees_proxy
COD_source_scalarization_given_source_rank,0.0679012345679012,0.06586826347305386,0.015780524574498633,0.003350045681767999,0.0023229983795676756,0.009104126354836603,0.20588650154420662,0,0,0,stable_partition_agrees_proxy
