combo,target_id_accuracy,gap_closed
occupancy,0.6979495268138801,0.0031112715525154237
global_confidence,0.42586750788643535,-0.5610353773296293
class_conditioned_confidence,0.6648264984227129,0.5238775560151255
class_bias,0.7941640378548895,-0.054727174830822546
occ_x_conf_interaction,0.6971608832807571,0.08129994248583572
occupancy+global_confidence,0.669558359621451,0.4908528004503232
occupancy+class_conditioned_confidence,0.7886435331230284,0.660164710777175
occupancy+class_conditioned_margin,0.7791798107255521,0.43213634528077977
