intervention,gap_closed,baseline_gap,destroys_recovery
raw,0.4908528004503232,0.4908528004503232,False
temperature,0.5122125821412399,0.4908528004503232,False
class_bias_center,-0.5848333924791047,0.4908528004503232,True
logit_norm_normalize,0.38399576597853574,0.4908528004503232,False
class_uniformize,0.07310723332395147,0.4908528004503232,True
confidence_shuffle,-0.39560261383521605,0.4908528004503232,True
class_shuffle,-0.9354984764864958,0.4908528004503232,True
