combo,n_features,gap_closed,perm_p,survives_permutation,target_id_accuracy
occupancy,4,0.0031112715525154237,0.42714570858283435,False,0.6979495268138801
global_confidence,8,-0.5610353773296293,0.8922155688622755,False,0.42586750788643535
class_conditioned_confidence,4,0.5238775560151255,0.031936127744510975,True,0.6648264984227129
class_bias,4,-0.054727174830822546,0.5269461077844312,False,0.7941640378548895
occ_x_conf_interaction,4,0.08129994248583572,0.3373253493013972,False,0.6971608832807571
occupancy+global_confidence,12,0.4908528004503232,0.023952095808383235,True,0.669558359621451
occupancy+class_conditioned_confidence,8,0.660164710777175,0.00998003992015968,True,0.7886435331230284
occupancy+class_conditioned_margin,8,0.43213634528077977,0.0718562874251497,False,0.7791798107255521
