{
  "all_requested_datasets": [
    "BNCI2014_001",
    "Cho2017",
    "Lee2019_MI"
  ],
  "dataset_macro": {
    "rct": {
      "mean_acc": 0.6778571428571426,
      "mean_bacc": 0.6778571428571428
    },
    "source_only_tsmnet": {
      "mean_acc": 0.5585714285714286,
      "mean_bacc": 0.5585714285714286
    },
    "spdim_bias": {
      "mean_acc": 0.6771428571428572,
      "mean_bacc": 0.6771428571428572
    },
    "spdim_geodesic": {
      "mean_acc": 0.6771428571428569,
      "mean_bacc": 0.6771428571428569
    }
  },
  "datasets": [
    "Lee2019_MI"
  ],
  "deltas": {
    "rct_minus_source_only_tsmnet": {
      "mean_acc_delta": 0.11928571428571434,
      "mean_bacc_delta": 0.11928571428571434,
      "n": 28
    },
    "spdim_bias_minus_rct": {
      "mean_acc_delta": -0.0007142857142857169,
      "mean_bacc_delta": -0.000714285714285713,
      "n": 28
    },
    "spdim_bias_minus_source_only_tsmnet": {
      "mean_acc_delta": 0.11857142857142862,
      "mean_bacc_delta": 0.11857142857142859,
      "n": 28
    },
    "spdim_geodesic_minus_rct": {
      "mean_acc_delta": -0.0007142857142857109,
      "mean_bacc_delta": -0.0007142857142857169,
      "n": 28
    },
    "spdim_geodesic_minus_source_only_tsmnet": {
      "mean_acc_delta": 0.11857142857142862,
      "mean_bacc_delta": 0.11857142857142862,
      "n": 28
    }
  },
  "elapsed_seconds": 18214.60166835785,
  "expected_rows_by_dataset": {
    "BNCI2014_001": 0,
    "Cho2017": 0,
    "Lee2019_MI": 112
  },
  "final_squeue_absent": null,
  "harm": {
    "rct_vs_source_only_tsmnet": {
      "harm_count": 2,
      "harm_rate": 0.07142857142857142,
      "n": 28
    },
    "spdim_bias_vs_rct": {
      "harm_count": 7,
      "harm_rate": 0.25,
      "n": 28
    },
    "spdim_bias_vs_source_only_tsmnet": {
      "harm_count": 2,
      "harm_rate": 0.07142857142857142,
      "n": 28
    },
    "spdim_geodesic_vs_rct": {
      "harm_count": 6,
      "harm_rate": 0.21428571428571427,
      "n": 28
    },
    "spdim_geodesic_vs_source_only_tsmnet": {
      "harm_count": 2,
      "harm_rate": 0.07142857142857142,
      "n": 28
    }
  },
  "label": "P9 repaired-split official SPDIM seed shard; part of the approved seeds 1/2 expansion.",
  "launch_provenance": {
    "clean_worktree": true,
    "command_line": "/home/infres/yinwang/CMI_AAAI_spdim_clean_a8b9368/h2cmi/run_spdim_w1_repaired_seeds12.py --mode run --external-spdim-path /home/infres/yinwang/.cache/h2cmi_external/SPDIM_1b0de0ccd4c48a4ff28f087b866a0b671b029c39 --datasets BNCI2014_001,Cho2017,Lee2019_MI --manifest h2cmi/results/review_completion/w1_repaired_split_manifest.csv --manifest-hash 231246def0ac1dd8cef02920b77502767467738a839ca0a99673117df31b6d8e --target-spec Lee2019_MI=27-54 --shard-id seed2_shard3 --seed 2 --epochs 20 --adapt-epochs 30 --adapt-lr 0.01 --batch-size 64 --val-fraction 0.2 --temporal-filters 4 --spatial-filters 40 --subspace-dims 20 --dtype float32 --spd-device cpu --device cuda --out /home/infres/yinwang/.cache/h2cmi_training_caches/p9_repaired_seeds12_493f649911f354d4deaa307c80be3cb367149fce/seed2_shard3_results.csv --audit /home/infres/yinwang/.cache/h2cmi_training_caches/p9_repaired_seeds12_493f649911f354d4deaa307c80be3cb367149fce/seed2_shard3_audit.md --summary /home/infres/yinwang/.cache/h2cmi_training_caches/p9_repaired_seeds12_493f649911f354d4deaa307c80be3cb367149fce/seed2_shard3_summary.json --digest /home/infres/yinwang/.cache/h2cmi_training_caches/p9_repaired_seeds12_493f649911f354d4deaa307c80be3cb367149fce/seed2_shard3_result_digest.md --legacy-compare /home/infres/yinwang/.cache/h2cmi_training_caches/p9_repaired_seeds12_493f649911f354d4deaa307c80be3cb367149fce/seed2_shard3_legacy_compare.md --failure-trace /home/infres/yinwang/.cache/h2cmi_training_caches/p9_repaired_seeds12_493f649911f354d4deaa307c80be3cb367149fce/seed2_shard3_failure_trace.txt",
    "config_file": "h2cmi/config.py",
    "config_sha256": "6f27455570996064b8e8ea360b1e0324a9b8ea2e5995d35297a66697a76e6a6b",
    "environment_name": "base",
    "external_spdim_commit": "1b0de0ccd4c48a4ff28f087b866a0b671b029c39",
    "git_status_porcelain": "",
    "launch_commit": "493f649911f354d4deaa307c80be3cb367149fce",
    "manifest": "h2cmi/results/review_completion/w1_repaired_split_manifest.csv",
    "manifest_file_sha256": "e9ebe6e9421bdcf10f8a952623285cec0842f5cb6b868e8147f13dde23e8a712",
    "manifest_hash": "231246def0ac1dd8cef02920b77502767467738a839ca0a99673117df31b6d8e",
    "manifest_hash_matches_p7": true,
    "run_config_sha256": "9b278fe545a8812730ff40844b2a26ae789bd38e237f4a53f25c3742ff2d54d8",
    "runner_dirty_allowed": false,
    "runner_file": "h2cmi/run_spdim_w1_repaired_seed0.py",
    "runner_file_sha256": "946b28b93f0ddbce395ade7c6a13d30b20f368fe7a1ae22fbefa01f291e82be8",
    "slurm_job_id": "892389"
  },
  "legacy_compare": {
    "legacy_rows": 460,
    "legacy_source": "h2cmi/results/review_completion/spdim_w1_seed0_results.csv",
    "legacy_status": "diagnostic_only_old_split",
    "new_dataset_macro": {
      "rct": {
        "mean_acc": 0.6778571428571426,
        "mean_bacc": 0.6778571428571428
      },
      "source_only_tsmnet": {
        "mean_acc": 0.5585714285714286,
        "mean_bacc": 0.5585714285714286
      },
      "spdim_bias": {
        "mean_acc": 0.6771428571428572,
        "mean_bacc": 0.6771428571428572
      },
      "spdim_geodesic": {
        "mean_acc": 0.6771428571428569,
        "mean_bacc": 0.6771428571428569
      }
    },
    "new_per_dataset": {
      "Lee2019_MI": {
        "rct": {
          "mean_acc": 0.6778571428571426,
          "mean_bacc": 0.6778571428571428,
          "mean_macro_f1": 0.6741949784372255,
          "n": 28
        },
        "source_only_tsmnet": {
          "mean_acc": 0.5585714285714286,
          "mean_bacc": 0.5585714285714286,
          "mean_macro_f1": 0.4470974210672342,
          "n": 28
        },
        "spdim_bias": {
          "mean_acc": 0.6771428571428572,
          "mean_bacc": 0.6771428571428572,
          "mean_macro_f1": 0.6685766336903318,
          "n": 28
        },
        "spdim_geodesic": {
          "mean_acc": 0.6771428571428569,
          "mean_bacc": 0.6771428571428569,
          "mean_macro_f1": 0.6707745619622826,
          "n": 28
        }
      }
    },
    "new_rows": 112,
    "new_subject_weighted": {
      "rct": {
        "mean_acc": 0.6778571428571426,
        "mean_bacc": 0.6778571428571428,
        "n": 28
      },
      "source_only_tsmnet": {
        "mean_acc": 0.5585714285714286,
        "mean_bacc": 0.5585714285714286,
        "n": 28
      },
      "spdim_bias": {
        "mean_acc": 0.6771428571428572,
        "mean_bacc": 0.6771428571428572,
        "n": 28
      },
      "spdim_geodesic": {
        "mean_acc": 0.6771428571428569,
        "mean_bacc": 0.6771428571428569,
        "n": 28
      }
    },
    "old_dataset_macro": {
      "rct": {
        "mean_acc": 0.6770370370370371,
        "mean_bacc": 0.6796865960162785
      },
      "source_only_tsmnet": {
        "mean_acc": 0.5914814814814812,
        "mean_bacc": 0.550564830018853
      },
      "spdim_bias": {
        "mean_acc": 0.678888888888889,
        "mean_bacc": 0.6753209758089265
      },
      "spdim_geodesic": {
        "mean_acc": 0.6792592592592593,
        "mean_bacc": 0.6807266691827885
      }
    },
    "old_per_dataset": {
      "Lee2019_MI": {
        "rct": {
          "mean_acc": 0.6770370370370371,
          "mean_bacc": 0.6796865960162785,
          "mean_macro_f1": 0.6697503198406936,
          "n": 54
        },
        "source_only_tsmnet": {
          "mean_acc": 0.5914814814814812,
          "mean_bacc": 0.550564830018853,
          "mean_macro_f1": 0.44682642542873435,
          "n": 54
        },
        "spdim_bias": {
          "mean_acc": 0.678888888888889,
          "mean_bacc": 0.6753209758089265,
          "mean_macro_f1": 0.6645262098891668,
          "n": 54
        },