{
  "all_requested_datasets": [
    "BNCI2014_001",
    "Cho2017",
    "Lee2019_MI"
  ],
  "dataset_macro": {
    "rct": {
      "mean_acc": 0.6110919540229884,
      "mean_bacc": 0.6110919540229883
    },
    "source_only_tsmnet": {
      "mean_acc": 0.5172413793103448,
      "mean_bacc": 0.5172413793103448
    },
    "spdim_bias": {
      "mean_acc": 0.6092528735632186,
      "mean_bacc": 0.6092528735632186
    },
    "spdim_geodesic": {
      "mean_acc": 0.6128160919540231,
      "mean_bacc": 0.6128160919540231
    }
  },
  "datasets": [
    "Cho2017"
  ],
  "deltas": {
    "rct_minus_source_only_tsmnet": {
      "mean_acc_delta": 0.09385057471264366,
      "mean_bacc_delta": 0.09385057471264366,
      "n": 29
    },
    "spdim_bias_minus_rct": {
      "mean_acc_delta": -0.0018390804597701058,
      "mean_bacc_delta": -0.0018390804597701095,
      "n": 29
    },
    "spdim_bias_minus_source_only_tsmnet": {
      "mean_acc_delta": 0.09201149425287357,
      "mean_bacc_delta": 0.09201149425287357,
      "n": 29
    },
    "spdim_geodesic_minus_rct": {
      "mean_acc_delta": 0.0017241379310344862,
      "mean_bacc_delta": 0.0017241379310344767,
      "n": 29
    },
    "spdim_geodesic_minus_source_only_tsmnet": {
      "mean_acc_delta": 0.09557471264367814,
      "mean_bacc_delta": 0.09557471264367814,
      "n": 29
    }
  },
  "elapsed_seconds": 31078.600294351578,
  "expected_rows_by_dataset": {
    "BNCI2014_001": 0,
    "Cho2017": 116,
    "Lee2019_MI": 0
  },
  "final_squeue_absent": null,
  "harm": {
    "rct_vs_source_only_tsmnet": {
      "harm_count": 2,
      "harm_rate": 0.06896551724137931,
      "n": 29
    },
    "spdim_bias_vs_rct": {
      "harm_count": 11,
      "harm_rate": 0.3793103448275862,
      "n": 29
    },
    "spdim_bias_vs_source_only_tsmnet": {
      "harm_count": 4,
      "harm_rate": 0.13793103448275862,
      "n": 29
    },
    "spdim_geodesic_vs_rct": {
      "harm_count": 8,
      "harm_rate": 0.27586206896551724,
      "n": 29
    },
    "spdim_geodesic_vs_source_only_tsmnet": {
      "harm_count": 1,
      "harm_rate": 0.034482758620689655,
      "n": 29
    }
  },
  "label": "P9 repaired-split official SPDIM seed shard; part of the approved seeds 1/2 expansion.",
  "launch_provenance": {
    "clean_worktree": true,
    "command_line": "/home/infres/yinwang/CMI_AAAI_spdim_clean_a8b9368/h2cmi/run_spdim_w1_repaired_seeds12.py --mode run --external-spdim-path /home/infres/yinwang/.cache/h2cmi_external/SPDIM_1b0de0ccd4c48a4ff28f087b866a0b671b029c39 --datasets BNCI2014_001,Cho2017,Lee2019_MI --manifest h2cmi/results/review_completion/w1_repaired_split_manifest.csv --manifest-hash 231246def0ac1dd8cef02920b77502767467738a839ca0a99673117df31b6d8e --target-spec Cho2017=21-49 --shard-id seed1_shard1 --seed 1 --epochs 20 --adapt-epochs 30 --adapt-lr 0.01 --batch-size 64 --val-fraction 0.2 --temporal-filters 4 --spatial-filters 40 --subspace-dims 20 --dtype float32 --spd-device cpu --device cuda --out /home/infres/yinwang/.cache/h2cmi_training_caches/p9_repaired_seeds12_493f649911f354d4deaa307c80be3cb367149fce/seed1_shard1_results.csv --audit /home/infres/yinwang/.cache/h2cmi_training_caches/p9_repaired_seeds12_493f649911f354d4deaa307c80be3cb367149fce/seed1_shard1_audit.md --summary /home/infres/yinwang/.cache/h2cmi_training_caches/p9_repaired_seeds12_493f649911f354d4deaa307c80be3cb367149fce/seed1_shard1_summary.json --digest /home/infres/yinwang/.cache/h2cmi_training_caches/p9_repaired_seeds12_493f649911f354d4deaa307c80be3cb367149fce/seed1_shard1_result_digest.md --legacy-compare /home/infres/yinwang/.cache/h2cmi_training_caches/p9_repaired_seeds12_493f649911f354d4deaa307c80be3cb367149fce/seed1_shard1_legacy_compare.md --failure-trace /home/infres/yinwang/.cache/h2cmi_training_caches/p9_repaired_seeds12_493f649911f354d4deaa307c80be3cb367149fce/seed1_shard1_failure_trace.txt",
    "config_file": "h2cmi/config.py",
    "config_sha256": "6f27455570996064b8e8ea360b1e0324a9b8ea2e5995d35297a66697a76e6a6b",
    "environment_name": "base",
    "external_spdim_commit": "1b0de0ccd4c48a4ff28f087b866a0b671b029c39",
    "git_status_porcelain": "",
    "launch_commit": "493f649911f354d4deaa307c80be3cb367149fce",
    "manifest": "h2cmi/results/review_completion/w1_repaired_split_manifest.csv",
    "manifest_file_sha256": "e9ebe6e9421bdcf10f8a952623285cec0842f5cb6b868e8147f13dde23e8a712",
    "manifest_hash": "231246def0ac1dd8cef02920b77502767467738a839ca0a99673117df31b6d8e",
    "manifest_hash_matches_p7": true,
    "run_config_sha256": "a485d0dbb779536d0ffd237ea0d1e47f7c42fae292a637f7ffa8076c32cc98e5",
    "runner_dirty_allowed": false,
    "runner_file": "h2cmi/run_spdim_w1_repaired_seed0.py",
    "runner_file_sha256": "946b28b93f0ddbce395ade7c6a13d30b20f368fe7a1ae22fbefa01f291e82be8",
    "slurm_job_id": "892465"
  },
  "legacy_compare": {
    "legacy_rows": 460,
    "legacy_source": "h2cmi/results/review_completion/spdim_w1_seed0_results.csv",
    "legacy_status": "diagnostic_only_old_split",
    "new_dataset_macro": {
      "rct": {
        "mean_acc": 0.6110919540229884,
        "mean_bacc": 0.6110919540229883
      },
      "source_only_tsmnet": {
        "mean_acc": 0.5172413793103448,
        "mean_bacc": 0.5172413793103448
      },
      "spdim_bias": {
        "mean_acc": 0.6092528735632186,
        "mean_bacc": 0.6092528735632186
      },
      "spdim_geodesic": {
        "mean_acc": 0.6128160919540231,
        "mean_bacc": 0.6128160919540231
      }
    },
    "new_per_dataset": {
      "Cho2017": {
        "rct": {
          "mean_acc": 0.6110919540229884,
          "mean_bacc": 0.6110919540229883,
          "mean_macro_f1": 0.6079193797684468,
          "n": 29
        },
        "source_only_tsmnet": {
          "mean_acc": 0.5172413793103448,
          "mean_bacc": 0.5172413793103448,
          "mean_macro_f1": 0.3859488971435266,
          "n": 29
        },
        "spdim_bias": {
          "mean_acc": 0.6092528735632186,
          "mean_bacc": 0.6092528735632186,
          "mean_macro_f1": 0.6040526383980687,
          "n": 29
        },
        "spdim_geodesic": {
          "mean_acc": 0.6128160919540231,
          "mean_bacc": 0.6128160919540231,
          "mean_macro_f1": 0.6085625816798828,
          "n": 29
        }
      }
    },
    "new_rows": 116,
    "new_subject_weighted": {
      "rct": {
        "mean_acc": 0.6110919540229884,
        "mean_bacc": 0.6110919540229883,
        "n": 29
      },
      "source_only_tsmnet": {
        "mean_acc": 0.5172413793103448,
        "mean_bacc": 0.5172413793103448,
        "n": 29
      },
      "spdim_bias": {
        "mean_acc": 0.6092528735632186,
        "mean_bacc": 0.6092528735632186,
        "n": 29
      },
      "spdim_geodesic": {
        "mean_acc": 0.6128160919540231,
        "mean_bacc": 0.6128160919540231,
        "n": 29
      }
    },
    "old_dataset_macro": {
      "rct": {
        "mean_acc": 0.6849679487179487,
        "mean_bacc": 0.6849679487179487
      },
      "source_only_tsmnet": {
        "mean_acc": 0.8941987179487181,
        "mean_bacc": 0.8941987179487181
      },
      "spdim_bias": {
        "mean_acc": 0.6706089743589743,
        "mean_bacc": 0.6706089743589743
      },
      "spdim_geodesic": {
        "mean_acc": 0.6693910256410256,
        "mean_bacc": 0.6693910256410256
      }
    },
    "old_per_dataset": {
      "Cho2017": {
        "rct": {
          "mean_acc": 0.6849679487179487,
          "mean_bacc": 0.6849679487179487,
          "mean_macro_f1": 0.4136209680767356,
          "n": 52
        },
        "source_only_tsmnet": {
          "mean_acc": 0.8941987179487181,
          "mean_bacc": 0.8941987179487181,
          "mean_macro_f1": 0.7273541997039045,
          "n": 52
        },
        "spdim_bias": {
          "mean_acc": 0.6706089743589743,
          "mean_bacc": 0.6706089743589743,
          "mean_macro_f1": 0.4077377739201108,
          "n": 52
        },