{
  "per_dataset": [
    {
      "dataset": "BNCI2014_001",
      "role": "dev",
      "n_subjects": 9,
      "kstar_utility": "2",
      "kstar_anchor": "1",
      "subspace_specific_any_k": false,
      "bias_sufficient": false,
      "full_cal_frozen_positive": true,
      "dU_MAP_frozen": {
        "1": {
          "mean": 0.011694958847736615,
          "lcb": -0.0010315715020576494,
          "holm_p": 0.0625
        },
        "2": {
          "mean": 0.018459362139917695,
          "lcb": 0.005228587962962918,
          "holm_p": 0.02734375
        },
        "4": {
          "mean": 0.029948559670781878,
          "lcb": 0.014719521604938272,
          "holm_p": 0.013671875
        },
        "8": {
          "mean": 0.04656378600823044,
          "lcb": 0.03062892232510288,
          "holm_p": 0.013671875
        },
        "16": {
          "mean": 0.06891460905349794,
          "lcb": 0.05197016460905349,
          "holm_p": 0.013671875
        },
        "32": {
          "mean": 0.08713991769547325,
          "lcb": 0.06658526234567902,
          "holm_p": 0.013671875
        },
        "Full": {
          "mean": 0.10339506172839506,
          "lcb": 0.07934670781893002,
          "holm_p": 0.013671875
        }
      },
      "dU_MAP_fresh": {
        "1": {
          "mean": 0.09452932098765432,
          "lcb": 0.056347736625514414,
          "holm_p": 0.013671875
        },
        "2": {
          "mean": 0.07475308641975308,
          "lcb": 0.045966885288065806,
          "holm_p": 0.013671875
        },
        "4": {
          "mean": 0.06018518518518518,
          "lcb": 0.03804726080246914,
          "holm_p": 0.013671875
        },
        "8": {
          "mean": 0.05247170781893005,
          "lcb": 0.03363143004115227,
          "holm_p": 0.013671875
        },
        "16": {
          "mean": 0.047816358024691384,
          "lcb": 0.027119341563786023,
          "holm_p": 0.013671875
        },
        "32": {
          "mean": 0.013575102880658439,
          "lcb": -0.00411529063786005,
          "holm_p": 0.234375
        },
        "Full": {
          "mean": -0.0198045267489712,
          "lcb": -0.03305041152263377,
          "holm_p": 0.994140625
        }
      },
      "dU_MAP_bias": {
        "1": {
          "mean": 0.0021579218106995827,
          "lcb": -0.004362461419753115,
          "holm_p": 0.943359375
        },
        "2": {
          "mean": -0.004074074074074068,
          "lcb": -0.013362011316872414,
          "holm_p": 1.0
        },
        "4": {
          "mean": -0.00506687242798355,
          "lcb": -0.017201646090534938,
          "holm_p": 1.0
        },
        "8": {
          "mean": 0.007119341563786013,
          "lcb": -0.006937564300411529,
          "holm_p": 0.8125
        },
        "16": {
          "mean": 0.026324588477366257,
          "lcb": 0.012420267489711943,
          "holm_p": 0.01953125
        },
        "32": {
          "mean": 0.043598251028806594,
          "lcb": 0.028222736625514402,
          "holm_p": 0.013671875
        },
        "Full": {
          "mean": 0.057870370370370364,
          "lcb": 0.039351851851851846,
          "holm_p": 0.013671875
        }
      },
      "dGh_specific": {
        "1": {
          "mean": -0.008930965566451943,
          "lcb": -0.015940547937308525,
          "holm_p": 1.0
        },
        "2": {
          "mean": -0.013465678499875861,
          "lcb": -0.020290445865723865,
          "holm_p": 1.0
        },
        "4": {
          "mean": -0.01527627730668149,
          "lcb": -0.020931534801065518,
          "holm_p": 1.0
        },
        "8": {
          "mean": -0.017415195709633503,
          "lcb": -0.02339653462617725,
          "holm_p": 1.0
        },
        "16": {
          "mean": -0.018713653099495603,
          "lcb": -0.024264668565135684,
          "holm_p": 1.0
        },
        "32": {
          "mean": -0.018082635821490174,
          "lcb": -0.024891571903464957,
          "holm_p": 1.0
        },
        "Full": {
          "mean": -0.017501447733068776,
          "lcb": -0.025243196800641198,
          "holm_p": 1.0
        }
      }
    },
    {
      "dataset": "BNCI2015_001",
      "role": "dev",
      "n_subjects": 12,
      "kstar_utility": "4",
      "kstar_anchor": "1",
      "subspace_specific_any_k": false,
      "bias_sufficient": false,
      "full_cal_frozen_positive": true,
      "dU_MAP_frozen": {
        "1": {
          "mean": 0.04634861111111115,
          "lcb": 0.005054027777777836,
          "holm_p": 0.072265625
        },
        "2": {
          "mean": 0.05926805555555557,
          "lcb": 0.008654756944444479,
          "holm_p": 0.072265625
        },
        "4": {
          "mean": 0.07195972222222222,
          "lcb": 0.01661347222222226,
          "holm_p": 0.047607421875
        },
        "8": {
          "mean": 0.08217222222222223,
          "lcb": 0.02255170138888891,
          "holm_p": 0.0302734375
        },
        "16": {
          "mean": 0.09444722222222222,
          "lcb": 0.03304083333333335,
          "holm_p": 0.009765625
        },
        "32": {
          "mean": 0.10982083333333335,
          "lcb": 0.048483819444444506,
          "holm_p": 0.0029296875
        },
        "Full": {
          "mean": 0.12069444444444445,
          "lcb": 0.05833333333333332,
          "holm_p": 0.001708984375
        }
      },
      "dU_MAP_fresh": {
        "1": {
          "mean": 0.08499583333333334,
          "lcb": 0.05459663194444444,
          "holm_p": 0.00341796875
        },
        "2": {
          "mean": 0.07433194444444442,
          "lcb": 0.04700482638888888,
          "holm_p": 0.00341796875
        },
        "4": {
          "mean": 0.059284722222222204,
          "lcb": 0.0374942361111111,
          "holm_p": 0.00341796875
        },
        "8": {
          "mean": 0.0494111111111111,
          "lcb": 0.031307708333333295,
          "holm_p": 0.00341796875
        },
        "16": {
          "mean": 0.04395555555555555,
          "lcb": 0.02781513888888888,
          "holm_p": 0.00341796875
        },
        "32": {
          "mean": 0.025652777777777774,
          "lcb": 0.011623472222222226,
          "holm_p": 0.005859375
        },
        "Full": {
          "mean": -0.012222222222222232,
          "lcb": -0.025138888888888915,
          "holm_p": 0.972412109375
        }
      },
      "dU_MAP_bias": {
        "1": {
          "mean": 0.016615277777777795,
          "lcb": 0.001696701388888915,
          "holm_p": 0.15869140625
        },
        "2": {
          "mean": 0.011343055555555542,
          "lcb": -0.005445868055555556,
          "holm_p": 0.406494140625
        },
        "4": {
          "mean": 0.011431944444444406,
          "lcb": -0.009080694444444495,
          "holm_p": 0.406494140625
        },
        "8": {
          "mean": 0.013908333333333323,
          "lcb": -0.007101770833333362,
          "holm_p": 0.406494140625
        },
        "16": {
          "mean": 0.022588888888888842,
          "lcb": 0.00011638888888880418,
          "holm_p": 0.1787109375
        },
        "32": {
          "mean": 0.03517916666666668,
          "lcb": 0.01103854166666666,
          "holm_p": 0.046875
        },
        "Full": {
          "mean": 0.04416666666666666,
          "lcb": 0.017083333333333315,
          "holm_p": 0.02734375
        }
      },
      "dGh_specific": {
        "1": {
          "mean": 0.0036721575273600104,
          "lcb": -0.009893738195309372,
          "holm_p": 1.0
        },
        "2": {
          "mean": -0.004027152274426236,
          "lcb": -0.019125309553964086,
          "holm_p": 1.0
        },
        "4": {
          "mean": -0.005092766524254903,
          "lcb": -0.022477895732950746,
          "holm_p": 1.0
        },
        "8": {
          "mean": -0.008753258856789395,
          "lcb": -0.0269995930485428,
          "holm_p": 1.0
        },