regime,loto_auc,permutation_mean_auc,permutation_p,beats_permutation
S0_full_support,0.5531505986137366,0.4972232199117832,0.004975124378109453,True
S2_rare_cells,0.5343205208989708,0.4925768220961983,0.0945273631840796,False
S3_nonestimable_cells,0.5302982566687671,0.45911667716866206,0.014925373134328358,True
