regime,base_rate,loto_auc,scored_rate
S0_full_support,0.47318611987381703,0.5607135728542915,1.0
S2_rare_cells,0.47318611987381703,0.5366566866267465,1.0
S3_nonestimable_cells,0.47318611987381703,0.5331162674650699,1.0
