regime,loto_auc,permutation_mean_auc,permutation_p,beats_permutation
S0_full_support,0.5607135728542915,0.4757512724550898,0.004975124378109453,True
S2_rare_cells,0.5366566866267465,0.48051843812375244,0.004975124378109453,True
S3_nonestimable_cells,0.5331162674650699,0.47055399201596804,0.004975124378109453,True
