gauge,perm_p,loto_r2
target_carrier_reference,0.031936127744510975,0.1467960665545477
source_carrier__source_guard,0.9820359281437125,-0.5392743169970973
source_occupancy__source_guard,0.13373253493013973,-0.11769348186410511
source_global_confidence__source_guard,0.9740518962075848,-0.7853877121106303
source_carrier__source_audit,0.9560878243512974,-1.7422808063108963
source_occupancy__source_audit,0.8982035928143712,-0.9426614441958567
source_global_confidence__source_audit,0.9840319361277445,-1.7441562718461787
