role,cosine_mean,classwise_corr,centered_alignment,informative_alignment,raw_cosine_mean_dominated,aligned,misaligned
source_guard,0.9855640368634468,0.38141652998131054,0.33282004643555224,0.38141652998131054,True,False,True
source_audit,0.9830243240355793,0.25726114137877226,0.18037116459933247,0.25726114137877226,True,False,True
