norm,target_bacc,source_val_bacc,l1,l4,l5_z
patch,0.5525291885305305,0.6206221216871481,0.8926483437577258,0.0019067534997989,-4.269818998781281
window,0.5901485895538537,0.6711562255487238,0.8985942360036656,0.0014316843177342,0.3963296506052064
