tag,checkpoint,subject_subspace_var_frac,l4_alignment,n_pca,C,source_val_bacc,target_bacc,target_macro_f1,target_nll,l1_l1_pairwise_bacc_mean,l1_l1_pairwise_bacc_sd,l1_n_pairs,l5_target_bacc_base,l5_target_bacc_subject_removed,l5_subject_removal_drop,l5_removed_variance_frac,l5_null_drop_mean,l5_null_drop_sd,l5_l5_reliance_z,l5_l5_beats_null,N,seed
random,random,0.8361977338790894,0.0134298797917936,64,0.01,0.5759421102077393,0.5025517725160884,0.5009728249788833,0.703984388411901,0.7470524161256116,0.1451319307899944,105,0.5025517725160884,0.5115178326345127,-0.0089660601184242,0.101000964641571,-0.0004052554604591,0.001337619942213,-6.400022897220448,False,,
