tag,n_pca,C,source_val_bacc,target_bacc,target_macro_f1,target_nll,N,seed
N512_s0,64,1.0,0.5509239705758927,0.49172162587267865,0.4916734338341673,0.6999030344826653,512.0,0.0
random,64,0.01,0.5759421102077393,0.5025517725160884,0.5009728249788833,0.7039843894827107,,
