{
 "cells": {
  "EEGNet_dim128": {
   "backbone": "EEGNet",
   "z_dim": 128,
   "n": 27,
   "nseed": 3,
   "nfold": 9,
   "chance": 0.125,
   "res_mean": 0.6087159207818928,
   "res_lo": 0.5995844585905351,
   "res_hi": 0.6172196502057612,
   "full_mean": 0.977366255144033,
   "full_lo": 0.9756462191358025,
   "full_hi": 0.9789416152263373,
   "task_full_mean": 0.7347286522633745,
   "task_full_lo": 0.7234278549382717,
   "task_full_hi": 0.7466889306841564,
   "task_leace_mean": 0.7235564557613169,
   "task_leace_lo": 0.7115475501543208,
   "task_leace_hi": 0.7362565907921811,
   "tos_mean": 0.8666087962962963,
   "tos_lo": 0.833031523276749,
   "tos_hi": 0.8950315875771604,
   "rand_mean": 0.9763374485596708,
   "rand_lo": 0.9747781635802469,
   "rand_hi": 0.9778645833333334
  },
  "EEGNet_dim16": {
   "backbone": "EEGNet",
   "z_dim": 16,
   "n": 27,
   "nseed": 3,
   "nfold": 9,
   "chance": 0.125,
   "res_mean": 0.3933416923868313,
   "res_lo": 0.3826987686471193,
   "res_hi": 0.4038065843621399,
   "full_mean": 0.8812371399176955,
   "full_lo": 0.8764282728909465,
   "full_hi": 0.8868156024948559,
   "task_full_mean": 0.6385191615226338,
   "task_full_lo": 0.6246929655349793,
   "task_full_hi": 0.6527625064300412,
   "task_leace_mean": 0.6056616512345678,
   "task_leace_lo": 0.5930097415123456,
   "task_leace_hi": 0.6183802726337448,
   "tos_mean": 0.5402038323045267,
   "tos_lo": 0.5086893968621399,
   "tos_hi": 0.5694456500771604,
   "rand_mean": 0.8077417695473251,
   "rand_lo": 0.7946393550668723,
   "rand_hi": 0.8214216820987653
  },
  "EEGNet_dim210": {
   "backbone": "EEGNet",
   "z_dim": 210,
   "n": 27,
   "nseed": 3,
   "nfold": 9,
   "chance": 0.125,
   "res_mean": 0.628343621399177,
   "res_lo": 0.6176207240226337,
   "res_hi": 0.6374742798353908,
   "full_mean": 0.9840534979423867,
   "full_lo": 0.9822530864197532,
   "full_hi": 0.9855975115740742,
   "task_full_mean": 0.7315940072016461,
   "task_full_lo": 0.716479793595679,
   "task_full_hi": 0.7463529610339507,
   "task_leace_mean": 0.7217078189300411,
   "task_leace_lo": 0.7074162487139919,
   "task_leace_hi": 0.7362561889146092,
   "tos_mean": 0.9432548868312757,
   "tos_lo": 0.9270829314557612,
   "tos_hi": 0.954780735596708,
   "rand_mean": 0.9836998456790125,
   "rand_lo": 0.9818672839506172,
   "rand_hi": 0.9853559831532922
  },
  "EEGNet_dim32": {
   "backbone": "EEGNet",
   "z_dim": 32,
   "n": 27,
   "nseed": 3,
   "nfold": 9,
   "chance": 0.125,
   "res_mean": 0.5065264917695473,
   "res_lo": 0.49885464891975306,
   "res_hi": 0.5152556745113168,
   "full_mean": 0.9393807870370372,
   "full_lo": 0.93462215470679,
   "full_hi": 0.9439782664609053,
   "task_full_mean": 0.6846547067901234,
   "task_full_lo": 0.669944782021605,
   "task_full_hi": 0.6991070280349793,
   "task_leace_mean": 0.6701067386831276,
   "task_leace_lo": 0.6553614486882715,
   "task_leace_hi": 0.6848825713734569,
   "tos_mean": 0.6685956790123456,
   "tos_lo": 0.6307544849537037,
   "tos_hi": 0.7051745756172839,
   "rand_mean": 0.92163387345679,
   "rand_lo": 0.9152994791666668,
   "rand_hi": 0.9285626446759259
  },
  "EEGNet_dim64": {
   "backbone": "EEGNet",
   "z_dim": 64,
   "n": 27,
   "nseed": 3,
   "nfold": 9,
   "chance": 0.125,
   "res_mean": 0.5741383744855968,
   "res_lo": 0.55991110468107,
   "res_hi": 0.586694235468107,
   "full_mean": 0.9656314300411522,
   "full_lo": 0.9627857349537037,
   "full_hi": 0.9686861014660494,
   "task_full_mean": 0.7202449845679013,
   "task_full_lo": 0.7073824909979424,
   "task_full_hi": 0.732835005144033,
   "task_leace_mean": 0.7078510802469137,
   "task_leace_lo": 0.6947952835648148,
   "task_leace_hi": 0.7221748006687243,
   "tos_mean": 0.7773919753086418,
   "tos_lo": 0.726658548739712,
   "tos_hi": 0.824122299382716,
   "rand_mean": 0.9616126543209875,
   "rand_lo": 0.958155703446502,
   "rand_hi": 0.965085278420782
  },
  "TSMNet_dim10": {
   "backbone": "TSMNet",
   "z_dim": 55,
   "n": 27,
   "nseed": 3,
   "nfold": 9,
   "chance": 0.125,
   "res_mean": 0.5594618055555556,
   "res_lo": 0.5442704314557614,
   "res_hi": 0.5734957722479425,
   "full_mean": 0.9772858796296297,
   "full_lo": 0.9746817129629629,
   "full_hi": 0.9796810699588476,
   "task_full_mean": 0.7086226851851852,
   "task_full_lo": 0.6976916152263376,
   "task_full_hi": 0.7185446405606996,
   "task_leace_mean": 0.706983024691358,
   "task_leace_lo": 0.695214039994856,
   "task_leace_hi": 0.7172079957561728,
   "tos_mean": 0.6700745884773662,
   "tos_lo": 0.645605870627572,
   "tos_hi": 0.6953446502057612,
   "rand_mean": 0.9718042695473251,
   "rand_lo": 0.9688625257201647,
   "rand_hi": 0.9746017393261318
  },
  "TSMNet_dim14": {
   "backbone": "TSMNet",
   "z_dim": 105,
   "n": 27,
   "nseed": 3,
   "nfold": 9,
   "chance": 0.125,
   "res_mean": 0.6476337448559671,
   "res_lo": 0.6379079057355967,
   "res_hi": 0.6580512152777778,
   "full_mean": 0.9925250771604939,
   "full_lo": 0.9915119438014401,
   "full_hi": 0.993602109053498,
   "task_full_mean": 0.7374453446502057,
   "task_full_lo": 0.7266581468621399,
   "task_full_hi": 0.7475260416666667,
   "task_leace_mean": 0.7343106995884774,
   "task_leace_lo": 0.7236356256430041,
   "task_leace_hi": 0.7447450488683128,
   "tos_mean": 0.8265817901234569,
   "tos_lo": 0.807788789223251,
   "tos_hi": 0.8435249485596709,
   "rand_mean": 0.9921071244855968,
   "rand_lo": 0.9910140174897119,
   "rand_hi": 0.9932323816872428
  },
  "TSMNet_dim210": {
   "backbone": "TSMNet",
   "z_dim": 210,
   "n": 27,
   "nseed": 3,
   "nfold": 9,
   "chance": 0.125,
   "res_mean": 0.739599408436214,
   "res_lo": 0.7244550540123457,
   "res_hi": 0.7527978716563787,
   "full_mean": 0.9968492798353908,
   "full_lo": 0.9962545010288065,
   "full_hi": 0.9974762088477367,
   "task_full_mean": 0.7462062757201647,
   "task_full_lo": 0.7377499678497944,
   "task_full_hi": 0.7544049800668724,
   "task_leace_mean": 0.7432163065843622,
   "task_leace_lo": 0.7348050090020576,
   "task_leace_hi": 0.7505787037037036,
   "tos_mean": 0.9581886574074074,
   "tos_lo": 0.9485267168209878,
   "tos_hi": 0.968043097350823,
   "rand_mean": 0.9968492798353908,
   "rand_lo": 0.9961741255144033,
   "rand_hi": 0.9974440586419753
  },
  "TSMNet_dim6": {
   "backbone": "TSMNet",
   "z_dim": 21,
   "n": 27,
   "nseed": 3,
   "nfold": 9,
   "chance": 0.125,
   "res_mean": 0.39729616769547327,
   "res_lo": 0.38515825938786,
   "res_hi": 0.40683071309156377,
   "full_mean": 0.8949170524691359,
   "full_lo": 0.8862192161779836,
   "full_hi": 0.903372556584362,
   "task_full_mean": 0.6543049125514405,
   "task_full_lo": 0.6402697402263374,
   "task_full_hi": 0.667138069058642,
   "task_leace_mean": 0.6458815586419753,
   "task_leace_lo": 0.632956774048354,
   "task_leace_hi": 0.6569894547325104,
   "tos_mean": 0.535204475308642,
   "tos_lo": 0.5167643229166666,
   "tos_hi": 0.5563279642489711,
   "rand_mean": 0.8423193158436213,
   "rand_lo": 0.8278352462705761,
   "rand_hi": 0.8540071212705762
  },
  "TSMNet_dim8": {
   "backbone": "TSMNet",
   "z_dim": 36,
   "n": 27,
   "nseed": 3,
   "nfold": 9,
   "chance": 0.125,
   "res_mean": 0.4983764146090535,
   "res_lo": 0.48450279706790134,
   "res_hi": 0.5115744759516461,
   "full_mean": 0.9566293724279836,
   "full_lo": 0.9534300250771605,
   "full_hi": 0.9596675668724279,
   "task_full_mean": 0.6834812242798355,
   "task_full_lo": 0.6722435217335391,
   "task_full_hi": 0.6944303787294238,
   "task_leace_mean": 0.6797839506172839,
   "task_leace_lo": 0.6707469296553498,
   "task_leace_hi": 0.6893012152777778,
   "tos_mean": 0.6246945730452673,
   "tos_lo": 0.6054161040380659,
   "tos_hi": 0.6459808224022634,
   "rand_mean": 0.9391718106995884,
   "rand_lo": 0.9349758069701647,
   "rand_hi": 0.9430298353909464
  }
 },
 "matched_dim_contrast": [
  {
   "tz": 21,
   "ez": 16,
   "diff": 0.003954475308641958,
   "lo": -0.007958381558641923,
   "hi": 0.014162567515432007,
   "ncommon": 9,
   "dropped": [],