dataset,method,target_bacc,graph_kl,node_kl,R3_task_drop_k2,task_head_alignment_k2,mean_margin,prediction_entropy,removed_target_bacc
BNCI2014_001,cigl_graph_node,0.3344907407407407,0.7240245518860994,0.332320323144948,0.016203703703703696,0.03211633710826468,1.1210082767323395,0.8764909347070862,0.31828703703703703
BNCI2014_001,fcigl_align_eta0.01,0.3353266460905349,0.899189794505084,0.4552567016195368,0.01273148148148149,0.018606232534983058,1.171690014469134,0.8554131274946556,0.32259516460905346
BNCI2014_001,dcigl_consistency_beta0.1,0.3336548353909465,0.9905348773355838,0.46411205883379336,0.012731481481481477,0.04599883374886225,1.223077529699856,0.8327126080533908,0.32092335390946497
BNCI2015_001,cigl_graph_node,0.5844444444444443,0.3992452137172222,0.2853836789727211,0.05543981481481481,0.43963891463283555,2.2522730235731383,0.4038904960714821,0.5290046296296296
BNCI2015_001,fcigl_align_eta0.01,0.5887268518518518,0.5584495696756575,0.468758718834983,0.060416666666666674,0.24527180464078283,2.4583346938530757,0.38151504330108005,0.5283101851851852
BNCI2015_001,dcigl_consistency_beta0.1,0.5911342592592592,0.6392365437414911,0.4818047450648414,0.046134259259259264,0.5316728712460409,2.616257865140048,0.35949473157795053,0.545
