null_name,observed_hit,null_mean_hit,null_p95_hit,observed_minus_null_mean,observed_gt_null_p95,percentile,num_repeats,seed,diagnostic_only,no_selection_artifact
N1_cell_preserving_label_shuffle,0.9444444444444444,0.431794293843376,0.45075937973389896,0.5126501506010684,1,1.0,64,55055,1,1
N2_field_identity_shuffle,0.9444444444444444,0.7347497915023226,0.7620855461500601,0.20969465294212186,1,1.0,64,55055,1,1
N3_threshold_shuffle,0.9444444444444444,0.6244752276313459,0.6496782866353399,0.31996921681309853,1,1.0,64,55055,1,1
N4_target_block_shuffle,0.9444444444444444,0.5209844393004115,0.6338271604938271,0.4234600051440329,1,1.0,64,55055,1,1
N5_trajectory_block_shuffle,0.9444444444444444,0.6585069444444445,0.7712962962962961,0.28593749999999996,1,1.0,64,55055,1,1
N6_scalar_value_permutation_within_cell,0.9444444444444444,0.4311824845679012,0.4726543209876543,0.5132619598765432,1,1.0,64,55055,1,1
