mask,corr
S6_boundary_aligned,0.5110324718441439
S7_random_matched,0.46207633725439035
S0_full_support,0.5465538970611915
