quantity,c17_original,c18_identity_probe,c18_recomputable_s0
loto_auc,0.6023104389834069,0.6023104389834069,0.5929636630959882
oracle_spearman_bacc,0.119523893328065,0.119523893328065,
