regime,n_used,n_features,loto_auc,loso_auc,beats_permutation,base_rate
S0_full_support,621,8,0.5929636630959882,0.5518588531821046,True,0.5555555555555556
S1_label_marginal_skew,621,8,0.5929636630959882,0.5518588531821046,True,0.5555555555555556
S2_rare_cells,621,8,0.6025939928586431,0.5429741650913673,True,0.5555555555555556
S3_nonestimable_cells,621,8,0.5624133585381222,0.5405166981726528,True,0.5555555555555556
S4_missing_cells,1268,6,0.45972305389221557,0.4706686626746507,False,0.47318611987381703
S5_block_class_by_domain,621,8,0.5772526780088216,0.5196282293635791,False,0.5555555555555556
S6_boundary_aligned_mask,1268,6,0.5137674650698603,0.5295209580838324,False,0.47318611987381703
S7_random_matched_mask,1268,6,0.44802145708582836,0.4394436127744511,False,0.47318611987381703
