regime,loto_auc,permutation_mean_auc,permutation_p,beats_permutation
S0_full_support,0.5929636630959882,0.5450141776937618,0.008264462809917356,True
S1_label_marginal_skew,0.5929636630959882,0.5450141776937618,0.008264462809917356,True
S2_rare_cells,0.6025939928586431,0.5375226668066931,0.01652892561983471,True
S3_nonestimable_cells,0.5624133585381222,0.4768356612756424,0.008264462809917356,True
S4_missing_cells,0.45972305389221557,0.4794450058216899,0.9338842975206612,False
S5_block_class_by_domain,0.5772526780088216,0.5423541097808583,0.09917355371900827,False
S6_boundary_aligned_mask,0.5137674650698603,0.48831376829673984,0.0743801652892562,False
S7_random_matched_mask,0.44802145708582836,0.37511551896207584,0.008264462809917356,False
