regime,severity,loto_auc,beats_permutation,permutation_p,n_used,boundary_corr,leakage_source_estimable_fraction,accuracy_visibility,calibration_visibility,collapse_reason
S0_full_support,0,0.5929636630959882,True,0.008264462809917356,621,0.5465538970611915,1.0,0.07199395123539287,0.17689737678497056,none
S1_label_marginal_skew,1,0.5929636630959882,True,0.008264462809917356,621,0.5465538970611915,1.0,0.07199395123539287,0.17689737678497056,implemented_noop
S2_rare_cells,2,0.6025939928586431,True,0.01652892561983471,621,0.47461497373351763,1.0,0.06924145616327763,0.15478601394020017,none
S3_nonestimable_cells,3,0.5624133585381222,True,0.008264462809917356,621,0.4727902943653277,1.0,0.06945073435106836,0.15416017306369162,none
S4_missing_cells,4,0.45972305389221557,False,0.9338842975206612,1268,0.4657891761515076,1.0,,0.15315537925281023,endpoint_metric_nonestimability
S5_block_class_by_domain,4,0.5772526780088216,False,0.09917355371900827,621,0.49647244468735646,1.0,0.08790086924906446,0.12730777975869473,signal_loss
S6_boundary_aligned_mask,3,0.5137674650698603,False,0.0743801652892562,1268,0.5110324718441439,1.0,,0.1304633156320496,endpoint_metric_nonestimability
S7_random_matched_mask,3,0.44802145708582836,False,0.008264462809917356,1268,0.46207633725439035,1.0,,0.13300823282576021,endpoint_metric_nonestimability
