comparison_id,x1_base,x2_increment,hit_before,hit_after,bayes_hit_gain,conditional_tv_proxy,conditional_js_proxy,conditional_hellinger2_proxy,conditional_cs_binary_proxy,endpoint_closure_fraction,interpretation
COD_key_given_source,I1_strict_source,I2_key,0.5061728395061729,0.4876543209876543,-0.018518518518518545,0.018518518518518545,0.00024739926339123475,0.00017148900438901382,0.0006858188352363645,0.0,key does not improve source endpoint observability
COD_template_given_source,I1_strict_source,I6_template,0.5061728395061729,0.7037037037037037,0.19753086419753085,0.19753086419753085,0.02968532152002179,0.020661794682140577,0.0718403965391381,0.4507042253521127,template has partial target-label-derived observability
COD_label_diag_given_source,I1_strict_source,I6_label_diagnostic,0.5061728395061729,0.8127572016460904,0.3065843621399176,0.3065843621399176,0.07755077622658474,0.05451717131214856,0.15749134449320848,0.6995305164319247,target-label diagnostic content strongly changes endpoint distribution
COD_endpoint_given_source,I1_strict_source,I7_endpoint_scalar,0.5061728395061729,0.9444444444444444,0.43827160493827155,0.43827160493827155,0.19339944171556783,0.1429521978668871,0.280304335781474,1.0,same-label endpoint scalar dominates observability
COD_endpoint_given_source_template,I1_strict_source+I6_template,I7_endpoint_scalar,0.7037037037037037,0.9444444444444444,0.2407407407407407,0.2407407407407407,0.07795303094563394,0.05646435858544832,0.058866670575405296,1.0,endpoint still adds after template; template does not screen it off
COD_source_scalarization_given_source_rank,I1_strict_source,I1b_source_scalarization,0.5061728395061729,0.5740740740740741,0.0679012345679012,0.0679012345679012,0.003350045681767999,0.0023229983795676756,0.009104126354836603,0.1549295774647887,source-only scalarization is weak and below reliability
