comparison_id,template_hit,endpoint_hit,incremental_hit_gain,incremental_cs_proxy,screened_off,diagnostic_only
endpoint_after_matched_template,0.7037037037037037,0.9444444444444444,0.2407407407407407,0.058866670575405296,0,1
endpoint_after_leave_cell_template,0.5740740740740741,0.9444444444444444,0.37037037037037035,0.17828788273349552,0,1
endpoint_after_label_diagnostic,0.8127572016460904,0.9444444444444444,0.13168724279835398,0.014123517390496911,0,1
