comparison_id,x1_base,x2_increment,hit_before,hit_after,bayes_hit_gain,conditional_tv_proxy,conditional_js_proxy,conditional_hellinger2_proxy,conditional_cs_binary_proxy,endpoint_closure_fraction,interpretation,gamma,tail_error,requires_joint_tail_for_topk,model_bound_only
gamma_0.00,rank_only,endpoint_or_gauge_readout,0.5,0.9444444444444444,0.4444444444444444,0.4444444444444444,0.19763346407431598,0.14614906239705652,0.29114229387406787,1.0,normal rank-gauge calibration,0.0,0.5,1,1
gamma_0.25,rank_only,endpoint_or_gauge_readout,0.5987063256829237,0.9444444444444444,0.3457381187615207,0.3457381187615207,0.1346320554320471,0.09872725486456019,0.1485832585163823,1.0,normal rank-gauge calibration,0.25,0.4012936743170763,1,1
gamma_0.50,rank_only,endpoint_or_gauge_readout,0.6914624612740131,0.9444444444444444,0.2529819831704313,0.2529819831704313,0.08402296432598638,0.06096267682467582,0.06660510250416625,1.0,normal rank-gauge calibration,0.5,0.3085375387259869,1,1
gamma_0.75,rank_only,endpoint_or_gauge_readout,0.7733726476231317,0.9444444444444444,0.17107179682131268,0.17107179682131268,0.04627562956265968,0.03315419771108813,0.025827747019602526,1.0,normal rank-gauge calibration,0.75,0.2266273523768682,1,1
gamma_1.00,rank_only,endpoint_or_gauge_readout,0.8413447460685429,0.9444444444444444,0.1030996983759015,0.1030996983759015,0.020809670060394803,0.014710852529412469,0.008166774242008458,1.0,normal rank-gauge calibration,1.0,0.15865525393145707,1,1
gamma_1.50,rank_only,endpoint_or_gauge_readout,0.9331927987311419,0.9444444444444444,0.011251645713302505,0.011251645713302505,0.0003980081844117689,0.00027606163991267946,8.080185336374204e-05,1.0,normal rank-gauge calibration,1.5,0.06680720126885809,1,1
gamma_2.00,rank_only,endpoint_or_gauge_readout,0.9772498680518208,0.9444444444444444,-0.03280542360737637,0.03280542360737637,0.005315178058947878,0.003741541958584782,0.0006295571484760214,0.0,normal rank-gauge calibration,2.0,0.02275013194817922,1,1
