{
  "accepted_headline_numbers": {
    "h2cmi_repaired_split": {
      "G": 0.00782769726247987,
      "I_int": 0.0052383252818035434,
      "P": -0.009660225442834139,
      "full_joint_delta": 0.0034057971014492742
    },
    "official_spdim_repaired_split": {
      "paired_contrasts": {
        "rct_minus_source_only_tsmnet": {
          "dataset_macro": {
            "ci_high": 0.13257395536562205,
            "ci_low": 0.08531181083148676,
            "estimate": 0.10816120607787276
          },
          "subject_weighted": {
            "ci_high": 0.11899066022544283,
            "ci_low": 0.09184367954911432,
            "estimate": 0.10518357487922704
          }
        },
        "spdim_bias_minus_rct": {
          "dataset_macro": {
            "ci_high": -0.00012275772923924026,
            "ci_low": -0.007574166402870115,
            "estimate": -0.0038561781154373928
          },
          "subject_weighted": {
            "ci_high": -0.0007149758454106429,
            "ci_low": -0.007257689210950088,
            "estimate": -0.004011272141706934
          }
        },
        "spdim_bias_minus_source_only_tsmnet": {
          "dataset_macro": {
            "ci_high": 0.12869779136330062,
            "ci_low": 0.08155686464598502,
            "estimate": 0.10430502796243535
          },
          "subject_weighted": {
            "ci_high": 0.11486179549114328,
            "ci_low": 0.08829464573268922,
            "estimate": 0.10117230273752012
          }
        },
        "spdim_geodesic_minus_rct": {
          "dataset_macro": {
            "ci_high": 0.0002181993246807888,
            "ci_low": -0.0035892885406774207,
            "estimate": -0.001679856494671327
          },
          "subject_weighted": {
            "ci_high": -0.0008260466988728008,
            "ci_low": -0.004650603864734306,
            "estimate": -0.0027407407407407528
          }
        },
        "spdim_geodesic_minus_source_only_tsmnet": {
          "dataset_macro": {
            "ci_high": 0.1305148649361612,
            "ci_low": 0.08398472617917062,
            "estimate": 0.10648134958320143
          },
          "subject_weighted": {
            "ci_high": 0.11610958132045089,
            "ci_low": 0.08949911433172304,
            "estimate": 0.1024428341384863
          }
        }
      },
      "subject_weighted_method_bacc": {
        "rct": {
          "ci_high": 0.663767190016103,
          "ci_low": 0.6304244363929148,
          "estimate": 0.6471642512077294
        },
        "source_only_tsmnet": {
          "ci_high": 0.5508985507246376,
          "ci_low": 0.5334459742351046,
          "estimate": 0.5419806763285024
        },
        "spdim_bias": {
          "ci_high": 0.6599215378421899,
          "ci_low": 0.6264632850241547,
          "estimate": 0.6431529790660225
        },
        "spdim_geodesic": {
          "ci_high": 0.6610387681159421,
          "ci_low": 0.6277307971014493,
          "estimate": 0.6444235104669886
        }
      }
    }
  },
  "adapter_only_h2cmi_vs_spdim_comparison_supported": false,
  "additional_gpu_required": false,
  "artifacts": {
    "comparability_audit_json": {
      "path": "h2cmi/results/review_completion/w1_repaired_pipeline_comparability_audit.json",
      "sha256": "6aca43e5c4f055c85c02e7180421d5d27f3e1302cef00fca4601363fa4f9c3b2"
    },
    "comparability_audit_md": {
      "path": "h2cmi/results/review_completion/w1_repaired_pipeline_comparability_audit.md",
      "sha256": "19e60fa30dfdf1c2d88e329ae5c7fb048c4131864641d09ab7d31252444984c6"
    },
    "cross_pipeline_results_csv": {
      "path": "h2cmi/results/review_completion/w1_repaired_cross_pipeline_results.csv",
      "sha256": "59a251081003a6c95873447ad196581a19e2fbd9b4e5c920bafb9eae2ee6a6d2"
    },
    "cross_pipeline_results_json": {
      "path": "h2cmi/results/review_completion/w1_repaired_cross_pipeline_results.json",
      "sha256": "6bb363f2bb099ca1ab68e22f0f86e253bb894c8ad95ba4ec2cb28effb65f9966"
    },
    "cross_pipeline_results_md": {
      "path": "h2cmi/results/review_completion/w1_repaired_cross_pipeline_results.md",
      "sha256": "1135fda15af757962cdd14ce1d78a8223a23c0166e3fc40f8789a090e83d0b2e"
    },
    "freeze_md": {
      "path": "h2cmi/results/review_completion/FINAL_REPAIRED_W1_EVIDENCE_FREEZE.md",
      "sha256": "64b85331c398ce32b4d639a31b163c65bf8a85f04c1cd618d4ecc1162662c9b1"
    },
    "generator": {
      "path": "h2cmi/results/review_completion/w1_repaired_cross_pipeline_freeze.py",
      "sha256": "fbc5193a929f3626fdec882255f307c1b1cdc4b0bdc8a8e1d203bc7483a787cc"
    },
    "harm_csv": {
      "path": "h2cmi/results/review_completion/w1_repaired_cross_pipeline_harm.csv",
      "sha256": "35b9616be6aae84a6d433dbda09f7d7a07dc3498d98e3cc5fe9788ac3e167e38"
    },
    "harm_md": {
      "path": "h2cmi/results/review_completion/w1_repaired_cross_pipeline_harm.md",
      "sha256": "e60dbe9961e6e306f3dfd2965f8c7bff7545b5f103c4345a2d10d82000e44f08"
    },
    "independent_red_team_review": {
      "path": "h2cmi/results/review_completion/w1_repaired_cross_pipeline_red_team_review.md",
      "sha256": "094448b2eb4aba09abd94531245e95747060100fa5ffca173031e805ce4ede86"
    }
  },
  "equivalence_claim_supported": false,
  "full_pipeline_same_split_comparison_supported": true,
  "label": "P10 final repaired-W1 evidence freeze",
  "legacy_w1_split_quarantined": true,
  "noninferiority_claim_supported": false,
  "official_spdim_result_is_seed0_only": false,
  "official_spdim_three_seed_same_split_baseline_complete": true,
  "rct_improves_over_source_only": true,
  "repaired_h2cmi_w1_confirmatory": true,
  "source_artifacts": {
    "h2cmi": {
      "result_commit": "bc61ee11d21e023966fa9be637e960fdaf77a9c1",
      "result_path": "h2cmi/results/review_completion/w1_repaired_h2cmi_results.csv",
      "result_sha256": "6d5106a78dad9ce852c8e01ca292ef5b4a37bbeaaaac810a177dccb8b6b9089c"
    },
    "manifest": {
      "file_sha256": "e9ebe6e9421bdcf10f8a952623285cec0842f5cb6b868e8147f13dde23e8a712",
      "manifest_hash": "231246def0ac1dd8cef02920b77502767467738a839ca0a99673117df31b6d8e",
      "path": "h2cmi/results/review_completion/w1_repaired_split_manifest.csv"
    },
    "spdim": {
      "result_commit": "8972de878a93e00a5b6cf6b8118bc32adc05eb48",
      "result_path": "h2cmi/results/review_completion/spdim_w1_repaired_three_seed_results.csv",
      "result_sha256": "95b8f69556a140dc020415753c9694cf9ebdeed1abb0766dd24f523c491289c3"
    }
  },
  "spdim_bias_improves_over_rct": false,
  "spdim_geodesic_improves_over_rct": false,
  "status": "pass",
  "validation": {
    "all_120_harm_rows_generated_from_seed_averaged_units": true,
    "all_50_standardized_rows_generated_from_seed_averaged_units": true,
    "all_five_spdim_contrast_cis_recomputed": true,
    "all_json_csv_source_files_parsed": true,
    "cross_pipeline_result_rows": 50,
    "h2cmi_decomposition_headlines_recomputed": true,
    "harm_rows": 120,
    "legacy_split_rows_in_freeze": 0,
    "manifest_hash_matches": true,
    "p7_result_sha_matches": true,
    "p7_target_seed_units": 345,
    "p7_units_are_115_subjects_x_3_seeds": true,
    "p9_result_sha_matches": true,
    "p9_target_seed_method_rows": 1380,
    "p9_units_are_115_subjects_x_3_seeds_x_4_methods": true,
    "reported_aggregates_recompute": true
  },
  "verdict_derivation": {
    "comparability_audit": {
      "adapter_only": false,
      "full_pipeline_same_split": true
    },
    "equivalence_analysis_present": false,
    "h2cmi_summary_and_unit_gate_pass": true,
    "legacy_quarantine_artifact_active": true,
    "noninferiority_margin_preregistered": false,
    "spdim_source_seeds": [
      0,
      1,
      2
    ],
    "spdim_summary_seed_and_row_gate_pass": true
  }
}
