metric,selection_leakage,source_audit_leakage,audit_minus_selection,source_audit_substantially_better
mean_pairwise_auc,0.49373160501299335,0.4981768980759732,0.00444529306297986,0
median_pairwise_auc,0.5066137566137566,0.5128511081852096,0.006237351571452998,0
