{
  "config": {
    "dataset": "BNCI2014_001",
    "backbone": "EEGNet",
    "configs": [
      "erm:0",
      "lpc_prior:0.1"
    ],
    "epochs": 200,
    "bs": 64,
    "warmup": 40,
    "n_inner": 2,
    "weight_decay": 0.0001,
    "sampler": "classbal",
    "prior": "empirical",
    "prior_alpha": 1.0,
    "align": "none",
    "fmin": null,
    "fmax": null,
    "protocol": "loso",
    "imbalance": 0.0,
    "tmin": 0.5,
    "tmax": 3.5,
    "resample": 250,
    "seed": 0,
    "max_subjects": 0,
    "out": "results/align_BNCI2014_001_none.json"
  },
  "classes": [
    "feet",
    "left_hand",
    "right_hand",
    "tongue"
  ],
  "summary": {
    "erm:0": {
      "per_target_balanced_acc_mean": 0.43209876543209874,
      "per_target_balanced_acc_std": 0.13439001366734857,
      "worst_target_balanced_acc": 0.2638888888888889,
      "worst_target_acc": 0.2638888888888889,
      "macro_f1": 0.4013601826211944,
      "pooled_balanced_acc": 0.43209876543209874,
      "pooled_macro_f1": 0.42793675729019415,
      "subject_balanced_acc": 0.2222222222222222,
      "subject_macro_f1": 0.09090909090909091,
      "leakage_kl": 1.0553356673982408,
      "leakage_advantage": 0.6910902225435849,
      "label_sep": 0.6109906001446131,
      "inloop_reg": 0.0,
      "stepA_dom_acc": 0.0,
      "per_target": [
        {
          "target": "1",
          "accuracy": 0.5555555555555556,
          "balanced_acc": 0.5555555555555555,
          "macro_f1": 0.4858899993232734,
          "nll": 1.2184995412826538,
          "ece": 0.14305025784091815,
          "leakage_kl": 1.1938049793243408,
          "cond_dom_acc": 0.8467100506146059,
          "prior_dom_acc": 0.1019522776572668,
          "leakage_advantage": 0.7447577729573391,
          "label_sep": 0.5907447577729573,
          "inloop_reg": 0.0,
          "stepA_dom_acc": 0.0
        },
        {
          "target": "2",
          "accuracy": 0.2638888888888889,
          "balanced_acc": 0.2638888888888889,
          "macro_f1": 0.21464400541803721,
          "nll": 1.789121389389038,
          "ece": 0.2849266696203914,
          "leakage_kl": 1.0968059301376343,
          "cond_dom_acc": 0.8047722342733189,
          "prior_dom_acc": 0.1019522776572668,
          "leakage_advantage": 0.7028199566160521,
          "label_sep": 0.665943600867679,
          "inloop_reg": 0.0,
          "stepA_dom_acc": 0.0
        },
        {
          "target": "3",
          "accuracy": 0.6024305555555556,
          "balanced_acc": 0.6024305555555556,
          "macro_f1": 0.5946308217684672,
          "nll": 0.8910168409347534,
          "ece": 0.07512905847074258,
          "leakage_kl": 1.1223446130752563,
          "cond_dom_acc": 0.8026030368763557,
          "prior_dom_acc": 0.1019522776572668,
          "leakage_advantage": 0.7006507592190889,
          "label_sep": 0.5683297180043384,
          "inloop_reg": 0.0,
          "stepA_dom_acc": 0.0
        },
        {
          "target": "4",
          "accuracy": 0.3229166666666667,
          "balanced_acc": 0.32291666666666663,
          "macro_f1": 0.2944228545382561,
          "nll": 1.5425505638122559,
          "ece": 0.2491221952045129,
          "leakage_kl": 1.1726411581039429,
          "cond_dom_acc": 0.8445408532176428,
          "prior_dom_acc": 0.1019522776572668,
          "leakage_advantage": 0.742588575560376,
          "label_sep": 0.618944323933478,
          "inloop_reg": 0.0,
          "stepA_dom_acc": 0.0
        },
        {
          "target": "5",
          "accuracy": 0.2829861111111111,
          "balanced_acc": 0.2829861111111111,
          "macro_f1": 0.1912932854301141,
          "nll": 1.893452763557434,
          "ece": 0.29310902508182657,
          "leakage_kl": 0.9637364149093628,
          "cond_dom_acc": 0.8040491684743312,
          "prior_dom_acc": 0.1019522776572668,
          "leakage_advantage": 0.7020968908170644,
          "label_sep": 0.6355748373101953,
          "inloop_reg": 0.0,
          "stepA_dom_acc": 0.0
        },
        {
          "target": "6",
          "accuracy": 0.3090277777777778,
          "balanced_acc": 0.3090277777777778,
          "macro_f1": 0.28242836114852493,
          "nll": 2.6515591144561768,
          "ece": 0.3760147806153529,
          "leakage_kl": 1.0590649843215942,
          "cond_dom_acc": 0.8185104844540854,
          "prior_dom_acc": 0.10412147505422993,
          "leakage_advantage": 0.7143890093998554,
          "label_sep": 0.6377440347071583,
          "inloop_reg": 0.0,
          "stepA_dom_acc": 0.0
        },
        {
          "target": "7",
          "accuracy": 0.4079861111111111,
          "balanced_acc": 0.4079861111111111,
          "macro_f1": 0.40582170825908914,
          "nll": 1.3904550075531006,
          "ece": 0.12424584002130562,
          "leakage_kl": 0.9815554618835449,
          "cond_dom_acc": 0.7194504699927693,
          "prior_dom_acc": 0.10484454085321765,
          "leakage_advantage": 0.6146059291395516,
          "label_sep": 0.5958062183658713,
          "inloop_reg": 0.0,
          "stepA_dom_acc": 0.0
        },
        {
          "target": "8",
          "accuracy": 0.59375,
          "balanced_acc": 0.59375,
          "macro_f1": 0.5863712216298078,
          "nll": 0.9782281517982483,
          "ece": 0.06644108860443036,
          "leakage_kl": 1.0118913650512695,
          "cond_dom_acc": 0.7751265365148229,
          "prior_dom_acc": 0.10484454085321765,
          "leakage_advantage": 0.6702819956616053,
          "label_sep": 0.5849602313810557,
          "inloop_reg": 0.0,
          "stepA_dom_acc": 0.0
        },
        {
          "target": "9",
          "accuracy": 0.5503472222222222,
          "balanced_acc": 0.5503472222222222,
          "macro_f1": 0.5567393860751795,
          "nll": 1.078755259513855,
          "ece": 0.15137103675968117,
          "leakage_kl": 0.8961760997772217,
          "cond_dom_acc": 0.7331887201735358,
          "prior_dom_acc": 0.10556760665220535,
          "leakage_advantage": 0.6276211135213304,
          "label_sep": 0.6008676789587852,
          "inloop_reg": 0.0,
          "stepA_dom_acc": 0.0
        }
      ]
    },
    "lpc_prior:0.1": {
      "per_target_balanced_acc_mean": 0.4079861111111111,
      "per_target_balanced_acc_std": 0.13763905239740634,
      "worst_target_balanced_acc": 0.2621527777777778,
      "worst_target_acc": 0.2621527777777778,
      "macro_f1": 0.3681833002625483,
      "pooled_balanced_acc": 0.4079861111111111,
      "pooled_macro_f1": 0.40707047864717305,
      "subject_balanced_acc": 0.3333333333333333,
      "subject_macro_f1": 0.125,
      "leakage_kl": 0.26928718719217515,
      "leakage_advantage": 0.34024262874588257,
      "label_sep": 0.6044830079537238,
      "inloop_reg": 0.7530630979640984,
      "stepA_dom_acc": 0.5110677083333334,
      "per_target": [
        {
          "target": "1",
          "accuracy": 0.5920138888888888,
          "balanced_acc": 0.5920138888888888,
          "macro_f1": 0.5325910286700514,
          "nll": 1.0342406034469604,
          "ece": 0.10589239296192922,
          "leakage_kl": 0.23750178515911102,
          "cond_dom_acc": 0.4135936370209689,
          "prior_dom_acc": 0.1019522776572668,
          "leakage_advantage": 0.3116413593637021,
          "label_sep": 0.5900216919739696,
          "inloop_reg": 0.7224315421448814,
          "stepA_dom_acc": 0.5199652777777778
        },
        {
          "target": "2",
          "accuracy": 0.2621527777777778,
          "balanced_acc": 0.2621527777777778,
          "macro_f1": 0.1801127223990709,
          "nll": 1.7949888706207275,
          "ece": 0.3211571615603235,
          "leakage_kl": 0.23834268748760223,
          "cond_dom_acc": 0.43239334779464933,
          "prior_dom_acc": 0.1019522776572668,
          "leakage_advantage": 0.33044107013738255,
          "label_sep": 0.6594360086767896,
          "inloop_reg": 0.680901332034005,