{
  "config": {
    "dataset": "BNCI2014_001",
    "backbone": "EEGNet",
    "configs": [
      "erm:0",
      "lpc_prior:0.1"
    ],
    "epochs": 200,
    "bs": 64,
    "warmup": 40,
    "n_inner": 2,
    "weight_decay": 0.0001,
    "sampler": "classbal",
    "prior": "empirical",
    "prior_alpha": 1.0,
    "align": "ea",
    "fmin": null,
    "fmax": null,
    "protocol": "loso",
    "imbalance": 0.0,
    "tmin": 0.5,
    "tmax": 3.5,
    "resample": 250,
    "seed": 0,
    "max_subjects": 0,
    "out": "results/align_BNCI2014_001_ea.json"
  },
  "classes": [
    "feet",
    "left_hand",
    "right_hand",
    "tongue"
  ],
  "summary": {
    "erm:0": {
      "per_target_balanced_acc_mean": 0.48823302469135804,
      "per_target_balanced_acc_std": 0.13849475756449098,
      "worst_target_balanced_acc": 0.3003472222222222,
      "worst_target_acc": 0.3003472222222222,
      "macro_f1": 0.4711053871846228,
      "pooled_balanced_acc": 0.488233024691358,
      "pooled_macro_f1": 0.482906689677238,
      "subject_balanced_acc": 0.1111111111111111,
      "subject_macro_f1": 0.05,
      "leakage_kl": 0.7902597188949585,
      "leakage_advantage": 0.5662408612517074,
      "label_sep": 0.6702819956616052,
      "inloop_reg": 0.0,
      "stepA_dom_acc": 0.0,
      "per_target": [
        {
          "target": "1",
          "accuracy": 0.6510416666666666,
          "balanced_acc": 0.6510416666666667,
          "macro_f1": 0.6451053124481397,
          "nll": 0.7846503853797913,
          "ece": 0.0383776822127402,
          "leakage_kl": 0.7854317426681519,
          "cond_dom_acc": 0.6616052060737527,
          "prior_dom_acc": 0.1019522776572668,
          "leakage_advantage": 0.559652928416486,
          "label_sep": 0.6543745480838756,
          "inloop_reg": 0.0,
          "stepA_dom_acc": 0.0
        },
        {
          "target": "2",
          "accuracy": 0.3003472222222222,
          "balanced_acc": 0.3003472222222222,
          "macro_f1": 0.29257706890363294,
          "nll": 1.937479853630066,
          "ece": 0.2786439922638238,
          "leakage_kl": 0.6775593757629395,
          "cond_dom_acc": 0.6305133767172812,
          "prior_dom_acc": 0.1019522776572668,
          "leakage_advantage": 0.5285610990600145,
          "label_sep": 0.7042660882140275,
          "inloop_reg": 0.0,
          "stepA_dom_acc": 0.0
        },
        {
          "target": "3",
          "accuracy": 0.6302083333333334,
          "balanced_acc": 0.6302083333333334,
          "macro_f1": 0.6003824384072336,
          "nll": 0.8536131381988525,
          "ece": 0.0526304518700474,
          "leakage_kl": 0.7341561317443848,
          "cond_dom_acc": 0.6290672451193059,
          "prior_dom_acc": 0.1019522776572668,
          "leakage_advantage": 0.5271149674620391,
          "label_sep": 0.6261749819233551,
          "inloop_reg": 0.0,
          "stepA_dom_acc": 0.0
        },
        {
          "target": "4",
          "accuracy": 0.4045138888888889,
          "balanced_acc": 0.40451388888888895,
          "macro_f1": 0.39266402459300154,
          "nll": 1.4967341423034668,
          "ece": 0.21603863024049336,
          "leakage_kl": 0.8811284303665161,
          "cond_dom_acc": 0.6861894432393347,
          "prior_dom_acc": 0.1019522776572668,
          "leakage_advantage": 0.584237165582068,
          "label_sep": 0.6804049168474331,
          "inloop_reg": 0.0,
          "stepA_dom_acc": 0.0
        },
        {
          "target": "5",
          "accuracy": 0.3246527777777778,
          "balanced_acc": 0.32465277777777773,
          "macro_f1": 0.2696987569498608,
          "nll": 2.0168726444244385,
          "ece": 0.33806649683457285,
          "leakage_kl": 0.8635170459747314,
          "cond_dom_acc": 0.7158351409978309,
          "prior_dom_acc": 0.1019522776572668,
          "leakage_advantage": 0.6138828633405641,
          "label_sep": 0.6984815618221258,
          "inloop_reg": 0.0,
          "stepA_dom_acc": 0.0
        },
        {
          "target": "6",
          "accuracy": 0.3732638888888889,
          "balanced_acc": 0.3732638888888889,
          "macro_f1": 0.35897533962467426,
          "nll": 1.8581136465072632,
          "ece": 0.3069723336957395,
          "leakage_kl": 0.798465371131897,
          "cond_dom_acc": 0.6702819956616052,
          "prior_dom_acc": 0.10412147505422993,
          "leakage_advantage": 0.5661605206073752,
          "label_sep": 0.7049891540130152,
          "inloop_reg": 0.0,
          "stepA_dom_acc": 0.0
        },
        {
          "target": "7",
          "accuracy": 0.4461805555555556,
          "balanced_acc": 0.4461805555555555,
          "macro_f1": 0.4450503931125147,
          "nll": 1.317031741142273,
          "ece": 0.14650837337184283,
          "leakage_kl": 0.7693280577659607,
          "cond_dom_acc": 0.665943600867679,
          "prior_dom_acc": 0.10484454085321765,
          "leakage_advantage": 0.5610990600144614,
          "label_sep": 0.6724511930585684,
          "inloop_reg": 0.0,
          "stepA_dom_acc": 0.0
        },
        {
          "target": "8",
          "accuracy": 0.6493055555555556,
          "balanced_acc": 0.6493055555555556,
          "macro_f1": 0.62841553265035,
          "nll": 0.9661847352981567,
          "ece": 0.05916344627944959,
          "leakage_kl": 0.9084559082984924,
          "cond_dom_acc": 0.7122198120028923,
          "prior_dom_acc": 0.10484454085321765,
          "leakage_advantage": 0.6073752711496747,
          "label_sep": 0.6420824295010846,
          "inloop_reg": 0.0,
          "stepA_dom_acc": 0.0
        },
        {
          "target": "9",
          "accuracy": 0.6145833333333334,
          "balanced_acc": 0.6145833333333334,
          "macro_f1": 0.607079617972198,
          "nll": 0.9673396348953247,
          "ece": 0.10034137276104757,
          "leakage_kl": 0.6942954063415527,
          "cond_dom_acc": 0.6536514822848879,
          "prior_dom_acc": 0.10556760665220535,
          "leakage_advantage": 0.5480838756326826,
          "label_sep": 0.6493130874909617,
          "inloop_reg": 0.0,
          "stepA_dom_acc": 0.0
        }
      ]
    },
    "lpc_prior:0.1": {
      "per_target_balanced_acc_mean": 0.4729938271604939,
      "per_target_balanced_acc_std": 0.14154745061163498,
      "worst_target_balanced_acc": 0.3125,
      "worst_target_acc": 0.3125,
      "macro_f1": 0.45198716439152037,
      "pooled_balanced_acc": 0.4729938271604939,
      "pooled_macro_f1": 0.46535438075256536,
      "subject_balanced_acc": 0.0,
      "subject_macro_f1": 0.0,
      "leakage_kl": 0.22891917824745178,
      "leakage_advantage": 0.2793444203422511,
      "label_sep": 0.6747007310998634,
      "inloop_reg": 0.596314336920594,
      "stepA_dom_acc": 0.44938753858024694,
      "per_target": [
        {
          "target": "1",
          "accuracy": 0.6232638888888888,
          "balanced_acc": 0.6232638888888888,
          "macro_f1": 0.6067872922204561,
          "nll": 0.8157503604888916,
          "ece": 0.04145906042928498,
          "leakage_kl": 0.19171147048473358,
          "cond_dom_acc": 0.3839479392624729,
          "prior_dom_acc": 0.1019522776572668,
          "leakage_advantage": 0.28199566160520606,
          "label_sep": 0.6428054953000724,
          "inloop_reg": 0.5921056295434634,
          "stepA_dom_acc": 0.455078125
        },
        {
          "target": "2",
          "accuracy": 0.3125,
          "balanced_acc": 0.3125,
          "macro_f1": 0.3018421709552667,
          "nll": 1.7976998090744019,
          "ece": 0.2807009559538629,
          "leakage_kl": 0.18744675815105438,
          "cond_dom_acc": 0.3615328994938539,
          "prior_dom_acc": 0.1019522776572668,
          "leakage_advantage": 0.25958062183658714,
          "label_sep": 0.7187274041937817,
          "inloop_reg": 0.5334240516854657,
          "stepA_dom_acc": 0.4318576388888889
        },
        {
          "target": "3",