{
  "config": {
    "dataset": "BNCI2014_004",
    "backbone": "EEGNet",
    "configs": [
      "erm:0",
      "lpc_prior:0.1"
    ],
    "epochs": 200,
    "bs": 64,
    "warmup": 40,
    "n_inner": 2,
    "weight_decay": 0.0001,
    "sampler": "classbal",
    "prior": "empirical",
    "prior_alpha": 1.0,
    "align": "none",
    "fmin": null,
    "fmax": null,
    "protocol": "loso",
    "imbalance": 0.0,
    "tmin": 0.5,
    "tmax": 3.5,
    "resample": 250,
    "seed": 0,
    "max_subjects": 0,
    "out": "results/align_BNCI2014_004_none.json"
  },
  "classes": [
    "left_hand",
    "right_hand"
  ],
  "summary": {
    "erm:0": {
      "per_target_balanced_acc_mean": 0.6561224666358825,
      "per_target_balanced_acc_std": 0.09075850438133808,
      "worst_target_balanced_acc": 0.5297297297297296,
      "worst_target_acc": 0.5297297297297298,
      "macro_f1": 0.6538324797607785,
      "pooled_balanced_acc": 0.6573619631901841,
      "pooled_macro_f1": 0.6564712372892036,
      "subject_balanced_acc": 0.7777777777777778,
      "subject_macro_f1": 0.4375,
      "leakage_kl": 0.5303774178028107,
      "leakage_advantage": 0.4967870402283887,
      "label_sep": 0.7310981780197044,
      "inloop_reg": 0.0,
      "stepA_dom_acc": 0.0,
      "per_target": [
        {
          "target": "1",
          "accuracy": 0.6819444444444445,
          "balanced_acc": 0.6819444444444445,
          "macro_f1": 0.6819143784809907,
          "nll": 0.5874059200286865,
          "ece": 0.035002637488974454,
          "leakage_kl": 0.5512319803237915,
          "cond_dom_acc": 0.6209075244112578,
          "prior_dom_acc": 0.11717403790924756,
          "leakage_advantage": 0.5037334865020103,
          "label_sep": 0.7403790924755888,
          "inloop_reg": 0.0,
          "stepA_dom_acc": 0.0
        },
        {
          "target": "2",
          "accuracy": 0.5397058823529411,
          "balanced_acc": 0.5397058823529411,
          "macro_f1": 0.5327445440395512,
          "nll": 0.7402304410934448,
          "ece": 0.1300578863305204,
          "leakage_kl": 0.5058136582374573,
          "cond_dom_acc": 0.6451796919566457,
          "prior_dom_acc": 0.11009697661152311,
          "leakage_advantage": 0.5350827153451226,
          "label_sep": 0.7381631488876212,
          "inloop_reg": 0.0,
          "stepA_dom_acc": 0.0
        },
        {
          "target": "3",
          "accuracy": 0.55,
          "balanced_acc": 0.55,
          "macro_f1": 0.549944437584887,
          "nll": 0.7936576008796692,
          "ece": 0.16560828578141001,
          "leakage_kl": 0.5599644184112549,
          "cond_dom_acc": 0.6036760482481333,
          "prior_dom_acc": 0.11717403790924756,
          "leakage_advantage": 0.4865020103388857,
          "label_sep": 0.746122917863297,
          "inloop_reg": 0.0,
          "stepA_dom_acc": 0.0
        },
        {
          "target": "4",
          "accuracy": 0.8081081081081081,
          "balanced_acc": 0.8081081081081081,
          "macro_f1": 0.8018016658619025,
          "nll": 0.4207318425178528,
          "ece": 0.036508485272124025,
          "leakage_kl": 0.46177321672439575,
          "cond_dom_acc": 0.570028818443804,
          "prior_dom_acc": 0.12103746397694524,
          "leakage_advantage": 0.4489913544668588,
          "label_sep": 0.7164265129682997,
          "inloop_reg": 0.0,
          "stepA_dom_acc": 0.0
        },
        {
          "target": "5",
          "accuracy": 0.5297297297297298,
          "balanced_acc": 0.5297297297297296,
          "macro_f1": 0.5296988114631349,
          "nll": 0.7463971376419067,
          "ece": 0.1538296229130513,
          "leakage_kl": 0.5399618744850159,
          "cond_dom_acc": 0.6484149855907781,
          "prior_dom_acc": 0.12103746397694524,
          "leakage_advantage": 0.5273775216138329,
          "label_sep": 0.7377521613832853,
          "inloop_reg": 0.0,
          "stepA_dom_acc": 0.0
        },
        {
          "target": "6",
          "accuracy": 0.7152777777777778,
          "balanced_acc": 0.7152777777777778,
          "macro_f1": 0.7133529739628951,
          "nll": 0.5601330399513245,
          "ece": 0.03851967950661976,
          "leakage_kl": 0.591086745262146,
          "cond_dom_acc": 0.6243538196438828,
          "prior_dom_acc": 0.11602527283170591,
          "leakage_advantage": 0.5083285468121769,
          "label_sep": 0.7277426766226307,
          "inloop_reg": 0.0,
          "stepA_dom_acc": 0.0
        },
        {
          "target": "7",
          "accuracy": 0.6736111111111112,
          "balanced_acc": 0.6736111111111112,
          "macro_f1": 0.670585761595206,
          "nll": 0.6713129878044128,
          "ece": 0.12177684033910433,
          "leakage_kl": 0.597957968711853,
          "cond_dom_acc": 0.5933371625502585,
          "prior_dom_acc": 0.11602527283170591,
          "leakage_advantage": 0.47731188971855254,
          "label_sep": 0.7311889718552556,
          "inloop_reg": 0.0,
          "stepA_dom_acc": 0.0
        },
        {
          "target": "8",
          "accuracy": 0.7289473684210527,
          "balanced_acc": 0.7289473684210527,
          "macro_f1": 0.7275720221895858,
          "nll": 0.5034249424934387,
          "ece": 0.05310249116859936,
          "leakage_kl": 0.532112717628479,
          "cond_dom_acc": 0.5882012724117988,
          "prior_dom_acc": 0.11162521688837479,
          "leakage_advantage": 0.47657605552342397,
          "label_sep": 0.7258530942741469,
          "inloop_reg": 0.0,
          "stepA_dom_acc": 0.0
        },
        {
          "target": "9",
          "accuracy": 0.6777777777777778,
          "balanced_acc": 0.6777777777777778,
          "macro_f1": 0.6768777226688538,
          "nll": 0.5819953680038452,
          "ece": 0.055433612647983764,
          "leakage_kl": 0.4334941804409027,
          "cond_dom_acc": 0.6145893164847789,
          "prior_dom_acc": 0.1074095347501436,
          "leakage_advantage": 0.5071797817346353,
          "label_sep": 0.7162550258472142,
          "inloop_reg": 0.0,
          "stepA_dom_acc": 0.0
        }
      ]
    },
    "lpc_prior:0.1": {
      "per_target_balanced_acc_mean": 0.6478822863110789,
      "per_target_balanced_acc_std": 0.0778005317947269,
      "worst_target_balanced_acc": 0.5411764705882354,
      "worst_target_acc": 0.5411764705882353,
      "macro_f1": 0.6370734947303534,
      "pooled_balanced_acc": 0.649079754601227,
      "pooled_macro_f1": 0.6419191827541586,
      "subject_balanced_acc": 0.8888888888888888,
      "subject_macro_f1": 0.47058823529411764,
      "leakage_kl": 0.0710860826075077,
      "leakage_advantage": 0.17101727418631327,
      "label_sep": 0.7303324285984888,
      "inloop_reg": 0.23359454212498754,
      "stepA_dom_acc": 0.2963280932030932,
      "per_target": [
        {
          "target": "1",
          "accuracy": 0.6847222222222222,
          "balanced_acc": 0.6847222222222222,
          "macro_f1": 0.6749241708517727,
          "nll": 0.5959330201148987,
          "ece": 0.027072421792480674,
          "leakage_kl": 0.07154662162065506,
          "cond_dom_acc": 0.28891441700172316,
          "prior_dom_acc": 0.11717403790924756,
          "leakage_advantage": 0.17174037909247558,
          "label_sep": 0.7254451464675474,
          "inloop_reg": 0.2445164273182551,
          "stepA_dom_acc": 0.2982638888888889
        },
        {
          "target": "2",
          "accuracy": 0.5411764705882353,
          "balanced_acc": 0.5411764705882354,
          "macro_f1": 0.5074248460702644,
          "nll": 0.7458413243293762,
          "ece": 0.1438485849429579,
          "leakage_kl": 0.062097784131765366,
          "cond_dom_acc": 0.32059326868225896,
          "prior_dom_acc": 0.11009697661152311,
          "leakage_advantage": 0.21049629207073584,
          "label_sep": 0.7472903593839133,
          "inloop_reg": 0.23084392439533066,