{
  "config": {
    "dataset": "BNCI2014_004",
    "backbone": "EEGNet",
    "configs": [
      "erm:0",
      "lpc_prior:0.3",
      "cdann:1"
    ],
    "epochs": 300,
    "bs": 64,
    "warmup": 40,
    "n_inner": 2,
    "weight_decay": 0.0001,
    "protocol": "loso",
    "imbalance": 0.0,
    "tmin": 0.0,
    "tmax": 4.0,
    "resample": 250,
    "seed": 2,
    "max_subjects": 0,
    "out": "results/BNCI2014_004_EEGNet_ms2.json"
  },
  "classes": [
    "left_hand",
    "right_hand"
  ],
  "summary": {
    "erm:0": {
      "per_target_balanced_acc_mean": 0.684977792550032,
      "per_target_balanced_acc_std": 0.09429115114427263,
      "worst_target_balanced_acc": 0.5638888888888889,
      "worst_target_acc": 0.5638888888888889,
      "macro_f1": 0.6802885956511283,
      "pooled_balanced_acc": 0.6861963190184048,
      "pooled_macro_f1": 0.685521620918982,
      "subject_balanced_acc": 0.3333333333333333,
      "subject_macro_f1": 0.25,
      "leakage_kl": 0.5042865110768212,
      "leakage_advantage": 0.5037078642252988,
      "label_sep": 0.7179890293941219,
      "per_target": [
        {
          "target": "1",
          "accuracy": 0.6958333333333333,
          "balanced_acc": 0.6958333333333333,
          "macro_f1": 0.6892239467849224,
          "nll": 0.5722731947898865,
          "ece": 0.051478427896897,
          "leakage_kl": 0.4778359830379486,
          "cond_dom_acc": 0.6329695577254452,
          "prior_dom_acc": 0.10913268236645605,
          "leakage_advantage": 0.5238368753589892,
          "label_sep": 0.7059161401493395
        },
        {
          "target": "2",
          "accuracy": 0.5676470588235294,
          "balanced_acc": 0.5676470588235294,
          "macro_f1": 0.5642545771578029,
          "nll": 0.7675268650054932,
          "ece": 0.1502615707762101,
          "leakage_kl": 0.44929230213165283,
          "cond_dom_acc": 0.5864232743867656,
          "prior_dom_acc": 0.12093553907586994,
          "leakage_advantage": 0.4654877353108956,
          "label_sep": 0.7501426126640046
        },
        {
          "target": "3",
          "accuracy": 0.5638888888888889,
          "balanced_acc": 0.5638888888888889,
          "macro_f1": 0.5559954751131222,
          "nll": 0.825316309928894,
          "ece": 0.18314126680294668,
          "leakage_kl": 0.5460954904556274,
          "cond_dom_acc": 0.6950028719126938,
          "prior_dom_acc": 0.10913268236645605,
          "leakage_advantage": 0.5858701895462378,
          "label_sep": 0.7340608845491097
        },
        {
          "target": "4",
          "accuracy": 0.8675675675675676,
          "balanced_acc": 0.8675675675675676,
          "macro_f1": 0.8670080103283355,
          "nll": 0.3122597336769104,
          "ece": 0.031861608092849325,
          "leakage_kl": 0.5215916037559509,
          "cond_dom_acc": 0.6484149855907781,
          "prior_dom_acc": 0.12795389048991354,
          "leakage_advantage": 0.5204610951008646,
          "label_sep": 0.70835734870317
        },
        {
          "target": "5",
          "accuracy": 0.577027027027027,
          "balanced_acc": 0.577027027027027,
          "macro_f1": 0.558650073647244,
          "nll": 0.7396199107170105,
          "ece": 0.15617639986244408,
          "leakage_kl": 0.45648303627967834,
          "cond_dom_acc": 0.5855907780979827,
          "prior_dom_acc": 0.12795389048991354,
          "leakage_advantage": 0.4576368876080691,
          "label_sep": 0.7342939481268012
        },
        {
          "target": "6",
          "accuracy": 0.7402777777777778,
          "balanced_acc": 0.7402777777777778,
          "macro_f1": 0.739795415498252,
          "nll": 0.5253981351852417,
          "ece": 0.03627797224455411,
          "leakage_kl": 0.5097861886024475,
          "cond_dom_acc": 0.5720850086157381,
          "prior_dom_acc": 0.10913268236645605,
          "leakage_advantage": 0.462952326249282,
          "label_sep": 0.7076392877656519
        },
        {
          "target": "7",
          "accuracy": 0.7069444444444445,
          "balanced_acc": 0.7069444444444444,
          "macro_f1": 0.7067809793654256,
          "nll": 0.643760085105896,
          "ece": 0.10398073486155936,
          "leakage_kl": 0.4878242313861847,
          "cond_dom_acc": 0.6122917863296956,
          "prior_dom_acc": 0.11602527283170591,
          "leakage_advantage": 0.49626651349798967,
          "label_sep": 0.7122343480758185
        },
        {
          "target": "8",
          "accuracy": 0.7289473684210527,
          "balanced_acc": 0.7289473684210526,
          "macro_f1": 0.7255952214027315,
          "nll": 0.5200686454772949,
          "ece": 0.0833479238183875,
          "leakage_kl": 0.5311048626899719,
          "cond_dom_acc": 0.6419895893580104,
          "prior_dom_acc": 0.1156737998843262,
          "leakage_advantage": 0.5263157894736842,
          "label_sep": 0.7096587622903412
        },
        {
          "target": "9",
          "accuracy": 0.7166666666666667,
          "balanced_acc": 0.7166666666666667,
          "macro_f1": 0.7152936615623182,
          "nll": 0.5582325458526611,
          "ece": 0.0532961524195141,
          "leakage_kl": 0.5585649013519287,
          "cond_dom_acc": 0.6122917863296956,
          "prior_dom_acc": 0.11774842044801838,
          "leakage_advantage": 0.49454336588167724,
          "label_sep": 0.6995979322228604
        }
      ]
    },
    "lpc_prior:0.3": {
      "per_target_balanced_acc_mean": 0.681280829332945,
      "per_target_balanced_acc_std": 0.09167838903159028,
      "worst_target_balanced_acc": 0.5527777777777778,
      "worst_target_acc": 0.5527777777777778,
      "macro_f1": 0.6765962324248531,
      "pooled_balanced_acc": 0.6828220858895706,
      "pooled_macro_f1": 0.681487778745675,
      "subject_balanced_acc": 0.6666666666666666,
      "subject_macro_f1": 0.4,
      "leakage_kl": 0.027869100785917707,
      "leakage_advantage": 0.1356650084189335,
      "label_sep": 0.7141544535843418,
      "per_target": [
        {
          "target": "1",
          "accuracy": 0.6986111111111111,
          "balanced_acc": 0.6986111111111111,
          "macro_f1": 0.6978972301445352,
          "nll": 0.5649871230125427,
          "ece": 0.02942817691299652,
          "leakage_kl": 0.020269501954317093,
          "cond_dom_acc": 0.24238943136128663,
          "prior_dom_acc": 0.10913268236645605,
          "leakage_advantage": 0.1332567489948306,
          "label_sep": 0.7128087306145893
        },
        {
          "target": "2",
          "accuracy": 0.5705882352941176,
          "balanced_acc": 0.5705882352941176,
          "macro_f1": 0.5698589303663651,
          "nll": 0.7118034958839417,
          "ece": 0.09664493168101593,
          "leakage_kl": 0.02549394965171814,
          "cond_dom_acc": 0.2378779235596121,
          "prior_dom_acc": 0.12093553907586994,
          "leakage_advantage": 0.11694238448374215,
          "label_sep": 0.7427267541357673
        },
        {
          "target": "3",
          "accuracy": 0.5527777777777778,
          "balanced_acc": 0.5527777777777778,
          "macro_f1": 0.5523598421365628,
          "nll": 0.7557411789894104,
          "ece": 0.1561601219077905,
          "leakage_kl": 0.030256496742367744,
          "cond_dom_acc": 0.26479035037334864,
          "prior_dom_acc": 0.10913268236645605,
          "leakage_advantage": 0.15565766800689257,
          "label_sep": 0.7329121194715681
        },
        {
          "target": "4",
          "accuracy": 0.8635135135135135,
          "balanced_acc": 0.8635135135135135,
          "macro_f1": 0.8624522659305267,
          "nll": 0.3368476927280426,
          "ece": 0.0688520586168444,
          "leakage_kl": 0.01776275597512722,
          "cond_dom_acc": 0.25360230547550433,
          "prior_dom_acc": 0.12795389048991354,
          "leakage_advantage": 0.1256484149855908,