{
  "condition": "PD",
  "cohorts": [
    "ds002778",
    "ds003490",
    "ds004584"
  ],
  "shifted_dom": 2,
  "alpha": 0.0,
  "seed": 2,
  "n_swapped": 0,
  "feat": "pc1",
  "route_c": {
    "raw": 0.010106563568115234,
    "residual": 0.0077276527881622314,
    "null_mean": 0.00035887658596038817,
    "null_std": 0.001,
    "z_score": 7.368776202201843,
    "p_value": 0.01639344262295082,
    "fired": true,
    "n_perm": 60
  },
  "route_a": {
    "observed_gain": -0.06132316589355469,
    "elbo_shared": -9.228487014770508,
    "elbo_delta": -9.289810180664062,
    "null_mean": 0.017708953221639,
    "null_std": 0.06439922199026514,
    "null_min": -0.1535797119140625,
    "null_max": 0.15949440002441406,
    "n_perm": 60,
    "z_score": -1.2272216444965829,
    "p_value": 0.8688524590163934,
    "concept_shift_detected": false
  }
}