{
  "condition": "PD",
  "cohorts": [
    "ds002778",
    "ds003490",
    "ds004584"
  ],
  "shifted_dom": 2,
  "alpha": 0.0,
  "seed": 0,
  "n_swapped": 0,
  "feat": "pc1",
  "route_c": {
    "raw": 0.0030827075242996216,
    "residual": 0.0058027952909469604,
    "null_mean": 0.00197552094856898,
    "null_std": 0.001,
    "z_score": 3.8272743423779803,
    "p_value": 0.01639344262295082,
    "fired": true,
    "n_perm": 60
  },
  "route_a": {
    "observed_gain": -0.028781890869140625,
    "elbo_shared": -8.502350807189941,
    "elbo_delta": -8.531132698059082,
    "null_mean": 0.012859821319580078,
    "null_std": 0.06994000442068199,
    "null_min": -0.14427852630615234,
    "null_max": 0.22927570343017578,
    "n_perm": 60,
    "z_score": -0.5953919010106156,
    "p_value": 0.6885245901639344,
    "concept_shift_detected": false
  }
}