{
  "condition": "PD",
  "cohorts": [
    "ds002778",
    "ds003490",
    "ds004584"
  ],
  "shifted_dom": 2,
  "alpha": 0.4,
  "seed": 2,
  "n_swapped": 2113,
  "feat": "pc1",
  "route_c": {
    "raw": 0.011354327201843262,
    "residual": 0.011946260929107666,
    "null_mean": 0.0003571808338165283,
    "null_std": 0.001,
    "z_score": 11.589080095291138,
    "p_value": 0.01639344262295082,
    "fired": true,
    "n_perm": 60
  },
  "route_a": {
    "observed_gain": -0.035857200622558594,
    "elbo_shared": -8.736580848693848,
    "elbo_delta": -8.772438049316406,
    "null_mean": 0.023043012619018553,
    "null_std": 0.06407819030794332,
    "null_min": -0.13262557983398438,
    "null_max": 0.1883087158203125,
    "n_perm": 60,
    "z_score": -0.9191928323586833,
    "p_value": 0.819672131147541,
    "concept_shift_detected": false
  }
}