{
  "condition": "SCZ",
  "dvar": "age",
  "domains": [
    "mid",
    "old",
    "young"
  ],
  "shifted_dom": 2,
  "alpha": 0.5,
  "seed": 0,
  "n_swapped": 940,
  "feat": "pc1",
  "route_c": {
    "raw": 0.02826264500617981,
    "residual": 0.028348177671432495,
    "null_mean": 0.00035933206478754677,
    "null_std": 0.001,
    "z_score": 27.988845606644947,
    "p_value": 0.01639344262295082,
    "fired": true,
    "n_perm": 60
  },
  "route_a": {
    "observed_gain": 0.0037450790405273438,
    "elbo_shared": -8.627988815307617,
    "elbo_delta": -8.62424373626709,
    "null_mean": 0.04911135037740071,
    "null_std": 0.07938473235735037,
    "null_min": -0.1397695541381836,
    "null_max": 0.22485828399658203,
    "n_perm": 60,
    "z_score": -0.5714735061731656,
    "p_value": 0.7704918032786885,
    "concept_shift_detected": false
  }
}