{
  "condition": "PDMED",
  "dvar": "cohort",
  "domains": [
    "ds002778",
    "ds003490"
  ],
  "shifted_dom": 1,
  "alpha": 0.0,
  "seed": 2,
  "n_swapped": 0,
  "feat": "pc1",
  "route_c": {
    "raw": 0.0,
    "residual": 0.0,
    "acc": 0.9104531109333038,
    "null_mean": 0.00021236141522725424,
    "null_std": 0.001,
    "z_score": -0.21236141522725424,
    "p_value": 1.0,
    "fired": false,
    "n_perm": 60
  },
  "route_a": {
    "observed_gain": -0.24781322479248047,
    "elbo_shared": -8.855050086975098,
    "elbo_delta": -9.102863311767578,
    "null_mean": -0.009806029001871745,
    "null_std": 0.11587360727092544,
    "null_min": -0.2604494094848633,
    "null_max": 0.22179794311523438,
    "n_perm": 60,
    "z_score": -2.0540242199772147,
    "p_value": 0.9836065573770492,
    "concept_shift_detected": false
  }
}