{
  "config": {
    "quick": true,
    "n": 250,
    "seeds": 2,
    "epochs": 18,
    "probe_epochs": 50,
    "domains": 4,
    "z_dim": 16,
    "hidden": 64,
    "bs": 128,
    "warmup": 6,
    "n_inner": 1,
    "sampler": "raw",
    "lam": 0.2,
    "gamma": 0.2,
    "dec_margin": 0.02,
    "dgps": [
      "all_three"
    ],
    "source_select": false,
    "select_methods": [
      "dualpc"
    ],
    "select_lams": [
      0.0,
      0.05,
      0.2
    ],
    "select_gammas": [
      0.05,
      0.2
    ],
    "select_epochs": 0,
    "select_rule": "bacc",
    "select_tolerance": 0.02,
    "select_probe_epochs": 0,
    "select_pz_weight": 1.0,
    "select_py_weight": 1.0,
    "val_frac": 0.25,
    "out": "results/dualpc_js_allthree_quick.json"
  },
  "rows": [
    {
      "dgp": "all_three",
      "method": "erm",
      "seed": 0,
      "target_acc": 0.656,
      "target_bacc": 0.6455128205128206,
      "inloop_reg": 0.0,
      "inloop_dec": 0.0,
      "inloop_dec_loss": 0.0,
      "train_sampler": "raw",
      "pz_kl_rw": 0.09947408735752106,
      "pz_kl_raw": 0.10645539313554764,
      "py_raw_rw": 0.019535258412361145,
      "py_res_rw": 0.008459344506263733,
      "ce_q": 0.1656198799610138,
      "ce_h": 0.14608462154865265,
      "ce_0": 0.15454396605491638
    },
    {
      "dgp": "all_three",
      "method": "erm",
      "seed": 1,
      "target_acc": 0.4,
      "target_bacc": 0.4331168831168831,
      "inloop_reg": 0.0,
      "inloop_dec": 0.0,
      "inloop_dec_loss": 0.0,
      "train_sampler": "raw",
      "pz_kl_rw": 0.10292766243219376,
      "pz_kl_raw": 0.08478780090808868,
      "py_raw_rw": 0.08120408654212952,
      "py_res_rw": 0.05845767259597778,
      "ce_q": 0.3259786069393158,
      "ce_h": 0.24477452039718628,
      "ce_0": 0.30323219299316406
    },
    {
      "dgp": "all_three",
      "method": "lpc_prior",
      "seed": 0,
      "target_acc": 0.668,
      "target_bacc": 0.6573717948717949,
      "inloop_reg": 0.14023535450299582,
      "inloop_dec": 0.0,
      "inloop_dec_loss": 0.0,
      "train_sampler": "raw",
      "pz_kl_rw": 0.0942242294549942,
      "pz_kl_raw": 0.10126014798879623,
      "py_raw_rw": 0.021844223141670227,
      "py_res_rw": 0.010947629809379578,
      "ce_q": 0.16156134009361267,
      "ce_h": 0.13971711695194244,
      "ce_0": 0.15066474676132202
    },
    {
      "dgp": "all_three",
      "method": "lpc_prior",
      "seed": 1,
      "target_acc": 0.424,
      "target_bacc": 0.4564935064935065,
      "inloop_reg": 0.17296248177687326,
      "inloop_dec": 0.0,
      "inloop_dec_loss": 0.0,
      "train_sampler": "raw",
      "pz_kl_rw": 0.10187212377786636,
      "pz_kl_raw": 0.08468496799468994,
      "py_raw_rw": 0.08281005918979645,
      "py_res_rw": 0.06358526647090912,
      "ce_q": 0.31894800066947937,
      "ce_h": 0.23613794147968292,
      "ce_0": 0.29972320795059204
    },
    {
      "dgp": "all_three",
      "method": "dualc",
      "seed": 0,
      "target_acc": 0.66,
      "target_bacc": 0.6493589743589744,
      "inloop_reg": 0.12901236613591513,
      "inloop_dec": 0.023819963137308758,
      "inloop_dec_loss": 0.0,
      "train_sampler": "raw",
      "pz_kl_rw": 0.09549715369939804,
      "pz_kl_raw": 0.10248400270938873,
      "py_raw_rw": 0.02006511390209198,
      "py_res_rw": 0.009448140859603882,
      "ce_q": 0.16405360400676727,
      "ce_h": 0.1439884901046753,
      "ce_0": 0.15343663096427917
    },
    {
      "dgp": "all_three",
      "method": "dualc",
      "seed": 1,
      "target_acc": 0.428,
      "target_bacc": 0.46006493506493507,
      "inloop_reg": 0.15317541360855103,
      "inloop_dec": 0.07703319688638051,
      "inloop_dec_loss": 0.0,
      "train_sampler": "raw",
      "pz_kl_rw": 0.10085538029670715,
      "pz_kl_raw": 0.08426174521446228,
      "py_raw_rw": 0.08095009624958038,
      "py_res_rw": 0.06263504922389984,
      "ce_q": 0.314994215965271,
      "ce_h": 0.2340441197156906,
      "ce_0": 0.29667916893959045
    },
    {
      "dgp": "all_three",
      "method": "dualpc",
      "seed": 0,
      "target_acc": 0.66,
      "target_bacc": 0.6493589743589744,
      "inloop_reg": 0.12902208666006723,
      "inloop_dec": 0.02388244867324829,
      "inloop_dec_loss": 0.0010734983370639384,
      "train_sampler": "raw",
      "pz_kl_rw": 0.09549353271722794,
      "pz_kl_raw": 0.10247332602739334,
      "py_raw_rw": 0.019980475306510925,
      "py_res_rw": 0.009393498301506042,
      "ce_q": 0.16402576863765717,
      "ce_h": 0.14404529333114624,
      "ce_0": 0.15343879163265228
    },
    {
      "dgp": "all_three",
      "method": "dualpc",
      "seed": 1,
      "target_acc": 0.408,
      "target_bacc": 0.4422077922077922,
      "inloop_reg": 0.15280192097028097,
      "inloop_dec": 0.08140731851259868,
      "inloop_dec_loss": 0.008680380880832672,
      "train_sampler": "raw",
      "pz_kl_rw": 0.10059843957424164,
      "pz_kl_raw": 0.08383256196975708,
      "py_raw_rw": 0.08562257885932922,
      "py_res_rw": 0.06649243831634521,
      "ce_q": 0.3203139901161194,
      "ce_h": 0.23469141125679016,
      "ce_0": 0.3011838495731354
    },
    {
      "dgp": "all_three",
      "method": "dualpc_marginal",
      "seed": 0,
      "target_acc": 0.664,
      "target_bacc": 0.6532051282051282,
      "inloop_reg": 0.08752419799566269,
      "inloop_dec": 0.0240078071753184,
      "inloop_dec_loss": 0.0010993893374688923,
      "train_sampler": "raw",
      "pz_kl_rw": 0.09764635562896729,
      "pz_kl_raw": 0.10473925620317459,
      "py_raw_rw": 0.020387649536132812,
      "py_res_rw": 0.009636998176574707,
      "ce_q": 0.16343414783477783,
      "ce_h": 0.14304649829864502,
      "ce_0": 0.15268349647521973
    },
    {
      "dgp": "all_three",
      "method": "dualpc_marginal",
      "seed": 1,
      "target_acc": 0.404,
      "target_bacc": 0.43863636363636366,
      "inloop_reg": 0.12047518541415532,
      "inloop_dec": 0.07980032761891682,
      "inloop_dec_loss": 0.009025070816278458,
      "train_sampler": "raw",
      "pz_kl_rw": 0.09869243949651718,
      "pz_kl_raw": 0.08199431747198105,
      "py_raw_rw": 0.08453680574893951,
      "py_res_rw": 0.06685404479503632,
      "ce_q": 0.3203345537185669,
      "ce_h": 0.23579774796962738,
      "ce_0": 0.3026517927646637
    }
  ],
  "summary": {
    "all_three": {
      "dualc": {
        "target_bacc": 0.5547119547119548,
        "target_acc": 0.544,
        "pz_kl_rw": 0.0981762669980526,
        "pz_kl_raw": 0.0933728739619255,
        "py_res_rw": 0.03604159504175186,
        "py_raw_rw": 0.05050760507583618,
        "inloop_reg": 0.1410938898722331,
        "inloop_dec": 0.050426580011844635,
        "inloop_dec_loss": 0.0,
        "target_bacc_std": 0.09464701964701966,
        "target_acc_std": 0.11600000000000002,
        "pz_kl_rw_std": 0.0026791132986545563,
        "pz_kl_raw_std": 0.009111128747463226,
        "py_res_rw_std": 0.02659345418214798,
        "py_raw_rw_std": 0.0304424911737442,
        "inloop_reg_std": 0.012081523736317948,
        "inloop_dec_std": 0.026606616874535877,
        "inloop_dec_loss_std": 0.0,
        "n": 2,
        "delta_target_bacc_vs_erm": 0.015397102897102943,
        "delta_pz_kl_rw_vs_erm": -0.0030246078968048096,
        "delta_py_res_rw_vs_erm": 0.0025830864906311035,
        "gate_pz_improved": true,
        "gate_py_not_raised": true,
        "gate_target_not_hurt_5pts": true
      },
      "dualpc": {
        "target_bacc": 0.5457833832833833,
        "target_acc": 0.534,
        "pz_kl_rw": 0.09804598614573479,
        "pz_kl_raw": 0.09315294399857521,
        "py_res_rw": 0.03794296830892563,
        "py_raw_rw": 0.052801527082920074,
        "inloop_reg": 0.1409120038151741,
        "inloop_dec": 0.052644883592923485,
        "inloop_dec_loss": 0.004876939608948305,
        "target_bacc_std": 0.10357559107559108,
        "target_acc_std": 0.12600000000000003,
        "pz_kl_rw_std": 0.002552453428506851,