{
  "config": {
    "quick": false,
    "n": 160,
    "seeds": 1,
    "epochs": 8,
    "probe_epochs": 20,
    "domains": 4,
    "z_dim": 16,
    "hidden": 64,
    "bs": 128,
    "warmup": 3,
    "n_inner": 1,
    "sampler": "raw",
    "lam": 0.2,
    "gamma": 0.2,
    "dec_margin": 0.02,
    "dgps": [
      "covariate_label",
      "all_three"
    ],
    "source_select": true,
    "select_methods": [
      "dualpc"
    ],
    "select_lams": [
      0.0,
      0.05
    ],
    "select_gammas": [
      0.05
    ],
    "select_epochs": 4,
    "val_frac": 0.25,
    "out": "results/dualpc_synthetic_select_smoke.json"
  },
  "rows": [
    {
      "dgp": "covariate_label",
      "method": "erm",
      "seed": 0,
      "target_acc": 0.50625,
      "target_bacc": 0.5240963855421686,
      "inloop_reg": 0.0,
      "inloop_dec": 0.0,
      "train_sampler": "raw",
      "pz_kl_rw": 0.0032863407395780087,
      "pz_kl_raw": 0.009040194563567638,
      "py_raw_rw": 0.0,
      "py_res_rw": 0.0,
      "ce_q": 0.6021263599395752,
      "ce_h": 0.6179594993591309,
      "ce_0": 0.5979393720626831
    },
    {
      "dgp": "covariate_label",
      "method": "lpc_prior",
      "seed": 0,
      "target_acc": 0.50625,
      "target_bacc": 0.5240963855421686,
      "inloop_reg": 0.024813665077090263,
      "inloop_dec": 0.0,
      "train_sampler": "raw",
      "pz_kl_rw": 0.003208467271178961,
      "pz_kl_raw": 0.008950350806117058,
      "py_raw_rw": 0.0,
      "py_res_rw": 0.0,
      "ce_q": 0.602103054523468,
      "ce_h": 0.6182821393013,
      "ce_0": 0.5980271697044373
    },
    {
      "dgp": "covariate_label",
      "method": "dualc",
      "seed": 0,
      "target_acc": 0.50625,
      "target_bacc": 0.5240963855421686,
      "inloop_reg": 0.001582957396749407,
      "inloop_dec": -0.012232869863510132,
      "train_sampler": "raw",
      "pz_kl_rw": 0.003284381702542305,
      "pz_kl_raw": 0.009039020165801048,
      "py_raw_rw": 0.0,
      "py_res_rw": 0.0,
      "ce_q": 0.6021414399147034,
      "ce_h": 0.6180219054222107,
      "ce_0": 0.5979943871498108
    },
    {
      "dgp": "covariate_label",
      "method": "dualpc",
      "seed": 0,
      "target_acc": 0.50625,
      "target_bacc": 0.5240963855421686,
      "inloop_reg": 0.002124906925018877,
      "inloop_dec": -0.013167411088943481,
      "train_sampler": "raw",
      "pz_kl_rw": 0.0032951543107628822,
      "pz_kl_raw": 0.009071272797882557,
      "py_raw_rw": 0.0,
      "py_res_rw": 0.0,
      "ce_q": 0.6024839878082275,
      "ce_h": 0.6171209216117859,
      "ce_0": 0.5972055196762085
    },
    {
      "dgp": "covariate_label",
      "method": "dualpc_select",
      "seed": 0,
      "target_acc": 0.50625,
      "target_bacc": 0.5240963855421686,
      "inloop_reg": 0.0,
      "inloop_dec": 0.0,
      "train_sampler": "raw",
      "pz_kl_rw": 0.0032863407395780087,
      "pz_kl_raw": 0.009040194563567638,
      "py_raw_rw": 0.0,
      "py_res_rw": 0.0,
      "ce_q": 0.6021263599395752,
      "ce_h": 0.6179594993591309,
      "ce_0": 0.5979393720626831,
      "selected_config": "erm:0",
      "selected_lambda": 0.0,
      "selected_gamma": 0.0,
      "source_val_bacc": 0.5,
      "candidate_scores": [
        {
          "config": "erm:0",
          "source_val_bacc": 0.5
        },
        {
          "config": "dualpc:0.05:0.05",
          "source_val_bacc": 0.5
        }
      ]
    },
    {
      "dgp": "all_three",
      "method": "erm",
      "seed": 0,
      "target_acc": 0.4875,
      "target_bacc": 0.5060240963855421,
      "inloop_reg": 0.0,
      "inloop_dec": 0.0,
      "train_sampler": "raw",
      "pz_kl_rw": 0.004887469112873077,
      "pz_kl_raw": 0.010927356779575348,
      "py_raw_rw": 0.0,
      "py_res_rw": 0.0,
      "ce_q": 0.5912574529647827,
      "ce_h": 0.6190040111541748,
      "ce_0": 0.6045275926589966
    },
    {
      "dgp": "all_three",
      "method": "lpc_prior",
      "seed": 0,
      "target_acc": 0.4875,
      "target_bacc": 0.5060240963855421,
      "inloop_reg": 0.026460918597877026,
      "inloop_dec": 0.0,
      "train_sampler": "raw",
      "pz_kl_rw": 0.004906429909169674,
      "pz_kl_raw": 0.010951343923807144,
      "py_raw_rw": 0.0,
      "py_res_rw": 0.0,
      "ce_q": 0.5907084345817566,
      "ce_h": 0.6186690330505371,
      "ce_0": 0.6041896939277649
    },
    {
      "dgp": "all_three",
      "method": "dualc",
      "seed": 0,
      "target_acc": 0.4875,
      "target_bacc": 0.5060240963855421,
      "inloop_reg": 0.0020150627242401242,
      "inloop_dec": -0.007303178310394287,
      "train_sampler": "raw",
      "pz_kl_rw": 0.004881904926151037,
      "pz_kl_raw": 0.010929998010396957,
      "py_raw_rw": 0.0,
      "py_res_rw": 0.0,
      "ce_q": 0.5911962389945984,
      "ce_h": 0.6188979148864746,
      "ce_0": 0.6044750809669495
    },
    {
      "dgp": "all_three",
      "method": "dualpc",
      "seed": 0,
      "target_acc": 0.4875,
      "target_bacc": 0.5060240963855421,
      "inloop_reg": 0.002464740304276347,
      "inloop_dec": -0.007465928792953491,
      "train_sampler": "raw",
      "pz_kl_rw": 0.004882547073066235,
      "pz_kl_raw": 0.010909049771726131,
      "py_raw_rw": 0.0,
      "py_res_rw": 0.0,
      "ce_q": 0.5928284525871277,
      "ce_h": 0.6197455525398254,
      "ce_0": 0.6057236790657043
    },
    {
      "dgp": "all_three",
      "method": "dualpc_select",
      "seed": 0,
      "target_acc": 0.4875,
      "target_bacc": 0.5060240963855421,
      "inloop_reg": 0.0,
      "inloop_dec": 0.0,
      "train_sampler": "raw",
      "pz_kl_rw": 0.004887469112873077,
      "pz_kl_raw": 0.010927356779575348,
      "py_raw_rw": 0.0,
      "py_res_rw": 0.0,
      "ce_q": 0.5912574529647827,
      "ce_h": 0.6190040111541748,
      "ce_0": 0.6045275926589966,
      "selected_config": "erm:0",
      "selected_lambda": 0.0,
      "selected_gamma": 0.0,
      "source_val_bacc": 0.5,
      "candidate_scores": [
        {
          "config": "erm:0",
          "source_val_bacc": 0.5
        },
        {
          "config": "dualpc:0.05:0.05",
          "source_val_bacc": 0.5
        }
      ]
    }
  ],
  "summary": {
    "all_three": {
      "dualc": {
        "target_bacc": 0.5060240963855421,
        "target_acc": 0.4875,
        "pz_kl_rw": 0.004881904926151037,
        "pz_kl_raw": 0.010929998010396957,
        "py_res_rw": 0.0,
        "py_raw_rw": 0.0,
        "inloop_reg": 0.0020150627242401242,
        "inloop_dec": -0.007303178310394287,
        "target_bacc_std": 0.0,
        "target_acc_std": 0.0,
        "pz_kl_rw_std": 0.0,
        "pz_kl_raw_std": 0.0,
        "py_res_rw_std": 0.0,
        "py_raw_rw_std": 0.0,
        "inloop_reg_std": 0.0,
        "inloop_dec_std": 0.0,
        "n": 1
      },
      "dualpc": {
        "target_bacc": 0.5060240963855421,
        "target_acc": 0.4875,
        "pz_kl_rw": 0.004882547073066235,
        "pz_kl_raw": 0.010909049771726131,
        "py_res_rw": 0.0,
        "py_raw_rw": 0.0,
        "inloop_reg": 0.002464740304276347,
        "inloop_dec": -0.007465928792953491,
        "target_bacc_std": 0.0,
        "target_acc_std": 0.0,
        "pz_kl_rw_std": 0.0,
        "pz_kl_raw_std": 0.0,
        "py_res_rw_std": 0.0,
        "py_raw_rw_std": 0.0,
        "inloop_reg_std": 0.0,
        "inloop_dec_std": 0.0,
        "n": 1
      },
      "dualpc_select": {
        "target_bacc": 0.5060240963855421,
        "target_acc": 0.4875,
        "pz_kl_rw": 0.004887469112873077,
        "pz_kl_raw": 0.010927356779575348,
        "py_res_rw": 0.0,
        "py_raw_rw": 0.0,
        "inloop_reg": 0.0,
        "inloop_dec": 0.0,
        "target_bacc_std": 0.0,
        "target_acc_std": 0.0,
        "pz_kl_rw_std": 0.0,
        "pz_kl_raw_std": 0.0,
        "py_res_rw_std": 0.0,
        "py_raw_rw_std": 0.0,
        "inloop_reg_std": 0.0,
        "inloop_dec_std": 0.0,
        "n": 1,
        "selected_hist": {
          "erm:0": 1
        },
        "source_val_bacc": 0.5
      },