{
  "config": {
    "dataset": "BNCI2014_001",
    "backbone": "LogCov",
    "configs": [
      "dualpc:0.1:0.05"
    ],
    "epochs": 1,
    "bs": 32,
    "warmup": 1,
    "n_inner": 1,
    "device": "cpu",
    "weight_decay": 0.0001,
    "sampler": "classbal",
    "prior": "empirical",
    "prior_alpha": 1.0,
    "beta": 0.0,
    "balance": false,
    "label_correct": false,
    "dec_margin": 0.02,
    "decoder_null_perms": 0,
    "decoder_null_quantile": 0.95,
    "reweight_dual": false,
    "align": "none",
    "fmin": null,
    "fmax": null,
    "protocol": "loso",
    "imbalance": 0.0,
    "tmin": 0.5,
    "tmax": 3.5,
    "resample": 64,
    "seed": 0,
    "max_subjects": 2,
    "out": "results/dualpc_js_probe_loso_smoke.json"
  },
  "classes": [
    "feet",
    "left_hand",
    "right_hand",
    "tongue"
  ],
  "summary": {
    "dualpc:0.1:0.05": {
      "per_target_balanced_acc_mean": 0.3151041666666667,
      "per_target_balanced_acc_std": 0.0685763888888889,
      "worst_target_balanced_acc": 0.2465277777777778,
      "worst_target_acc": 0.2465277777777778,
      "macro_f1": 0.17621231739176185,
      "pooled_balanced_acc": 0.3151041666666667,
      "pooled_macro_f1": 0.19798373139494635,
      "subject_balanced_acc": 0.0,
      "subject_macro_f1": 0.0,
      "leakage_kl": 0.0,
      "marginal_leakage_kl": 0.0,
      "marginal_leakage_kl_rw": 0.0,
      "marginal_leakage_advantage": 0.0,
      "marginal_leakage_advantage_rw": 0.0,
      "decoder_cmi": 0.0034516453742980957,
      "decoder_cmi_rw": 0.005791574716567993,
      "decoder_cmi_res": 0.002143651247024536,
      "decoder_cmi_res_rw": 0.0017073452472686768,
      "decoder_js_res": 0.00025671351613709703,
      "decoder_js_res_rw": 0.00022763164452044293,
      "leakage_advantage": 0.0,
      "label_sep": 0.5491329479768786,
      "inloop_reg": 0.0,
      "inloop_dec": 0.0024952656692928737,
      "inloop_dec_loss": 0.00010060818764638194,
      "stepA_dom_acc": 1.0,
      "n_folds": 2,
      "per_target": [
        {
          "target": "1",
          "accuracy": 0.3836805555555556,
          "balanced_acc": 0.3836805555555556,
          "macro_f1": 0.2531239354828244,
          "nll": 1.384345293045044,
          "ece": 0.1023079488012526,
          "leakage_kl": 0.0,
          "cond_dom_acc": 1.0,
          "prior_dom_acc": 1.0,
          "leakage_advantage": 0.0,
          "marginal_leakage_kl": 0.0,
          "marginal_leakage_kl_rw": 0.0,
          "marginal_leakage_advantage": 0.0,
          "marginal_leakage_advantage_rw": 0.0,
          "decoder_cmi": 0.0058776140213012695,
          "decoder_cmi_rw": 0.007356762886047363,
          "decoder_cmi_res": 0.0,
          "decoder_cmi_res_rw": 0.0,
          "decoder_js_res": 0.00019629868620540947,
          "decoder_js_res_rw": 0.00014382619701791555,
          "label_sep": 0.4046242774566474,
          "inloop_reg": 0.0,
          "inloop_dec": -0.0006865792804294162,
          "inloop_dec_loss": 3.8556133202089564e-05,
          "train_sampler": "raw",
          "stepA_dom_acc": 1.0
        },
        {
          "target": "2",
          "accuracy": 0.2465277777777778,
          "balanced_acc": 0.2465277777777778,
          "macro_f1": 0.0993006993006993,
          "nll": 1.4240972995758057,
          "ece": 0.08970776728043953,
          "leakage_kl": 0.0,
          "cond_dom_acc": 1.0,
          "prior_dom_acc": 1.0,
          "leakage_advantage": 0.0,
          "marginal_leakage_kl": 0.0,
          "marginal_leakage_kl_rw": 0.0,
          "marginal_leakage_advantage": 0.0,
          "marginal_leakage_advantage_rw": 0.0,
          "decoder_cmi": 0.0010256767272949219,
          "decoder_cmi_rw": 0.004226386547088623,
          "decoder_cmi_res": 0.004287302494049072,
          "decoder_cmi_res_rw": 0.0034146904945373535,
          "decoder_js_res": 0.0003171283460687846,
          "decoder_js_res_rw": 0.0003114370920229703,
          "label_sep": 0.6936416184971098,
          "inloop_reg": 0.0,
          "inloop_dec": 0.005677110619015164,
          "inloop_dec_loss": 0.00016266024209067432,
          "train_sampler": "raw",
          "stepA_dom_acc": 1.0
        }
      ]
    }
  }
}