{
  "config": {
    "quick": false,
    "n": 250,
    "seeds": 2,
    "epochs": 30,
    "probe_epochs": 80,
    "domains": 4,
    "z_dim": 16,
    "hidden": 64,
    "bs": 128,
    "warmup": 10,
    "n_inner": 1,
    "sampler": "raw",
    "lam": 0.2,
    "gamma": 0.2,
    "dec_margin": 0.02,
    "dgps": [
      "all_three"
    ],
    "source_select": true,
    "select_methods": [
      "dualpc"
    ],
    "select_lams": [
      0.0,
      0.05,
      0.2
    ],
    "select_gammas": [
      0.05,
      0.2
    ],
    "select_epochs": 15,
    "val_frac": 0.25,
    "out": "results/dualpc_synthetic_select_allthree_quick.json"
  },
  "rows": [
    {
      "dgp": "all_three",
      "method": "erm",
      "seed": 0,
      "target_acc": 0.84,
      "target_bacc": 0.8336538461538462,
      "inloop_reg": 0.0,
      "inloop_dec": 0.0,
      "train_sampler": "raw",
      "pz_kl_rw": 0.147556334733963,
      "pz_kl_raw": 0.15801958739757538,
      "py_raw_rw": 0.02586967498064041,
      "py_res_rw": 0.018213041126728058,
      "ce_q": 0.09929174184799194,
      "ce_h": 0.07342206686735153,
      "ce_0": 0.09163510799407959
    },
    {
      "dgp": "all_three",
      "method": "erm",
      "seed": 1,
      "target_acc": 0.58,
      "target_bacc": 0.6152597402597403,
      "inloop_reg": 0.0,
      "inloop_dec": 0.0,
      "train_sampler": "raw",
      "pz_kl_rw": 0.1465224176645279,
      "pz_kl_raw": 0.12490607798099518,
      "py_raw_rw": 0.09526275098323822,
      "py_res_rw": 0.06485128402709961,
      "ce_q": 0.2116803526878357,
      "ce_h": 0.11641760170459747,
      "ce_0": 0.18126888573169708
    },
    {
      "dgp": "all_three",
      "method": "lpc_prior",
      "seed": 0,
      "target_acc": 0.856,
      "target_bacc": 0.85,
      "inloop_reg": 0.18458411594231924,
      "inloop_dec": 0.0,
      "train_sampler": "raw",
      "pz_kl_rw": 0.10590789467096329,
      "pz_kl_raw": 0.11514949053525925,
      "py_raw_rw": 0.027130991220474243,
      "py_res_rw": 0.01932510733604431,
      "ce_q": 0.09810838848352432,
      "ce_h": 0.07097739726305008,
      "ce_0": 0.09030250459909439
    },
    {
      "dgp": "all_three",
      "method": "lpc_prior",
      "seed": 1,
      "target_acc": 0.624,
      "target_bacc": 0.6555194805194805,
      "inloop_reg": 0.30261918902397156,
      "inloop_dec": 0.0,
      "train_sampler": "raw",
      "pz_kl_rw": 0.12873533368110657,
      "pz_kl_raw": 0.10914123803377151,
      "py_raw_rw": 0.09985468536615372,
      "py_res_rw": 0.07145874947309494,
      "ce_q": 0.2087254524230957,
      "ce_h": 0.10887076705694199,
      "ce_0": 0.18032951653003693
    },
    {
      "dgp": "all_three",
      "method": "dualc",
      "seed": 0,
      "target_acc": 0.856,
      "target_bacc": 0.8503205128205129,
      "inloop_reg": 0.16636839509010315,
      "inloop_dec": 0.04640668506423632,
      "train_sampler": "raw",
      "pz_kl_rw": 0.10156787931919098,
      "pz_kl_raw": 0.1091039702296257,
      "py_raw_rw": 0.025963716208934784,
      "py_res_rw": 0.0178033709526062,
      "ce_q": 0.09885033220052719,
      "ce_h": 0.07288661599159241,
      "ce_0": 0.09068998694419861
    },
    {
      "dgp": "all_three",
      "method": "dualc",
      "seed": 1,
      "target_acc": 0.616,
      "target_bacc": 0.6474025974025974,
      "inloop_reg": 0.27146191398302716,
      "inloop_dec": 0.09602303057909012,
      "train_sampler": "raw",
      "pz_kl_rw": 0.13734468817710876,
      "pz_kl_raw": 0.11765895783901215,
      "py_raw_rw": 0.09912096709012985,
      "py_res_rw": 0.069746233522892,
      "ce_q": 0.21119704842567444,
      "ce_h": 0.11207608133554459,
      "ce_0": 0.18182231485843658
    },
    {
      "dgp": "all_three",
      "method": "dualpc",
      "seed": 0,
      "target_acc": 0.808,
      "target_bacc": 0.8,
      "inloop_reg": 0.1382946123679479,
      "inloop_dec": 0.04869492972890536,
      "train_sampler": "raw",
      "pz_kl_rw": 0.11563782393932343,
      "pz_kl_raw": 0.12486419826745987,
      "py_raw_rw": 0.02633318305015564,
      "py_res_rw": 0.018707677721977234,
      "ce_q": 0.10012279450893402,
      "ce_h": 0.07378961145877838,
      "ce_0": 0.09249728918075562
    },
    {
      "dgp": "all_three",
      "method": "dualpc",
      "seed": 1,
      "target_acc": 0.52,
      "target_bacc": 0.5675324675324676,
      "inloop_reg": 0.14932445685068765,
      "inloop_dec": 0.10046853870153427,
      "train_sampler": "raw",
      "pz_kl_rw": 0.12401820719242096,
      "pz_kl_raw": 0.10455818474292755,
      "py_raw_rw": 0.1175934374332428,
      "py_res_rw": 0.08068962395191193,
      "ce_q": 0.23641830682754517,
      "ce_h": 0.11882486939430237,
      "ce_0": 0.1995144933462143
    },
    {
      "dgp": "all_three",
      "method": "dualpc_select",
      "seed": 0,
      "target_acc": 0.84,
      "target_bacc": 0.8336538461538462,
      "inloop_reg": 0.0,
      "inloop_dec": 0.0,
      "train_sampler": "raw",
      "pz_kl_rw": 0.147556334733963,
      "pz_kl_raw": 0.15801958739757538,
      "py_raw_rw": 0.02586967498064041,
      "py_res_rw": 0.018213041126728058,
      "ce_q": 0.09929174184799194,
      "ce_h": 0.07342206686735153,
      "ce_0": 0.09163510799407959,
      "selected_config": "erm:0",
      "selected_lambda": 0.0,
      "selected_gamma": 0.0,
      "source_val_bacc": 0.9203125,
      "candidate_scores": [
        {
          "config": "erm:0",
          "source_val_bacc": 0.9203125
        },
        {
          "config": "dualpc:0.05:0.05",
          "source_val_bacc": 0.9135416666666667
        },
        {
          "config": "dualpc:0.05:0.2",
          "source_val_bacc": 0.9135416666666667
        },
        {
          "config": "dualpc:0.2:0.05",
          "source_val_bacc": 0.9135416666666667
        },
        {
          "config": "dualpc:0.2:0.2",
          "source_val_bacc": 0.9135416666666667
        }
      ]
    },
    {
      "dgp": "all_three",
      "method": "dualpc_select",
      "seed": 1,
      "target_acc": 0.58,
      "target_bacc": 0.6152597402597403,
      "inloop_reg": 0.0,
      "inloop_dec": 0.0,
      "train_sampler": "raw",
      "pz_kl_rw": 0.1465224176645279,
      "pz_kl_raw": 0.12490607798099518,
      "py_raw_rw": 0.09526275098323822,
      "py_res_rw": 0.06485128402709961,
      "ce_q": 0.2116803526878357,
      "ce_h": 0.11641760170459747,
      "ce_0": 0.18126888573169708,
      "selected_config": "erm:0",
      "selected_lambda": 0.0,
      "selected_gamma": 0.0,
      "source_val_bacc": 0.7893280632411067,
      "candidate_scores": [
        {
          "config": "erm:0",
          "source_val_bacc": 0.7893280632411067
        },
        {
          "config": "dualpc:0.05:0.05",
          "source_val_bacc": 0.7783926218708828
        },
        {
          "config": "dualpc:0.05:0.2",
          "source_val_bacc": 0.7783926218708828
        },
        {
          "config": "dualpc:0.2:0.05",
          "source_val_bacc": 0.7783926218708828
        },
        {
          "config": "dualpc:0.2:0.2",
          "source_val_bacc": 0.7783926218708828
        }
      ]
    }
  ],
  "summary": {
    "all_three": {
      "dualc": {
        "target_bacc": 0.7488615551115552,
        "target_acc": 0.736,
        "pz_kl_rw": 0.11945628374814987,
        "pz_kl_raw": 0.11338146403431892,
        "py_res_rw": 0.0437748022377491,
        "py_raw_rw": 0.06254234164953232,
        "inloop_reg": 0.21891515453656515,
        "inloop_dec": 0.07121485782166322,
        "target_bacc_std": 0.10145895770895774,
        "target_acc_std": 0.12,
        "pz_kl_rw_std": 0.017888404428958893,
        "pz_kl_raw_std": 0.004277493804693222,
        "py_res_rw_std": 0.0259714312851429,
        "py_raw_rw_std": 0.036578625440597534,
        "inloop_reg_std": 0.052546759446462005,
        "inloop_dec_std": 0.0248081727574269,
        "n": 2
      },
      "dualpc": {
        "target_bacc": 0.6837662337662338,
        "target_acc": 0.664,
        "pz_kl_rw": 0.11982801556587219,