{
  "condition": "PD",
  "domain": "cohort",
  "cohorts": [
    "ds002778",
    "ds003490",
    "ds004584"
  ],
  "config": {
    "condition": "PD",
    "cohorts": null,
    "backbone": "EEGNet",
    "domain": "cohort",
    "configs": [
      "erm:0",
      "lpc_prior:0.1",
      "iib:0.1",
      "dual:0.1:0.1"
    ],
    "epochs": 120,
    "bs": 64,
    "warmup": 30,
    "n_inner": 2,
    "sampler": "classbal",
    "prior": "empirical",
    "beta": 0.0,
    "seed": 0,
    "balance": false,
    "label_correct": false,
    "reweight_dual": false,
    "dec_margin": 0.02,
    "out": "results/rb_pd_cohort.json"
  },
  "summary": {
    "erm:0": {
      "per_target_balanced_acc_mean": 0.5935696387365871,
      "worst_target_balanced_acc": 0.5250520833333333,
      "leakage_kl": 0.2038911208510399,
      "decoder_cmi": 0.00041836251815160114,
      "decoder_cmi_rw": 0.0014682859182357788,
      "decoder_cmi_res": 0.0005912731091181437,
      "decoder_cmi_res_rw": 0.0004966184496879578,
      "per_cohort": {
        "ds002778": 52.5,
        "ds003490": 64.6,
        "ds004584": 60.9
      }
    },
    "lpc_prior:0.1": {
      "per_target_balanced_acc_mean": 0.5986450697142103,
      "worst_target_balanced_acc": 0.51875,
      "leakage_kl": 0.03112410691877206,
      "decoder_cmi": 0.0004263197382291158,
      "decoder_cmi_rw": 0.0018168315291404724,
      "decoder_cmi_res": 0.000649827222029368,
      "decoder_cmi_res_rw": 0.00040455162525177,
      "per_cohort": {
        "ds002778": 51.9,
        "ds003490": 65.2,
        "ds004584": 62.5
      }
    },
    "iib:0.1": {
      "per_target_balanced_acc_mean": 0.5960264111415162,
      "worst_target_balanced_acc": 0.5194270833333333,
      "leakage_kl": 0.2034814953804016,
      "decoder_cmi": 0.0003195504347483317,
      "decoder_cmi_rw": 0.0014595488707224529,
      "decoder_cmi_res": 0.0009954472382863362,
      "decoder_cmi_res_rw": 0.0004316667715708415,
      "per_cohort": {
        "ds002778": 51.9,
        "ds003490": 65.6,
        "ds004584": 61.3
      }
    },
    "dual:0.1:0.1": {
      "per_target_balanced_acc_mean": 0.6013957653626054,
      "worst_target_balanced_acc": 0.51953125,
      "leakage_kl": 0.03068123199045658,
      "decoder_cmi": 0.0004834085702896118,
      "decoder_cmi_rw": 0.0014698728919029236,
      "decoder_cmi_res": 0.0007033993800481161,
      "decoder_cmi_res_rw": 0.00040449947118759155,
      "per_cohort": {
        "ds002778": 52.0,
        "ds003490": 65.8,
        "ds004584": 62.6
      }
    }
  },
  "folds": {
    "erm:0": [
      {
        "held_out": "ds002778",
        "balanced_acc": 0.5250520833333333,
        "macro_f1": 0.44157972295903336,
        "leakage_kl": 0.1172560527920723,
        "decoder_cmi": 0.0005590766668319702,
        "decoder_cmi_rw": 0.002565249800682068,
        "decoder_cmi_res": 0.0005361735820770264,
        "decoder_cmi_res_rw": 0.0007612705230712891,
        "n_test": 1240
      },
      {
        "held_out": "ds003490",
        "balanced_acc": 0.6465,
        "macro_f1": 0.6445799319373083,
        "leakage_kl": 0.21602404117584229,
        "decoder_cmi": 0.0006960108876228333,
        "decoder_cmi_rw": 0.0018396079540252686,
        "decoder_cmi_res": 0.0006969720125198364,
        "decoder_cmi_res_rw": 1.3932585716247559e-05,
        "n_test": 2000
      },
      {
        "held_out": "ds004584",
        "balanced_acc": 0.6091568328764281,
        "macro_f1": 0.5646560161901828,
        "leakage_kl": 0.2783932685852051,
        "decoder_cmi": 0.0,
        "decoder_cmi_rw": 0.0,
        "decoder_cmi_res": 0.0005406737327575684,
        "decoder_cmi_res_rw": 0.0007146522402763367,
        "n_test": 5283
      }
    ],
    "lpc_prior:0.1": [
      {
        "held_out": "ds002778",
        "balanced_acc": 0.51875,
        "macro_f1": 0.4365042678286361,
        "leakage_kl": 0.0344705693423748,
        "decoder_cmi": 0.0012789592146873474,
        "decoder_cmi_rw": 0.005045279860496521,
        "decoder_cmi_res": 0.001767478883266449,
        "decoder_cmi_res_rw": 0.00121365487575531,
        "n_test": 1240
      },
      {
        "held_out": "ds003490",
        "balanced_acc": 0.6519999999999999,
        "macro_f1": 0.6495270629562191,
        "leakage_kl": 0.020211348310112953,
        "decoder_cmi": 0.0,
        "decoder_cmi_rw": 0.00040521472692489624,
        "decoder_cmi_res": 0.00018200278282165527,
        "decoder_cmi_res_rw": 0.0,
        "n_test": 2000
      },
      {
        "held_out": "ds004584",
        "balanced_acc": 0.625185209142631,
        "macro_f1": 0.5742494253200495,
        "leakage_kl": 0.03869040310382843,
        "decoder_cmi": 0.0,
        "decoder_cmi_rw": 0.0,
        "decoder_cmi_res": 0.0,
        "decoder_cmi_res_rw": 0.0,
        "n_test": 5283
      }
    ],
    "iib:0.1": [
      {
        "held_out": "ds002778",
        "balanced_acc": 0.5194270833333333,
        "macro_f1": 0.4352145901850473,
        "leakage_kl": 0.15137973427772522,
        "decoder_cmi": 0.0002926662564277649,
        "decoder_cmi_rw": 0.0033943504095077515,
        "decoder_cmi_res": 0.0011441484093666077,
        "decoder_cmi_res_rw": 0.0,
        "n_test": 1240
      },
      {
        "held_out": "ds003490",
        "balanced_acc": 0.6559999999999999,
        "macro_f1": 0.6550309820285181,
        "leakage_kl": 0.1703692376613617,
        "decoder_cmi": 0.0006659850478172302,
        "decoder_cmi_rw": 0.000984296202659607,
        "decoder_cmi_res": 0.0014520138502120972,
        "decoder_cmi_res_rw": 0.0009283572435379028,
        "n_test": 2000
      },
      {
        "held_out": "ds004584",
        "balanced_acc": 0.6126521500912157,
        "macro_f1": 0.5633781579943139,
        "leakage_kl": 0.2886955142021179,
        "decoder_cmi": 0.0,
        "decoder_cmi_rw": 0.0,
        "decoder_cmi_res": 0.00039017945528030396,
        "decoder_cmi_res_rw": 0.0003666430711746216,
        "n_test": 5283
      }
    ],
    "dual:0.1:0.1": [
      {
        "held_out": "ds002778",
        "balanced_acc": 0.51953125,
        "macro_f1": 0.4370254403131115,
        "leakage_kl": 0.035712830722332,
        "decoder_cmi": 0.0014502257108688354,
        "decoder_cmi_rw": 0.004409618675708771,
        "decoder_cmi_res": 0.002110198140144348,
        "decoder_cmi_res_rw": 0.0012134984135627747,
        "n_test": 1240
      },
      {
        "held_out": "ds003490",
        "balanced_acc": 0.6585,
        "macro_f1": 0.6559255489385454,
        "leakage_kl": 0.018985489383339882,
        "decoder_cmi": 0.0,
        "decoder_cmi_rw": 0.0,
        "decoder_cmi_res": 0.0,
        "decoder_cmi_res_rw": 0.0,
        "n_test": 2000
      },
      {
        "held_out": "ds004584",
        "balanced_acc": 0.6261560460878162,
        "macro_f1": 0.5746902231599751,
        "leakage_kl": 0.03734537586569786,
        "decoder_cmi": 0.0,
        "decoder_cmi_rw": 0.0,
        "decoder_cmi_res": 0.0,
        "decoder_cmi_res_rw": 0.0,
        "n_test": 5283
      }
    ]
  }
}