{
  "config": {
    "dataset": "SEED",
    "backbone": "RGNN",
    "configs": [
      "erm:0",
      "lpc_prior:0.1"
    ],
    "epochs": 200,
    "bs": 64,
    "warmup": 40,
    "n_inner": 2,
    "weight_decay": 0.0001,
    "sampler": "classbal",
    "prior": "empirical",
    "prior_alpha": 1.0,
    "align": "none",
    "fmin": null,
    "fmax": null,
    "protocol": "loso",
    "imbalance": 0.0,
    "tmin": 0.5,
    "tmax": 3.5,
    "resample": 128,
    "seed": 0,
    "max_subjects": 0,
    "out": "results/SEED_RGNN.json"
  },
  "classes": [
    "negative",
    "neutral",
    "positive"
  ],
  "summary": {
    "erm:0": {
      "per_target_balanced_acc_mean": 0.502074074074074,
      "per_target_balanced_acc_std": 0.09170705432758744,
      "worst_target_balanced_acc": 0.35777777777777775,
      "worst_target_acc": 0.35777777777777775,
      "macro_f1": 0.46985593011994625,
      "pooled_balanced_acc": 0.502074074074074,
      "pooled_macro_f1": 0.5025242082635527,
      "subject_balanced_acc": 0.26666666666666666,
      "subject_macro_f1": 0.14035087719298245,
      "leakage_kl": 1.6597625970840455,
      "leakage_advantage": 0.671358024691358,
      "label_sep": 0.6340917107583774,
      "inloop_reg": 0.0,
      "stepA_dom_acc": 0.0,
      "per_target": [
        {
          "target": "1",
          "accuracy": 0.35777777777777775,
          "balanced_acc": 0.35777777777777775,
          "macro_f1": 0.25654600131902333,
          "nll": 1.8576042652130127,
          "ece": 0.37480802771117955,
          "leakage_kl": 1.7618944644927979,
          "cond_dom_acc": 0.7669312169312169,
          "prior_dom_acc": 0.05952380952380952,
          "leakage_advantage": 0.7074074074074074,
          "label_sep": 0.6439153439153439,
          "inloop_reg": 0.0,
          "stepA_dom_acc": 0.0
        },
        {
          "target": "2",
          "accuracy": 0.4177777777777778,
          "balanced_acc": 0.41777777777777775,
          "macro_f1": 0.3533417829898935,
          "nll": 1.658226490020752,
          "ece": 0.2807896416054832,
          "leakage_kl": 1.7412724494934082,
          "cond_dom_acc": 0.7568783068783069,
          "prior_dom_acc": 0.05952380952380952,
          "leakage_advantage": 0.6973544973544974,
          "label_sep": 0.6338624338624339,
          "inloop_reg": 0.0,
          "stepA_dom_acc": 0.0
        },
        {
          "target": "3",
          "accuracy": 0.5811111111111111,
          "balanced_acc": 0.581111111111111,
          "macro_f1": 0.577518226622504,
          "nll": 0.9544678330421448,
          "ece": 0.050136746168136605,
          "leakage_kl": 1.591674566268921,
          "cond_dom_acc": 0.7129629629629629,
          "prior_dom_acc": 0.05952380952380952,
          "leakage_advantage": 0.6534391534391534,
          "label_sep": 0.6285714285714286,
          "inloop_reg": 0.0,
          "stepA_dom_acc": 0.0
        },
        {
          "target": "4",
          "accuracy": 0.4255555555555556,
          "balanced_acc": 0.4255555555555555,
          "macro_f1": 0.39983059029922335,
          "nll": 1.1912667751312256,
          "ece": 0.17215432922045393,
          "leakage_kl": 1.730733036994934,
          "cond_dom_acc": 0.7555555555555555,
          "prior_dom_acc": 0.05952380952380952,
          "leakage_advantage": 0.696031746031746,
          "label_sep": 0.6460317460317461,
          "inloop_reg": 0.0,
          "stepA_dom_acc": 0.0
        },
        {
          "target": "5",
          "accuracy": 0.5488888888888889,
          "balanced_acc": 0.5488888888888889,
          "macro_f1": 0.5100333415443002,
          "nll": 0.9436207413673401,
          "ece": 0.06984723008341259,
          "leakage_kl": 1.6378971338272095,
          "cond_dom_acc": 0.7285714285714285,
          "prior_dom_acc": 0.05952380952380952,
          "leakage_advantage": 0.669047619047619,
          "label_sep": 0.6349206349206349,
          "inloop_reg": 0.0,
          "stepA_dom_acc": 0.0
        },
        {
          "target": "6",
          "accuracy": 0.4688888888888889,
          "balanced_acc": 0.4688888888888889,
          "macro_f1": 0.3945809154260111,
          "nll": 1.919693112373352,
          "ece": 0.33205552965402607,
          "leakage_kl": 1.6264549493789673,
          "cond_dom_acc": 0.7306878306878307,
          "prior_dom_acc": 0.05952380952380952,
          "leakage_advantage": 0.6711640211640212,
          "label_sep": 0.6317460317460317,
          "inloop_reg": 0.0,
          "stepA_dom_acc": 0.0
        },
        {
          "target": "7",
          "accuracy": 0.3977777777777778,
          "balanced_acc": 0.3977777777777778,
          "macro_f1": 0.30874160429637093,
          "nll": 2.079657554626465,
          "ece": 0.4283755687872568,
          "leakage_kl": 1.649832844734192,
          "cond_dom_acc": 0.7219576719576719,
          "prior_dom_acc": 0.05952380952380952,
          "leakage_advantage": 0.6624338624338624,
          "label_sep": 0.6375661375661376,
          "inloop_reg": 0.0,
          "stepA_dom_acc": 0.0
        },
        {
          "target": "8",
          "accuracy": 0.6077777777777778,
          "balanced_acc": 0.6077777777777778,
          "macro_f1": 0.5842290410209725,
          "nll": 0.7475412487983704,
          "ece": 0.04658964878982969,
          "leakage_kl": 1.611758828163147,
          "cond_dom_acc": 0.7261904761904762,
          "prior_dom_acc": 0.05952380952380952,
          "leakage_advantage": 0.6666666666666666,
          "label_sep": 0.6211640211640211,
          "inloop_reg": 0.0,
          "stepA_dom_acc": 0.0
        },
        {
          "target": "9",
          "accuracy": 0.4777777777777778,
          "balanced_acc": 0.4777777777777778,
          "macro_f1": 0.42444155969902625,
          "nll": 1.3907744884490967,
          "ece": 0.27585736244916914,
          "leakage_kl": 1.6417325735092163,
          "cond_dom_acc": 0.7216931216931217,
          "prior_dom_acc": 0.05952380952380952,
          "leakage_advantage": 0.6621693121693122,
          "label_sep": 0.6357142857142857,
          "inloop_reg": 0.0,
          "stepA_dom_acc": 0.0
        },
        {
          "target": "10",
          "accuracy": 0.5311111111111111,
          "balanced_acc": 0.5311111111111112,
          "macro_f1": 0.5340633069630359,
          "nll": 0.9485365152359009,
          "ece": 0.04335539556211896,
          "leakage_kl": 1.547144889831543,
          "cond_dom_acc": 0.6912698412698413,
          "prior_dom_acc": 0.05952380952380952,
          "leakage_advantage": 0.6317460317460317,
          "label_sep": 0.6301587301587301,
          "inloop_reg": 0.0,
          "stepA_dom_acc": 0.0
        },
        {
          "target": "11",
          "accuracy": 0.6166666666666667,
          "balanced_acc": 0.6166666666666667,
          "macro_f1": 0.6065810156876914,
          "nll": 0.880974531173706,
          "ece": 0.07367459621694351,
          "leakage_kl": 1.6257133483886719,
          "cond_dom_acc": 0.7161375661375662,
          "prior_dom_acc": 0.05952380952380952,
          "leakage_advantage": 0.6566137566137566,
          "label_sep": 0.6235449735449735,
          "inloop_reg": 0.0,
          "stepA_dom_acc": 0.0
        },
        {
          "target": "12",
          "accuracy": 0.3788888888888889,
          "balanced_acc": 0.3788888888888889,
          "macro_f1": 0.3702004939704813,
          "nll": 1.2103681564331055,
          "ece": 0.15775171962049273,
          "leakage_kl": 1.67353355884552,
          "cond_dom_acc": 0.7238095238095238,
          "prior_dom_acc": 0.05952380952380952,
          "leakage_advantage": 0.6642857142857143,
          "label_sep": 0.6462962962962963,
          "inloop_reg": 0.0,
          "stepA_dom_acc": 0.0
        },
        {
          "target": "13",
          "accuracy": 0.4722222222222222,
          "balanced_acc": 0.47222222222222215,
          "macro_f1": 0.4782364899330873,
          "nll": 1.1729050874710083,