{
  "config": {
    "dataset": "BNCI2014_001",
    "backbone": "EEGNet",
    "configs": [
      "erm:0",
      "lpc_prior:0.1"
    ],
    "epochs": 250,
    "bs": 64,
    "warmup": 40,
    "n_inner": 2,
    "weight_decay": 0.0001,
    "sampler": "classbal",
    "prior": "empirical",
    "prior_alpha": 1.0,
    "beta": 0.001,
    "align": "none",
    "fmin": null,
    "fmax": null,
    "protocol": "loso",
    "imbalance": 0.0,
    "tmin": 0.5,
    "tmax": 3.5,
    "resample": 250,
    "seed": 0,
    "max_subjects": 0,
    "out": "results/vib_2a_b0p001.json"
  },
  "classes": [
    "feet",
    "left_hand",
    "right_hand",
    "tongue"
  ],
  "summary": {
    "erm:0": {
      "per_target_balanced_acc_mean": 0.423804012345679,
      "per_target_balanced_acc_std": 0.1416168355903298,
      "worst_target_balanced_acc": 0.2586805555555556,
      "worst_target_acc": 0.2586805555555556,
      "macro_f1": 0.37422367007375906,
      "pooled_balanced_acc": 0.423804012345679,
      "pooled_macro_f1": 0.4192506297996202,
      "subject_balanced_acc": 0.1111111111111111,
      "subject_macro_f1": 0.05,
      "leakage_kl": 1.0716400610076056,
      "leakage_advantage": 0.6717281272595806,
      "label_sep": 0.6505985378002731,
      "inloop_reg": 16.73129410949754,
      "stepA_dom_acc": 0.0,
      "per_target": [
        {
          "target": "1",
          "accuracy": 0.5086805555555556,
          "balanced_acc": 0.5086805555555556,
          "macro_f1": 0.4230317615012193,
          "nll": 1.6193116903305054,
          "ece": 0.21365035992736614,
          "leakage_kl": 0.8839054107666016,
          "cond_dom_acc": 0.7259580621836587,
          "prior_dom_acc": 0.1019522776572668,
          "leakage_advantage": 0.6240057845263919,
          "label_sep": 0.6196673897324656,
          "inloop_reg": 14.035723010698954,
          "stepA_dom_acc": 0.0
        },
        {
          "target": "2",
          "accuracy": 0.28125,
          "balanced_acc": 0.28124999999999994,
          "macro_f1": 0.2050206615678527,
          "nll": 1.861085295677185,
          "ece": 0.29621637048613697,
          "leakage_kl": 0.9947612881660461,
          "cond_dom_acc": 0.7447577729573391,
          "prior_dom_acc": 0.1019522776572668,
          "leakage_advantage": 0.6428054953000724,
          "label_sep": 0.6406362979031092,
          "inloop_reg": 15.84529181321462,
          "stepA_dom_acc": 0.0
        },
        {
          "target": "3",
          "accuracy": 0.6059027777777778,
          "balanced_acc": 0.6059027777777777,
          "macro_f1": 0.5889175232060626,
          "nll": 0.92987060546875,
          "ece": 0.05415335623547434,
          "leakage_kl": 1.0565077066421509,
          "cond_dom_acc": 0.720173535791757,
          "prior_dom_acc": 0.1019522776572668,
          "leakage_advantage": 0.6182212581344902,
          "label_sep": 0.6211135213304411,
          "inloop_reg": 16.370630582173664,
          "stepA_dom_acc": 0.0
        },
        {
          "target": "4",
          "accuracy": 0.3680555555555556,
          "balanced_acc": 0.3680555555555556,
          "macro_f1": 0.3349235128092851,
          "nll": 1.4325048923492432,
          "ece": 0.20554237336748174,
          "leakage_kl": 1.124338150024414,
          "cond_dom_acc": 0.8170643528561099,
          "prior_dom_acc": 0.1019522776572668,
          "leakage_advantage": 0.7151120751988431,
          "label_sep": 0.6616052060737527,
          "inloop_reg": 18.535864618089462,
          "stepA_dom_acc": 0.0
        },
        {
          "target": "5",
          "accuracy": 0.2586805555555556,
          "balanced_acc": 0.2586805555555556,
          "macro_f1": 0.1631131131131131,
          "nll": 2.205127716064453,
          "ece": 0.3982199426843888,
          "leakage_kl": 1.051306128501892,
          "cond_dom_acc": 0.7736804049168474,
          "prior_dom_acc": 0.1019522776572668,
          "leakage_advantage": 0.6717281272595806,
          "label_sep": 0.6717281272595806,
          "inloop_reg": 17.736590756310356,
          "stepA_dom_acc": 0.0
        },
        {
          "target": "6",
          "accuracy": 0.2847222222222222,
          "balanced_acc": 0.2847222222222222,
          "macro_f1": 0.22529109128455577,
          "nll": 2.7678096294403076,
          "ece": 0.38597762574338257,
          "leakage_kl": 1.0911924839019775,
          "cond_dom_acc": 0.7541576283441793,
          "prior_dom_acc": 0.10412147505422993,
          "leakage_advantage": 0.6500361532899493,
          "label_sep": 0.6854663774403471,
          "inloop_reg": 19.07164698176914,
          "stepA_dom_acc": 0.0
        },
        {
          "target": "7",
          "accuracy": 0.3524305555555556,
          "balanced_acc": 0.3524305555555556,
          "macro_f1": 0.3006450686825435,
          "nll": 1.5792614221572876,
          "ece": 0.21776468032557106,
          "leakage_kl": 1.2320891618728638,
          "cond_dom_acc": 0.8286334056399133,
          "prior_dom_acc": 0.10484454085321765,
          "leakage_advantage": 0.7237888647866957,
          "label_sep": 0.6464208242950108,
          "inloop_reg": 16.861345807711285,
          "stepA_dom_acc": 0.0
        },
        {
          "target": "8",
          "accuracy": 0.671875,
          "balanced_acc": 0.671875,
          "macro_f1": 0.6611312568977153,
          "nll": 0.8400771617889404,
          "ece": 0.06185495522287157,
          "leakage_kl": 1.0998306274414062,
          "cond_dom_acc": 0.789587852494577,
          "prior_dom_acc": 0.10484454085321765,
          "leakage_advantage": 0.6847433116413593,
          "label_sep": 0.6536514822848879,
          "inloop_reg": 16.165830373764038,
          "stepA_dom_acc": 0.0
        },
        {
          "target": "9",
          "accuracy": 0.4826388888888889,
          "balanced_acc": 0.4826388888888889,
          "macro_f1": 0.465939041601484,
          "nll": 1.2465856075286865,
          "ece": 0.22402451063195866,
          "leakage_kl": 1.1108295917510986,
          "cond_dom_acc": 0.8206796818510484,
          "prior_dom_acc": 0.10556760665220535,
          "leakage_advantage": 0.7151120751988431,
          "label_sep": 0.6550976138828634,
          "inloop_reg": 15.958723041746351,
          "stepA_dom_acc": 0.0
        }
      ]
    },
    "lpc_prior:0.1": {
      "per_target_balanced_acc_mean": 0.4076003086419753,
      "per_target_balanced_acc_std": 0.12482513536738647,
      "worst_target_balanced_acc": 0.26041666666666663,
      "worst_target_acc": 0.2604166666666667,
      "macro_f1": 0.3534872418537373,
      "pooled_balanced_acc": 0.40760030864197533,
      "pooled_macro_f1": 0.40468199314426256,
      "subject_balanced_acc": 0.3333333333333333,
      "subject_macro_f1": 0.125,
      "leakage_kl": 0.42729589011934066,
      "leakage_advantage": 0.31871133606491525,
      "label_sep": 0.6433678798103961,
      "inloop_reg": 14.501542631007823,
      "stepA_dom_acc": 0.3578800154320988,
      "per_target": [
        {
          "target": "1",
          "accuracy": 0.5329861111111112,
          "balanced_acc": 0.5329861111111112,
          "macro_f1": 0.4469231019495318,
          "nll": 1.2403596639633179,
          "ece": 0.1505062542338338,
          "leakage_kl": 0.4233533442020416,
          "cond_dom_acc": 0.4345625451916124,
          "prior_dom_acc": 0.1019522776572668,
          "leakage_advantage": 0.33261026753434564,
          "label_sep": 0.6334056399132321,
          "inloop_reg": 14.076435635280278,
          "stepA_dom_acc": 0.34375
        },
        {
          "target": "2",
          "accuracy": 0.2847222222222222,
          "balanced_acc": 0.2847222222222222,
          "macro_f1": 0.20722625734322508,
          "nll": 1.9510328769683838,
          "ece": 0.31796988301600015,
          "leakage_kl": 0.3775547444820404,
          "cond_dom_acc": 0.41865509761388287,
          "prior_dom_acc": 0.1019522776572668,
          "leakage_advantage": 0.3167028199566161,