{
  "config": {
    "dataset": "BNCI2014_001",
    "backbone": "EEGNet",
    "configs": [
      "erm:0",
      "lpc_prior:0.1"
    ],
    "epochs": 250,
    "bs": 64,
    "warmup": 40,
    "n_inner": 2,
    "weight_decay": 0.0001,
    "sampler": "classbal",
    "prior": "empirical",
    "prior_alpha": 1.0,
    "beta": 0.0,
    "align": "none",
    "fmin": null,
    "fmax": null,
    "protocol": "loso",
    "imbalance": 0.0,
    "tmin": 0.5,
    "tmax": 3.5,
    "resample": 250,
    "seed": 0,
    "max_subjects": 0,
    "out": "results/vib_2a_b0.json"
  },
  "classes": [
    "feet",
    "left_hand",
    "right_hand",
    "tongue"
  ],
  "summary": {
    "erm:0": {
      "per_target_balanced_acc_mean": 0.42226080246913583,
      "per_target_balanced_acc_std": 0.12021941705928152,
      "worst_target_balanced_acc": 0.2777777777777778,
      "worst_target_acc": 0.2777777777777778,
      "macro_f1": 0.3897993460973571,
      "pooled_balanced_acc": 0.4222608024691358,
      "pooled_macro_f1": 0.41684160685967253,
      "subject_balanced_acc": 0.2222222222222222,
      "subject_macro_f1": 0.09090909090909091,
      "leakage_kl": 1.062856826517317,
      "leakage_advantage": 0.698160199244798,
      "label_sep": 0.6219972684180927,
      "inloop_reg": 0.0,
      "stepA_dom_acc": 0.0,
      "per_target": [
        {
          "target": "1",
          "accuracy": 0.4739583333333333,
          "balanced_acc": 0.47395833333333337,
          "macro_f1": 0.3907157134719664,
          "nll": 1.447345495223999,
          "ece": 0.24996731947693562,
          "leakage_kl": 1.1357358694076538,
          "cond_dom_acc": 0.8250180766449747,
          "prior_dom_acc": 0.1019522776572668,
          "leakage_advantage": 0.723065798987708,
          "label_sep": 0.5979754157628344,
          "inloop_reg": 0.0,
          "stepA_dom_acc": 0.0
        },
        {
          "target": "2",
          "accuracy": 0.2777777777777778,
          "balanced_acc": 0.2777777777777778,
          "macro_f1": 0.2222750352533685,
          "nll": 1.8289941549301147,
          "ece": 0.28052295294279855,
          "leakage_kl": 1.1103895902633667,
          "cond_dom_acc": 0.8112798264642083,
          "prior_dom_acc": 0.1019522776572668,
          "leakage_advantage": 0.7093275488069415,
          "label_sep": 0.6717281272595806,
          "inloop_reg": 0.0,
          "stepA_dom_acc": 0.0
        },
        {
          "target": "3",
          "accuracy": 0.59375,
          "balanced_acc": 0.59375,
          "macro_f1": 0.5841147824252215,
          "nll": 0.8963662385940552,
          "ece": 0.027280717829449307,
          "leakage_kl": 1.1265854835510254,
          "cond_dom_acc": 0.8105567606652205,
          "prior_dom_acc": 0.1019522776572668,
          "leakage_advantage": 0.7086044830079538,
          "label_sep": 0.5798987707881417,
          "inloop_reg": 0.0,
          "stepA_dom_acc": 0.0
        },
        {
          "target": "4",
          "accuracy": 0.3402777777777778,
          "balanced_acc": 0.34027777777777773,
          "macro_f1": 0.31468861065390424,
          "nll": 1.5418400764465332,
          "ece": 0.23493097148214775,
          "leakage_kl": 1.1889245510101318,
          "cond_dom_acc": 0.8546637744034707,
          "prior_dom_acc": 0.1019522776572668,
          "leakage_advantage": 0.752711496746204,
          "label_sep": 0.6406362979031092,
          "inloop_reg": 0.0,
          "stepA_dom_acc": 0.0
        },
        {
          "target": "5",
          "accuracy": 0.2881944444444444,
          "balanced_acc": 0.2881944444444444,
          "macro_f1": 0.2043344234607959,
          "nll": 1.9133071899414062,
          "ece": 0.293830981840276,
          "leakage_kl": 0.9690465927124023,
          "cond_dom_acc": 0.8011569052783803,
          "prior_dom_acc": 0.1019522776572668,
          "leakage_advantage": 0.6992046276211136,
          "label_sep": 0.6362979031091829,
          "inloop_reg": 0.0,
          "stepA_dom_acc": 0.0
        },
        {
          "target": "6",
          "accuracy": 0.3020833333333333,
          "balanced_acc": 0.30208333333333337,
          "macro_f1": 0.27277163757882983,
          "nll": 2.7810630798339844,
          "ece": 0.3953783010236091,
          "leakage_kl": 1.0768357515335083,
          "cond_dom_acc": 0.8315256688358641,
          "prior_dom_acc": 0.10412147505422993,
          "leakage_advantage": 0.7274041937816341,
          "label_sep": 0.6507592190889371,
          "inloop_reg": 0.0,
          "stepA_dom_acc": 0.0
        },
        {
          "target": "7",
          "accuracy": 0.4097222222222222,
          "balanced_acc": 0.4097222222222222,
          "macro_f1": 0.40921927585553064,
          "nll": 1.3872040510177612,
          "ece": 0.12860417324635717,
          "leakage_kl": 1.0009207725524902,
          "cond_dom_acc": 0.7331887201735358,
          "prior_dom_acc": 0.10484454085321765,
          "leakage_advantage": 0.6283441793203182,
          "label_sep": 0.6030368763557483,
          "inloop_reg": 0.0,
          "stepA_dom_acc": 0.0
        },
        {
          "target": "8",
          "accuracy": 0.5833333333333334,
          "balanced_acc": 0.5833333333333334,
          "macro_f1": 0.5725202556056248,
          "nll": 1.0153111219406128,
          "ece": 0.08568646329351598,
          "leakage_kl": 1.0340462923049927,
          "cond_dom_acc": 0.7953723788864787,
          "prior_dom_acc": 0.10484454085321765,
          "leakage_advantage": 0.6905278380332611,
          "label_sep": 0.5994215473608099,
          "inloop_reg": 0.0,
          "stepA_dom_acc": 0.0
        },
        {
          "target": "9",
          "accuracy": 0.53125,
          "balanced_acc": 0.53125,
          "macro_f1": 0.5375543805709723,
          "nll": 1.123043179512024,
          "ece": 0.1821020837459299,
          "leakage_kl": 0.923226535320282,
          "cond_dom_acc": 0.749819233550253,
          "prior_dom_acc": 0.10556760665220535,
          "leakage_advantage": 0.6442516268980477,
          "label_sep": 0.6182212581344902,
          "inloop_reg": 0.0,
          "stepA_dom_acc": 0.0
        }
      ]
    },
    "lpc_prior:0.1": {
      "per_target_balanced_acc_mean": 0.40509259259259256,
      "per_target_balanced_acc_std": 0.13493851559918868,
      "worst_target_balanced_acc": 0.2534722222222222,
      "worst_target_acc": 0.2534722222222222,
      "macro_f1": 0.3660690786339437,
      "pooled_balanced_acc": 0.40509259259259256,
      "pooled_macro_f1": 0.4047459808036681,
      "subject_balanced_acc": 0.3333333333333333,
      "subject_macro_f1": 0.125,
      "leakage_kl": 0.2621658941109975,
      "leakage_advantage": 0.33365469591066116,
      "label_sep": 0.611392303366273,
      "inloop_reg": 0.7582857873704698,
      "stepA_dom_acc": 0.5078848379629629,
      "per_target": [
        {
          "target": "1",
          "accuracy": 0.5833333333333334,
          "balanced_acc": 0.5833333333333334,
          "macro_f1": 0.5244777981620087,
          "nll": 1.0261889696121216,
          "ece": 0.08955204129839936,
          "leakage_kl": 0.22206518054008484,
          "cond_dom_acc": 0.39985538684020244,
          "prior_dom_acc": 0.1019522776572668,
          "leakage_advantage": 0.2979031091829356,
          "label_sep": 0.5958062183658713,
          "inloop_reg": 0.7410650004943212,
          "stepA_dom_acc": 0.4817708333333333
        },
        {
          "target": "2",
          "accuracy": 0.2534722222222222,
          "balanced_acc": 0.2534722222222222,
          "macro_f1": 0.1723426671571865,
          "nll": 1.8246315717697144,
          "ece": 0.33238903505520684,
          "leakage_kl": 0.2264171689748764,
          "cond_dom_acc": 0.433116413593637,
          "prior_dom_acc": 0.1019522776572668,
          "leakage_advantage": 0.3311641359363702,
          "label_sep": 0.6652205350686913,
          "inloop_reg": 0.6835540756583214,