dataset,arm,n_folds,d_target_bacc,d_target_bacc_lo,d_target_bacc_hi,d_kept_branch_cmi,d_kept_branch_cmi_lo,d_kept_branch_cmi_hi,d_source_bacc,d_source_bacc_lo,d_source_bacc_hi,d_kept_branch_subject_residual,d_kept_branch_subject_residual_lo,d_kept_branch_subject_residual_hi
BNCI2014_001,exact_head_null,9,-0.0028935185185185175,-0.010223765432098757,0.004822530864197511,-0.4283244146241082,-0.45740918219089505,-0.39960187955035104,0.00032299741602067857,-0.003714470284237733,0.0044432332041343635,-0.07360607748088399,-0.09087882000771416,-0.05747600002348779
BNCI2014_001,subject,9,0.0011574074074074095,-0.0025077160493827133,0.005208333333333315,-0.3367288178867764,-0.36573395397928027,-0.3079881745907996,0.0008074935400516749,-0.0030684754521963817,0.00508720930232559,-0.04388143209213575,-0.0654168361010144,-0.025394963760869287
BNCI2014_001,random,9,-0.000385802469135798,-0.006751543209876522,0.005015432098765417,-0.027400692303975422,-0.03351042833593157,-0.02120894657240974,0.0009689922480620234,-0.002422480620155031,0.004118217054263573,-0.0027294373958944356,-0.012842920648728808,0.007027512811907166
BNCI2015_001,exact_head_null,12,0.0037500000000000124,-0.001111111111111072,0.008194444444444457,-0.4810127230981986,-0.49777212177092833,-0.46373802945017817,-0.0013311965811965791,-0.003401762820512836,0.0009188568376068407,-0.09028718236916622,-0.10613578951584098,-0.075112350421461
BNCI2015_001,subject,12,-0.0002777777777777657,-0.004583333333333328,0.0037499999999999847,-0.29999369631210965,-0.3242379171773791,-0.27765891595433156,-0.0006047008547008514,-0.0027029914529914383,0.0013889423076923018,-0.04384105374051216,-0.05653182976498778,-0.032097162068124595
BNCI2015_001,random,12,-0.0004861111111110992,-0.004236111111111135,0.003333333333333336,-0.04476668934027354,-0.055238170176744456,-0.03278479191164178,-0.001173076923076925,-0.00240598290598291,-9.40170940170922e-05,-0.0038897705485933984,-0.01109147181883824,0.003007579030180417
