{
  "n_cells": 15,
  "identity_all_ok": true,
  "beneficial_Kstar_mean": -3.821455048066066,
  "legitimate_Kstar_mean": 5.24352518720798,
  "frac_worlds_separate": 1.0,
  "cells": [
    {
      "seed": 0,
      "spur_strength": 2.0,
      "target_dom": 7,
      "spur_cols": [
        2,
        3
      ],
      "d_z": 8,
      "n_cls": 2,
      "beneficial": {
        "E_delta2": 0.15503893262455676,
        "E_r_delta": -0.28710946332037685,
        "K_star": -3.7037079456118667,
        "gain_star": 0.7292578592653105,
        "gain_direct": 0.7292578592653103,
        "identity_residual": 2.220446049250313e-16,
        "risk_full": 1.5318918432559954,
        "risk_erased": 0.8026339839906851,
        "helps": true,
        "K_star_lt_1": true
      },
      "legitimate": {
        "E_delta2": 0.11398131407450705,
        "E_r_delta": 0.27257567212567885,
        "K_star": 4.78281329424755,
        "gain_star": -0.4311700301768506,
        "gain_direct": -0.4311700301768507,
        "identity_residual": 5.551115123125783e-17,
        "risk_full": 0.3714639538138344,
        "risk_erased": 0.8026339839906851,
        "helps": false,
        "K_star_lt_1": false
      },
      "identity_ok": true,
      "worlds_separate": true
    },
    {
      "seed": 1,
      "spur_strength": 2.0,
      "target_dom": 7,
      "spur_cols": [
        2,
        3
      ],
      "d_z": 8,
      "n_cls": 2,
      "beneficial": {
        "E_delta2": 0.13808630370125724,
        "E_r_delta": -0.24695208467446045,
        "K_star": -3.5767788412778265,
        "gain_star": 0.6319904730501782,
        "gain_direct": 0.6319904730501783,
        "identity_residual": 1.1102230246251565e-16,
        "risk_full": 1.4082269362483129,
        "risk_erased": 0.7762364631981346,
        "helps": true,
        "K_star_lt_1": true
      },
      "legitimate": {
        "E_delta2": 0.08511418232202943,
        "E_r_delta": 0.2331090526087014,
        "K_star": 5.477560760126521,
        "gain_star": -0.3811039228953734,
        "gain_direct": -0.38110392289537326,
        "identity_residual": 1.6653345369377348e-16,
        "risk_full": 0.3951325403027613,
        "risk_erased": 0.7762364631981346,
        "helps": false,
        "K_star_lt_1": false
      },
      "identity_ok": true,
      "worlds_separate": true
    },
    {
      "seed": 2,
      "spur_strength": 2.0,
      "target_dom": 7,
      "spur_cols": [
        2,
        3
      ],
      "d_z": 8,
      "n_cls": 2,
      "beneficial": {
        "E_delta2": 0.11879555582196911,
        "E_r_delta": -0.25147819275676786,
        "K_star": -4.233797990450775,
        "gain_star": 0.6217519413355048,
        "gain_direct": 0.6217519413355048,
        "identity_residual": 0.0,
        "risk_full": 1.5156509783095395,
        "risk_erased": 0.8938990369740347,
        "helps": true,
        "K_star_lt_1": true
      },
      "legitimate": {
        "E_delta2": 0.09475144263838853,
        "E_r_delta": 0.26691802737983705,
        "K_star": 5.634067829415724,
        "gain_star": -0.4390846121212856,
        "gain_direct": -0.4390846121212857,
        "identity_residual": 1.1102230246251565e-16,
        "risk_full": 0.45481442485274903,
        "risk_erased": 0.8938990369740347,
        "helps": false,
        "K_star_lt_1": false
      },
      "identity_ok": true,
      "worlds_separate": true
    },
    {
      "seed": 3,
      "spur_strength": 2.0,
      "target_dom": 7,
      "spur_cols": [
        2,
        3
      ],
      "d_z": 8,
      "n_cls": 2,
      "beneficial": {
        "E_delta2": 0.14201648538512926,
        "E_r_delta": -0.2667598622661204,
        "K_star": -3.7567450221388623,
        "gain_star": 0.6755362099173701,
        "gain_direct": 0.6755362099173698,
        "identity_residual": 2.220446049250313e-16,
        "risk_full": 1.418095387608467,
        "risk_erased": 0.7425591776910971,
        "helps": true,
        "K_star_lt_1": true
      },
      "legitimate": {
        "E_delta2": 0.10707548880262718,
        "E_r_delta": 0.26192878607565917,
        "K_star": 4.892413548696918,
        "gain_star": -0.41678208334869116,
        "gain_direct": -0.4167820833486911,
        "identity_residual": 5.551115123125783e-17,
        "risk_full": 0.32577709434240604,
        "risk_erased": 0.7425591776910971,
        "helps": false,
        "K_star_lt_1": false
      },
      "identity_ok": true,
      "worlds_separate": true
    },
    {
      "seed": 4,
      "spur_strength": 2.0,
      "target_dom": 7,
      "spur_cols": [
        2,
        3
      ],
      "d_z": 8,
      "n_cls": 2,
      "beneficial": {
        "E_delta2": 0.13066449547248252,
        "E_r_delta": -0.25601640538642484,
        "K_star": -3.9186835637434654,
        "gain_star": 0.6426973062453323,
        "gain_direct": 0.6426973062453323,
        "identity_residual": 0.0,
        "risk_full": 1.4547104065913987,
        "risk_erased": 0.8120131003460664,
        "helps": true,
        "K_star_lt_1": true
      },
      "legitimate": {
        "E_delta2": 0.096454141337613,
        "E_r_delta": 0.25613569158920035,
        "K_star": 5.3110356494214805,
        "gain_star": -0.4158172418407877,
        "gain_direct": -0.4158172418407877,
        "identity_residual": 0.0,
        "risk_full": 0.3961958585052787,
        "risk_erased": 0.8120131003460664,
        "helps": false,
        "K_star_lt_1": false
      },
      "identity_ok": true,
      "worlds_separate": true
    },
    {
      "seed": 0,
      "spur_strength": 3.0,
      "target_dom": 7,
      "spur_cols": [
        2,
        3
      ],
      "d_z": 8,
      "n_cls": 2,
      "beneficial": {
        "E_delta2": 0.16140517337312255,
        "E_r_delta": -0.29711345745145856,
        "K_star": -3.681585307858966,
        "gain_star": 0.7556320882760397,
        "gain_direct": 0.7556320882760397,
        "identity_residual": 0.0,
        "risk_full": 1.5582660722667248,
        "risk_erased": 0.8026339839906851,
        "helps": true,
        "K_star_lt_1": true
      },
      "legitimate": {
        "E_delta2": 0.1171130971846152,
        "E_r_delta": 0.2844427310004557,
        "K_star": 4.857573368622721,
        "gain_star": -0.4517723648162962,
        "gain_direct": -0.45177236481629623,
        "identity_residual": 5.551115123125783e-17,
        "risk_full": 0.35086161917438885,
        "risk_erased": 0.8026339839906851,
        "helps": false,
        "K_star_lt_1": false
      },
      "identity_ok": true,
      "worlds_separate": true
    },
    {
      "seed": 1,
      "spur_strength": 3.0,
      "target_dom": 7,
      "spur_cols": [
        2,
        3
      ],
      "d_z": 8,
      "n_cls": 2,
      "beneficial": {
        "E_delta2": 0.14340005771174844,
        "E_r_delta": -0.2550787454052781,
        "K_star": -3.5575821861664436,
        "gain_star": 0.6535575485223046,
        "gain_direct": 0.6535575485223047,
        "identity_residual": 1.1102230246251565e-16,
        "risk_full": 1.4297940117204393,
        "risk_erased": 0.7762364631981346,
        "helps": true,
        "K_star_lt_1": true
      },
      "legitimate": {
        "E_delta2": 0.09012531870210402,
        "E_r_delta": 0.24646242310846211,
        "K_star": 5.469327080509027,
        "gain_star": -0.4027995275148202,
        "gain_direct": -0.40279952751482007,
        "identity_residual": 1.1102230246251565e-16,
        "risk_full": 0.3734369356833145,
        "risk_erased": 0.7762364631981346,
        "helps": false,
        "K_star_lt_1": false
      },
      "identity_ok": true,
      "worlds_separate": true
    },
    {
      "seed": 2,
      "spur_strength": 3.0,
      "target_dom": 7,
      "spur_cols": [
        2,
        3
      ],
      "d_z": 8,
      "n_cls": 2,
      "beneficial": {
        "E_delta2": 0.1252745054224091,
        "E_r_delta": -0.2639520644989383,
        "K_star": -4.213978951406383,
        "gain_star": 0.6531786344202858,