held_out_regime,loto_auc,permutation_mean_auc,permutation_p
S4_missing_cells,0.49987774451097805,0.45698319610778443,0.004975124378109453
S5_block_class_by_domain,0.5114446107784432,0.46661514471057886,0.004975124378109453
S6_boundary_aligned_mask,0.5318413173652694,0.47448555389221553,0.004975124378109453
S7_random_matched_mask,0.5359505988023953,0.47050294411177646,0.004975124378109453
