held_out_regime,pooled_auc,se_iid,ci_low,ci_high,one_sided_p_vs_chance,holm_survives_vs_chance,preregistered_passes,per_target_mean_auc
S4_missing_cells,0.49987774451097805,0.016243305742887945,0.46804086525491767,0.5317146237670384,0.5030026168240237,False,False,0.6413747164340196
S5_block_class_by_domain,0.5114446107784432,0.01624481713330318,0.47960476919716893,0.5432844523597173,0.2405580978976355,False,False,0.6341844690959175
S6_boundary_aligned_mask,0.5318413173652694,0.016221559548770588,0.5000470606496791,0.5636355740808597,0.024828832458396486,False,True,0.6517330747477138
S7_random_matched_mask,0.5359505988023953,0.01621286082634504,0.504173391582759,0.5677278060220315,0.013297461215079706,False,True,0.6318386172546522
