{
 "config_hash": "69fed2a3051a",
 "summary": {
  "Cho2017|EEGNet|leace_baseline": {
   "dataset": "Cho2017",
   "backbone": "EEGNet",
   "eraser": "leace_baseline",
   "deployable": true,
   "n_folds": 15,
   "chance": 0.5,
   "src_task_full": 0.768861437081634,
   "src_task_eras": 0.5,
   "task_drop_ucb": 0.2710708597665284,
   "task_drop_mean": 0.268861437081634,
   "subj_full": 0.31282065976935214,
   "subj_eras": 0.02116047818699163,
   "domain_gain": 0.29166018158236057,
   "benefit_lcb": -0.2727927083333333,
   "benefit_mean": -0.26462499999999994,
   "tgt_bacc_full": 0.6653888888888889,
   "tgt_bacc_eras": 0.5,
   "dtgt_bacc": -0.16538888888888886,
   "dtgt_bacc_lo": -0.22612638888888884,
   "dtgt_bacc_hi": -0.10999999999999997,
   "dtgt_nll": 0.04323830404983421,
   "dtgt_nll_lo": -0.05311788572967706,
   "dtgt_nll_hi": 0.14208494087513637,
   "gate_action": "REJECT"
  },
  "Cho2017|EEGNet|tp_leace_task_carrier_preserving": {
   "dataset": "Cho2017",
   "backbone": "EEGNet",
   "eraser": "tp_leace_task_carrier_preserving",
   "deployable": true,
   "n_folds": 15,
   "chance": 0.5,
   "src_task_full": 0.768861437081634,
   "src_task_eras": 0.7688748476296045,
   "task_drop_ucb": 5.1351271173875425e-05,
   "task_drop_mean": -1.3410547970497493e-05,
   "subj_full": 0.31282065976935214,
   "subj_eras": 0.02502744849636534,
   "domain_gain": 0.2877932112729869,
   "benefit_lcb": -0.0001250000000000001,
   "benefit_mean": 0.0,
   "tgt_bacc_full": 0.6653888888888889,
   "tgt_bacc_eras": 0.6653888888888889,
   "dtgt_bacc": 0.0,
   "dtgt_bacc_lo": 0.0,
   "dtgt_bacc_hi": 0.0,
   "dtgt_nll": -0.00037497704998653013,
   "dtgt_nll_lo": -0.0012584032413625434,
   "dtgt_nll_hi": 0.00027035541035377267,
   "gate_action": "ABSTAIN"
  },
  "Cho2017|EEGNet|cc_leace_predicted_route_deployable": {
   "dataset": "Cho2017",
   "backbone": "EEGNet",
   "eraser": "cc_leace_predicted_route_deployable",
   "deployable": true,
   "n_folds": 15,
   "chance": 0.5,
   "src_task_full": 0.768861437081634,
   "src_task_eras": 0.768861437081634,
   "task_drop_ucb": 0.0,
   "task_drop_mean": 0.0,
   "subj_full": 0.31282065976935214,
   "subj_eras": 0.021124131551694673,
   "domain_gain": 0.2916965282176575,
   "benefit_lcb": 0.0,
   "benefit_mean": 0.0,
   "tgt_bacc_full": 0.6653888888888889,
   "tgt_bacc_eras": 0.6653888888888889,
   "dtgt_bacc": 0.0,
   "dtgt_bacc_lo": 0.0,
   "dtgt_bacc_hi": 0.0,
   "dtgt_nll": 0.011556720563186958,
   "dtgt_nll_lo": -0.03455487891218295,
   "dtgt_nll_hi": 0.05191050711759655,
   "gate_action": "ABSTAIN"
  },
  "Cho2017|EEGNet|random_k": {
   "dataset": "Cho2017",
   "backbone": "EEGNet",
   "eraser": "random_k",
   "deployable": true,
   "n_folds": 15,
   "chance": 0.5,
   "src_task_full": 0.768861437081634,
   "src_task_eras": 0.7493529116208149,
   "task_drop_ucb": 0.024560344473375736,
   "task_drop_mean": 0.019508525460819055,
   "subj_full": 0.31282065976935214,
   "subj_eras": 0.18949657647875004,
   "domain_gain": 0.12332408329060214,
   "benefit_lcb": -0.026501041666666666,
   "benefit_mean": -0.01954166666666667,
   "tgt_bacc_full": 0.6653888888888889,
   "tgt_bacc_eras": 0.6745555555555555,
   "dtgt_bacc": 0.009166666666666679,
   "dtgt_bacc_lo": -0.003833333333333333,
   "dtgt_bacc_hi": 0.02417083333333335,
   "dtgt_nll": -0.036484330700285915,
   "dtgt_nll_lo": -0.05901574736736674,
   "dtgt_nll_hi": -0.016059202244713477,
   "gate_action": "REJECT"
  },
  "Cho2017|EEGNet|cc_leace_oracle_route_diagnostic": {
   "dataset": "Cho2017",
   "backbone": "EEGNet",
   "eraser": "cc_leace_oracle_route_diagnostic",
   "deployable": false,
   "n_folds": 15,
   "chance": 0.5,
   "src_task_full": 0.768861437081634,
   "src_task_eras": 1.0,
   "task_drop_ucb": -0.22892914023347163,
   "task_drop_mean": -0.23113856291836604,
   "subj_full": 0.31282065976935214,
   "subj_eras": 0.021238600830492973,
   "domain_gain": 0.2915820589388592,
   "benefit_lcb": NaN,
   "benefit_mean": NaN,
   "tgt_bacc_full": 0.6653888888888889,
   "tgt_bacc_eras": 1.0,
   "dtgt_bacc": 0.33461111111111114,
   "dtgt_bacc_lo": 0.27387361111111114,
   "dtgt_bacc_hi": 0.39,
   "dtgt_nll": -0.6128627038207706,
   "dtgt_nll_lo": -0.7097903156603705,
   "dtgt_nll_hi": -0.514045885056811,
   "gate_action": "DIAGNOSTIC"
  },
  "Lee2019_MI|EEGNet|leace_baseline": {
   "dataset": "Lee2019_MI",
   "backbone": "EEGNet",
   "eraser": "leace_baseline",
   "deployable": true,
   "n_folds": 15,
   "chance": 0.5,
   "src_task_full": 0.7968584707855179,
   "src_task_eras": 0.5,
   "task_drop_ucb": 0.3000074440907658,
   "task_drop_mean": 0.2968584707855178,
   "subj_full": 0.27235220125786164,
   "subj_eras": 0.016603773584905664,
   "domain_gain": 0.25574842767295597,
   "benefit_lcb": -0.3112541666666666,
   "benefit_mean": -0.29883333333333334,
   "tgt_bacc_full": 0.6806666666666668,
   "tgt_bacc_eras": 0.5,
   "dtgt_bacc": -0.18066666666666664,
   "dtgt_bacc_lo": -0.23533333333333328,
   "dtgt_bacc_hi": -0.12632500000000005,
   "dtgt_nll": 0.06349382066884163,
   "dtgt_nll_lo": -0.03460302905198347,
   "dtgt_nll_hi": 0.1644326018316636,
   "gate_action": "REJECT"
  },
  "Lee2019_MI|EEGNet|tp_leace_task_carrier_preserving": {
   "dataset": "Lee2019_MI",
   "backbone": "EEGNet",
   "eraser": "tp_leace_task_carrier_preserving",
   "deployable": true,
   "n_folds": 15,
   "chance": 0.5,
   "src_task_full": 0.7968584707855179,
   "src_task_eras": 0.7968085136212234,
   "task_drop_ucb": 0.00011290032447796306,
   "task_drop_mean": 4.9957164294426686e-05,
   "subj_full": 0.27235220125786164,
   "subj_eras": 0.025069182389937106,
   "domain_gain": 0.24728301886792456,
   "benefit_lcb": -0.00012499999999999735,
   "benefit_mean": -4.166666666666578e-05,
   "tgt_bacc_full": 0.6806666666666668,
   "tgt_bacc_eras": 0.6806666666666668,
   "dtgt_bacc": 0.0,
   "dtgt_bacc_lo": 0.0,
   "dtgt_bacc_hi": 0.0,
   "dtgt_nll": 0.00012046377001387702,
   "dtgt_nll_lo": -8.190441415982907e-05,
   "dtgt_nll_hi": 0.00032671705579470796,
   "gate_action": "ABSTAIN"
  },
  "Lee2019_MI|EEGNet|cc_leace_predicted_route_deployable": {
   "dataset": "Lee2019_MI",
   "backbone": "EEGNet",
   "eraser": "cc_leace_predicted_route_deployable",
   "deployable": true,
   "n_folds": 15,
   "chance": 0.5,
   "src_task_full": 0.7968584707855179,
   "src_task_eras": 0.7968584707855179,
   "task_drop_ucb": 0.0,
   "task_drop_mean": 0.0,
   "subj_full": 0.27235220125786164,
   "subj_eras": 0.018704402515723268,
   "domain_gain": 0.25364779874213833,
   "benefit_lcb": 0.0,
   "benefit_mean": 0.0,
   "tgt_bacc_full": 0.6806666666666668,
   "tgt_bacc_eras": 0.6806666666666668,
   "dtgt_bacc": 0.0,
   "dtgt_bacc_lo": 0.0,
   "dtgt_bacc_hi": 0.0,
   "dtgt_nll": 0.029820615527106666,
   "dtgt_nll_lo": -0.010456088348544109,
   "dtgt_nll_hi": 0.06826191247977585,
   "gate_action": "ABSTAIN"
  },
  "Lee2019_MI|EEGNet|random_k": {
   "dataset": "Lee2019_MI",
   "backbone": "EEGNet",
   "eraser": "random_k",
   "deployable": true,
   "n_folds": 15,
   "chance": 0.5,
   "src_task_full": 0.7968584707855179,
   "src_task_eras": 0.7553789796908397,
   "task_drop_ucb": 0.05118433339717529,
   "task_drop_mean": 0.0414794910946783,
   "subj_full": 0.27235220125786164,
   "subj_eras": 0.18355974842767295,
   "domain_gain": 0.08879245283018868,
   "benefit_lcb": -0.062499999999999986,
   "benefit_mean": -0.053,
   "tgt_bacc_full": 0.6806666666666668,
   "tgt_bacc_eras": 0.6693333333333334,
   "dtgt_bacc": -0.011333333333333351,
   "dtgt_bacc_lo": -0.024666666666666674,
   "dtgt_bacc_hi": 0.0006666666666666454,
   "dtgt_nll": 0.0013425895568005496,
   "dtgt_nll_lo": -0.04189911754430675,
   "dtgt_nll_hi": 0.03801789107490024,
   "gate_action": "REJECT"
  },
  "Lee2019_MI|EEGNet|cc_leace_oracle_route_diagnostic": {
   "dataset": "Lee2019_MI",
   "backbone": "EEGNet",
   "eraser": "cc_leace_oracle_route_diagnostic",
   "deployable": false,
   "n_folds": 15,
   "chance": 0.5,
   "src_task_full": 0.7968584707855179,
   "src_task_eras": 1.0,