null_name,observed_hit,null_mean_hit,null_p95_hit,observed_minus_null_mean,percentile,num_repeats,seed,target_label_derived,diagnostic_only,no_selection_artifact
N0_random_tie_within_cell,0.9444444444444444,0.4306520061728395,0.4805555555555555,0.5137924382716049,1.0,64,54054,1,1,1
N1_permute_scalar_within_cell,0.9444444444444444,0.4296682098765432,0.4592592592592593,0.5147762345679012,1.0,64,54054,1,1,1
N2_permute_scalar_within_target,0.9444444444444444,0.430224408436214,0.4775462962962963,0.5142200360082304,1.0,64,54054,1,1,1
N3_permute_scalar_within_trajectory,0.9444444444444444,0.42363040123456797,0.4619753086419753,0.5208140432098765,1.0,64,54054,1,1,1
N4_permute_joint_good_labels_within_cell,0.9444444444444444,0.4376350308641976,0.4861728395061728,0.5068094135802468,1.0,64,54054,1,1,1
N5_sign_flip_or_reverse_endpoint_scalar,0.9444444444444444,0.05555555555555555,0.05555555555555555,0.8888888888888888,1.0,1,54054,1,1,1
N6_quantile_label_shuffle_preserving_cell_histogram,0.9444444444444444,0.4274948429728884,0.44527795370948325,0.516949601471556,1.0,64,54054,1,1,1
