transfer_mode,same_cell_scalar_hit,transfer_hit,transfer_enrichment,transfer_closed_fraction,same_cell_minus_transfer_gap,cells_evaluated,cells_improved,cells_degraded,mean_donor_cells,target_label_derived,available_at_selection_time,diagnostic_only,no_selection_artifact
T0_same_cell,0.9444444444444444,0.9444444444444444,2.197796286440887,1.0,0.0,162,141,0,1.0,1,0,1,1
T1_leave_target_out,0.9444444444444444,0.5740740740740741,1.3359153897974017,0.1891891891891892,0.37037037037037035,162,81,48,144.0,1,0,1,1
T2_leave_trajectory_out,0.9444444444444444,0.5740740740740741,1.3359153897974017,0.1891891891891892,0.37037037037037035,162,81,48,161.0,1,0,1,1
T3_leave_target_trajectory_cell_out,0.9444444444444444,0.5740740740740741,1.3359153897974017,0.1891891891891892,0.37037037037037035,162,81,48,161.0,1,0,1,1
T4_global_template,0.9444444444444444,0.5740740740740741,1.3359153897974017,0.1891891891891892,0.37037037037037035,162,81,48,162.0,1,0,1,1
T5_matched_source_geometry_template,0.9444444444444444,0.7037037037037037,1.6375737036226214,0.472972972972973,0.2407407407407407,162,102,30,13.444444444444445,1,0,1,1
