{
  "dataset": "Lee2019_MI",
  "subject": "9",
  "seed": 0,
  "status": "ok",
  "C": 2,
  "n_cal": 100,
  "n_query": 100,
  "cal_session": [
    "0"
  ],
  "query_sessions": [
    "1"
  ],
  "n_draws": 50,
  "n_tau_draws": 10,
  "init_param_diff": 8.817453717696066e-06,
  "endpoints": {
    "1": {
      "U_H0": 0.7999999999999998,
      "U_H1": 0.6192,
      "U_H1W": 0.6192,
      "U_H2": 0.7999999999999998,
      "U_H3": 0.7556,
      "U_H4": 0.7999999999999998,
      "dU_center": 0.18079999999999985,
      "dU_MAP_frozen": 0.0,
      "dU_gate_frozen": 0.0,
      "dU_gate_map": 0.0,
      "dU_init_bacc": 0.0,
      "U_H2_minus_H3": 0.04439999999999977,
      "tau0": 1.0,
      "taus": 100.0,
      "gate": 1
    },
    "2": {
      "U_H0": 0.7999999999999998,
      "U_H1": 0.6337999999999999,
      "U_H1W": 0.6337999999999999,
      "U_H2": 0.8001999999999998,
      "U_H3": 0.7469999999999999,
      "U_H4": 0.8001999999999998,
      "dU_center": 0.16639999999999988,
      "dU_MAP_frozen": 0.00019999999999997797,
      "dU_gate_frozen": 0.00019999999999997797,
      "dU_gate_map": 0.0,
      "dU_init_bacc": 0.0,
      "U_H2_minus_H3": 0.053199999999999914,
      "tau0": 10.0,
      "taus": 100.0,
      "gate": 1
    },
    "4": {
      "U_H0": 0.7999999999999998,
      "U_H1": 0.6752000000000001,
      "U_H1W": 0.6752000000000001,
      "U_H2": 0.8011999999999999,
      "U_H3": 0.7699999999999999,
      "U_H4": 0.8011999999999999,
      "dU_center": 0.12599999999999978,
      "dU_MAP_frozen": 0.0012000000000000899,
      "dU_gate_frozen": 0.0012000000000000899,
      "dU_gate_map": 0.0,
      "dU_init_bacc": 0.0,
      "U_H2_minus_H3": 0.031200000000000006,
      "tau0": 10.0,
      "taus": 100.0,
      "gate": 1
    },
    "8": {
      "U_H0": 0.7999999999999998,
      "U_H1": 0.7183999999999999,
      "U_H1W": 0.7183999999999999,
      "U_H2": 0.8031999999999999,
      "U_H3": 0.7882000000000001,
      "U_H4": 0.8031999999999999,
      "dU_center": 0.08479999999999999,
      "dU_MAP_frozen": 0.0032000000000000917,
      "dU_gate_frozen": 0.0032000000000000917,
      "dU_gate_map": 0.0,
      "dU_init_bacc": 0.0,
      "U_H2_minus_H3": 0.014999999999999791,
      "tau0": 10.0,
      "taus": 100.0,
      "gate": 1
    },
    "16": {
      "U_H0": 0.7999999999999998,
      "U_H1": 0.7574,
      "U_H1W": 0.7574,
      "U_H2": 0.8039999999999999,
      "U_H3": 0.7958,
      "U_H4": 0.8039999999999999,
      "dU_center": 0.046599999999999975,
      "dU_MAP_frozen": 0.004000000000000115,
      "dU_gate_frozen": 0.004000000000000115,
      "dU_gate_map": 0.0,
      "dU_init_bacc": 0.0,
      "U_H2_minus_H3": 0.008199999999999985,
      "tau0": 10.0,
      "taus": 100.0,
      "gate": 1
    },
    "32": {
      "U_H0": 0.7999999999999998,
      "U_H1": 0.7827999999999998,
      "U_H1W": 0.7827999999999998,
      "U_H2": 0.8082,
      "U_H3": 0.8018000000000001,
      "U_H4": 0.8082,
      "dU_center": 0.0254000000000002,
      "dU_MAP_frozen": 0.008200000000000207,
      "dU_gate_frozen": 0.008200000000000207,
      "dU_gate_map": 0.0,
      "dU_init_bacc": 0.0,
      "U_H2_minus_H3": 0.006399999999999961,
      "tau0": 10.0,
      "taus": 100.0,
      "gate": 1
    },
    "Full": {
      "U_H0": 0.8,
      "U_H1": 0.77,
      "U_H1W": 0.77,
      "U_H2": 0.8200000000000001,
      "U_H3": 0.8,
      "U_H4": 0.8200000000000001,
      "dU_center": 0.050000000000000044,
      "dU_MAP_frozen": 0.020000000000000018,
      "dU_gate_frozen": 0.020000000000000018,
      "dU_gate_map": 0.0,
      "dU_init_bacc": 0.0,
      "U_H2_minus_H3": 0.020000000000000018,
      "tau0": 1.0,
      "taus": 100.0,
      "gate": 1
    }
  },
  "specificity": {
    "status": "ok",
    "rank": 8,
    "n_matched": 50,
    "n_tried": 185,
    "informed_srcval": 0.6689999999999999,
    "dGh_specific": {
      "ridge_k1": {
        "informed": -0.12380000000000001,
        "random_mean": -0.11726799999999997,
        "specific": -0.006532000000000038
      },
      "map_k1": {
        "informed": -0.005800000000000016,
        "random_mean": 0.00018800000000000094,
        "specific": -0.005988000000000017
      },
      "ridge_k8": {
        "informed": -0.07700000000000001,
        "random_mean": -0.05288799999999998,
        "specific": -0.024112000000000036
      },
      "map_k8": {
        "informed": -0.00800000000000004,
        "random_mean": 0.0016760000000000037,
        "specific": -0.009676000000000044
      },
      "ridge_kFull": {
        "informed": 0.029999999999999916,
        "random_mean": -0.00039999999999999145,
        "specific": 0.030399999999999906
      },
      "map_kFull": {
        "informed": -1.1102230246251565e-16,
        "random_mean": 0.011400000000000004,
        "specific": -0.011400000000000115
      }
    }
  },
  "headroom": {
    "frozen_query_bacc": 0.8,
    "frozen_query_nll": 0.4398736867222356,
    "fullcal_query_bacc": 0.77,
    "fullcal_gain": -0.030000000000000027,
    "angle_Ws_Wt_deg": 43.392092858638165,
    "bias_displacement": 0.17092886119685116,
    "direction_displacement": 1.4786229576855217,
    "cal_cov_condition": 12.245345392813686,
    "class_prior_shift": 0.0,
    "cal_query_mean_drift": 1.4497717111914912
  },
  "tau0": {
    "1": 1.0,
    "2": 10.0,
    "4": 10.0,
    "8": 10.0,
    "16": 10.0,
    "32": 10.0,
    "Full": 1.0
  },
  "taus": {
    "1": 100.0,
    "2": 100.0,
    "4": 100.0,
    "8": 100.0,
    "16": 100.0,
    "32": 100.0,
    "Full": 100.0
  },
  "gate": {
    "1": 1,
    "2": 1,
    "4": 1,
    "8": 1,
    "16": 1,
    "32": 1,
    "Full": 1
  },
  "firewall": {
    "source_only_construction": true,
    "tau_source_only": true,
    "gate_source_only": true,
    "Ycal_used_for_head_adapt": true,
    "Yquery_used_for_selection": false,
    "Yquery_used_for_outcome": true
  }
}