{
  "dataset": "Lee2019_MI",
  "subject": "19",
  "seed": 2,
  "status": "ok",
  "C": 2,
  "n_cal": 100,
  "n_query": 100,
  "cal_session": [
    "0"
  ],
  "query_sessions": [
    "1"
  ],
  "n_draws": 50,
  "n_tau_draws": 10,
  "init_param_diff": 2.0782329225979285e-05,
  "endpoints": {
    "1": {
      "U_H0": 0.67,
      "U_H1": 0.5126,
      "U_H1W": 0.5126,
      "U_H2": 0.6691999999999999,
      "U_H3": 0.6342,
      "U_H4": 0.6691999999999999,
      "dU_center": 0.15659999999999996,
      "dU_MAP_frozen": -0.0008000000000001339,
      "dU_gate_frozen": -0.0008000000000001339,
      "dU_gate_map": 0.0,
      "dU_init_bacc": 0.0,
      "U_H2_minus_H3": 0.03499999999999992,
      "tau0": 10.0,
      "taus": 100.0,
      "gate": 1
    },
    "2": {
      "U_H0": 0.67,
      "U_H1": 0.5461999999999999,
      "U_H1W": 0.5461999999999999,
      "U_H2": 0.6694,
      "U_H3": 0.6656,
      "U_H4": 0.67,
      "dU_center": 0.12320000000000009,
      "dU_MAP_frozen": -0.0006000000000000449,
      "dU_gate_frozen": 0.0,
      "dU_gate_map": 0.0006000000000000449,
      "dU_init_bacc": 0.0,
      "U_H2_minus_H3": 0.0038000000000000256,
      "tau0": 10.0,
      "taus": 100.0,
      "gate": 0
    },
    "4": {
      "U_H0": 0.67,
      "U_H1": 0.556,
      "U_H1W": 0.556,
      "U_H2": 0.6672,
      "U_H3": 0.6788,
      "U_H4": 0.67,
      "dU_center": 0.11119999999999997,
      "dU_MAP_frozen": -0.0028000000000000247,
      "dU_gate_frozen": 0.0,
      "dU_gate_map": 0.0028000000000000247,
      "dU_init_bacc": 0.0,
      "U_H2_minus_H3": -0.011599999999999944,
      "tau0": 10.0,
      "taus": 100.0,
      "gate": 0
    },
    "8": {
      "U_H0": 0.67,
      "U_H1": 0.5916,
      "U_H1W": 0.5916,
      "U_H2": 0.669,
      "U_H3": 0.6846,
      "U_H4": 0.67,
      "dU_center": 0.07740000000000002,
      "dU_MAP_frozen": -0.0010000000000000009,
      "dU_gate_frozen": 0.0,
      "dU_gate_map": 0.0010000000000000009,
      "dU_init_bacc": 0.0,
      "U_H2_minus_H3": -0.015599999999999947,
      "tau0": 10.0,
      "taus": 100.0,
      "gate": 0
    },
    "16": {
      "U_H0": 0.67,
      "U_H1": 0.6138,
      "U_H1W": 0.6138,
      "U_H2": 0.6749999999999998,
      "U_H3": 0.6825999999999999,
      "U_H4": 0.67,
      "dU_center": 0.06119999999999981,
      "dU_MAP_frozen": 0.004999999999999782,
      "dU_gate_frozen": 0.0,
      "dU_gate_map": -0.004999999999999782,
      "dU_init_bacc": 0.0,
      "U_H2_minus_H3": -0.007600000000000051,
      "tau0": 10.0,
      "taus": 100.0,
      "gate": 0
    },
    "32": {
      "U_H0": 0.67,
      "U_H1": 0.6187999999999999,
      "U_H1W": 0.6187999999999999,
      "U_H2": 0.6722,
      "U_H3": 0.676,
      "U_H4": 0.67,
      "dU_center": 0.053400000000000114,
      "dU_MAP_frozen": 0.0021999999999999797,
      "dU_gate_frozen": 0.0,
      "dU_gate_map": -0.0021999999999999797,
      "dU_init_bacc": 0.0,
      "U_H2_minus_H3": -0.0038000000000000256,
      "tau0": 1.0,
      "taus": 100.0,
      "gate": 0
    },
    "Full": {
      "U_H0": 0.6699999999999999,
      "U_H1": 0.63,
      "U_H1W": 0.63,
      "U_H2": 0.67,
      "U_H3": 0.6799999999999999,
      "U_H4": 0.6699999999999999,
      "dU_center": 0.040000000000000036,
      "dU_MAP_frozen": 1.1102230246251565e-16,
      "dU_gate_frozen": 0.0,
      "dU_gate_map": -1.1102230246251565e-16,
      "dU_init_bacc": 0.0,
      "U_H2_minus_H3": -0.009999999999999898,
      "tau0": 1.0,
      "taus": 100.0,
      "gate": 0
    }
  },
  "specificity": {
    "status": "ok",
    "rank": 8,
    "n_matched": 50,
    "n_tried": 228,
    "informed_srcval": 0.659,
    "dGh_specific": {
      "ridge_k1": {
        "informed": -0.07100000000000004,
        "random_mean": -0.098848,
        "specific": 0.02784799999999997
      },
      "map_k1": {
        "informed": 0.006200000000000006,
        "random_mean": -0.0006440000000000035,
        "specific": 0.00684400000000001
      },
      "ridge_k8": {
        "informed": -0.05360000000000005,
        "random_mean": -0.06418,
        "specific": 0.01057999999999995
      },
      "map_k8": {
        "informed": 0.008800000000000004,
        "random_mean": -0.0015600000000000047,
        "specific": 0.010360000000000008
      },
      "ridge_kFull": {
        "informed": -0.020000000000000018,
        "random_mean": -0.044999999999999984,
        "specific": 0.024999999999999967
      },
      "map_kFull": {
        "informed": 0.010000000000000009,
        "random_mean": -0.0036000000000000042,
        "specific": 0.013600000000000013
      }
    }
  },
  "headroom": {
    "frozen_query_bacc": 0.6699999999999999,
    "frozen_query_nll": 0.5866020008933516,
    "fullcal_query_bacc": 0.63,
    "fullcal_gain": -0.039999999999999925,
    "angle_Ws_Wt_deg": 37.5627835741983,
    "bias_displacement": 1.261424960724625,
    "direction_displacement": 2.141370442101568,
    "cal_cov_condition": 7.773654250880654,
    "class_prior_shift": 0.0,
    "cal_query_mean_drift": 1.1496226341815945
  },
  "tau0": {
    "1": 10.0,
    "2": 10.0,
    "4": 10.0,
    "8": 10.0,
    "16": 10.0,
    "32": 1.0,
    "Full": 1.0
  },
  "taus": {
    "1": 100.0,
    "2": 100.0,
    "4": 100.0,
    "8": 100.0,
    "16": 100.0,
    "32": 100.0,
    "Full": 100.0
  },
  "gate": {
    "1": 1,
    "2": 0,
    "4": 0,
    "8": 0,
    "16": 0,
    "32": 0,
    "Full": 0
  },
  "firewall": {
    "source_only_construction": true,
    "tau_source_only": true,
    "gate_source_only": true,
    "Ycal_used_for_head_adapt": true,
    "Yquery_used_for_selection": false,
    "Yquery_used_for_outcome": true
  }
}