{
  "dataset": "Lee2019_MI",
  "subject": "7",
  "seed": 0,
  "status": "ok",
  "C": 2,
  "n_cal": 100,
  "n_query": 100,
  "cal_session": [
    "0"
  ],
  "query_sessions": [
    "1"
  ],
  "n_draws": 50,
  "n_tau_draws": 10,
  "init_param_diff": 1.240189230537987e-05,
  "endpoints": {
    "1": {
      "U_H0": 0.65,
      "U_H1": 0.5062000000000001,
      "U_H1W": 0.5062000000000001,
      "U_H2": 0.649,
      "U_H3": 0.6168,
      "U_H4": 0.65,
      "dU_center": 0.14279999999999993,
      "dU_MAP_frozen": -0.0010000000000000009,
      "dU_gate_frozen": 0.0,
      "dU_gate_map": 0.0010000000000000009,
      "dU_init_bacc": 0.0,
      "U_H2_minus_H3": 0.032200000000000006,
      "tau0": 10.0,
      "taus": 100.0,
      "gate": 0
    },
    "2": {
      "U_H0": 0.65,
      "U_H1": 0.5194,
      "U_H1W": 0.5194,
      "U_H2": 0.6518,
      "U_H3": 0.6514,
      "U_H4": 0.65,
      "dU_center": 0.13240000000000007,
      "dU_MAP_frozen": 0.0018000000000000238,
      "dU_gate_frozen": 0.0,
      "dU_gate_map": -0.0018000000000000238,
      "dU_init_bacc": 0.0,
      "U_H2_minus_H3": 0.00040000000000006697,
      "tau0": 10.0,
      "taus": 100.0,
      "gate": 0
    },
    "4": {
      "U_H0": 0.65,
      "U_H1": 0.5226000000000001,
      "U_H1W": 0.5226000000000001,
      "U_H2": 0.6506000000000001,
      "U_H3": 0.6574,
      "U_H4": 0.6506000000000001,
      "dU_center": 0.128,
      "dU_MAP_frozen": 0.0006000000000000449,
      "dU_gate_frozen": 0.0006000000000000449,
      "dU_gate_map": 0.0,
      "dU_init_bacc": 0.0,
      "U_H2_minus_H3": -0.006799999999999917,
      "tau0": 10.0,
      "taus": 100.0,
      "gate": 1
    },
    "8": {
      "U_H0": 0.65,
      "U_H1": 0.5316000000000001,
      "U_H1W": 0.5316000000000001,
      "U_H2": 0.6488,
      "U_H3": 0.6781999999999999,
      "U_H4": 0.65,
      "dU_center": 0.11719999999999997,
      "dU_MAP_frozen": -0.0011999999999999789,
      "dU_gate_frozen": 0.0,
      "dU_gate_map": 0.0011999999999999789,
      "dU_init_bacc": 0.0,
      "U_H2_minus_H3": -0.02939999999999987,
      "tau0": 10.0,
      "taus": 100.0,
      "gate": 0
    },
    "16": {
      "U_H0": 0.65,
      "U_H1": 0.5680000000000001,
      "U_H1W": 0.5680000000000001,
      "U_H2": 0.6476,
      "U_H3": 0.6872,
      "U_H4": 0.6476,
      "dU_center": 0.0795999999999999,
      "dU_MAP_frozen": -0.0024000000000000687,
      "dU_gate_frozen": -0.0024000000000000687,
      "dU_gate_map": 0.0,
      "dU_init_bacc": 0.0,
      "U_H2_minus_H3": -0.03960000000000008,
      "tau0": 10.0,
      "taus": 100.0,
      "gate": 1
    },
    "32": {
      "U_H0": 0.65,
      "U_H1": 0.5851999999999999,
      "U_H1W": 0.5851999999999999,
      "U_H2": 0.6454,
      "U_H3": 0.7024000000000001,
      "U_H4": 0.6454,
      "dU_center": 0.06020000000000003,
      "dU_MAP_frozen": -0.0046000000000000485,
      "dU_gate_frozen": -0.0046000000000000485,
      "dU_gate_map": 0.0,
      "dU_init_bacc": 0.0,
      "U_H2_minus_H3": -0.05700000000000016,
      "tau0": 10.0,
      "taus": 100.0,
      "gate": 1
    },
    "Full": {
      "U_H0": 0.65,
      "U_H1": 0.6599999999999999,
      "U_H1W": 0.6599999999999999,
      "U_H2": 0.62,
      "U_H3": 0.7,
      "U_H4": 0.62,
      "dU_center": -0.039999999999999925,
      "dU_MAP_frozen": -0.030000000000000027,
      "dU_gate_frozen": -0.030000000000000027,
      "dU_gate_map": 0.0,
      "dU_init_bacc": 0.0,
      "U_H2_minus_H3": -0.07999999999999996,
      "tau0": 1.0,
      "taus": 100.0,
      "gate": 1
    }
  },
  "specificity": {
    "status": "ok",
    "rank": 8,
    "n_matched": 50,
    "n_tried": 310,
    "informed_srcval": 0.64,
    "dGh_specific": {
      "ridge_k1": {
        "informed": -0.09239999999999997,
        "random_mean": -0.070668,
        "specific": -0.021731999999999974
      },
      "map_k1": {
        "informed": -0.00859999999999998,
        "random_mean": -5.9999999999996e-05,
        "specific": -0.008539999999999983
      },
      "ridge_k8": {
        "informed": -0.07999999999999996,
        "random_mean": -0.05923200000000001,
        "specific": -0.020767999999999953
      },
      "map_k8": {
        "informed": -0.021199999999999938,
        "random_mean": -0.0014679999999999938,
        "specific": -0.019731999999999944
      },
      "ridge_kFull": {
        "informed": -0.05999999999999994,
        "random_mean": -0.025199999999999997,
        "specific": -0.03479999999999994
      },
      "map_kFull": {
        "informed": -0.04999999999999993,
        "random_mean": -0.007399999999999991,
        "specific": -0.04259999999999994
      }
    }
  },
  "headroom": {
    "frozen_query_bacc": 0.65,
    "frozen_query_nll": 0.6903320349653578,
    "fullcal_query_bacc": 0.65,
    "fullcal_gain": 0.0,
    "angle_Ws_Wt_deg": 52.38197797986408,
    "bias_displacement": 0.5051483940512893,
    "direction_displacement": 1.7194197045927393,
    "cal_cov_condition": 15.186377849557598,
    "class_prior_shift": 0.0,
    "cal_query_mean_drift": 1.8050017953481599
  },
  "tau0": {
    "1": 10.0,
    "2": 10.0,
    "4": 10.0,
    "8": 10.0,
    "16": 10.0,
    "32": 10.0,
    "Full": 1.0
  },
  "taus": {
    "1": 100.0,
    "2": 100.0,
    "4": 100.0,
    "8": 100.0,
    "16": 100.0,
    "32": 100.0,
    "Full": 100.0
  },
  "gate": {
    "1": 0,
    "2": 0,
    "4": 1,
    "8": 0,
    "16": 1,
    "32": 1,
    "Full": 1
  },
  "firewall": {
    "source_only_construction": true,
    "tau_source_only": true,
    "gate_source_only": true,
    "Ycal_used_for_head_adapt": true,
    "Yquery_used_for_selection": false,
    "Yquery_used_for_outcome": true
  }
}