{
  "dataset": "Lee2019_MI",
  "subject": "41",
  "seed": 0,
  "status": "ok",
  "C": 2,
  "n_cal": 100,
  "n_query": 100,
  "cal_session": [
    "0"
  ],
  "query_sessions": [
    "1"
  ],
  "n_draws": 50,
  "n_tau_draws": 10,
  "init_param_diff": 2.632997766727332e-05,
  "endpoints": {
    "1": {
      "U_H0": 0.58,
      "U_H1": 0.5062,
      "U_H1W": 0.5062,
      "U_H2": 0.5898,
      "U_H3": 0.5446,
      "U_H4": 0.58,
      "dU_center": 0.08360000000000001,
      "dU_MAP_frozen": 0.009800000000000031,
      "dU_gate_frozen": 0.0,
      "dU_gate_map": -0.009800000000000031,
      "dU_init_bacc": 0.0,
      "U_H2_minus_H3": 0.04520000000000002,
      "tau0": 10.0,
      "taus": 100.0,
      "gate": 0
    },
    "2": {
      "U_H0": 0.58,
      "U_H1": 0.4968,
      "U_H1W": 0.4968,
      "U_H2": 0.59,
      "U_H3": 0.5476,
      "U_H4": 0.58,
      "dU_center": 0.09319999999999995,
      "dU_MAP_frozen": 0.010000000000000009,
      "dU_gate_frozen": 0.0,
      "dU_gate_map": -0.010000000000000009,
      "dU_init_bacc": 0.0,
      "U_H2_minus_H3": 0.04239999999999999,
      "tau0": 10.0,
      "taus": 100.0,
      "gate": 0
    },
    "4": {
      "U_H0": 0.58,
      "U_H1": 0.5044,
      "U_H1W": 0.5044,
      "U_H2": 0.5914,
      "U_H3": 0.5662,
      "U_H4": 0.5914,
      "dU_center": 0.08700000000000008,
      "dU_MAP_frozen": 0.011400000000000077,
      "dU_gate_frozen": 0.011400000000000077,
      "dU_gate_map": 0.0,
      "dU_init_bacc": 0.0,
      "U_H2_minus_H3": 0.0252,
      "tau0": 10.0,
      "taus": 100.0,
      "gate": 1
    },
    "8": {
      "U_H0": 0.58,
      "U_H1": 0.508,
      "U_H1W": 0.508,
      "U_H2": 0.5912000000000001,
      "U_H3": 0.5762,
      "U_H4": 0.58,
      "dU_center": 0.08320000000000005,
      "dU_MAP_frozen": 0.011200000000000099,
      "dU_gate_frozen": 0.0,
      "dU_gate_map": -0.011200000000000099,
      "dU_init_bacc": 0.0,
      "U_H2_minus_H3": 0.015000000000000013,
      "tau0": 10.0,
      "taus": 100.0,
      "gate": 0
    },
    "16": {
      "U_H0": 0.58,
      "U_H1": 0.4936,
      "U_H1W": 0.4936,
      "U_H2": 0.5943999999999999,
      "U_H3": 0.5888,
      "U_H4": 0.5943999999999999,
      "dU_center": 0.10079999999999995,
      "dU_MAP_frozen": 0.014399999999999968,
      "dU_gate_frozen": 0.014399999999999968,
      "dU_gate_map": 0.0,
      "dU_init_bacc": 0.0,
      "U_H2_minus_H3": 0.005599999999999938,
      "tau0": 10.0,
      "taus": 100.0,
      "gate": 1
    },
    "32": {
      "U_H0": 0.58,
      "U_H1": 0.4808,
      "U_H1W": 0.4808,
      "U_H2": 0.5952000000000001,
      "U_H3": 0.597,
      "U_H4": 0.5952000000000001,
      "dU_center": 0.11440000000000006,
      "dU_MAP_frozen": 0.015200000000000102,
      "dU_gate_frozen": 0.015200000000000102,
      "dU_gate_map": 0.0,
      "dU_init_bacc": 0.0,
      "U_H2_minus_H3": -0.0017999999999999128,
      "tau0": 1.0,
      "taus": 100.0,
      "gate": 1
    },
    "Full": {
      "U_H0": 0.5800000000000001,
      "U_H1": 0.47,
      "U_H1W": 0.47,
      "U_H2": 0.5900000000000001,
      "U_H3": 0.62,
      "U_H4": 0.5900000000000001,
      "dU_center": 0.1200000000000001,
      "dU_MAP_frozen": 0.010000000000000009,
      "dU_gate_frozen": 0.010000000000000009,
      "dU_gate_map": 0.0,
      "dU_init_bacc": 0.0,
      "U_H2_minus_H3": -0.029999999999999916,
      "tau0": 1.0,
      "taus": 100.0,
      "gate": 1
    }
  },
  "specificity": {
    "status": "ok",
    "rank": 8,
    "n_matched": 50,
    "n_tried": 131,
    "informed_srcval": 0.696,
    "dGh_specific": {
      "ridge_k1": {
        "informed": 0.0014000000000000024,
        "random_mean": -0.017560000000000003,
        "specific": 0.018960000000000005
      },
      "map_k1": {
        "informed": 0.015600000000000013,
        "random_mean": 0.0009479999999999994,
        "specific": 0.014652000000000014
      },
      "ridge_k8": {
        "informed": 0.01700000000000001,
        "random_mean": -0.008156,
        "specific": 0.02515600000000001
      },
      "map_k8": {
        "informed": 0.03400000000000002,
        "random_mean": 0.004488000000000005,
        "specific": 0.029512000000000017
      },
      "ridge_kFull": {
        "informed": 0.06000000000000005,
        "random_mean": -0.011200000000000003,
        "specific": 0.07120000000000005
      },
      "map_kFull": {
        "informed": 0.06999999999999995,
        "random_mean": 0.005200000000000006,
        "specific": 0.06479999999999994
      }
    }
  },
  "headroom": {
    "frozen_query_bacc": 0.5800000000000001,
    "frozen_query_nll": 0.901855468001802,
    "fullcal_query_bacc": 0.45999999999999996,
    "fullcal_gain": -0.1200000000000001,
    "angle_Ws_Wt_deg": 93.22893692544136,
    "bias_displacement": 0.09674634904342728,
    "direction_displacement": 2.741789910664176,
    "cal_cov_condition": 15.639236624915272,
    "class_prior_shift": 0.0,
    "cal_query_mean_drift": 0.9255292808934334
  },
  "tau0": {
    "1": 10.0,
    "2": 10.0,
    "4": 10.0,
    "8": 10.0,
    "16": 10.0,
    "32": 1.0,
    "Full": 1.0
  },
  "taus": {
    "1": 100.0,
    "2": 100.0,
    "4": 100.0,
    "8": 100.0,
    "16": 100.0,
    "32": 100.0,
    "Full": 100.0
  },
  "gate": {
    "1": 0,
    "2": 0,
    "4": 1,
    "8": 0,
    "16": 1,
    "32": 1,
    "Full": 1
  },
  "firewall": {
    "source_only_construction": true,
    "tau_source_only": true,
    "gate_source_only": true,
    "Ycal_used_for_head_adapt": true,
    "Yquery_used_for_selection": false,
    "Yquery_used_for_outcome": true
  }
}