{
  "dataset": "BNCI2014_001",
  "subject": "6",
  "seed": 2,
  "status": "ok",
  "C": 4,
  "n_cal": 288,
  "n_query": 288,
  "cal_session": [
    "0train"
  ],
  "query_sessions": [
    "1test"
  ],
  "n_draws": 50,
  "n_tau_draws": 10,
  "init_param_diff": 0.00028729664676481427,
  "endpoints": {
    "1": {
      "U_H0": 0.2534722222222222,
      "U_H1": 0.27423611111111107,
      "U_H1W": 0.27423611111111107,
      "U_H2": 0.2625694444444444,
      "U_H3": 0.2834027777777778,
      "U_H4": 0.2625694444444444,
      "dU_center": -0.011666666666666659,
      "dU_MAP_frozen": 0.009097222222222201,
      "dU_gate_frozen": 0.009097222222222201,
      "dU_gate_map": 0.0,
      "dU_init_bacc": 0.0,
      "U_H2_minus_H3": -0.02083333333333337,
      "tau0": 1.0,
      "taus": 10.0,
      "gate": 1
    },
    "2": {
      "U_H0": 0.2534722222222222,
      "U_H1": 0.26805555555555555,
      "U_H1W": 0.26805555555555555,
      "U_H2": 0.2765972222222222,
      "U_H3": 0.2870138888888889,
      "U_H4": 0.2765972222222222,
      "dU_center": 0.00854166666666667,
      "dU_MAP_frozen": 0.023125000000000007,
      "dU_gate_frozen": 0.023125000000000007,
      "dU_gate_map": 0.0,
      "dU_init_bacc": 0.0,
      "U_H2_minus_H3": -0.010416666666666685,
      "tau0": 1.0,
      "taus": 10.0,
      "gate": 1
    },
    "4": {
      "U_H0": 0.2534722222222222,
      "U_H1": 0.2840972222222222,
      "U_H1W": 0.2840972222222222,
      "U_H2": 0.28875,
      "U_H3": 0.2947916666666667,
      "U_H4": 0.28875,
      "dU_center": 0.0046527777777777835,
      "dU_MAP_frozen": 0.0352777777777778,
      "dU_gate_frozen": 0.0352777777777778,
      "dU_gate_map": 0.0,
      "dU_init_bacc": 0.0,
      "U_H2_minus_H3": -0.006041666666666667,
      "tau0": 1.0,
      "taus": 10.0,
      "gate": 1
    },
    "8": {
      "U_H0": 0.2534722222222222,
      "U_H1": 0.2998611111111111,
      "U_H1W": 0.2998611111111111,
      "U_H2": 0.3002083333333333,
      "U_H3": 0.2943055555555556,
      "U_H4": 0.3002083333333333,
      "dU_center": 0.000347222222222221,
      "dU_MAP_frozen": 0.04673611111111109,
      "dU_gate_frozen": 0.04673611111111109,
      "dU_gate_map": 0.0,
      "dU_init_bacc": 0.0,
      "U_H2_minus_H3": 0.005902777777777701,
      "tau0": 1.0,
      "taus": 10.0,
      "gate": 1
    },
    "16": {
      "U_H0": 0.2534722222222222,
      "U_H1": 0.32666666666666666,
      "U_H1W": 0.3265972222222222,
      "U_H2": 0.3151388888888889,
      "U_H3": 0.29590277777777774,
      "U_H4": 0.3151388888888889,
      "dU_center": -0.011527777777777748,
      "dU_MAP_frozen": 0.0616666666666667,
      "dU_gate_frozen": 0.0616666666666667,
      "dU_gate_map": 0.0,
      "dU_init_bacc": -6.94444444444553e-05,
      "U_H2_minus_H3": 0.019236111111111176,
      "tau0": 1.0,
      "taus": 10.0,
      "gate": 1
    },
    "32": {
      "U_H0": 0.2534722222222222,
      "U_H1": 0.34951388888888885,
      "U_H1W": 0.34951388888888885,
      "U_H2": 0.3208333333333333,
      "U_H3": 0.2972916666666667,
      "U_H4": 0.3208333333333333,
      "dU_center": -0.028680555555555542,
      "dU_MAP_frozen": 0.0673611111111111,
      "dU_gate_frozen": 0.0673611111111111,
      "dU_gate_map": 0.0,
      "dU_init_bacc": 0.0,
      "U_H2_minus_H3": 0.023541666666666627,
      "tau0": 1.0,
      "taus": 10.0,
      "gate": 1
    },
    "Full": {
      "U_H0": 0.2534722222222222,
      "U_H1": 0.3715277777777778,
      "U_H1W": 0.3715277777777778,
      "U_H2": 0.3368055555555556,
      "U_H3": 0.3055555555555555,
      "U_H4": 0.3368055555555556,
      "dU_center": -0.03472222222222221,
      "dU_MAP_frozen": 0.08333333333333337,
      "dU_gate_frozen": 0.08333333333333337,
      "dU_gate_map": 0.0,
      "dU_init_bacc": 0.0,
      "U_H2_minus_H3": 0.031250000000000056,
      "tau0": 1.0,
      "taus": 10.0,
      "gate": 1
    }
  },
  "specificity": {
    "status": "ok",
    "rank": 8,
    "n_matched": 50,
    "n_tried": 88,
    "informed_srcval": 0.4256944444444444,
    "dGh_specific": {
      "ridge_k1": {
        "informed": 0.015000000000000005,
        "random_mean": -0.004041666666666668,
        "specific": 0.019041666666666672
      },
      "map_k1": {
        "informed": 0.00076388888888889,
        "random_mean": 0.00822222222222222,
        "specific": -0.007458333333333329
      },
      "ridge_k8": {
        "informed": 0.037222222222222226,
        "random_mean": 0.020651388888888886,
        "specific": 0.01657083333333334
      },
      "map_k8": {
        "informed": 0.02243055555555556,
        "random_mean": 0.021806944444444448,
        "specific": 0.000623611111111113
      },
      "ridge_kFull": {
        "informed": 0.09722222222222224,
        "random_mean": 0.07569444444444444,
        "specific": 0.0215277777777778
      },
      "map_kFull": {
        "informed": 0.09027777777777782,
        "random_mean": 0.0632638888888889,
        "specific": 0.02701388888888892
      }
    }
  },
  "headroom": {
    "frozen_query_bacc": 0.2534722222222222,
    "frozen_query_nll": 3.0485054072559397,
    "fullcal_query_bacc": 0.3645833333333333,
    "fullcal_gain": 0.1111111111111111,
    "angle_Ws_Wt_deg": 65.78058379974162,
    "bias_displacement": 1.8103019670754896,
    "direction_displacement": 3.684968560570028,
    "cal_cov_condition": 20.775583057693503,
    "class_prior_shift": 0.0,
    "cal_query_mean_drift": 1.0852897315304169
  },
  "tau0": {
    "1": 1.0,
    "2": 1.0,
    "4": 1.0,
    "8": 1.0,
    "16": 1.0,
    "32": 1.0,
    "Full": 1.0
  },
  "taus": {
    "1": 10.0,
    "2": 10.0,
    "4": 10.0,
    "8": 10.0,
    "16": 10.0,
    "32": 10.0,
    "Full": 10.0
  },
  "gate": {
    "1": 1,
    "2": 1,
    "4": 1,
    "8": 1,
    "16": 1,
    "32": 1,
    "Full": 1
  },
  "firewall": {
    "source_only_construction": true,
    "tau_source_only": true,
    "gate_source_only": true,
    "Ycal_used_for_head_adapt": true,
    "Yquery_used_for_selection": false,
    "Yquery_used_for_outcome": true
  }
}