{
  "dataset": "Lee2019_MI",
  "subject": "4",
  "seed": 1,
  "status": "ok",
  "C": 2,
  "n_cal": 100,
  "n_query": 100,
  "cal_session": [
    "0"
  ],
  "query_sessions": [
    "1"
  ],
  "n_draws": 50,
  "n_tau_draws": 10,
  "init_param_diff": 7.564937995248085e-06,
  "endpoints": {
    "1": {
      "U_H0": 0.7199999999999999,
      "U_H1": 0.5144000000000001,
      "U_H1W": 0.5144000000000001,
      "U_H2": 0.7138,
      "U_H3": 0.6116,
      "U_H4": 0.7199999999999999,
      "dU_center": 0.1993999999999999,
      "dU_MAP_frozen": -0.006199999999999872,
      "dU_gate_frozen": 0.0,
      "dU_gate_map": 0.006199999999999872,
      "dU_init_bacc": 0.0,
      "U_H2_minus_H3": 0.10219999999999996,
      "tau0": 10.0,
      "taus": 100.0,
      "gate": 0
    },
    "2": {
      "U_H0": 0.7199999999999999,
      "U_H1": 0.5096,
      "U_H1W": 0.5096,
      "U_H2": 0.7101999999999999,
      "U_H3": 0.6013999999999999,
      "U_H4": 0.7199999999999999,
      "dU_center": 0.2005999999999999,
      "dU_MAP_frozen": -0.00979999999999992,
      "dU_gate_frozen": 0.0,
      "dU_gate_map": 0.00979999999999992,
      "dU_init_bacc": 0.0,
      "U_H2_minus_H3": 0.10880000000000001,
      "tau0": 10.0,
      "taus": 100.0,
      "gate": 0
    },
    "4": {
      "U_H0": 0.7199999999999999,
      "U_H1": 0.5146000000000001,
      "U_H1W": 0.5146000000000001,
      "U_H2": 0.7054,
      "U_H3": 0.61,
      "U_H4": 0.7199999999999999,
      "dU_center": 0.19079999999999997,
      "dU_MAP_frozen": -0.014599999999999835,
      "dU_gate_frozen": 0.0,
      "dU_gate_map": 0.014599999999999835,
      "dU_init_bacc": 0.0,
      "U_H2_minus_H3": 0.09540000000000004,
      "tau0": 10.0,
      "taus": 100.0,
      "gate": 0
    },
    "8": {
      "U_H0": 0.7199999999999999,
      "U_H1": 0.5218,
      "U_H1W": 0.5218,
      "U_H2": 0.7046000000000001,
      "U_H3": 0.613,
      "U_H4": 0.7199999999999999,
      "dU_center": 0.18280000000000007,
      "dU_MAP_frozen": -0.015399999999999747,
      "dU_gate_frozen": 0.0,
      "dU_gate_map": 0.015399999999999747,
      "dU_init_bacc": 0.0,
      "U_H2_minus_H3": 0.09160000000000013,
      "tau0": 10.0,
      "taus": 100.0,
      "gate": 0
    },
    "16": {
      "U_H0": 0.7199999999999999,
      "U_H1": 0.5376000000000001,
      "U_H1W": 0.5376000000000001,
      "U_H2": 0.7023999999999999,
      "U_H3": 0.621,
      "U_H4": 0.7199999999999999,
      "dU_center": 0.16479999999999984,
      "dU_MAP_frozen": -0.01759999999999995,
      "dU_gate_frozen": 0.0,
      "dU_gate_map": 0.01759999999999995,
      "dU_init_bacc": 0.0,
      "U_H2_minus_H3": 0.08139999999999992,
      "tau0": 10.0,
      "taus": 100.0,
      "gate": 0
    },
    "32": {
      "U_H0": 0.7199999999999999,
      "U_H1": 0.5608000000000001,
      "U_H1W": 0.5608000000000001,
      "U_H2": 0.6936,
      "U_H3": 0.619,
      "U_H4": 0.7199999999999999,
      "dU_center": 0.13279999999999992,
      "dU_MAP_frozen": -0.026399999999999868,
      "dU_gate_frozen": 0.0,
      "dU_gate_map": 0.026399999999999868,
      "dU_init_bacc": 0.0,
      "U_H2_minus_H3": 0.0746,
      "tau0": 10.0,
      "taus": 100.0,
      "gate": 0
    },
    "Full": {
      "U_H0": 0.72,
      "U_H1": 0.56,
      "U_H1W": 0.56,
      "U_H2": 0.6799999999999999,
      "U_H3": 0.63,
      "U_H4": 0.72,
      "dU_center": 0.11999999999999988,
      "dU_MAP_frozen": -0.040000000000000036,
      "dU_gate_frozen": 0.0,
      "dU_gate_map": 0.040000000000000036,
      "dU_init_bacc": 0.0,
      "U_H2_minus_H3": 0.04999999999999993,
      "tau0": 1.0,
      "taus": 100.0,
      "gate": 0
    }
  },
  "specificity": {
    "status": "ok",
    "rank": 8,
    "n_matched": 50,
    "n_tried": 217,
    "informed_srcval": 0.675,
    "dGh_specific": {
      "ridge_k1": {
        "informed": -0.08219999999999997,
        "random_mean": -0.049296,
        "specific": -0.03290399999999997
      },
      "map_k1": {
        "informed": -0.0010000000000000009,
        "random_mean": -0.0012160000000000016,
        "specific": 0.0002160000000000007
      },
      "ridge_k8": {
        "informed": -0.07699999999999996,
        "random_mean": -0.04874,
        "specific": -0.02825999999999996
      },
      "map_k8": {
        "informed": -0.012399999999999956,
        "random_mean": -0.0018400000000000016,
        "specific": -0.010559999999999955
      },
      "ridge_kFull": {
        "informed": -0.05999999999999994,
        "random_mean": -0.0328,
        "specific": -0.02719999999999994
      },
      "map_kFull": {
        "informed": -0.020000000000000018,
        "random_mean": 0.0032000000000000084,
        "specific": -0.023200000000000026
      }
    }
  },
  "headroom": {
    "frozen_query_bacc": 0.72,
    "frozen_query_nll": 0.6064422802212307,
    "fullcal_query_bacc": 0.6200000000000001,
    "fullcal_gain": -0.09999999999999987,
    "angle_Ws_Wt_deg": 41.00722005532322,
    "bias_displacement": 0.13099783339660676,
    "direction_displacement": 1.8256649465616213,
    "cal_cov_condition": 48.906024870788144,
    "class_prior_shift": 0.0,
    "cal_query_mean_drift": 1.8325702931002654
  },
  "tau0": {
    "1": 10.0,
    "2": 10.0,
    "4": 10.0,
    "8": 10.0,
    "16": 10.0,
    "32": 10.0,
    "Full": 1.0
  },
  "taus": {
    "1": 100.0,
    "2": 100.0,
    "4": 100.0,
    "8": 100.0,
    "16": 100.0,
    "32": 100.0,
    "Full": 100.0
  },
  "gate": {
    "1": 0,
    "2": 0,
    "4": 0,
    "8": 0,
    "16": 0,
    "32": 0,
    "Full": 0
  },
  "firewall": {
    "source_only_construction": true,
    "tau_source_only": true,
    "gate_source_only": true,
    "Ycal_used_for_head_adapt": true,
    "Yquery_used_for_selection": false,
    "Yquery_used_for_outcome": true
  }
}