{
  "dataset": "Lee2019_MI",
  "subject": "23",
  "seed": 0,
  "status": "ok",
  "C": 2,
  "n_cal": 100,
  "n_query": 100,
  "cal_session": [
    "0"
  ],
  "query_sessions": [
    "1"
  ],
  "n_draws": 50,
  "n_tau_draws": 10,
  "init_param_diff": 3.172406272706517e-05,
  "endpoints": {
    "1": {
      "U_H0": 0.7800000000000001,
      "U_H1": 0.5448000000000001,
      "U_H1W": 0.5448000000000001,
      "U_H2": 0.7760000000000001,
      "U_H3": 0.6650000000000001,
      "U_H4": 0.7800000000000001,
      "dU_center": 0.23120000000000007,
      "dU_MAP_frozen": -0.0040000000000000036,
      "dU_gate_frozen": 0.0,
      "dU_gate_map": 0.0040000000000000036,
      "dU_init_bacc": 0.0,
      "U_H2_minus_H3": 0.11099999999999999,
      "tau0": 10.0,
      "taus": 100.0,
      "gate": 0
    },
    "2": {
      "U_H0": 0.7800000000000001,
      "U_H1": 0.5680000000000001,
      "U_H1W": 0.5680000000000001,
      "U_H2": 0.7740000000000002,
      "U_H3": 0.6846,
      "U_H4": 0.7800000000000001,
      "dU_center": 0.20600000000000018,
      "dU_MAP_frozen": -0.005999999999999894,
      "dU_gate_frozen": 0.0,
      "dU_gate_map": 0.005999999999999894,
      "dU_init_bacc": 0.0,
      "U_H2_minus_H3": 0.08940000000000026,
      "tau0": 10.0,
      "taus": 100.0,
      "gate": 0
    },
    "4": {
      "U_H0": 0.7800000000000001,
      "U_H1": 0.617,
      "U_H1W": 0.617,
      "U_H2": 0.7708000000000002,
      "U_H3": 0.6942,
      "U_H4": 0.7800000000000001,
      "dU_center": 0.15380000000000016,
      "dU_MAP_frozen": -0.009199999999999986,
      "dU_gate_frozen": 0.0,
      "dU_gate_map": 0.009199999999999986,
      "dU_init_bacc": 0.0,
      "U_H2_minus_H3": 0.07660000000000011,
      "tau0": 10.0,
      "taus": 100.0,
      "gate": 0
    },
    "8": {
      "U_H0": 0.7800000000000001,
      "U_H1": 0.653,
      "U_H1W": 0.653,
      "U_H2": 0.7682000000000001,
      "U_H3": 0.6768000000000001,
      "U_H4": 0.7800000000000001,
      "dU_center": 0.11520000000000008,
      "dU_MAP_frozen": -0.011800000000000033,
      "dU_gate_frozen": 0.0,
      "dU_gate_map": 0.011800000000000033,
      "dU_init_bacc": 0.0,
      "U_H2_minus_H3": 0.09140000000000004,
      "tau0": 10.0,
      "taus": 100.0,
      "gate": 0
    },
    "16": {
      "U_H0": 0.7800000000000001,
      "U_H1": 0.6960000000000001,
      "U_H1W": 0.6960000000000001,
      "U_H2": 0.7668,
      "U_H3": 0.681,
      "U_H4": 0.7800000000000001,
      "dU_center": 0.07079999999999997,
      "dU_MAP_frozen": -0.0132000000000001,
      "dU_gate_frozen": 0.0,
      "dU_gate_map": 0.0132000000000001,
      "dU_init_bacc": 0.0,
      "U_H2_minus_H3": 0.08579999999999999,
      "tau0": 10.0,
      "taus": 100.0,
      "gate": 0
    },
    "32": {
      "U_H0": 0.7800000000000001,
      "U_H1": 0.7295999999999999,
      "U_H1W": 0.7295999999999999,
      "U_H2": 0.7720000000000001,
      "U_H3": 0.6855999999999999,
      "U_H4": 0.7800000000000001,
      "dU_center": 0.042400000000000215,
      "dU_MAP_frozen": -0.008000000000000007,
      "dU_gate_frozen": 0.0,
      "dU_gate_map": 0.008000000000000007,
      "dU_init_bacc": 0.0,
      "U_H2_minus_H3": 0.08640000000000025,
      "tau0": 1.0,
      "taus": 100.0,
      "gate": 0
    },
    "Full": {
      "U_H0": 0.78,
      "U_H1": 0.75,
      "U_H1W": 0.75,
      "U_H2": 0.78,
      "U_H3": 0.69,
      "U_H4": 0.78,
      "dU_center": 0.030000000000000027,
      "dU_MAP_frozen": 0.0,
      "dU_gate_frozen": 0.0,
      "dU_gate_map": 0.0,
      "dU_init_bacc": 0.0,
      "U_H2_minus_H3": 0.09000000000000008,
      "tau0": 1.0,
      "taus": 100.0,
      "gate": 0
    }
  },
  "specificity": {
    "status": "ok",
    "rank": 8,
    "n_matched": 50,
    "n_tried": 125,
    "informed_srcval": 0.671,
    "dGh_specific": {
      "ridge_k1": {
        "informed": -0.21199999999999997,
        "random_mean": -0.09926799999999998,
        "specific": -0.11273199999999998
      },
      "map_k1": {
        "informed": 0.00040000000000000034,
        "random_mean": -0.00013199999999999586,
        "specific": 0.0005319999999999962
      },
      "ridge_k8": {
        "informed": -0.174,
        "random_mean": -0.04232399999999997,
        "specific": -0.13167600000000002
      },
      "map_k8": {
        "informed": -0.010600000000000007,
        "random_mean": 0.00308000000000001,
        "specific": -0.013680000000000017
      },
      "ridge_kFull": {
        "informed": -0.09999999999999998,
        "random_mean": 0.0368,
        "specific": -0.13679999999999998
      },
      "map_kFull": {
        "informed": -0.040000000000000036,
        "random_mean": 0.019400000000000014,
        "specific": -0.05940000000000005
      }
    }
  },
  "headroom": {
    "frozen_query_bacc": 0.78,
    "frozen_query_nll": 0.47240722638154153,
    "fullcal_query_bacc": 0.75,
    "fullcal_gain": -0.030000000000000027,
    "angle_Ws_Wt_deg": 34.337800966449834,
    "bias_displacement": 0.07275445212915084,
    "direction_displacement": 1.608083152705839,
    "cal_cov_condition": 9.306627729997365,
    "class_prior_shift": 0.0,
    "cal_query_mean_drift": 1.046722128822393
  },
  "tau0": {
    "1": 10.0,
    "2": 10.0,
    "4": 10.0,
    "8": 10.0,
    "16": 10.0,
    "32": 1.0,
    "Full": 1.0
  },
  "taus": {
    "1": 100.0,
    "2": 100.0,
    "4": 100.0,
    "8": 100.0,
    "16": 100.0,
    "32": 100.0,
    "Full": 100.0
  },
  "gate": {
    "1": 0,
    "2": 0,
    "4": 0,
    "8": 0,
    "16": 0,
    "32": 0,
    "Full": 0
  },
  "firewall": {
    "source_only_construction": true,
    "tau_source_only": true,
    "gate_source_only": true,
    "Ycal_used_for_head_adapt": true,
    "Yquery_used_for_selection": false,
    "Yquery_used_for_outcome": true
  }
}