{
  "dataset": "Lee2019_MI",
  "subject": "3",
  "seed": 1,
  "status": "ok",
  "C": 2,
  "n_cal": 100,
  "n_query": 100,
  "cal_session": [
    "0"
  ],
  "query_sessions": [
    "1"
  ],
  "n_draws": 50,
  "n_tau_draws": 10,
  "init_param_diff": 5.990218154602191e-06,
  "endpoints": {
    "1": {
      "U_H0": 0.92,
      "U_H1": 0.7422,
      "U_H1W": 0.7422,
      "U_H2": 0.92,
      "U_H3": 0.9118,
      "U_H4": 0.92,
      "dU_center": 0.17780000000000007,
      "dU_MAP_frozen": 0.0,
      "dU_gate_frozen": 0.0,
      "dU_gate_map": 0.0,
      "dU_init_bacc": 0.0,
      "U_H2_minus_H3": 0.008199999999999985,
      "tau0": 10.0,
      "taus": 100.0,
      "gate": 1
    },
    "2": {
      "U_H0": 0.92,
      "U_H1": 0.7934,
      "U_H1W": 0.7934,
      "U_H2": 0.92,
      "U_H3": 0.9254000000000001,
      "U_H4": 0.92,
      "dU_center": 0.12660000000000005,
      "dU_MAP_frozen": 0.0,
      "dU_gate_frozen": 0.0,
      "dU_gate_map": 0.0,
      "dU_init_bacc": 0.0,
      "U_H2_minus_H3": -0.005400000000000071,
      "tau0": 10.0,
      "taus": 100.0,
      "gate": 0
    },
    "4": {
      "U_H0": 0.92,
      "U_H1": 0.8502000000000001,
      "U_H1W": 0.8502000000000001,
      "U_H2": 0.92,
      "U_H3": 0.9375999999999999,
      "U_H4": 0.92,
      "dU_center": 0.06979999999999997,
      "dU_MAP_frozen": 0.0,
      "dU_gate_frozen": 0.0,
      "dU_gate_map": 0.0,
      "dU_init_bacc": 0.0,
      "U_H2_minus_H3": -0.017599999999999838,
      "tau0": 10.0,
      "taus": 100.0,
      "gate": 1
    },
    "8": {
      "U_H0": 0.92,
      "U_H1": 0.8899999999999999,
      "U_H1W": 0.8899999999999999,
      "U_H2": 0.9201999999999999,
      "U_H3": 0.9448000000000002,
      "U_H4": 0.9201999999999999,
      "dU_center": 0.030200000000000005,
      "dU_MAP_frozen": 0.00019999999999986695,
      "dU_gate_frozen": 0.00019999999999986695,
      "dU_gate_map": 0.0,
      "dU_init_bacc": 0.0,
      "U_H2_minus_H3": -0.02460000000000029,
      "tau0": 10.0,
      "taus": 100.0,
      "gate": 1
    },
    "16": {
      "U_H0": 0.92,
      "U_H1": 0.9219999999999999,
      "U_H1W": 0.9219999999999999,
      "U_H2": 0.9214,
      "U_H3": 0.9466000000000001,
      "U_H4": 0.92,
      "dU_center": -0.0005999999999999339,
      "dU_MAP_frozen": 0.0013999999999999568,
      "dU_gate_frozen": 0.0,
      "dU_gate_map": -0.0013999999999999568,
      "dU_init_bacc": 0.0,
      "U_H2_minus_H3": -0.02520000000000011,
      "tau0": 10.0,
      "taus": 100.0,
      "gate": 0
    },
    "32": {
      "U_H0": 0.92,
      "U_H1": 0.9307999999999998,
      "U_H1W": 0.9307999999999998,
      "U_H2": 0.9281999999999998,
      "U_H3": 0.9464,
      "U_H4": 0.92,
      "dU_center": -0.0026000000000000467,
      "dU_MAP_frozen": 0.008199999999999763,
      "dU_gate_frozen": 0.0,
      "dU_gate_map": -0.008199999999999763,
      "dU_init_bacc": 0.0,
      "U_H2_minus_H3": -0.018200000000000216,
      "tau0": 10.0,
      "taus": 100.0,
      "gate": 0
    },
    "Full": {
      "U_H0": 0.9199999999999999,
      "U_H1": 0.9299999999999999,
      "U_H1W": 0.9299999999999999,
      "U_H2": 0.9299999999999999,
      "U_H3": 0.95,
      "U_H4": 0.9199999999999999,
      "dU_center": 0.0,
      "dU_MAP_frozen": 0.010000000000000009,
      "dU_gate_frozen": 0.0,
      "dU_gate_map": -0.010000000000000009,
      "dU_init_bacc": 0.0,
      "U_H2_minus_H3": -0.020000000000000018,
      "tau0": 1.0,
      "taus": 100.0,
      "gate": 0
    }
  },
  "specificity": {
    "status": "ok",
    "rank": 8,
    "n_matched": 50,
    "n_tried": 320,
    "informed_srcval": 0.6140000000000001,
    "dGh_specific": {
      "ridge_k1": {
        "informed": -0.05000000000000005,
        "random_mean": -0.139,
        "specific": 0.08899999999999997
      },
      "map_k1": {
        "informed": -0.0004000000000000181,
        "random_mean": 0.0009920000000000007,
        "specific": -0.0013920000000000189
      },
      "ridge_k8": {
        "informed": 0.029599999999999932,
        "random_mean": -0.021524000000000005,
        "specific": 0.05112399999999993
      },
      "map_k8": {
        "informed": 0.02039999999999994,
        "random_mean": 0.013688000000000002,
        "specific": 0.006711999999999937
      },
      "ridge_kFull": {
        "informed": 0.1299999999999999,
        "random_mean": 0.0636,
        "specific": 0.06639999999999989
      },
      "map_kFull": {
        "informed": 0.09999999999999998,
        "random_mean": 0.040600000000000004,
        "specific": 0.059399999999999974
      }
    }
  },
  "headroom": {
    "frozen_query_bacc": 0.9199999999999999,
    "frozen_query_nll": 0.16070345065125896,
    "fullcal_query_bacc": 0.87,
    "fullcal_gain": -0.04999999999999993,
    "angle_Ws_Wt_deg": 42.00404666358913,
    "bias_displacement": 8.008042584070257,
    "direction_displacement": 13.97572827274267,
    "cal_cov_condition": 20.119836599820307,
    "class_prior_shift": 0.0,
    "cal_query_mean_drift": 1.8892566005739968
  },
  "tau0": {
    "1": 10.0,
    "2": 10.0,
    "4": 10.0,
    "8": 10.0,
    "16": 10.0,
    "32": 10.0,
    "Full": 1.0
  },
  "taus": {
    "1": 100.0,
    "2": 100.0,
    "4": 100.0,
    "8": 100.0,
    "16": 100.0,
    "32": 100.0,
    "Full": 100.0
  },
  "gate": {
    "1": 1,
    "2": 0,
    "4": 1,
    "8": 1,
    "16": 0,
    "32": 0,
    "Full": 0
  },
  "firewall": {
    "source_only_construction": true,
    "tau_source_only": true,
    "gate_source_only": true,
    "Ycal_used_for_head_adapt": true,
    "Yquery_used_for_selection": false,
    "Yquery_used_for_outcome": true
  }
}