{
  "dataset": "Lee2019_MI",
  "subject": "25",
  "seed": 2,
  "status": "ok",
  "C": 2,
  "n_cal": 100,
  "n_query": 100,
  "cal_session": [
    "0"
  ],
  "query_sessions": [
    "1"
  ],
  "n_draws": 50,
  "n_tau_draws": 10,
  "init_param_diff": 3.063684827416807e-05,
  "endpoints": {
    "1": {
      "U_H0": 0.6899999999999998,
      "U_H1": 0.49160000000000004,
      "U_H1W": 0.49160000000000004,
      "U_H2": 0.6861999999999998,
      "U_H3": 0.6332,
      "U_H4": 0.6899999999999998,
      "dU_center": 0.19459999999999977,
      "dU_MAP_frozen": -0.0038000000000000256,
      "dU_gate_frozen": 0.0,
      "dU_gate_map": 0.0038000000000000256,
      "dU_init_bacc": 0.0,
      "U_H2_minus_H3": 0.052999999999999825,
      "tau0": 1.0,
      "taus": 100.0,
      "gate": 0
    },
    "2": {
      "U_H0": 0.6899999999999998,
      "U_H1": 0.499,
      "U_H1W": 0.499,
      "U_H2": 0.6865999999999999,
      "U_H3": 0.6246,
      "U_H4": 0.6899999999999998,
      "dU_center": 0.18759999999999988,
      "dU_MAP_frozen": -0.0033999999999999586,
      "dU_gate_frozen": 0.0,
      "dU_gate_map": 0.0033999999999999586,
      "dU_init_bacc": 0.0,
      "U_H2_minus_H3": 0.06199999999999983,
      "tau0": 10.0,
      "taus": 100.0,
      "gate": 0
    },
    "4": {
      "U_H0": 0.6899999999999998,
      "U_H1": 0.5028,
      "U_H1W": 0.5028,
      "U_H2": 0.6865999999999997,
      "U_H3": 0.6713999999999999,
      "U_H4": 0.6899999999999998,
      "dU_center": 0.18379999999999963,
      "dU_MAP_frozen": -0.0034000000000001807,
      "dU_gate_frozen": 0.0,
      "dU_gate_map": 0.0034000000000001807,
      "dU_init_bacc": 0.0,
      "U_H2_minus_H3": 0.01519999999999977,
      "tau0": 10.0,
      "taus": 100.0,
      "gate": 0
    },
    "8": {
      "U_H0": 0.6899999999999998,
      "U_H1": 0.5044,
      "U_H1W": 0.5044,
      "U_H2": 0.6863999999999997,
      "U_H3": 0.6761999999999999,
      "U_H4": 0.6899999999999998,
      "dU_center": 0.18199999999999972,
      "dU_MAP_frozen": -0.0036000000000001586,
      "dU_gate_frozen": 0.0,
      "dU_gate_map": 0.0036000000000001586,
      "dU_init_bacc": 0.0,
      "U_H2_minus_H3": 0.010199999999999765,
      "tau0": 10.0,
      "taus": 100.0,
      "gate": 0
    },
    "16": {
      "U_H0": 0.6899999999999998,
      "U_H1": 0.529,
      "U_H1W": 0.529,
      "U_H2": 0.6844,
      "U_H3": 0.6823999999999999,
      "U_H4": 0.6899999999999998,
      "dU_center": 0.15539999999999998,
      "dU_MAP_frozen": -0.005599999999999827,
      "dU_gate_frozen": 0.0,
      "dU_gate_map": 0.005599999999999827,
      "dU_init_bacc": 0.0,
      "U_H2_minus_H3": 0.002000000000000113,
      "tau0": 10.0,
      "taus": 100.0,
      "gate": 0
    },
    "32": {
      "U_H0": 0.6899999999999998,
      "U_H1": 0.555,
      "U_H1W": 0.5548000000000001,
      "U_H2": 0.6877999999999999,
      "U_H3": 0.6865999999999999,
      "U_H4": 0.6899999999999998,
      "dU_center": 0.1327999999999998,
      "dU_MAP_frozen": -0.0021999999999999797,
      "dU_gate_frozen": 0.0,
      "dU_gate_map": 0.0021999999999999797,
      "dU_init_bacc": -0.00019999999999997797,
      "U_H2_minus_H3": 0.0011999999999999789,
      "tau0": 1.0,
      "taus": 100.0,
      "gate": 0
    },
    "Full": {
      "U_H0": 0.69,
      "U_H1": 0.5900000000000001,
      "U_H1W": 0.5900000000000001,
      "U_H2": 0.69,
      "U_H3": 0.69,
      "U_H4": 0.69,
      "dU_center": 0.09999999999999987,
      "dU_MAP_frozen": 0.0,
      "dU_gate_frozen": 0.0,
      "dU_gate_map": 0.0,
      "dU_init_bacc": 0.0,
      "U_H2_minus_H3": 0.0,
      "tau0": 1.0,
      "taus": 100.0,
      "gate": 0
    }
  },
  "specificity": {
    "status": "ok",
    "rank": 8,
    "n_matched": 50,
    "n_tried": 188,
    "informed_srcval": 0.655,
    "dGh_specific": {
      "ridge_k1": {
        "informed": 0.05820000000000002,
        "random_mean": -0.05225600000000001,
        "specific": 0.11045600000000003
      },
      "map_k1": {
        "informed": 0.000399999999999987,
        "random_mean": -0.00019600000000000186,
        "specific": 0.0005959999999999889
      },
      "ridge_k8": {
        "informed": 0.07080000000000002,
        "random_mean": -0.04526000000000001,
        "specific": 0.11606000000000002
      },
      "map_k8": {
        "informed": 0.015599999999999973,
        "random_mean": -0.0013160000000000038,
        "specific": 0.016915999999999976
      },
      "ridge_kFull": {
        "informed": 0.11000000000000004,
        "random_mean": -0.032600000000000004,
        "specific": 0.14260000000000006
      },
      "map_kFull": {
        "informed": 0.04999999999999999,
        "random_mean": -0.0024,
        "specific": 0.05239999999999999
      }
    }
  },
  "headroom": {
    "frozen_query_bacc": 0.69,
    "frozen_query_nll": 0.626815365911022,
    "fullcal_query_bacc": 0.63,
    "fullcal_gain": -0.05999999999999994,
    "angle_Ws_Wt_deg": 43.443274595007146,
    "bias_displacement": 0.08333723788990756,
    "direction_displacement": 1.5228045281401303,
    "cal_cov_condition": 13.788344332649384,
    "class_prior_shift": 0.0,
    "cal_query_mean_drift": 1.4477080655152148
  },
  "tau0": {
    "1": 1.0,
    "2": 10.0,
    "4": 10.0,
    "8": 10.0,
    "16": 10.0,
    "32": 1.0,
    "Full": 1.0
  },
  "taus": {
    "1": 100.0,
    "2": 100.0,
    "4": 100.0,
    "8": 100.0,
    "16": 100.0,
    "32": 100.0,
    "Full": 100.0
  },
  "gate": {
    "1": 0,
    "2": 0,
    "4": 0,
    "8": 0,
    "16": 0,
    "32": 0,
    "Full": 0
  },
  "firewall": {
    "source_only_construction": true,
    "tau_source_only": true,
    "gate_source_only": true,
    "Ycal_used_for_head_adapt": true,
    "Yquery_used_for_selection": false,
    "Yquery_used_for_outcome": true
  }
}