{
  "dataset": "Lee2019_MI",
  "subject": "7",
  "seed": 2,
  "status": "ok",
  "C": 2,
  "n_cal": 100,
  "n_query": 100,
  "cal_session": [
    "0"
  ],
  "query_sessions": [
    "1"
  ],
  "n_draws": 50,
  "n_tau_draws": 10,
  "init_param_diff": 2.5309861702984833e-05,
  "endpoints": {
    "1": {
      "U_H0": 0.7299999999999999,
      "U_H1": 0.5196000000000001,
      "U_H1W": 0.5196000000000001,
      "U_H2": 0.7334,
      "U_H3": 0.6844,
      "U_H4": 0.7299999999999999,
      "dU_center": 0.2138,
      "dU_MAP_frozen": 0.0034000000000001807,
      "dU_gate_frozen": 0.0,
      "dU_gate_map": -0.0034000000000001807,
      "dU_init_bacc": 0.0,
      "U_H2_minus_H3": 0.049000000000000044,
      "tau0": 10.0,
      "taus": 100.0,
      "gate": 0
    },
    "2": {
      "U_H0": 0.7299999999999999,
      "U_H1": 0.5304000000000001,
      "U_H1W": 0.5304000000000001,
      "U_H2": 0.7349999999999999,
      "U_H3": 0.7074000000000001,
      "U_H4": 0.7299999999999999,
      "dU_center": 0.20459999999999978,
      "dU_MAP_frozen": 0.0050000000000000044,
      "dU_gate_frozen": 0.0,
      "dU_gate_map": -0.0050000000000000044,
      "dU_init_bacc": 0.0,
      "U_H2_minus_H3": 0.027599999999999736,
      "tau0": 10.0,
      "taus": 100.0,
      "gate": 0
    },
    "4": {
      "U_H0": 0.7299999999999999,
      "U_H1": 0.55,
      "U_H1W": 0.55,
      "U_H2": 0.7402,
      "U_H3": 0.7227999999999999,
      "U_H4": 0.7299999999999999,
      "dU_center": 0.19019999999999992,
      "dU_MAP_frozen": 0.010200000000000098,
      "dU_gate_frozen": 0.0,
      "dU_gate_map": -0.010200000000000098,
      "dU_init_bacc": 0.0,
      "U_H2_minus_H3": 0.017400000000000082,
      "tau0": 10.0,
      "taus": 100.0,
      "gate": 0
    },
    "8": {
      "U_H0": 0.7299999999999999,
      "U_H1": 0.5796,
      "U_H1W": 0.5796,
      "U_H2": 0.746,
      "U_H3": 0.7466000000000002,
      "U_H4": 0.7299999999999999,
      "dU_center": 0.1664,
      "dU_MAP_frozen": 0.016000000000000125,
      "dU_gate_frozen": 0.0,
      "dU_gate_map": -0.016000000000000125,
      "dU_init_bacc": 0.0,
      "U_H2_minus_H3": -0.000600000000000156,
      "tau0": 10.0,
      "taus": 100.0,
      "gate": 0
    },
    "16": {
      "U_H0": 0.7299999999999999,
      "U_H1": 0.638,
      "U_H1W": 0.638,
      "U_H2": 0.7583999999999999,
      "U_H3": 0.7689999999999999,
      "U_H4": 0.7299999999999999,
      "dU_center": 0.12039999999999984,
      "dU_MAP_frozen": 0.02839999999999998,
      "dU_gate_frozen": 0.0,
      "dU_gate_map": -0.02839999999999998,
      "dU_init_bacc": 0.0,
      "U_H2_minus_H3": -0.010600000000000054,
      "tau0": 10.0,
      "taus": 100.0,
      "gate": 0
    },
    "32": {
      "U_H0": 0.7299999999999999,
      "U_H1": 0.6756,
      "U_H1W": 0.6756,
      "U_H2": 0.7628,
      "U_H3": 0.7787999999999999,
      "U_H4": 0.7299999999999999,
      "dU_center": 0.08720000000000006,
      "dU_MAP_frozen": 0.03280000000000016,
      "dU_gate_frozen": 0.0,
      "dU_gate_map": -0.03280000000000016,
      "dU_init_bacc": 0.0,
      "U_H2_minus_H3": -0.015999999999999903,
      "tau0": 1.0,
      "taus": 100.0,
      "gate": 0
    },
    "Full": {
      "U_H0": 0.73,
      "U_H1": 0.7,
      "U_H1W": 0.7,
      "U_H2": 0.76,
      "U_H3": 0.78,
      "U_H4": 0.73,
      "dU_center": 0.06000000000000005,
      "dU_MAP_frozen": 0.030000000000000027,
      "dU_gate_frozen": 0.0,
      "dU_gate_map": -0.030000000000000027,
      "dU_init_bacc": 0.0,
      "U_H2_minus_H3": -0.020000000000000018,
      "tau0": 1.0,
      "taus": 100.0,
      "gate": 0
    }
  },
  "specificity": {
    "status": "ok",
    "rank": 8,
    "n_matched": 50,
    "n_tried": 210,
    "informed_srcval": 0.6639999999999999,
    "dGh_specific": {
      "ridge_k1": {
        "informed": -0.1339999999999999,
        "random_mean": -0.08343600000000002,
        "specific": -0.05056399999999987
      },
      "map_k1": {
        "informed": -0.004999999999999936,
        "random_mean": 0.0004199999999999931,
        "specific": -0.005419999999999929
      },
      "ridge_k8": {
        "informed": -0.08359999999999988,
        "random_mean": -0.04758799999999999,
        "specific": -0.03601199999999989
      },
      "map_k8": {
        "informed": -0.0009999999999999209,
        "random_mean": 0.005495999999999993,
        "specific": -0.006495999999999914
      },
      "ridge_kFull": {
        "informed": 0.040000000000000036,
        "random_mean": 0.007799999999999993,
        "specific": 0.03220000000000004
      },
      "map_kFull": {
        "informed": 0.0,
        "random_mean": 0.023799999999999998,
        "specific": -0.023799999999999998
      }
    }
  },
  "headroom": {
    "frozen_query_bacc": 0.73,
    "frozen_query_nll": 0.6684372296407994,
    "fullcal_query_bacc": 0.71,
    "fullcal_gain": -0.020000000000000018,
    "angle_Ws_Wt_deg": 41.70256994147654,
    "bias_displacement": 0.30837053019615224,
    "direction_displacement": 1.5046742200399255,
    "cal_cov_condition": 13.352058644342645,
    "class_prior_shift": 0.0,
    "cal_query_mean_drift": 1.3958703419277618
  },
  "tau0": {
    "1": 10.0,
    "2": 10.0,
    "4": 10.0,
    "8": 10.0,
    "16": 10.0,
    "32": 1.0,
    "Full": 1.0
  },
  "taus": {
    "1": 100.0,
    "2": 100.0,
    "4": 100.0,
    "8": 100.0,
    "16": 100.0,
    "32": 100.0,
    "Full": 100.0
  },
  "gate": {
    "1": 0,
    "2": 0,
    "4": 0,
    "8": 0,
    "16": 0,
    "32": 0,
    "Full": 0
  },
  "firewall": {
    "source_only_construction": true,
    "tau_source_only": true,
    "gate_source_only": true,
    "Ycal_used_for_head_adapt": true,
    "Yquery_used_for_selection": false,
    "Yquery_used_for_outcome": true
  }
}