{
  "dataset": "BNCI2015_001",
  "subject": "5",
  "seed": 0,
  "status": "ok",
  "C": 2,
  "n_cal": 200,
  "n_query": 200,
  "cal_session": [
    "0A"
  ],
  "query_sessions": [
    "1B"
  ],
  "n_draws": 50,
  "n_tau_draws": 10,
  "init_param_diff": 4.804512065419349e-05,
  "endpoints": {
    "1": {
      "U_H0": 0.7800000000000001,
      "U_H1": 0.5886,
      "U_H1W": 0.5886,
      "U_H2": 0.7741999999999999,
      "U_H3": 0.7355000000000002,
      "U_H4": 0.7800000000000001,
      "dU_center": 0.18559999999999988,
      "dU_MAP_frozen": -0.005800000000000249,
      "dU_gate_frozen": 0.0,
      "dU_gate_map": 0.005800000000000249,
      "dU_init_bacc": 0.0,
      "U_H2_minus_H3": 0.038699999999999735,
      "tau0": 1.0,
      "taus": 10.0,
      "gate": 0
    },
    "2": {
      "U_H0": 0.7800000000000001,
      "U_H1": 0.6378999999999999,
      "U_H1W": 0.6378999999999999,
      "U_H2": 0.7732999999999999,
      "U_H3": 0.7364000000000002,
      "U_H4": 0.7732999999999999,
      "dU_center": 0.13539999999999996,
      "dU_MAP_frozen": -0.006700000000000261,
      "dU_gate_frozen": -0.006700000000000261,
      "dU_gate_map": 0.0,
      "dU_init_bacc": 0.0,
      "U_H2_minus_H3": 0.03689999999999971,
      "tau0": 1.0,
      "taus": 10.0,
      "gate": 1
    },
    "4": {
      "U_H0": 0.7800000000000001,
      "U_H1": 0.6976000000000002,
      "U_H1W": 0.6976000000000002,
      "U_H2": 0.7767000000000001,
      "U_H3": 0.7605,
      "U_H4": 0.7767000000000001,
      "dU_center": 0.07909999999999984,
      "dU_MAP_frozen": -0.0033000000000000806,
      "dU_gate_frozen": -0.0033000000000000806,
      "dU_gate_map": 0.0,
      "dU_init_bacc": 0.0,
      "U_H2_minus_H3": 0.016200000000000103,
      "tau0": 1.0,
      "taus": 10.0,
      "gate": 1
    },
    "8": {
      "U_H0": 0.7800000000000001,
      "U_H1": 0.7285,
      "U_H1W": 0.7285,
      "U_H2": 0.7829999999999998,
      "U_H3": 0.7692999999999999,
      "U_H4": 0.7829999999999998,
      "dU_center": 0.05449999999999977,
      "dU_MAP_frozen": 0.0029999999999996696,
      "dU_gate_frozen": 0.0029999999999996696,
      "dU_gate_map": 0.0,
      "dU_init_bacc": 0.0,
      "U_H2_minus_H3": 0.013699999999999934,
      "tau0": 1.0,
      "taus": 10.0,
      "gate": 1
    },
    "16": {
      "U_H0": 0.7800000000000001,
      "U_H1": 0.7684000000000002,
      "U_H1W": 0.7684000000000002,
      "U_H2": 0.7943000000000001,
      "U_H3": 0.7716,
      "U_H4": 0.7943000000000001,
      "dU_center": 0.025899999999999923,
      "dU_MAP_frozen": 0.01429999999999998,
      "dU_gate_frozen": 0.01429999999999998,
      "dU_gate_map": 0.0,
      "dU_init_bacc": 0.0,
      "U_H2_minus_H3": 0.022700000000000164,
      "tau0": 1.0,
      "taus": 10.0,
      "gate": 1
    },
    "32": {
      "U_H0": 0.7800000000000001,
      "U_H1": 0.8108999999999998,
      "U_H1W": 0.8108999999999998,
      "U_H2": 0.8026000000000001,
      "U_H3": 0.7705000000000001,
      "U_H4": 0.8026000000000001,
      "dU_center": -0.008299999999999752,
      "dU_MAP_frozen": 0.022599999999999953,
      "dU_gate_frozen": 0.022599999999999953,
      "dU_gate_map": 0.0,
      "dU_init_bacc": 0.0,
      "U_H2_minus_H3": 0.03210000000000002,
      "tau0": 1.0,
      "taus": 10.0,
      "gate": 1
    },
    "Full": {
      "U_H0": 0.78,
      "U_H1": 0.825,
      "U_H1W": 0.825,
      "U_H2": 0.835,
      "U_H3": 0.775,
      "U_H4": 0.835,
      "dU_center": 0.010000000000000009,
      "dU_MAP_frozen": 0.05499999999999994,
      "dU_gate_frozen": 0.05499999999999994,
      "dU_gate_map": 0.0,
      "dU_init_bacc": 0.0,
      "U_H2_minus_H3": 0.05999999999999994,
      "tau0": 1.0,
      "taus": 1.0,
      "gate": 1
    }
  },
  "specificity": {
    "status": "ok",
    "rank": 8,
    "n_matched": 50,
    "n_tried": 321,
    "informed_srcval": 0.656,
    "dGh_specific": {
      "ridge_k1": {
        "informed": -0.03009999999999995,
        "random_mean": -0.042797999999999996,
        "specific": 0.012698000000000046
      },
      "map_k1": {
        "informed": 0.011300000000000062,
        "random_mean": 0.012227999999999996,
        "specific": -0.0009279999999999341
      },
      "ridge_k8": {
        "informed": 0.039100000000000044,
        "random_mean": 0.04437599999999999,
        "specific": -0.005275999999999947
      },
      "map_k8": {
        "informed": 0.06020000000000006,
        "random_mean": 0.061082,
        "specific": -0.0008819999999999384
      },
      "ridge_kFull": {
        "informed": 0.09000000000000008,
        "random_mean": 0.1193,
        "specific": -0.029299999999999923
      },
      "map_kFull": {
        "informed": 0.10000000000000009,
        "random_mean": 0.11979999999999996,
        "specific": -0.019799999999999873
      }
    }
  },
  "headroom": {
    "frozen_query_bacc": 0.78,
    "frozen_query_nll": 0.4653805717264883,
    "fullcal_query_bacc": 0.8400000000000001,
    "fullcal_gain": 0.06000000000000005,
    "angle_Ws_Wt_deg": 35.687045868424136,
    "bias_displacement": 1.137885819031221,
    "direction_displacement": 3.796250354121839,
    "cal_cov_condition": 19.94343316691256,
    "class_prior_shift": 0.0,
    "cal_query_mean_drift": 0.42155908899277117
  },
  "tau0": {
    "1": 1.0,
    "2": 1.0,
    "4": 1.0,
    "8": 1.0,
    "16": 1.0,
    "32": 1.0,
    "Full": 1.0
  },
  "taus": {
    "1": 10.0,
    "2": 10.0,
    "4": 10.0,
    "8": 10.0,
    "16": 10.0,
    "32": 10.0,
    "Full": 1.0
  },
  "gate": {
    "1": 0,
    "2": 1,
    "4": 1,
    "8": 1,
    "16": 1,
    "32": 1,
    "Full": 1
  },
  "firewall": {
    "source_only_construction": true,
    "tau_source_only": true,
    "gate_source_only": true,
    "Ycal_used_for_head_adapt": true,
    "Yquery_used_for_selection": false,
    "Yquery_used_for_outcome": true
  }
}