{
  "dataset": "Lee2019_MI",
  "subject": "2",
  "seed": 2,
  "status": "ok",
  "C": 2,
  "n_cal": 100,
  "n_query": 100,
  "cal_session": [
    "0"
  ],
  "query_sessions": [
    "1"
  ],
  "n_draws": 50,
  "n_tau_draws": 10,
  "init_param_diff": 9.514528045047269e-06,
  "endpoints": {
    "1": {
      "U_H0": 0.67,
      "U_H1": 0.5316,
      "U_H1W": 0.5316,
      "U_H2": 0.67,
      "U_H3": 0.6356,
      "U_H4": 0.67,
      "dU_center": 0.13840000000000008,
      "dU_MAP_frozen": 0.0,
      "dU_gate_frozen": 0.0,
      "dU_gate_map": 0.0,
      "dU_init_bacc": 0.0,
      "U_H2_minus_H3": 0.034399999999999986,
      "tau0": 10.0,
      "taus": 100.0,
      "gate": 0
    },
    "2": {
      "U_H0": 0.67,
      "U_H1": 0.5262,
      "U_H1W": 0.5262,
      "U_H2": 0.6709999999999999,
      "U_H3": 0.6454000000000001,
      "U_H4": 0.67,
      "dU_center": 0.14479999999999993,
      "dU_MAP_frozen": 0.0009999999999998899,
      "dU_gate_frozen": 0.0,
      "dU_gate_map": -0.0009999999999998899,
      "dU_init_bacc": 0.0,
      "U_H2_minus_H3": 0.025599999999999845,
      "tau0": 10.0,
      "taus": 100.0,
      "gate": 0
    },
    "4": {
      "U_H0": 0.67,
      "U_H1": 0.528,
      "U_H1W": 0.528,
      "U_H2": 0.672,
      "U_H3": 0.6614,
      "U_H4": 0.672,
      "dU_center": 0.14400000000000002,
      "dU_MAP_frozen": 0.0020000000000000018,
      "dU_gate_frozen": 0.0020000000000000018,
      "dU_gate_map": 0.0,
      "dU_init_bacc": 0.0,
      "U_H2_minus_H3": 0.010600000000000054,
      "tau0": 10.0,
      "taus": 100.0,
      "gate": 1
    },
    "8": {
      "U_H0": 0.67,
      "U_H1": 0.5474,
      "U_H1W": 0.5474,
      "U_H2": 0.6724000000000001,
      "U_H3": 0.6766000000000001,
      "U_H4": 0.67,
      "dU_center": 0.1250000000000001,
      "dU_MAP_frozen": 0.0024000000000000687,
      "dU_gate_frozen": 0.0,
      "dU_gate_map": -0.0024000000000000687,
      "dU_init_bacc": 0.0,
      "U_H2_minus_H3": -0.0041999999999999815,
      "tau0": 10.0,
      "taus": 100.0,
      "gate": 0
    },
    "16": {
      "U_H0": 0.67,
      "U_H1": 0.5756,
      "U_H1W": 0.5758,
      "U_H2": 0.6743999999999999,
      "U_H3": 0.6746,
      "U_H4": 0.6743999999999999,
      "dU_center": 0.09879999999999989,
      "dU_MAP_frozen": 0.0043999999999998485,
      "dU_gate_frozen": 0.0043999999999998485,
      "dU_gate_map": 0.0,
      "dU_init_bacc": 0.00019999999999997797,
      "U_H2_minus_H3": -0.000200000000000089,
      "tau0": 10.0,
      "taus": 100.0,
      "gate": 1
    },
    "32": {
      "U_H0": 0.67,
      "U_H1": 0.6187999999999999,
      "U_H1W": 0.6187999999999999,
      "U_H2": 0.6768000000000001,
      "U_H3": 0.6748000000000001,
      "U_H4": 0.67,
      "dU_center": 0.05800000000000016,
      "dU_MAP_frozen": 0.006800000000000028,
      "dU_gate_frozen": 0.0,
      "dU_gate_map": -0.006800000000000028,
      "dU_init_bacc": 0.0,
      "U_H2_minus_H3": 0.0020000000000000018,
      "tau0": 10.0,
      "taus": 100.0,
      "gate": 0
    },
    "Full": {
      "U_H0": 0.6699999999999999,
      "U_H1": 0.62,
      "U_H1W": 0.62,
      "U_H2": 0.68,
      "U_H3": 0.6799999999999999,
      "U_H4": 0.68,
      "dU_center": 0.06000000000000005,
      "dU_MAP_frozen": 0.01000000000000012,
      "dU_gate_frozen": 0.01000000000000012,
      "dU_gate_map": 0.0,
      "dU_init_bacc": 0.0,
      "U_H2_minus_H3": 1.1102230246251565e-16,
      "tau0": 1.0,
      "taus": 100.0,
      "gate": 1
    }
  },
  "specificity": {
    "status": "ok",
    "rank": 8,
    "n_matched": 50,
    "n_tried": 349,
    "informed_srcval": 0.6369999999999999,
    "dGh_specific": {
      "ridge_k1": {
        "informed": -0.0926,
        "random_mean": -0.046124,
        "specific": -0.046476
      },
      "map_k1": {
        "informed": 0.014000000000000007,
        "random_mean": -0.0023400000000000022,
        "specific": 0.01634000000000001
      },
      "ridge_k8": {
        "informed": -0.07139999999999998,
        "random_mean": -0.034631999999999996,
        "specific": -0.03676799999999998
      },
      "map_k8": {
        "informed": -0.00040000000000000034,
        "random_mean": -0.0031600000000000018,
        "specific": 0.0027600000000000016
      },
      "ridge_kFull": {
        "informed": 0.040000000000000036,
        "random_mean": 0.008000000000000005,
        "specific": 0.03200000000000003
      },
      "map_kFull": {
        "informed": 0.010000000000000009,
        "random_mean": -0.0026,
        "specific": 0.012600000000000009
      }
    }
  },
  "headroom": {
    "frozen_query_bacc": 0.6699999999999999,
    "frozen_query_nll": 0.6487144426773299,
    "fullcal_query_bacc": 0.5900000000000001,
    "fullcal_gain": -0.07999999999999985,
    "angle_Ws_Wt_deg": 35.20115475514729,
    "bias_displacement": 0.5333139139094962,
    "direction_displacement": 1.2381471187603554,
    "cal_cov_condition": 19.0291119006154,
    "class_prior_shift": 0.0,
    "cal_query_mean_drift": 3.38465926571674
  },
  "tau0": {
    "1": 10.0,
    "2": 10.0,
    "4": 10.0,
    "8": 10.0,
    "16": 10.0,
    "32": 10.0,
    "Full": 1.0
  },
  "taus": {
    "1": 100.0,
    "2": 100.0,
    "4": 100.0,
    "8": 100.0,
    "16": 100.0,
    "32": 100.0,
    "Full": 100.0
  },
  "gate": {
    "1": 0,
    "2": 0,
    "4": 1,
    "8": 0,
    "16": 1,
    "32": 0,
    "Full": 1
  },
  "firewall": {
    "source_only_construction": true,
    "tau_source_only": true,
    "gate_source_only": true,
    "Ycal_used_for_head_adapt": true,
    "Yquery_used_for_selection": false,
    "Yquery_used_for_outcome": true
  }
}