{
  "dataset": "Lee2019_MI",
  "subject": "28",
  "seed": 1,
  "status": "ok",
  "C": 2,
  "n_cal": 100,
  "n_query": 100,
  "cal_session": [
    "0"
  ],
  "query_sessions": [
    "1"
  ],
  "n_draws": 50,
  "n_tau_draws": 10,
  "init_param_diff": 1.4260744504175255e-05,
  "endpoints": {
    "1": {
      "U_H0": 0.9399999999999997,
      "U_H1": 0.7472,
      "U_H1W": 0.7472,
      "U_H2": 0.9399999999999997,
      "U_H3": 0.9257999999999998,
      "U_H4": 0.9399999999999997,
      "dU_center": 0.19279999999999975,
      "dU_MAP_frozen": 0.0,
      "dU_gate_frozen": 0.0,
      "dU_gate_map": 0.0,
      "dU_init_bacc": 0.0,
      "U_H2_minus_H3": 0.01419999999999988,
      "tau0": 1.0,
      "taus": 100.0,
      "gate": 1
    },
    "2": {
      "U_H0": 0.9399999999999997,
      "U_H1": 0.8432,
      "U_H1W": 0.8432,
      "U_H2": 0.9399999999999997,
      "U_H3": 0.9253999999999999,
      "U_H4": 0.9399999999999997,
      "dU_center": 0.09679999999999978,
      "dU_MAP_frozen": 0.0,
      "dU_gate_frozen": 0.0,
      "dU_gate_map": 0.0,
      "dU_init_bacc": 0.0,
      "U_H2_minus_H3": 0.014599999999999835,
      "tau0": 10.0,
      "taus": 100.0,
      "gate": 1
    },
    "4": {
      "U_H0": 0.9399999999999997,
      "U_H1": 0.8891999999999999,
      "U_H1W": 0.8891999999999999,
      "U_H2": 0.9399999999999997,
      "U_H3": 0.9261999999999999,
      "U_H4": 0.9399999999999997,
      "dU_center": 0.050799999999999845,
      "dU_MAP_frozen": 0.0,
      "dU_gate_frozen": 0.0,
      "dU_gate_map": 0.0,
      "dU_init_bacc": 0.0,
      "U_H2_minus_H3": 0.013799999999999812,
      "tau0": 10.0,
      "taus": 100.0,
      "gate": 1
    },
    "8": {
      "U_H0": 0.9399999999999997,
      "U_H1": 0.9189999999999999,
      "U_H1W": 0.9189999999999999,
      "U_H2": 0.9399999999999997,
      "U_H3": 0.9279999999999998,
      "U_H4": 0.9399999999999997,
      "dU_center": 0.020999999999999797,
      "dU_MAP_frozen": 0.0,
      "dU_gate_frozen": 0.0,
      "dU_gate_map": 0.0,
      "dU_init_bacc": 0.0,
      "U_H2_minus_H3": 0.0119999999999999,
      "tau0": 10.0,
      "taus": 100.0,
      "gate": 1
    },
    "16": {
      "U_H0": 0.9399999999999997,
      "U_H1": 0.9401999999999999,
      "U_H1W": 0.9401999999999999,
      "U_H2": 0.9399999999999997,
      "U_H3": 0.9347999999999997,
      "U_H4": 0.9399999999999997,
      "dU_center": -0.00020000000000020002,
      "dU_MAP_frozen": 0.0,
      "dU_gate_frozen": 0.0,
      "dU_gate_map": 0.0,
      "dU_init_bacc": 0.0,
      "U_H2_minus_H3": 0.005199999999999982,
      "tau0": 10.0,
      "taus": 100.0,
      "gate": 1
    },
    "32": {
      "U_H0": 0.9399999999999997,
      "U_H1": 0.9524000000000001,
      "U_H1W": 0.9524000000000001,
      "U_H2": 0.9411999999999998,
      "U_H3": 0.9385999999999997,
      "U_H4": 0.9411999999999998,
      "dU_center": -0.01120000000000032,
      "dU_MAP_frozen": 0.0012000000000000899,
      "dU_gate_frozen": 0.0012000000000000899,
      "dU_gate_map": 0.0,
      "dU_init_bacc": 0.0,
      "U_H2_minus_H3": 0.0026000000000001577,
      "tau0": 1.0,
      "taus": 100.0,
      "gate": 1
    },
    "Full": {
      "U_H0": 0.94,
      "U_H1": 0.97,
      "U_H1W": 0.97,
      "U_H2": 0.95,
      "U_H3": 0.94,
      "U_H4": 0.95,
      "dU_center": -0.020000000000000018,
      "dU_MAP_frozen": 0.010000000000000009,
      "dU_gate_frozen": 0.010000000000000009,
      "dU_gate_map": 0.0,
      "dU_init_bacc": 0.0,
      "U_H2_minus_H3": 0.010000000000000009,
      "tau0": 1.0,
      "taus": 100.0,
      "gate": 1
    }
  },
  "specificity": {
    "status": "ok",
    "rank": 8,
    "n_matched": 50,
    "n_tried": 313,
    "informed_srcval": 0.639,
    "dGh_specific": {
      "ridge_k1": {
        "informed": -0.06919999999999998,
        "random_mean": -0.139772,
        "specific": 0.07057200000000002
      },
      "map_k1": {
        "informed": -0.006200000000000006,
        "random_mean": 0.003304000000000004,
        "specific": -0.009504000000000009
      },
      "ridge_k8": {
        "informed": -0.014800000000000006,
        "random_mean": -0.0017279999999999945,
        "specific": -0.01307200000000001
      },
      "map_k8": {
        "informed": -0.0024000000000000046,
        "random_mean": 0.01830000000000001,
        "specific": -0.020700000000000017
      },
      "ridge_kFull": {
        "informed": 0.030000000000000027,
        "random_mean": 0.05680000000000002,
        "specific": -0.02679999999999999
      },
      "map_kFull": {
        "informed": 0.010000000000000009,
        "random_mean": 0.05360000000000001,
        "specific": -0.0436
      }
    }
  },
  "headroom": {
    "frozen_query_bacc": 0.94,
    "frozen_query_nll": 0.14356285697341317,
    "fullcal_query_bacc": 0.94,
    "fullcal_gain": 0.0,
    "angle_Ws_Wt_deg": 44.87024921365722,
    "bias_displacement": 4.158011672715164,
    "direction_displacement": 22.31248969847924,
    "cal_cov_condition": 16.783672432565144,
    "class_prior_shift": 0.0,
    "cal_query_mean_drift": 0.8258579458711242
  },
  "tau0": {
    "1": 1.0,
    "2": 10.0,
    "4": 10.0,
    "8": 10.0,
    "16": 10.0,
    "32": 1.0,
    "Full": 1.0
  },
  "taus": {
    "1": 100.0,
    "2": 100.0,
    "4": 100.0,
    "8": 100.0,
    "16": 100.0,
    "32": 100.0,
    "Full": 100.0
  },
  "gate": {
    "1": 1,
    "2": 1,
    "4": 1,
    "8": 1,
    "16": 1,
    "32": 1,
    "Full": 1
  },
  "firewall": {
    "source_only_construction": true,
    "tau_source_only": true,
    "gate_source_only": true,
    "Ycal_used_for_head_adapt": true,
    "Yquery_used_for_selection": false,
    "Yquery_used_for_outcome": true
  }
}