{
  "dataset": "Lee2019_MI",
  "subject": "28",
  "seed": 0,
  "status": "ok",
  "C": 2,
  "n_cal": 100,
  "n_query": 100,
  "cal_session": [
    "0"
  ],
  "query_sessions": [
    "1"
  ],
  "n_draws": 50,
  "n_tau_draws": 10,
  "init_param_diff": 6.461392441012808e-06,
  "endpoints": {
    "1": {
      "U_H0": 0.9500000000000002,
      "U_H1": 0.6804000000000001,
      "U_H1W": 0.6804000000000001,
      "U_H2": 0.9500000000000002,
      "U_H3": 0.9222,
      "U_H4": 0.9500000000000002,
      "dU_center": 0.26960000000000006,
      "dU_MAP_frozen": 0.0,
      "dU_gate_frozen": 0.0,
      "dU_gate_map": 0.0,
      "dU_init_bacc": 0.0,
      "U_H2_minus_H3": 0.027800000000000158,
      "tau0": 10.0,
      "taus": 100.0,
      "gate": 0
    },
    "2": {
      "U_H0": 0.9500000000000002,
      "U_H1": 0.7438000000000001,
      "U_H1W": 0.7438000000000001,
      "U_H2": 0.9500000000000002,
      "U_H3": 0.9212,
      "U_H4": 0.9500000000000002,
      "dU_center": 0.20620000000000005,
      "dU_MAP_frozen": 0.0,
      "dU_gate_frozen": 0.0,
      "dU_gate_map": 0.0,
      "dU_init_bacc": 0.0,
      "U_H2_minus_H3": 0.02880000000000016,
      "tau0": 10.0,
      "taus": 100.0,
      "gate": 0
    },
    "4": {
      "U_H0": 0.9500000000000002,
      "U_H1": 0.7770000000000001,
      "U_H1W": 0.7770000000000001,
      "U_H2": 0.9500000000000002,
      "U_H3": 0.925,
      "U_H4": 0.9500000000000002,
      "dU_center": 0.17300000000000004,
      "dU_MAP_frozen": 0.0,
      "dU_gate_frozen": 0.0,
      "dU_gate_map": 0.0,
      "dU_init_bacc": 0.0,
      "U_H2_minus_H3": 0.025000000000000133,
      "tau0": 10.0,
      "taus": 100.0,
      "gate": 0
    },
    "8": {
      "U_H0": 0.9500000000000002,
      "U_H1": 0.8486,
      "U_H1W": 0.8486,
      "U_H2": 0.9500000000000002,
      "U_H3": 0.9336,
      "U_H4": 0.9500000000000002,
      "dU_center": 0.10140000000000016,
      "dU_MAP_frozen": 0.0,
      "dU_gate_frozen": 0.0,
      "dU_gate_map": 0.0,
      "dU_init_bacc": 0.0,
      "U_H2_minus_H3": 0.016400000000000192,
      "tau0": 10.0,
      "taus": 100.0,
      "gate": 0
    },
    "16": {
      "U_H0": 0.9500000000000002,
      "U_H1": 0.8730000000000001,
      "U_H1W": 0.8730000000000001,
      "U_H2": 0.9498000000000002,
      "U_H3": 0.9358,
      "U_H4": 0.9500000000000002,
      "dU_center": 0.07680000000000009,
      "dU_MAP_frozen": -0.00019999999999997797,
      "dU_gate_frozen": 0.0,
      "dU_gate_map": 0.00019999999999997797,
      "dU_init_bacc": 0.0,
      "U_H2_minus_H3": 0.014000000000000234,
      "tau0": 10.0,
      "taus": 100.0,
      "gate": 0
    },
    "32": {
      "U_H0": 0.9500000000000002,
      "U_H1": 0.8941999999999999,
      "U_H1W": 0.8941999999999999,
      "U_H2": 0.9496000000000001,
      "U_H3": 0.941,
      "U_H4": 0.9500000000000002,
      "dU_center": 0.05540000000000023,
      "dU_MAP_frozen": -0.00040000000000006697,
      "dU_gate_frozen": 0.0,
      "dU_gate_map": 0.00040000000000006697,
      "dU_init_bacc": 0.0,
      "U_H2_minus_H3": 0.008600000000000163,
      "tau0": 10.0,
      "taus": 100.0,
      "gate": 0
    },
    "Full": {
      "U_H0": 0.95,
      "U_H1": 0.9099999999999999,
      "U_H1W": 0.9099999999999999,
      "U_H2": 0.95,
      "U_H3": 0.95,
      "U_H4": 0.95,
      "dU_center": 0.040000000000000036,
      "dU_MAP_frozen": 0.0,
      "dU_gate_frozen": 0.0,
      "dU_gate_map": 0.0,
      "dU_init_bacc": 0.0,
      "U_H2_minus_H3": 0.0,
      "tau0": 10.0,
      "taus": 100.0,
      "gate": 0
    }
  },
  "specificity": {
    "status": "ok",
    "rank": 8,
    "n_matched": 50,
    "n_tried": 149,
    "informed_srcval": 0.7,
    "dGh_specific": {
      "ridge_k1": {
        "informed": -0.18919999999999995,
        "random_mean": -0.184864,
        "specific": -0.004335999999999951
      },
      "map_k1": {
        "informed": -0.0005999999999999983,
        "random_mean": 0.00136,
        "specific": -0.001959999999999998
      },
      "ridge_k8": {
        "informed": -0.14439999999999997,
        "random_mean": -0.061876000000000014,
        "specific": -0.08252399999999996
      },
      "map_k8": {
        "informed": -0.003399999999999985,
        "random_mean": 0.006012000000000003,
        "specific": -0.009411999999999988
      },
      "ridge_kFull": {
        "informed": -0.1299999999999999,
        "random_mean": -0.008799999999999997,
        "specific": -0.12119999999999989
      },
      "map_kFull": {
        "informed": -0.020000000000000018,
        "random_mean": 0.012199999999999997,
        "specific": -0.03220000000000001
      }
    }
  },
  "headroom": {
    "frozen_query_bacc": 0.95,
    "frozen_query_nll": 0.15636683496349163,
    "fullcal_query_bacc": 0.8999999999999999,
    "fullcal_gain": -0.050000000000000044,
    "angle_Ws_Wt_deg": 41.03919010898133,
    "bias_displacement": 15.107827623515874,
    "direction_displacement": 46.453162426541176,
    "cal_cov_condition": 11.274856289114293,
    "class_prior_shift": 0.0,
    "cal_query_mean_drift": 1.0144134114019607
  },
  "tau0": {
    "1": 10.0,
    "2": 10.0,
    "4": 10.0,
    "8": 10.0,
    "16": 10.0,
    "32": 10.0,
    "Full": 10.0
  },
  "taus": {
    "1": 100.0,
    "2": 100.0,
    "4": 100.0,
    "8": 100.0,
    "16": 100.0,
    "32": 100.0,
    "Full": 100.0
  },
  "gate": {
    "1": 0,
    "2": 0,
    "4": 0,
    "8": 0,
    "16": 0,
    "32": 0,
    "Full": 0
  },
  "firewall": {
    "source_only_construction": true,
    "tau_source_only": true,
    "gate_source_only": true,
    "Ycal_used_for_head_adapt": true,
    "Yquery_used_for_selection": false,
    "Yquery_used_for_outcome": true
  }
}