{
  "dataset": "Lee2019_MI",
  "subject": "15",
  "seed": 2,
  "status": "ok",
  "C": 2,
  "n_cal": 100,
  "n_query": 100,
  "cal_session": [
    "0"
  ],
  "query_sessions": [
    "1"
  ],
  "n_draws": 50,
  "n_tau_draws": 10,
  "init_param_diff": 2.9138792555532553e-05,
  "endpoints": {
    "1": {
      "U_H0": 0.52,
      "U_H1": 0.5085999999999999,
      "U_H1W": 0.5085999999999999,
      "U_H2": 0.52,
      "U_H3": 0.49860000000000004,
      "U_H4": 0.52,
      "dU_center": 0.011400000000000077,
      "dU_MAP_frozen": 0.0,
      "dU_gate_frozen": 0.0,
      "dU_gate_map": 0.0,
      "dU_init_bacc": 0.0,
      "U_H2_minus_H3": 0.021399999999999975,
      "tau0": 10.0,
      "taus": 100.0,
      "gate": 0
    },
    "2": {
      "U_H0": 0.52,
      "U_H1": 0.5134000000000001,
      "U_H1W": 0.5134000000000001,
      "U_H2": 0.519,
      "U_H3": 0.495,
      "U_H4": 0.52,
      "dU_center": 0.005599999999999938,
      "dU_MAP_frozen": -0.0010000000000000009,
      "dU_gate_frozen": 0.0,
      "dU_gate_map": 0.0010000000000000009,
      "dU_init_bacc": 0.0,
      "U_H2_minus_H3": 0.02400000000000002,
      "tau0": 10.0,
      "taus": 100.0,
      "gate": 0
    },
    "4": {
      "U_H0": 0.52,
      "U_H1": 0.5267999999999999,
      "U_H1W": 0.5267999999999999,
      "U_H2": 0.5207999999999999,
      "U_H3": 0.5042,
      "U_H4": 0.52,
      "dU_center": -0.006000000000000005,
      "dU_MAP_frozen": 0.0007999999999999119,
      "dU_gate_frozen": 0.0,
      "dU_gate_map": -0.0007999999999999119,
      "dU_init_bacc": 0.0,
      "U_H2_minus_H3": 0.016599999999999948,
      "tau0": 10.0,
      "taus": 100.0,
      "gate": 0
    },
    "8": {
      "U_H0": 0.52,
      "U_H1": 0.5276000000000001,
      "U_H1W": 0.5276000000000001,
      "U_H2": 0.5218,
      "U_H3": 0.5044000000000001,
      "U_H4": 0.5218,
      "dU_center": -0.005800000000000027,
      "dU_MAP_frozen": 0.0018000000000000238,
      "dU_gate_frozen": 0.0018000000000000238,
      "dU_gate_map": 0.0,
      "dU_init_bacc": 0.0,
      "U_H2_minus_H3": 0.01739999999999997,
      "tau0": 10.0,
      "taus": 100.0,
      "gate": 1
    },
    "16": {
      "U_H0": 0.52,
      "U_H1": 0.5244,
      "U_H1W": 0.5244,
      "U_H2": 0.5252,
      "U_H3": 0.4984000000000001,
      "U_H4": 0.5252,
      "dU_center": 0.0008000000000000229,
      "dU_MAP_frozen": 0.005199999999999982,
      "dU_gate_frozen": 0.005199999999999982,
      "dU_gate_map": 0.0,
      "dU_init_bacc": 0.0,
      "U_H2_minus_H3": 0.02679999999999988,
      "tau0": 10.0,
      "taus": 100.0,
      "gate": 1
    },
    "32": {
      "U_H0": 0.52,
      "U_H1": 0.5366,
      "U_H1W": 0.5366,
      "U_H2": 0.5308000000000002,
      "U_H3": 0.5056,
      "U_H4": 0.5308000000000002,
      "dU_center": -0.005799999999999805,
      "dU_MAP_frozen": 0.010800000000000143,
      "dU_gate_frozen": 0.010800000000000143,
      "dU_gate_map": 0.0,
      "dU_init_bacc": 0.0,
      "U_H2_minus_H3": 0.02520000000000011,
      "tau0": 1.0,
      "taus": 100.0,
      "gate": 1
    },
    "Full": {
      "U_H0": 0.52,
      "U_H1": 0.56,
      "U_H1W": 0.56,
      "U_H2": 0.54,
      "U_H3": 0.44999999999999996,
      "U_H4": 0.54,
      "dU_center": -0.020000000000000018,
      "dU_MAP_frozen": 0.020000000000000018,
      "dU_gate_frozen": 0.020000000000000018,
      "dU_gate_map": 0.0,
      "dU_init_bacc": 0.0,
      "U_H2_minus_H3": 0.09000000000000008,
      "tau0": 1.0,
      "taus": 100.0,
      "gate": 1
    }
  },
  "specificity": {
    "status": "ok",
    "rank": 8,
    "n_matched": 50,
    "n_tried": 371,
    "informed_srcval": 0.6439999999999999,
    "dGh_specific": {
      "ridge_k1": {
        "informed": -0.06300000000000006,
        "random_mean": 0.009512000000000007,
        "specific": -0.07251200000000006
      },
      "map_k1": {
        "informed": -0.0040000000000000105,
        "random_mean": 0.0022280000000000025,
        "specific": -0.006228000000000013
      },
      "ridge_k8": {
        "informed": -0.03620000000000004,
        "random_mean": 0.02785600000000001,
        "specific": -0.06405600000000004
      },
      "map_k8": {
        "informed": -0.008000000000000033,
        "random_mean": 0.006804000000000004,
        "specific": -0.014804000000000036
      },
      "ridge_kFull": {
        "informed": -0.010000000000000009,
        "random_mean": 0.05460000000000001,
        "specific": -0.06460000000000002
      },
      "map_kFull": {
        "informed": 0.0,
        "random_mean": 0.024800000000000013,
        "specific": -0.024800000000000013
      }
    }
  },
  "headroom": {
    "frozen_query_bacc": 0.52,
    "frozen_query_nll": 1.0188814393780685,
    "fullcal_query_bacc": 0.53,
    "fullcal_gain": 0.010000000000000009,
    "angle_Ws_Wt_deg": 95.01879695680717,
    "bias_displacement": 0.5433618348148024,
    "direction_displacement": 2.5226542429475916,
    "cal_cov_condition": 35.33006733835022,
    "class_prior_shift": 0.0,
    "cal_query_mean_drift": 1.694660315219407
  },
  "tau0": {
    "1": 10.0,
    "2": 10.0,
    "4": 10.0,
    "8": 10.0,
    "16": 10.0,
    "32": 1.0,
    "Full": 1.0
  },
  "taus": {
    "1": 100.0,
    "2": 100.0,
    "4": 100.0,
    "8": 100.0,
    "16": 100.0,
    "32": 100.0,
    "Full": 100.0
  },
  "gate": {
    "1": 0,
    "2": 0,
    "4": 0,
    "8": 1,
    "16": 1,
    "32": 1,
    "Full": 1
  },
  "firewall": {
    "source_only_construction": true,
    "tau_source_only": true,
    "gate_source_only": true,
    "Ycal_used_for_head_adapt": true,
    "Yquery_used_for_selection": false,
    "Yquery_used_for_outcome": true
  }
}