{
  "dataset": "BNCI2015_001",
  "subject": "2",
  "seed": 0,
  "status": "ok",
  "C": 2,
  "n_cal": 200,
  "n_query": 200,
  "cal_session": [
    "0A"
  ],
  "query_sessions": [
    "1B"
  ],
  "n_draws": 50,
  "n_tau_draws": 10,
  "init_param_diff": 2.536980508086083e-05,
  "endpoints": {
    "1": {
      "U_H0": 0.775,
      "U_H1": 0.8009000000000001,
      "U_H1W": 0.8009000000000001,
      "U_H2": 0.7964999999999999,
      "U_H3": 0.883,
      "U_H4": 0.7964999999999999,
      "dU_center": -0.0044000000000001815,
      "dU_MAP_frozen": 0.021499999999999853,
      "dU_gate_frozen": 0.021499999999999853,
      "dU_gate_map": 0.0,
      "dU_init_bacc": 0.0,
      "U_H2_minus_H3": -0.08650000000000013,
      "tau0": 1.0,
      "taus": 10.0,
      "gate": 1
    },
    "2": {
      "U_H0": 0.775,
      "U_H1": 0.8489000000000001,
      "U_H1W": 0.8489000000000001,
      "U_H2": 0.8068,
      "U_H3": 0.9277000000000001,
      "U_H4": 0.8068,
      "dU_center": -0.04210000000000014,
      "dU_MAP_frozen": 0.03179999999999994,
      "dU_gate_frozen": 0.03179999999999994,
      "dU_gate_map": 0.0,
      "dU_init_bacc": 0.0,
      "U_H2_minus_H3": -0.12090000000000012,
      "tau0": 1.0,
      "taus": 10.0,
      "gate": 1
    },
    "4": {
      "U_H0": 0.775,
      "U_H1": 0.9120999999999999,
      "U_H1W": 0.9120999999999999,
      "U_H2": 0.8423999999999999,
      "U_H3": 0.9428,
      "U_H4": 0.8423999999999999,
      "dU_center": -0.06969999999999998,
      "dU_MAP_frozen": 0.0673999999999999,
      "dU_gate_frozen": 0.0673999999999999,
      "dU_gate_map": 0.0,
      "dU_init_bacc": 0.0,
      "U_H2_minus_H3": -0.10040000000000004,
      "tau0": 1.0,
      "taus": 10.0,
      "gate": 1
    },
    "8": {
      "U_H0": 0.775,
      "U_H1": 0.9235000000000001,
      "U_H1W": 0.9235000000000001,
      "U_H2": 0.8861999999999999,
      "U_H3": 0.9542999999999999,
      "U_H4": 0.8861999999999999,
      "dU_center": -0.03730000000000022,
      "dU_MAP_frozen": 0.11119999999999985,
      "dU_gate_frozen": 0.11119999999999985,
      "dU_gate_map": 0.0,
      "dU_init_bacc": 0.0,
      "U_H2_minus_H3": -0.06810000000000005,
      "tau0": 1.0,
      "taus": 10.0,
      "gate": 1
    },
    "16": {
      "U_H0": 0.775,
      "U_H1": 0.9426000000000001,
      "U_H1W": 0.9426000000000001,
      "U_H2": 0.934,
      "U_H3": 0.9618000000000001,
      "U_H4": 0.934,
      "dU_center": -0.008600000000000052,
      "dU_MAP_frozen": 0.15900000000000003,
      "dU_gate_frozen": 0.15900000000000003,
      "dU_gate_map": 0.0,
      "dU_init_bacc": 0.0,
      "U_H2_minus_H3": -0.027800000000000047,
      "tau0": 1.0,
      "taus": 10.0,
      "gate": 1
    },
    "32": {
      "U_H0": 0.775,
      "U_H1": 0.9531000000000001,
      "U_H1W": 0.9531000000000001,
      "U_H2": 0.9657000000000002,
      "U_H3": 0.9629999999999999,
      "U_H4": 0.9657000000000002,
      "dU_center": 0.012600000000000167,
      "dU_MAP_frozen": 0.1907000000000002,
      "dU_gate_frozen": 0.1907000000000002,
      "dU_gate_map": 0.0,
      "dU_init_bacc": 0.0,
      "U_H2_minus_H3": 0.0027000000000003688,
      "tau0": 1.0,
      "taus": 10.0,
      "gate": 1
    },
    "Full": {
      "U_H0": 0.775,
      "U_H1": 0.96,
      "U_H1W": 0.96,
      "U_H2": 0.995,
      "U_H3": 0.9650000000000001,
      "U_H4": 0.995,
      "dU_center": 0.03500000000000003,
      "dU_MAP_frozen": 0.21999999999999997,
      "dU_gate_frozen": 0.21999999999999997,
      "dU_gate_map": 0.0,
      "dU_init_bacc": 0.0,
      "U_H2_minus_H3": 0.029999999999999916,
      "tau0": 1.0,
      "taus": 10.0,
      "gate": 1
    }
  },
  "specificity": {
    "status": "ok",
    "rank": 8,
    "n_matched": 50,
    "n_tried": 155,
    "informed_srcval": 0.6774999999999999,
    "dGh_specific": {
      "ridge_k1": {
        "informed": -0.06790000000000004,
        "random_mean": -0.018567999999999987,
        "specific": -0.049332000000000056
      },
      "map_k1": {
        "informed": 0.01639999999999995,
        "random_mean": 0.02614200000000001,
        "specific": -0.00974200000000006
      },
      "ridge_k8": {
        "informed": 0.09489999999999994,
        "random_mean": 0.10557200000000001,
        "specific": -0.01067200000000007
      },
      "map_k8": {
        "informed": 0.11669999999999994,
        "random_mean": 0.1109,
        "specific": 0.005799999999999944
      },
      "ridge_kFull": {
        "informed": 0.18999999999999995,
        "random_mean": 0.1653,
        "specific": 0.024699999999999944
      },
      "map_kFull": {
        "informed": 0.18499999999999994,
        "random_mean": 0.16620000000000001,
        "specific": 0.018799999999999928
      }
    }
  },
  "headroom": {
    "frozen_query_bacc": 0.775,
    "frozen_query_nll": 0.3835086751878032,
    "fullcal_query_bacc": 0.965,
    "fullcal_gain": 0.18999999999999995,
    "angle_Ws_Wt_deg": 44.856551893429575,
    "bias_displacement": 16.19989525705082,
    "direction_displacement": 29.1141842515595,
    "cal_cov_condition": 45.5476285977413,
    "class_prior_shift": 0.0,
    "cal_query_mean_drift": 0.7725559484905866
  },
  "tau0": {
    "1": 1.0,
    "2": 1.0,
    "4": 1.0,
    "8": 1.0,
    "16": 1.0,
    "32": 1.0,
    "Full": 1.0
  },
  "taus": {
    "1": 10.0,
    "2": 10.0,
    "4": 10.0,
    "8": 10.0,
    "16": 10.0,
    "32": 10.0,
    "Full": 10.0
  },
  "gate": {
    "1": 1,
    "2": 1,
    "4": 1,
    "8": 1,
    "16": 1,
    "32": 1,
    "Full": 1
  },
  "firewall": {
    "source_only_construction": true,
    "tau_source_only": true,
    "gate_source_only": true,
    "Ycal_used_for_head_adapt": true,
    "Yquery_used_for_selection": false,
    "Yquery_used_for_outcome": true
  }
}