{
  "dataset": "Lee2019_MI",
  "subject": "48",
  "seed": 0,
  "status": "ok",
  "C": 2,
  "n_cal": 100,
  "n_query": 100,
  "cal_session": [
    "0"
  ],
  "query_sessions": [
    "1"
  ],
  "n_draws": 50,
  "n_tau_draws": 10,
  "init_param_diff": 2.5502106417598933e-05,
  "endpoints": {
    "1": {
      "U_H0": 0.5300000000000001,
      "U_H1": 0.5012,
      "U_H1W": 0.5012,
      "U_H2": 0.5302000000000001,
      "U_H3": 0.5208,
      "U_H4": 0.5302000000000001,
      "dU_center": 0.029000000000000137,
      "dU_MAP_frozen": 0.00019999999999997797,
      "dU_gate_frozen": 0.00019999999999997797,
      "dU_gate_map": 0.0,
      "dU_init_bacc": 0.0,
      "U_H2_minus_H3": 0.009400000000000075,
      "tau0": 10.0,
      "taus": 100.0,
      "gate": 1
    },
    "2": {
      "U_H0": 0.5300000000000001,
      "U_H1": 0.525,
      "U_H1W": 0.525,
      "U_H2": 0.528,
      "U_H3": 0.5244,
      "U_H4": 0.5300000000000001,
      "dU_center": 0.0030000000000000027,
      "dU_MAP_frozen": -0.002000000000000113,
      "dU_gate_frozen": 0.0,
      "dU_gate_map": 0.002000000000000113,
      "dU_init_bacc": 0.0,
      "U_H2_minus_H3": 0.0036000000000000476,
      "tau0": 10.0,
      "taus": 100.0,
      "gate": 0
    },
    "4": {
      "U_H0": 0.5300000000000001,
      "U_H1": 0.5134000000000001,
      "U_H1W": 0.5134000000000001,
      "U_H2": 0.5264000000000001,
      "U_H3": 0.5368,
      "U_H4": 0.5264000000000001,
      "dU_center": 0.013000000000000012,
      "dU_MAP_frozen": -0.0036000000000000476,
      "dU_gate_frozen": -0.0036000000000000476,
      "dU_gate_map": 0.0,
      "dU_init_bacc": 0.0,
      "U_H2_minus_H3": -0.010399999999999965,
      "tau0": 10.0,
      "taus": 100.0,
      "gate": 1
    },
    "8": {
      "U_H0": 0.5300000000000001,
      "U_H1": 0.5208,
      "U_H1W": 0.5208,
      "U_H2": 0.5257999999999999,
      "U_H3": 0.5366000000000001,
      "U_H4": 0.5257999999999999,
      "dU_center": 0.004999999999999893,
      "dU_MAP_frozen": -0.004200000000000204,
      "dU_gate_frozen": -0.004200000000000204,
      "dU_gate_map": 0.0,
      "dU_init_bacc": 0.0,
      "U_H2_minus_H3": -0.010800000000000143,
      "tau0": 10.0,
      "taus": 100.0,
      "gate": 1
    },
    "16": {
      "U_H0": 0.5300000000000001,
      "U_H1": 0.526,
      "U_H1W": 0.526,
      "U_H2": 0.5260000000000001,
      "U_H3": 0.54,
      "U_H4": 0.5260000000000001,
      "dU_center": 1.1102230246251565e-16,
      "dU_MAP_frozen": -0.0040000000000000036,
      "dU_gate_frozen": -0.0040000000000000036,
      "dU_gate_map": 0.0,
      "dU_init_bacc": 0.0,
      "U_H2_minus_H3": -0.013999999999999901,
      "tau0": 10.0,
      "taus": 100.0,
      "gate": 1
    },
    "32": {
      "U_H0": 0.5300000000000001,
      "U_H1": 0.5337999999999999,
      "U_H1W": 0.5337999999999999,
      "U_H2": 0.536,
      "U_H3": 0.5347999999999999,
      "U_H4": 0.536,
      "dU_center": 0.0022000000000000908,
      "dU_MAP_frozen": 0.005999999999999894,
      "dU_gate_frozen": 0.005999999999999894,
      "dU_gate_map": 0.0,
      "dU_init_bacc": 0.0,
      "U_H2_minus_H3": 0.0012000000000000899,
      "tau0": 1.0,
      "taus": 100.0,
      "gate": 1
    },
    "Full": {
      "U_H0": 0.53,
      "U_H1": 0.54,
      "U_H1W": 0.54,
      "U_H2": 0.55,
      "U_H3": 0.53,
      "U_H4": 0.55,
      "dU_center": 0.010000000000000009,
      "dU_MAP_frozen": 0.020000000000000018,
      "dU_gate_frozen": 0.020000000000000018,
      "dU_gate_map": 0.0,
      "dU_init_bacc": 0.0,
      "U_H2_minus_H3": 0.020000000000000018,
      "tau0": 1.0,
      "taus": 100.0,
      "gate": 1
    }
  },
  "specificity": {
    "status": "ok",
    "rank": 8,
    "n_matched": 50,
    "n_tried": 206,
    "informed_srcval": 0.665,
    "dGh_specific": {
      "ridge_k1": {
        "informed": -0.0082,
        "random_mean": -0.019216000000000007,
        "specific": 0.011016000000000007
      },
      "map_k1": {
        "informed": 0.005200000000000005,
        "random_mean": 2.7999999999998997e-05,
        "specific": 0.005172000000000006
      },
      "ridge_k8": {
        "informed": -0.006000000000000003,
        "random_mean": -0.011152000000000002,
        "specific": 0.0051519999999999995
      },
      "map_k8": {
        "informed": 0.007600000000000004,
        "random_mean": 0.000663999999999999,
        "specific": 0.0069360000000000055
      },
      "ridge_kFull": {
        "informed": 0.050000000000000044,
        "random_mean": 0.008600000000000014,
        "specific": 0.041400000000000034
      },
      "map_kFull": {
        "informed": 0.030000000000000027,
        "random_mean": 0.005599999999999997,
        "specific": 0.02440000000000003
      }
    }
  },
  "headroom": {
    "frozen_query_bacc": 0.53,
    "frozen_query_nll": 0.863435209351973,
    "fullcal_query_bacc": 0.54,
    "fullcal_gain": 0.010000000000000009,
    "angle_Ws_Wt_deg": 75.88136731757285,
    "bias_displacement": 2.136346638342401,
    "direction_displacement": 2.6246799705934403,
    "cal_cov_condition": 22.733452137035528,
    "class_prior_shift": 0.0,
    "cal_query_mean_drift": 2.020570212899859
  },
  "tau0": {
    "1": 10.0,
    "2": 10.0,
    "4": 10.0,
    "8": 10.0,
    "16": 10.0,
    "32": 1.0,
    "Full": 1.0
  },
  "taus": {
    "1": 100.0,
    "2": 100.0,
    "4": 100.0,
    "8": 100.0,
    "16": 100.0,
    "32": 100.0,
    "Full": 100.0
  },
  "gate": {
    "1": 1,
    "2": 0,
    "4": 1,
    "8": 1,
    "16": 1,
    "32": 1,
    "Full": 1
  },
  "firewall": {
    "source_only_construction": true,
    "tau_source_only": true,
    "gate_source_only": true,
    "Ycal_used_for_head_adapt": true,
    "Yquery_used_for_selection": false,
    "Yquery_used_for_outcome": true
  }
}