{
  "dataset": "Lee2019_MI",
  "subject": "17",
  "seed": 1,
  "status": "ok",
  "C": 2,
  "n_cal": 100,
  "n_query": 100,
  "cal_session": [
    "0"
  ],
  "query_sessions": [
    "1"
  ],
  "n_draws": 50,
  "n_tau_draws": 10,
  "init_param_diff": 2.732952268793963e-05,
  "endpoints": {
    "1": {
      "U_H0": 0.6000000000000001,
      "U_H1": 0.5376000000000001,
      "U_H1W": 0.5376000000000001,
      "U_H2": 0.6010000000000001,
      "U_H3": 0.5913999999999999,
      "U_H4": 0.6010000000000001,
      "dU_center": 0.06340000000000001,
      "dU_MAP_frozen": 0.0010000000000000009,
      "dU_gate_frozen": 0.0010000000000000009,
      "dU_gate_map": 0.0,
      "dU_init_bacc": 0.0,
      "U_H2_minus_H3": 0.009600000000000164,
      "tau0": 1.0,
      "taus": 100.0,
      "gate": 1
    },
    "2": {
      "U_H0": 0.6000000000000001,
      "U_H1": 0.5382000000000001,
      "U_H1W": 0.5382000000000001,
      "U_H2": 0.6008,
      "U_H3": 0.5998,
      "U_H4": 0.6008,
      "dU_center": 0.06259999999999988,
      "dU_MAP_frozen": 0.0007999999999999119,
      "dU_gate_frozen": 0.0007999999999999119,
      "dU_gate_map": 0.0,
      "dU_init_bacc": 0.0,
      "U_H2_minus_H3": 0.0010000000000000009,
      "tau0": 10.0,
      "taus": 100.0,
      "gate": 1
    },
    "4": {
      "U_H0": 0.6000000000000001,
      "U_H1": 0.5506,
      "U_H1W": 0.5506,
      "U_H2": 0.6040000000000001,
      "U_H3": 0.6056,
      "U_H4": 0.6040000000000001,
      "dU_center": 0.053400000000000114,
      "dU_MAP_frozen": 0.0040000000000000036,
      "dU_gate_frozen": 0.0040000000000000036,
      "dU_gate_map": 0.0,
      "dU_init_bacc": 0.0,
      "U_H2_minus_H3": -0.0015999999999999348,
      "tau0": 10.0,
      "taus": 100.0,
      "gate": 1
    },
    "8": {
      "U_H0": 0.6000000000000001,
      "U_H1": 0.5686,
      "U_H1W": 0.5686,
      "U_H2": 0.6056,
      "U_H3": 0.6112,
      "U_H4": 0.6056,
      "dU_center": 0.03700000000000003,
      "dU_MAP_frozen": 0.005599999999999938,
      "dU_gate_frozen": 0.005599999999999938,
      "dU_gate_map": 0.0,
      "dU_init_bacc": 0.0,
      "U_H2_minus_H3": -0.005599999999999938,
      "tau0": 10.0,
      "taus": 100.0,
      "gate": 1
    },
    "16": {
      "U_H0": 0.6000000000000001,
      "U_H1": 0.5778,
      "U_H1W": 0.5778,
      "U_H2": 0.616,
      "U_H3": 0.6078,
      "U_H4": 0.616,
      "dU_center": 0.03820000000000001,
      "dU_MAP_frozen": 0.015999999999999903,
      "dU_gate_frozen": 0.015999999999999903,
      "dU_gate_map": 0.0,
      "dU_init_bacc": 0.0,
      "U_H2_minus_H3": 0.008199999999999985,
      "tau0": 10.0,
      "taus": 100.0,
      "gate": 1
    },
    "32": {
      "U_H0": 0.6000000000000001,
      "U_H1": 0.5661999999999999,
      "U_H1W": 0.5661999999999999,
      "U_H2": 0.6242,
      "U_H3": 0.6093999999999999,
      "U_H4": 0.6242,
      "dU_center": 0.05800000000000005,
      "dU_MAP_frozen": 0.02419999999999989,
      "dU_gate_frozen": 0.02419999999999989,
      "dU_gate_map": 0.0,
      "dU_init_bacc": 0.0,
      "U_H2_minus_H3": 0.014800000000000035,
      "tau0": 1.0,
      "taus": 100.0,
      "gate": 1
    },
    "Full": {
      "U_H0": 0.6,
      "U_H1": 0.56,
      "U_H1W": 0.56,
      "U_H2": 0.64,
      "U_H3": 0.6,
      "U_H4": 0.64,
      "dU_center": 0.07999999999999996,
      "dU_MAP_frozen": 0.040000000000000036,
      "dU_gate_frozen": 0.040000000000000036,
      "dU_gate_map": 0.0,
      "dU_init_bacc": 0.0,
      "U_H2_minus_H3": 0.040000000000000036,
      "tau0": 1.0,
      "taus": 100.0,
      "gate": 1
    }
  },
  "specificity": {
    "status": "ok",
    "rank": 8,
    "n_matched": 50,
    "n_tried": 163,
    "informed_srcval": 0.6729999999999999,
    "dGh_specific": {
      "ridge_k1": {
        "informed": -0.07520000000000007,
        "random_mean": -0.031492000000000006,
        "specific": -0.043708000000000066
      },
      "map_k1": {
        "informed": 0.002599999999999967,
        "random_mean": -0.001200000000000003,
        "specific": 0.00379999999999997
      },
      "ridge_k8": {
        "informed": -0.05600000000000007,
        "random_mean": -0.015324000000000006,
        "specific": -0.040676000000000066
      },
      "map_k8": {
        "informed": -0.008200000000000051,
        "random_mean": -0.0012000000000000047,
        "specific": -0.007000000000000046
      },
      "ridge_kFull": {
        "informed": 0.019999999999999907,
        "random_mean": -0.002200000000000004,
        "specific": 0.02219999999999991
      },
      "map_kFull": {
        "informed": 0.009999999999999898,
        "random_mean": 0.007599999999999996,
        "specific": 0.002399999999999902
      }
    }
  },
  "headroom": {
    "frozen_query_bacc": 0.6,
    "frozen_query_nll": 0.7620351666454727,
    "fullcal_query_bacc": 0.56,
    "fullcal_gain": -0.039999999999999925,
    "angle_Ws_Wt_deg": 38.471034990884185,
    "bias_displacement": 0.7896839796939871,
    "direction_displacement": 2.0163024207637505,
    "cal_cov_condition": 34.2893526878774,
    "class_prior_shift": 0.0,
    "cal_query_mean_drift": 2.9561032616768266
  },
  "tau0": {
    "1": 1.0,
    "2": 10.0,
    "4": 10.0,
    "8": 10.0,
    "16": 10.0,
    "32": 1.0,
    "Full": 1.0
  },
  "taus": {
    "1": 100.0,
    "2": 100.0,
    "4": 100.0,
    "8": 100.0,
    "16": 100.0,
    "32": 100.0,
    "Full": 100.0
  },
  "gate": {
    "1": 1,
    "2": 1,
    "4": 1,
    "8": 1,
    "16": 1,
    "32": 1,
    "Full": 1
  },
  "firewall": {
    "source_only_construction": true,
    "tau_source_only": true,
    "gate_source_only": true,
    "Ycal_used_for_head_adapt": true,
    "Yquery_used_for_selection": false,
    "Yquery_used_for_outcome": true
  }
}