{
  "dataset": "BNCI2014_004",
  "subject": "6",
  "seed": 1,
  "status": "ok",
  "C": 2,
  "n_cal": 120,
  "n_query": 600,
  "cal_session": [
    "0train"
  ],
  "query_sessions": [
    "1train",
    "2train",
    "3test",
    "4test"
  ],
  "n_draws": 50,
  "n_tau_draws": 10,
  "init_param_diff": 8.041317341912715e-06,
  "endpoints": {
    "1": {
      "U_H0": 0.7041666666666667,
      "U_H1": 0.5340729166666667,
      "U_H1W": 0.5340729166666667,
      "U_H2": 0.7041979166666666,
      "U_H3": 0.65278125,
      "U_H4": 0.7041979166666666,
      "dU_center": 0.17012499999999997,
      "dU_MAP_frozen": 3.124999999992717e-05,
      "dU_gate_frozen": 3.124999999992717e-05,
      "dU_gate_map": 0.0,
      "dU_init_bacc": 0.0,
      "U_H2_minus_H3": 0.051416666666666666,
      "tau0": 10.0,
      "taus": 10.0,
      "gate": 1
    },
    "2": {
      "U_H0": 0.7041666666666667,
      "U_H1": 0.54321875,
      "U_H1W": 0.54321875,
      "U_H2": 0.69859375,
      "U_H3": 0.6877916666666668,
      "U_H4": 0.7041666666666667,
      "dU_center": 0.15537500000000004,
      "dU_MAP_frozen": -0.005572916666666705,
      "dU_gate_frozen": 0.0,
      "dU_gate_map": 0.005572916666666705,
      "dU_init_bacc": 0.0,
      "U_H2_minus_H3": 0.010802083333333212,
      "tau0": 10.0,
      "taus": 10.0,
      "gate": 0
    },
    "4": {
      "U_H0": 0.7041666666666667,
      "U_H1": 0.58534375,
      "U_H1W": 0.58534375,
      "U_H2": 0.7057395833333334,
      "U_H3": 0.69009375,
      "U_H4": 0.7057395833333334,
      "dU_center": 0.12039583333333337,
      "dU_MAP_frozen": 0.0015729166666667016,
      "dU_gate_frozen": 0.0015729166666667016,
      "dU_gate_map": 0.0,
      "dU_init_bacc": 0.0,
      "U_H2_minus_H3": 0.01564583333333347,
      "tau0": 10.0,
      "taus": 100.0,
      "gate": 1
    },
    "8": {
      "U_H0": 0.7041666666666667,
      "U_H1": 0.6062083333333333,
      "U_H1W": 0.6062083333333333,
      "U_H2": 0.6992812500000001,
      "U_H3": 0.7011354166666667,
      "U_H4": 0.6992812500000001,
      "dU_center": 0.09307291666666673,
      "dU_MAP_frozen": -0.004885416666666642,
      "dU_gate_frozen": -0.004885416666666642,
      "dU_gate_map": 0.0,
      "dU_init_bacc": 0.0,
      "U_H2_minus_H3": -0.0018541666666666012,
      "tau0": 10.0,
      "taus": 10.0,
      "gate": 1
    },
    "16": {
      "U_H0": 0.7041666666666667,
      "U_H1": 0.63375,
      "U_H1W": 0.63375,
      "U_H2": 0.7040416666666667,
      "U_H3": 0.7032604166666667,
      "U_H4": 0.7040416666666667,
      "dU_center": 0.07029166666666664,
      "dU_MAP_frozen": -0.00012500000000004174,
      "dU_gate_frozen": -0.00012500000000004174,
      "dU_gate_map": 0.0,
      "dU_init_bacc": 0.0,
      "U_H2_minus_H3": 0.0007812499999999556,
      "tau0": 10.0,
      "taus": 100.0,
      "gate": 1
    },
    "32": {
      "U_H0": 0.7041666666666667,
      "U_H1": 0.67178125,
      "U_H1W": 0.67178125,
      "U_H2": 0.70496875,
      "U_H3": 0.7051354166666666,
      "U_H4": 0.70496875,
      "dU_center": 0.033187500000000036,
      "dU_MAP_frozen": 0.0008020833333333144,
      "dU_gate_frozen": 0.0008020833333333144,
      "dU_gate_map": 0.0,
      "dU_init_bacc": 0.0,
      "U_H2_minus_H3": -0.0001666666666665373,
      "tau0": 10.0,
      "taus": 100.0,
      "gate": 1
    },
    "Full": {
      "U_H0": 0.7041666666666667,
      "U_H1": 0.6802083333333332,
      "U_H1W": 0.6802083333333332,
      "U_H2": 0.7098958333333334,
      "U_H3": 0.7067708333333333,
      "U_H4": 0.7098958333333334,
      "dU_center": 0.0296875000000002,
      "dU_MAP_frozen": 0.005729166666666674,
      "dU_gate_frozen": 0.005729166666666674,
      "dU_gate_map": 0.0,
      "dU_init_bacc": 0.0,
      "U_H2_minus_H3": 0.0031250000000000444,
      "tau0": 10.0,
      "taus": 100.0,
      "gate": 1
    }
  },
  "specificity": {
    "status": "ok",
    "rank": 8,
    "n_matched": 50,
    "n_tried": 83,
    "informed_srcval": 0.5998648648648649,
    "dGh_specific": {
      "ridge_k1": {
        "informed": -0.12264583333333329,
        "random_mean": -0.08667770833333334,
        "specific": -0.03596812499999995
      },
      "map_k1": {
        "informed": -0.0021666666666666236,
        "random_mean": -9.104166666666696e-05,
        "specific": -0.002075624999999957
      },
      "ridge_k8": {
        "informed": -0.06980208333333329,
        "random_mean": -0.036953125,
        "specific": -0.03284895833333329
      },
      "map_k8": {
        "informed": -0.007385416666666617,
        "random_mean": 0.004356874999999997,
        "specific": -0.011742291666666614
      },
      "ridge_kFull": {
        "informed": 0.0031250000000000444,
        "random_mean": 0.01765625,
        "specific": -0.014531249999999954
      },
      "map_kFull": {
        "informed": 0.010937500000000044,
        "random_mean": 0.020572916666666677,
        "specific": -0.009635416666666632
      }
    }
  },
  "headroom": {
    "frozen_query_bacc": 0.7041666666666667,
    "frozen_query_nll": 0.5679966475985294,
    "fullcal_query_bacc": 0.6651041666666666,
    "fullcal_gain": -0.03906250000000011,
    "angle_Ws_Wt_deg": 45.08169304127469,
    "bias_displacement": 0.011831196545871347,
    "direction_displacement": 1.8173376856911096,
    "cal_cov_condition": 9.310653009134873,
    "class_prior_shift": 0.0,
    "cal_query_mean_drift": 0.6942318288365393
  },
  "tau0": {
    "1": 10.0,
    "2": 10.0,
    "4": 10.0,
    "8": 10.0,
    "16": 10.0,
    "32": 10.0,
    "Full": 10.0
  },
  "taus": {
    "1": 10.0,
    "2": 10.0,
    "4": 100.0,
    "8": 10.0,
    "16": 100.0,
    "32": 100.0,
    "Full": 100.0
  },
  "gate": {
    "1": 1,
    "2": 0,
    "4": 1,
    "8": 1,
    "16": 1,
    "32": 1,
    "Full": 1
  },
  "firewall": {
    "source_only_construction": true,
    "tau_source_only": true,
    "gate_source_only": true,
    "Ycal_used_for_head_adapt": true,
    "Yquery_used_for_selection": false,
    "Yquery_used_for_outcome": true
  }
}