{
  "dataset": "BNCI2015_001",
  "subject": "8",
  "seed": 1,
  "status": "ok",
  "C": 2,
  "n_cal": 200,
  "n_query": 400,
  "cal_session": [
    "0A"
  ],
  "query_sessions": [
    "1B",
    "2C"
  ],
  "n_draws": 50,
  "n_tau_draws": 10,
  "init_param_diff": 5.310490338545299e-05,
  "endpoints": {
    "1": {
      "U_H0": 0.5575000000000001,
      "U_H1": 0.49485,
      "U_H1W": 0.49485,
      "U_H2": 0.55445,
      "U_H3": 0.5501499999999999,
      "U_H4": 0.55445,
      "dU_center": 0.059599999999999986,
      "dU_MAP_frozen": -0.003050000000000108,
      "dU_gate_frozen": -0.003050000000000108,
      "dU_gate_map": 0.0,
      "dU_init_bacc": 0.0,
      "U_H2_minus_H3": 0.0043000000000000815,
      "tau0": 1.0,
      "taus": 10.0,
      "gate": 1
    },
    "2": {
      "U_H0": 0.5575000000000001,
      "U_H1": 0.5042,
      "U_H1W": 0.5042,
      "U_H2": 0.55855,
      "U_H3": 0.5491,
      "U_H4": 0.55855,
      "dU_center": 0.05435000000000001,
      "dU_MAP_frozen": 0.0010499999999998844,
      "dU_gate_frozen": 0.0010499999999998844,
      "dU_gate_map": 0.0,
      "dU_init_bacc": 0.0,
      "U_H2_minus_H3": 0.009449999999999958,
      "tau0": 1.0,
      "taus": 10.0,
      "gate": 1
    },
    "4": {
      "U_H0": 0.5575000000000001,
      "U_H1": 0.5056,
      "U_H1W": 0.5056,
      "U_H2": 0.56055,
      "U_H3": 0.5707,
      "U_H4": 0.56055,
      "dU_center": 0.05494999999999994,
      "dU_MAP_frozen": 0.003049999999999886,
      "dU_gate_frozen": 0.003049999999999886,
      "dU_gate_map": 0.0,
      "dU_init_bacc": 0.0,
      "U_H2_minus_H3": -0.010149999999999992,
      "tau0": 1.0,
      "taus": 10.0,
      "gate": 1
    },
    "8": {
      "U_H0": 0.5575000000000001,
      "U_H1": 0.50885,
      "U_H1W": 0.5089,
      "U_H2": 0.5647,
      "U_H3": 0.5859,
      "U_H4": 0.5647,
      "dU_center": 0.055849999999999955,
      "dU_MAP_frozen": 0.007199999999999873,
      "dU_gate_frozen": 0.007199999999999873,
      "dU_gate_map": 0.0,
      "dU_init_bacc": 4.999999999999449e-05,
      "U_H2_minus_H3": -0.021199999999999997,
      "tau0": 1.0,
      "taus": 10.0,
      "gate": 1
    },
    "16": {
      "U_H0": 0.5575000000000001,
      "U_H1": 0.5277000000000001,
      "U_H1W": 0.5277499999999999,
      "U_H2": 0.5731499999999999,
      "U_H3": 0.58845,
      "U_H4": 0.5731499999999999,
      "dU_center": 0.04544999999999988,
      "dU_MAP_frozen": 0.01564999999999983,
      "dU_gate_frozen": 0.01564999999999983,
      "dU_gate_map": 0.0,
      "dU_init_bacc": 4.999999999988347e-05,
      "U_H2_minus_H3": -0.015300000000000091,
      "tau0": 1.0,
      "taus": 10.0,
      "gate": 1
    },
    "32": {
      "U_H0": 0.5575000000000001,
      "U_H1": 0.5521,
      "U_H1W": 0.5521,
      "U_H2": 0.5791499999999999,
      "U_H3": 0.5914499999999999,
      "U_H4": 0.5791499999999999,
      "dU_center": 0.027049999999999907,
      "dU_MAP_frozen": 0.021649999999999836,
      "dU_gate_frozen": 0.021649999999999836,
      "dU_gate_map": 0.0,
      "dU_init_bacc": 0.0,
      "U_H2_minus_H3": -0.012299999999999978,
      "tau0": 1.0,
      "taus": 10.0,
      "gate": 1
    },
    "Full": {
      "U_H0": 0.5575,
      "U_H1": 0.5875,
      "U_H1W": 0.5875,
      "U_H2": 0.605,
      "U_H3": 0.5874999999999999,
      "U_H4": 0.605,
      "dU_center": 0.01749999999999996,
      "dU_MAP_frozen": 0.04749999999999999,
      "dU_gate_frozen": 0.04749999999999999,
      "dU_gate_map": 0.0,
      "dU_init_bacc": 0.0,
      "U_H2_minus_H3": 0.01750000000000007,
      "tau0": 1.0,
      "taus": 10.0,
      "gate": 1
    }
  },
  "specificity": {
    "status": "ok",
    "rank": 8,
    "n_matched": 50,
    "n_tried": 176,
    "informed_srcval": 0.72,
    "dGh_specific": {
      "ridge_k1": {
        "informed": -0.12644999999999995,
        "random_mean": -0.04068900000000001,
        "specific": -0.08576099999999995
      },
      "map_k1": {
        "informed": -0.014799999999999956,
        "random_mean": -0.002099000000000007,
        "specific": -0.012700999999999948
      },
      "ridge_k8": {
        "informed": -0.11629999999999992,
        "random_mean": -0.034212000000000006,
        "specific": -0.08208799999999991
      },
      "map_k8": {
        "informed": -0.04224999999999993,
        "random_mean": -0.006002000000000005,
        "specific": -0.036247999999999926
      },
      "ridge_kFull": {
        "informed": -0.03749999999999998,
        "random_mean": -0.0062500000000000056,
        "specific": -0.031249999999999972
      },
      "map_kFull": {
        "informed": -0.05249999999999988,
        "random_mean": 0.006949999999999991,
        "specific": -0.05944999999999987
      }
    }
  },
  "headroom": {
    "frozen_query_bacc": 0.5575,
    "frozen_query_nll": 0.9199290781988467,
    "fullcal_query_bacc": 0.585,
    "fullcal_gain": 0.02749999999999997,
    "angle_Ws_Wt_deg": 28.056369995214585,
    "bias_displacement": 1.318105029157334,
    "direction_displacement": 1.1470421844406282,
    "cal_cov_condition": 14.482120924930785,
    "class_prior_shift": 0.0,
    "cal_query_mean_drift": 0.898753064813823
  },
  "tau0": {
    "1": 1.0,
    "2": 1.0,
    "4": 1.0,
    "8": 1.0,
    "16": 1.0,
    "32": 1.0,
    "Full": 1.0
  },
  "taus": {
    "1": 10.0,
    "2": 10.0,
    "4": 10.0,
    "8": 10.0,
    "16": 10.0,
    "32": 10.0,
    "Full": 10.0
  },
  "gate": {
    "1": 1,
    "2": 1,
    "4": 1,
    "8": 1,
    "16": 1,
    "32": 1,
    "Full": 1
  },
  "firewall": {
    "source_only_construction": true,
    "tau_source_only": true,
    "gate_source_only": true,
    "Ycal_used_for_head_adapt": true,
    "Yquery_used_for_selection": false,
    "Yquery_used_for_outcome": true
  }
}