{
  "dataset": "Lee2019_MI",
  "subject": "2",
  "seed": 1,
  "status": "ok",
  "C": 2,
  "n_cal": 100,
  "n_query": 100,
  "cal_session": [
    "0"
  ],
  "query_sessions": [
    "1"
  ],
  "n_draws": 50,
  "n_tau_draws": 10,
  "init_param_diff": 9.931620772330152e-06,
  "endpoints": {
    "1": {
      "U_H0": 0.6700000000000002,
      "U_H1": 0.5136,
      "U_H1W": 0.5136,
      "U_H2": 0.6700000000000002,
      "U_H3": 0.625,
      "U_H4": 0.6700000000000002,
      "dU_center": 0.1564000000000002,
      "dU_MAP_frozen": 0.0,
      "dU_gate_frozen": 0.0,
      "dU_gate_map": 0.0,
      "dU_init_bacc": 0.0,
      "U_H2_minus_H3": 0.04500000000000015,
      "tau0": 10.0,
      "taus": 100.0,
      "gate": 1
    },
    "2": {
      "U_H0": 0.6700000000000002,
      "U_H1": 0.5158,
      "U_H1W": 0.5158,
      "U_H2": 0.6700000000000002,
      "U_H3": 0.6176,
      "U_H4": 0.6700000000000002,
      "dU_center": 0.15420000000000011,
      "dU_MAP_frozen": 0.0,
      "dU_gate_frozen": 0.0,
      "dU_gate_map": 0.0,
      "dU_init_bacc": 0.0,
      "U_H2_minus_H3": 0.05240000000000011,
      "tau0": 10.0,
      "taus": 100.0,
      "gate": 0
    },
    "4": {
      "U_H0": 0.6700000000000002,
      "U_H1": 0.5088,
      "U_H1W": 0.5088,
      "U_H2": 0.6706,
      "U_H3": 0.6368,
      "U_H4": 0.6700000000000002,
      "dU_center": 0.16179999999999994,
      "dU_MAP_frozen": 0.0005999999999998229,
      "dU_gate_frozen": 0.0,
      "dU_gate_map": -0.0005999999999998229,
      "dU_init_bacc": 0.0,
      "U_H2_minus_H3": 0.03379999999999994,
      "tau0": 10.0,
      "taus": 100.0,
      "gate": 0
    },
    "8": {
      "U_H0": 0.6700000000000002,
      "U_H1": 0.5319999999999999,
      "U_H1W": 0.5319999999999999,
      "U_H2": 0.6662,
      "U_H3": 0.6508000000000002,
      "U_H4": 0.6700000000000002,
      "dU_center": 0.1342000000000001,
      "dU_MAP_frozen": -0.0038000000000001366,
      "dU_gate_frozen": 0.0,
      "dU_gate_map": 0.0038000000000001366,
      "dU_init_bacc": 0.0,
      "U_H2_minus_H3": 0.015399999999999858,
      "tau0": 10.0,
      "taus": 100.0,
      "gate": 0
    },
    "16": {
      "U_H0": 0.6700000000000002,
      "U_H1": 0.5288,
      "U_H1W": 0.5288,
      "U_H2": 0.6592,
      "U_H3": 0.6560000000000001,
      "U_H4": 0.6592,
      "dU_center": 0.13039999999999996,
      "dU_MAP_frozen": -0.010800000000000143,
      "dU_gate_frozen": -0.010800000000000143,
      "dU_gate_map": 0.0,
      "dU_init_bacc": 0.0,
      "U_H2_minus_H3": 0.0031999999999998696,
      "tau0": 10.0,
      "taus": 100.0,
      "gate": 1
    },
    "32": {
      "U_H0": 0.6700000000000002,
      "U_H1": 0.5456000000000001,
      "U_H1W": 0.5456000000000001,
      "U_H2": 0.6516,
      "U_H3": 0.6633999999999999,
      "U_H4": 0.6700000000000002,
      "dU_center": 0.10599999999999987,
      "dU_MAP_frozen": -0.018400000000000194,
      "dU_gate_frozen": 0.0,
      "dU_gate_map": 0.018400000000000194,
      "dU_init_bacc": 0.0,
      "U_H2_minus_H3": -0.011799999999999922,
      "tau0": 10.0,
      "taus": 100.0,
      "gate": 0
    },
    "Full": {
      "U_H0": 0.67,
      "U_H1": 0.56,
      "U_H1W": 0.56,
      "U_H2": 0.65,
      "U_H3": 0.67,
      "U_H4": 0.67,
      "dU_center": 0.08999999999999997,
      "dU_MAP_frozen": -0.020000000000000018,
      "dU_gate_frozen": 0.0,
      "dU_gate_map": 0.020000000000000018,
      "dU_init_bacc": 0.0,
      "U_H2_minus_H3": -0.020000000000000018,
      "tau0": 1.0,
      "taus": 100.0,
      "gate": 0
    }
  },
  "specificity": {
    "status": "ok",
    "rank": 8,
    "n_matched": 50,
    "n_tried": 240,
    "informed_srcval": 0.646,
    "dGh_specific": {
      "ridge_k1": {
        "informed": -0.004799999999999999,
        "random_mean": -0.052220000000000016,
        "specific": 0.04742000000000002
      },
      "map_k1": {
        "informed": -0.004800000000000004,
        "random_mean": 7.600000000000135e-05,
        "specific": -0.004876000000000005
      },
      "ridge_k8": {
        "informed": 0.006799999999999998,
        "random_mean": -0.041791999999999996,
        "specific": 0.048591999999999996
      },
      "map_k8": {
        "informed": -0.02100000000000002,
        "random_mean": -0.0015919999999999988,
        "specific": -0.01940800000000002
      },
      "ridge_kFull": {
        "informed": 0.05999999999999994,
        "random_mean": -0.0354,
        "specific": 0.09539999999999994
      },
      "map_kFull": {
        "informed": -0.010000000000000009,
        "random_mean": -0.0025999999999999977,
        "specific": -0.007400000000000011
      }
    }
  },
  "headroom": {
    "frozen_query_bacc": 0.67,
    "frozen_query_nll": 0.6537942907328994,
    "fullcal_query_bacc": 0.5700000000000001,
    "fullcal_gain": -0.09999999999999998,
    "angle_Ws_Wt_deg": 45.90215870931695,
    "bias_displacement": 0.016259608168157188,
    "direction_displacement": 1.4918200666411827,
    "cal_cov_condition": 23.0391970499505,
    "class_prior_shift": 0.0,
    "cal_query_mean_drift": 2.6907005914299575
  },
  "tau0": {
    "1": 10.0,
    "2": 10.0,
    "4": 10.0,
    "8": 10.0,
    "16": 10.0,
    "32": 10.0,
    "Full": 1.0
  },
  "taus": {
    "1": 100.0,
    "2": 100.0,
    "4": 100.0,
    "8": 100.0,
    "16": 100.0,
    "32": 100.0,
    "Full": 100.0
  },
  "gate": {
    "1": 1,
    "2": 0,
    "4": 0,
    "8": 0,
    "16": 1,
    "32": 0,
    "Full": 0
  },
  "firewall": {
    "source_only_construction": true,
    "tau_source_only": true,
    "gate_source_only": true,
    "Ycal_used_for_head_adapt": true,
    "Yquery_used_for_selection": false,
    "Yquery_used_for_outcome": true
  }
}