{
  "dataset": "BNCI2014_001",
  "subject": "8",
  "seed": 0,
  "status": "ok",
  "C": 4,
  "n_cal": 288,
  "n_query": 288,
  "cal_session": [
    "0train"
  ],
  "query_sessions": [
    "1test"
  ],
  "n_draws": 50,
  "n_tau_draws": 10,
  "init_param_diff": 0.0002607309110012484,
  "endpoints": {
    "1": {
      "U_H0": 0.6284722222222222,
      "U_H1": 0.38812499999999994,
      "U_H1W": 0.3880555555555555,
      "U_H2": 0.637986111111111,
      "U_H3": 0.5924305555555556,
      "U_H4": 0.6284722222222222,
      "dU_center": 0.2498611111111111,
      "dU_MAP_frozen": 0.009513888888888822,
      "dU_gate_frozen": 0.0,
      "dU_gate_map": -0.009513888888888822,
      "dU_init_bacc": -6.94444444444553e-05,
      "U_H2_minus_H3": 0.04555555555555546,
      "tau0": 1.0,
      "taus": 10.0,
      "gate": 0
    },
    "2": {
      "U_H0": 0.6284722222222222,
      "U_H1": 0.44145833333333334,
      "U_H1W": 0.44145833333333334,
      "U_H2": 0.6477777777777777,
      "U_H3": 0.6117361111111111,
      "U_H4": 0.6477777777777777,
      "dU_center": 0.20631944444444433,
      "dU_MAP_frozen": 0.019305555555555465,
      "dU_gate_frozen": 0.019305555555555465,
      "dU_gate_map": 0.0,
      "dU_init_bacc": 0.0,
      "U_H2_minus_H3": 0.03604166666666653,
      "tau0": 1.0,
      "taus": 10.0,
      "gate": 1
    },
    "4": {
      "U_H0": 0.6284722222222222,
      "U_H1": 0.47777777777777786,
      "U_H1W": 0.47777777777777786,
      "U_H2": 0.64375,
      "U_H3": 0.6324305555555556,
      "U_H4": 0.64375,
      "dU_center": 0.1659722222222222,
      "dU_MAP_frozen": 0.015277777777777835,
      "dU_gate_frozen": 0.015277777777777835,
      "dU_gate_map": 0.0,
      "dU_init_bacc": 0.0,
      "U_H2_minus_H3": 0.011319444444444438,
      "tau0": 1.0,
      "taus": 10.0,
      "gate": 1
    },
    "8": {
      "U_H0": 0.6284722222222222,
      "U_H1": 0.5458333333333334,
      "U_H1W": 0.5458333333333334,
      "U_H2": 0.6531250000000002,
      "U_H3": 0.6381944444444444,
      "U_H4": 0.6531250000000002,
      "dU_center": 0.10729166666666679,
      "dU_MAP_frozen": 0.024652777777777968,
      "dU_gate_frozen": 0.024652777777777968,
      "dU_gate_map": 0.0,
      "dU_init_bacc": 0.0,
      "U_H2_minus_H3": 0.01493055555555578,
      "tau0": 1.0,
      "taus": 10.0,
      "gate": 1
    },
    "16": {
      "U_H0": 0.6284722222222222,
      "U_H1": 0.5983333333333334,
      "U_H1W": 0.5983333333333334,
      "U_H2": 0.663125,
      "U_H3": 0.6449305555555556,
      "U_H4": 0.663125,
      "dU_center": 0.06479166666666658,
      "dU_MAP_frozen": 0.034652777777777755,
      "dU_gate_frozen": 0.034652777777777755,
      "dU_gate_map": 0.0,
      "dU_init_bacc": 0.0,
      "U_H2_minus_H3": 0.018194444444444402,
      "tau0": 1.0,
      "taus": 10.0,
      "gate": 1
    },
    "32": {
      "U_H0": 0.6284722222222222,
      "U_H1": 0.6588194444444444,
      "U_H1W": 0.6588194444444444,
      "U_H2": 0.6784722222222221,
      "U_H3": 0.6433333333333333,
      "U_H4": 0.6784722222222221,
      "dU_center": 0.01965277777777774,
      "dU_MAP_frozen": 0.04999999999999993,
      "dU_gate_frozen": 0.04999999999999993,
      "dU_gate_map": 0.0,
      "dU_init_bacc": 0.0,
      "U_H2_minus_H3": 0.03513888888888883,
      "tau0": 1.0,
      "taus": 10.0,
      "gate": 1
    },
    "Full": {
      "U_H0": 0.6284722222222222,
      "U_H1": 0.7152777777777777,
      "U_H1W": 0.7152777777777777,
      "U_H2": 0.7152777777777778,
      "U_H3": 0.6388888888888888,
      "U_H4": 0.7152777777777778,
      "dU_center": 1.1102230246251565e-16,
      "dU_MAP_frozen": 0.08680555555555558,
      "dU_gate_frozen": 0.08680555555555558,
      "dU_gate_map": 0.0,
      "dU_init_bacc": 0.0,
      "U_H2_minus_H3": 0.07638888888888895,
      "tau0": 1.0,
      "taus": 10.0,
      "gate": 1
    }
  },
  "specificity": {
    "status": "ok",
    "rank": 8,
    "n_matched": 50,
    "n_tried": 222,
    "informed_srcval": 0.49201388888888886,
    "dGh_specific": {
      "ridge_k1": {
        "informed": -0.12965277777777776,
        "random_mean": -0.11049583333333332,
        "specific": -0.019156944444444435
      },
      "map_k1": {
        "informed": 0.018750000000000024,
        "random_mean": 0.016959722222222223,
        "specific": 0.0017902777777778003
      },
      "ridge_k8": {
        "informed": -0.011111111111111098,
        "random_mean": 0.0072916666666666685,
        "specific": -0.018402777777777768
      },
      "map_k8": {
        "informed": 0.059791666666666694,
        "random_mean": 0.0541263888888889,
        "specific": 0.005665277777777797
      },
      "ridge_kFull": {
        "informed": 0.06597222222222221,
        "random_mean": 0.09729166666666667,
        "specific": -0.031319444444444455
      },
      "map_kFull": {
        "informed": 0.04861111111111116,
        "random_mean": 0.0963888888888889,
        "specific": -0.04777777777777774
      }
    }
  },
  "headroom": {
    "frozen_query_bacc": 0.6284722222222222,
    "frozen_query_nll": 0.9890983641176483,
    "fullcal_query_bacc": 0.704861111111111,
    "fullcal_gain": 0.07638888888888884,
    "angle_Ws_Wt_deg": 53.83233835337667,
    "bias_displacement": 5.256704966385985,
    "direction_displacement": 4.311756503627381,
    "cal_cov_condition": 33.75428595866637,
    "class_prior_shift": 0.0,
    "cal_query_mean_drift": 0.73027201698168
  },
  "tau0": {
    "1": 1.0,
    "2": 1.0,
    "4": 1.0,
    "8": 1.0,
    "16": 1.0,
    "32": 1.0,
    "Full": 1.0
  },
  "taus": {
    "1": 10.0,
    "2": 10.0,
    "4": 10.0,
    "8": 10.0,
    "16": 10.0,
    "32": 10.0,
    "Full": 10.0
  },
  "gate": {
    "1": 0,
    "2": 1,
    "4": 1,
    "8": 1,
    "16": 1,
    "32": 1,
    "Full": 1
  },
  "firewall": {
    "source_only_construction": true,
    "tau_source_only": true,
    "gate_source_only": true,
    "Ycal_used_for_head_adapt": true,
    "Yquery_used_for_selection": false,
    "Yquery_used_for_outcome": true
  }
}