{
  "dataset": "BNCI2014_001",
  "subject": "8",
  "seed": 1,
  "status": "ok",
  "C": 4,
  "n_cal": 288,
  "n_query": 288,
  "cal_session": [
    "0train"
  ],
  "query_sessions": [
    "1test"
  ],
  "n_draws": 50,
  "n_tau_draws": 10,
  "init_param_diff": 0.00023455211762489164,
  "endpoints": {
    "1": {
      "U_H0": 0.5416666666666669,
      "U_H1": 0.41694444444444445,
      "U_H1W": 0.416875,
      "U_H2": 0.5622222222222222,
      "U_H3": 0.5468055555555555,
      "U_H4": 0.5622222222222222,
      "dU_center": 0.14527777777777773,
      "dU_MAP_frozen": 0.020555555555555327,
      "dU_gate_frozen": 0.020555555555555327,
      "dU_gate_map": 0.0,
      "dU_init_bacc": -6.94444444444553e-05,
      "U_H2_minus_H3": 0.015416666666666634,
      "tau0": 1.0,
      "taus": 10.0,
      "gate": 1
    },
    "2": {
      "U_H0": 0.5416666666666669,
      "U_H1": 0.4554861111111112,
      "U_H1W": 0.4554861111111112,
      "U_H2": 0.5715277777777779,
      "U_H3": 0.5768055555555556,
      "U_H4": 0.5715277777777779,
      "dU_center": 0.11604166666666665,
      "dU_MAP_frozen": 0.029861111111111005,
      "dU_gate_frozen": 0.029861111111111005,
      "dU_gate_map": 0.0,
      "dU_init_bacc": 0.0,
      "U_H2_minus_H3": -0.005277777777777715,
      "tau0": 1.0,
      "taus": 10.0,
      "gate": 1
    },
    "4": {
      "U_H0": 0.5416666666666669,
      "U_H1": 0.5111805555555555,
      "U_H1W": 0.5111805555555555,
      "U_H2": 0.5800694444444444,
      "U_H3": 0.5986111111111111,
      "U_H4": 0.5800694444444444,
      "dU_center": 0.06888888888888889,
      "dU_MAP_frozen": 0.038402777777777564,
      "dU_gate_frozen": 0.038402777777777564,
      "dU_gate_map": 0.0,
      "dU_init_bacc": 0.0,
      "U_H2_minus_H3": -0.01854166666666668,
      "tau0": 1.0,
      "taus": 10.0,
      "gate": 1
    },
    "8": {
      "U_H0": 0.5416666666666669,
      "U_H1": 0.5643055555555555,
      "U_H1W": 0.5643055555555555,
      "U_H2": 0.5865972222222223,
      "U_H3": 0.6000694444444445,
      "U_H4": 0.5865972222222223,
      "dU_center": 0.02229166666666682,
      "dU_MAP_frozen": 0.044930555555555474,
      "dU_gate_frozen": 0.044930555555555474,
      "dU_gate_map": 0.0,
      "dU_init_bacc": 0.0,
      "U_H2_minus_H3": -0.013472222222222219,
      "tau0": 1.0,
      "taus": 10.0,
      "gate": 1
    },
    "16": {
      "U_H0": 0.5416666666666669,
      "U_H1": 0.6198611111111112,
      "U_H1W": 0.6198611111111112,
      "U_H2": 0.61,
      "U_H3": 0.6070833333333333,
      "U_H4": 0.61,
      "dU_center": -0.00986111111111121,
      "dU_MAP_frozen": 0.06833333333333313,
      "dU_gate_frozen": 0.06833333333333313,
      "dU_gate_map": 0.0,
      "dU_init_bacc": 0.0,
      "U_H2_minus_H3": 0.0029166666666666785,
      "tau0": 1.0,
      "taus": 10.0,
      "gate": 1
    },
    "32": {
      "U_H0": 0.5416666666666669,
      "U_H1": 0.6654861111111111,
      "U_H1W": 0.6653472222222223,
      "U_H2": 0.6277083333333333,
      "U_H3": 0.6108333333333333,
      "U_H4": 0.6277083333333333,
      "dU_center": -0.0377777777777778,
      "dU_MAP_frozen": 0.08604166666666646,
      "dU_gate_frozen": 0.08604166666666646,
      "dU_gate_map": 0.0,
      "dU_init_bacc": -0.00013888888888879958,
      "U_H2_minus_H3": 0.016874999999999973,
      "tau0": 1.0,
      "taus": 10.0,
      "gate": 1
    },
    "Full": {
      "U_H0": 0.5416666666666667,
      "U_H1": 0.7222222222222221,
      "U_H1W": 0.7222222222222221,
      "U_H2": 0.6527777777777778,
      "U_H3": 0.625,
      "U_H4": 0.6527777777777778,
      "dU_center": -0.06944444444444431,
      "dU_MAP_frozen": 0.11111111111111105,
      "dU_gate_frozen": 0.11111111111111105,
      "dU_gate_map": 0.0,
      "dU_init_bacc": 0.0,
      "U_H2_minus_H3": 0.02777777777777779,
      "tau0": 1.0,
      "taus": 10.0,
      "gate": 1
    }
  },
  "specificity": {
    "status": "ok",
    "rank": 8,
    "n_matched": 50,
    "n_tried": 94,
    "informed_srcval": 0.40972222222222215,
    "dGh_specific": {
      "ridge_k1": {
        "informed": -0.05909722222222224,
        "random_mean": -0.05996666666666667,
        "specific": 0.0008694444444444296
      },
      "map_k1": {
        "informed": 0.016111111111111097,
        "random_mean": 0.0155375,
        "specific": 0.0005736111111110977
      },
      "ridge_k8": {
        "informed": 0.004652777777777761,
        "random_mean": 0.05355972222222223,
        "specific": -0.04890694444444447
      },
      "map_k8": {
        "informed": 0.04958333333333332,
        "random_mean": 0.0624638888888889,
        "specific": -0.012880555555555583
      },
      "ridge_kFull": {
        "informed": 0.07986111111111105,
        "random_mean": 0.15520833333333334,
        "specific": -0.07534722222222229
      },
      "map_kFull": {
        "informed": 0.13541666666666663,
        "random_mean": 0.13902777777777778,
        "specific": -0.0036111111111111482
      }
    }
  },
  "headroom": {
    "frozen_query_bacc": 0.5416666666666667,
    "frozen_query_nll": 1.1006077749535,
    "fullcal_query_bacc": 0.7222222222222223,
    "fullcal_gain": 0.18055555555555558,
    "angle_Ws_Wt_deg": 46.366571927452405,
    "bias_displacement": 5.80291228406693,
    "direction_displacement": 3.581047042646122,
    "cal_cov_condition": 29.20100709186314,
    "class_prior_shift": 0.0,
    "cal_query_mean_drift": 1.0112819110782887
  },
  "tau0": {
    "1": 1.0,
    "2": 1.0,
    "4": 1.0,
    "8": 1.0,
    "16": 1.0,
    "32": 1.0,
    "Full": 1.0
  },
  "taus": {
    "1": 10.0,
    "2": 10.0,
    "4": 10.0,
    "8": 10.0,
    "16": 10.0,
    "32": 10.0,
    "Full": 10.0
  },
  "gate": {
    "1": 1,
    "2": 1,
    "4": 1,
    "8": 1,
    "16": 1,
    "32": 1,
    "Full": 1
  },
  "firewall": {
    "source_only_construction": true,
    "tau_source_only": true,
    "gate_source_only": true,
    "Ycal_used_for_head_adapt": true,
    "Yquery_used_for_selection": false,
    "Yquery_used_for_outcome": true
  }
}