{
  "dataset": "Lee2019_MI",
  "subject": "11",
  "seed": 0,
  "status": "ok",
  "C": 2,
  "n_cal": 100,
  "n_query": 100,
  "cal_session": [
    "0"
  ],
  "query_sessions": [
    "1"
  ],
  "n_draws": 50,
  "n_tau_draws": 10,
  "init_param_diff": 7.5035599145787985e-06,
  "endpoints": {
    "1": {
      "U_H0": 0.48,
      "U_H1": 0.4998,
      "U_H1W": 0.4998,
      "U_H2": 0.4838,
      "U_H3": 0.5134,
      "U_H4": 0.48,
      "dU_center": -0.016000000000000014,
      "dU_MAP_frozen": 0.0038000000000000256,
      "dU_gate_frozen": 0.0,
      "dU_gate_map": -0.0038000000000000256,
      "dU_init_bacc": 0.0,
      "U_H2_minus_H3": -0.02959999999999996,
      "tau0": 10.0,
      "taus": 100.0,
      "gate": 0
    },
    "2": {
      "U_H0": 0.48,
      "U_H1": 0.49440000000000006,
      "U_H1W": 0.49440000000000006,
      "U_H2": 0.48840000000000006,
      "U_H3": 0.5226000000000001,
      "U_H4": 0.48,
      "dU_center": -0.006000000000000005,
      "dU_MAP_frozen": 0.008400000000000074,
      "dU_gate_frozen": 0.0,
      "dU_gate_map": -0.008400000000000074,
      "dU_init_bacc": 0.0,
      "U_H2_minus_H3": -0.03420000000000001,
      "tau0": 10.0,
      "taus": 100.0,
      "gate": 0
    },
    "4": {
      "U_H0": 0.48,
      "U_H1": 0.5046,
      "U_H1W": 0.5046,
      "U_H2": 0.4938,
      "U_H3": 0.531,
      "U_H4": 0.48,
      "dU_center": -0.010800000000000032,
      "dU_MAP_frozen": 0.013800000000000034,
      "dU_gate_frozen": 0.0,
      "dU_gate_map": -0.013800000000000034,
      "dU_init_bacc": 0.0,
      "U_H2_minus_H3": -0.03720000000000001,
      "tau0": 10.0,
      "taus": 100.0,
      "gate": 0
    },
    "8": {
      "U_H0": 0.48,
      "U_H1": 0.4988,
      "U_H1W": 0.4988,
      "U_H2": 0.49479999999999996,
      "U_H3": 0.5412,
      "U_H4": 0.49479999999999996,
      "dU_center": -0.004000000000000059,
      "dU_MAP_frozen": 0.01479999999999998,
      "dU_gate_frozen": 0.01479999999999998,
      "dU_gate_map": 0.0,
      "dU_init_bacc": 0.0,
      "U_H2_minus_H3": -0.04640000000000005,
      "tau0": 10.0,
      "taus": 100.0,
      "gate": 1
    },
    "16": {
      "U_H0": 0.48,
      "U_H1": 0.5188,
      "U_H1W": 0.5188,
      "U_H2": 0.5058,
      "U_H3": 0.5429999999999999,
      "U_H4": 0.5058,
      "dU_center": -0.013000000000000012,
      "dU_MAP_frozen": 0.025800000000000045,
      "dU_gate_frozen": 0.025800000000000045,
      "dU_gate_map": 0.0,
      "dU_init_bacc": 0.0,
      "U_H2_minus_H3": -0.0371999999999999,
      "tau0": 10.0,
      "taus": 100.0,
      "gate": 1
    },
    "32": {
      "U_H0": 0.48,
      "U_H1": 0.5216000000000001,
      "U_H1W": 0.5216000000000001,
      "U_H2": 0.533,
      "U_H3": 0.5486,
      "U_H4": 0.533,
      "dU_center": 0.011399999999999966,
      "dU_MAP_frozen": 0.05300000000000005,
      "dU_gate_frozen": 0.05300000000000005,
      "dU_gate_map": 0.0,
      "dU_init_bacc": 0.0,
      "U_H2_minus_H3": -0.015599999999999947,
      "tau0": 10.0,
      "taus": 100.0,
      "gate": 1
    },
    "Full": {
      "U_H0": 0.48,
      "U_H1": 0.49,
      "U_H1W": 0.49,
      "U_H2": 0.5700000000000001,
      "U_H3": 0.53,
      "U_H4": 0.5700000000000001,
      "dU_center": 0.08000000000000007,
      "dU_MAP_frozen": 0.09000000000000008,
      "dU_gate_frozen": 0.09000000000000008,
      "dU_gate_map": 0.0,
      "dU_init_bacc": 0.0,
      "U_H2_minus_H3": 0.040000000000000036,
      "tau0": 1.0,
      "taus": 100.0,
      "gate": 1
    }
  },
  "specificity": {
    "status": "ok",
    "rank": 8,
    "n_matched": 50,
    "n_tried": 192,
    "informed_srcval": 0.659,
    "dGh_specific": {
      "ridge_k1": {
        "informed": -0.062200000000000026,
        "random_mean": -0.00028400000000000316,
        "specific": -0.06191600000000002
      },
      "map_k1": {
        "informed": -0.007600000000000007,
        "random_mean": 0.0007759999999999996,
        "specific": -0.008376000000000007
      },
      "ridge_k8": {
        "informed": -0.058400000000000035,
        "random_mean": 0.0049679999999999985,
        "specific": -0.06336800000000004
      },
      "map_k8": {
        "informed": -0.02360000000000002,
        "random_mean": 0.003303999999999999,
        "specific": -0.026904000000000018
      },
      "ridge_kFull": {
        "informed": -0.10000000000000003,
        "random_mean": 0.033400000000000006,
        "specific": -0.13340000000000005
      },
      "map_kFull": {
        "informed": -0.030000000000000027,
        "random_mean": 0.0064000000000000055,
        "specific": -0.03640000000000003
      }
    }
  },
  "headroom": {
    "frozen_query_bacc": 0.48,
    "frozen_query_nll": 0.810406011025364,
    "fullcal_query_bacc": 0.5,
    "fullcal_gain": 0.020000000000000018,
    "angle_Ws_Wt_deg": 65.42837136021228,
    "bias_displacement": 0.4935617014378588,
    "direction_displacement": 2.2115015220560736,
    "cal_cov_condition": 14.341138094167926,
    "class_prior_shift": 0.0,
    "cal_query_mean_drift": 1.2635592281915444
  },
  "tau0": {
    "1": 10.0,
    "2": 10.0,
    "4": 10.0,
    "8": 10.0,
    "16": 10.0,
    "32": 10.0,
    "Full": 1.0
  },
  "taus": {
    "1": 100.0,
    "2": 100.0,
    "4": 100.0,
    "8": 100.0,
    "16": 100.0,
    "32": 100.0,
    "Full": 100.0
  },
  "gate": {
    "1": 0,
    "2": 0,
    "4": 0,
    "8": 1,
    "16": 1,
    "32": 1,
    "Full": 1
  },
  "firewall": {
    "source_only_construction": true,
    "tau_source_only": true,
    "gate_source_only": true,
    "Ycal_used_for_head_adapt": true,
    "Yquery_used_for_selection": false,
    "Yquery_used_for_outcome": true
  }
}