{
  "dataset": "Lee2019_MI",
  "subject": "8",
  "seed": 1,
  "status": "ok",
  "C": 2,
  "n_cal": 100,
  "n_query": 100,
  "cal_session": [
    "0"
  ],
  "query_sessions": [
    "1"
  ],
  "n_draws": 50,
  "n_tau_draws": 10,
  "init_param_diff": 2.9142506722885362e-05,
  "endpoints": {
    "1": {
      "U_H0": 0.7599999999999999,
      "U_H1": 0.5972,
      "U_H1W": 0.5972,
      "U_H2": 0.7599999999999999,
      "U_H3": 0.6727999999999998,
      "U_H4": 0.7599999999999999,
      "dU_center": 0.16279999999999994,
      "dU_MAP_frozen": 0.0,
      "dU_gate_frozen": 0.0,
      "dU_gate_map": 0.0,
      "dU_init_bacc": 0.0,
      "U_H2_minus_H3": 0.08720000000000006,
      "tau0": 10.0,
      "taus": 100.0,
      "gate": 1
    },
    "2": {
      "U_H0": 0.7599999999999999,
      "U_H1": 0.5975999999999999,
      "U_H1W": 0.5975999999999999,
      "U_H2": 0.7593999999999999,
      "U_H3": 0.7158,
      "U_H4": 0.7593999999999999,
      "dU_center": 0.16179999999999994,
      "dU_MAP_frozen": -0.0006000000000000449,
      "dU_gate_frozen": -0.0006000000000000449,
      "dU_gate_map": 0.0,
      "dU_init_bacc": 0.0,
      "U_H2_minus_H3": 0.04359999999999986,
      "tau0": 10.0,
      "taus": 100.0,
      "gate": 1
    },
    "4": {
      "U_H0": 0.7599999999999999,
      "U_H1": 0.6348,
      "U_H1W": 0.6348,
      "U_H2": 0.7597999999999999,
      "U_H3": 0.7064,
      "U_H4": 0.7599999999999999,
      "dU_center": 0.12499999999999989,
      "dU_MAP_frozen": -0.00019999999999997797,
      "dU_gate_frozen": 0.0,
      "dU_gate_map": 0.00019999999999997797,
      "dU_init_bacc": 0.0,
      "U_H2_minus_H3": 0.05339999999999989,
      "tau0": 10.0,
      "taus": 100.0,
      "gate": 0
    },
    "8": {
      "U_H0": 0.7599999999999999,
      "U_H1": 0.6576,
      "U_H1W": 0.6576,
      "U_H2": 0.7602,
      "U_H3": 0.7361999999999999,
      "U_H4": 0.7599999999999999,
      "dU_center": 0.10260000000000002,
      "dU_MAP_frozen": 0.000200000000000089,
      "dU_gate_frozen": 0.0,
      "dU_gate_map": -0.000200000000000089,
      "dU_init_bacc": 0.0,
      "U_H2_minus_H3": 0.024000000000000132,
      "tau0": 10.0,
      "taus": 100.0,
      "gate": 0
    },
    "16": {
      "U_H0": 0.7599999999999999,
      "U_H1": 0.6698,
      "U_H1W": 0.6699999999999998,
      "U_H2": 0.7636,
      "U_H3": 0.7342,
      "U_H4": 0.7599999999999999,
      "dU_center": 0.0938,
      "dU_MAP_frozen": 0.0036000000000000476,
      "dU_gate_frozen": 0.0,
      "dU_gate_map": -0.0036000000000000476,
      "dU_init_bacc": 0.00019999999999986695,
      "U_H2_minus_H3": 0.02939999999999998,
      "tau0": 10.0,
      "taus": 100.0,
      "gate": 0
    },
    "32": {
      "U_H0": 0.7599999999999999,
      "U_H1": 0.6248,
      "U_H1W": 0.6248,
      "U_H2": 0.7648,
      "U_H3": 0.7267999999999999,
      "U_H4": 0.7648,
      "dU_center": 0.14,
      "dU_MAP_frozen": 0.0048000000000001375,
      "dU_gate_frozen": 0.0048000000000001375,
      "dU_gate_map": 0.0,
      "dU_init_bacc": 0.0,
      "U_H2_minus_H3": 0.038000000000000145,
      "tau0": 1.0,
      "taus": 100.0,
      "gate": 1
    },
    "Full": {
      "U_H0": 0.76,
      "U_H1": 0.61,
      "U_H1W": 0.61,
      "U_H2": 0.76,
      "U_H3": 0.73,
      "U_H4": 0.76,
      "dU_center": 0.15000000000000002,
      "dU_MAP_frozen": 0.0,
      "dU_gate_frozen": 0.0,
      "dU_gate_map": 0.0,
      "dU_init_bacc": 0.0,
      "U_H2_minus_H3": 0.030000000000000027,
      "tau0": 1.0,
      "taus": 100.0,
      "gate": 1
    }
  },
  "specificity": {
    "status": "ok",
    "rank": 8,
    "n_matched": 50,
    "n_tried": 249,
    "informed_srcval": 0.6449999999999999,
    "dGh_specific": {
      "ridge_k1": {
        "informed": -0.13499999999999993,
        "random_mean": -0.03328400000000001,
        "specific": -0.10171599999999992
      },
      "map_k1": {
        "informed": -0.004199999999999997,
        "random_mean": 0.003639999999999996,
        "specific": -0.007839999999999993
      },
      "ridge_k8": {
        "informed": -0.08899999999999995,
        "random_mean": 0.014919999999999987,
        "specific": -0.10391999999999994
      },
      "map_k8": {
        "informed": -0.005200000000000002,
        "random_mean": 0.024283999999999993,
        "specific": -0.029483999999999996
      },
      "ridge_kFull": {
        "informed": -0.05999999999999994,
        "random_mean": 0.028199999999999985,
        "specific": -0.08819999999999993
      },
      "map_kFull": {
        "informed": 0.0,
        "random_mean": 0.05219999999999998,
        "specific": -0.05219999999999998
      }
    }
  },
  "headroom": {
    "frozen_query_bacc": 0.76,
    "frozen_query_nll": 0.5427191597745253,
    "fullcal_query_bacc": 0.58,
    "fullcal_gain": -0.18000000000000005,
    "angle_Ws_Wt_deg": 72.45891331704817,
    "bias_displacement": 0.5428886530048549,
    "direction_displacement": 2.181994809906298,
    "cal_cov_condition": 31.38851192167724,
    "class_prior_shift": 0.0,
    "cal_query_mean_drift": 2.5424992561924467
  },
  "tau0": {
    "1": 10.0,
    "2": 10.0,
    "4": 10.0,
    "8": 10.0,
    "16": 10.0,
    "32": 1.0,
    "Full": 1.0
  },
  "taus": {
    "1": 100.0,
    "2": 100.0,
    "4": 100.0,
    "8": 100.0,
    "16": 100.0,
    "32": 100.0,
    "Full": 100.0
  },
  "gate": {
    "1": 1,
    "2": 1,
    "4": 0,
    "8": 0,
    "16": 0,
    "32": 1,
    "Full": 1
  },
  "firewall": {
    "source_only_construction": true,
    "tau_source_only": true,
    "gate_source_only": true,
    "Ycal_used_for_head_adapt": true,
    "Yquery_used_for_selection": false,
    "Yquery_used_for_outcome": true
  }
}