{
  "dataset": "Lee2019_MI",
  "subject": "50",
  "seed": 0,
  "status": "ok",
  "C": 2,
  "n_cal": 100,
  "n_query": 100,
  "cal_session": [
    "0"
  ],
  "query_sessions": [
    "1"
  ],
  "n_draws": 50,
  "n_tau_draws": 10,
  "init_param_diff": 2.442383473754131e-05,
  "endpoints": {
    "1": {
      "U_H0": 0.5,
      "U_H1": 0.5012000000000001,
      "U_H1W": 0.5012000000000001,
      "U_H2": 0.5,
      "U_H3": 0.5054,
      "U_H4": 0.5,
      "dU_center": -0.0012000000000000899,
      "dU_MAP_frozen": 0.0,
      "dU_gate_frozen": 0.0,
      "dU_gate_map": 0.0,
      "dU_init_bacc": 0.0,
      "U_H2_minus_H3": -0.00539999999999996,
      "tau0": 10.0,
      "taus": 100.0,
      "gate": 0
    },
    "2": {
      "U_H0": 0.5,
      "U_H1": 0.5006,
      "U_H1W": 0.5006,
      "U_H2": 0.5,
      "U_H3": 0.5066,
      "U_H4": 0.5,
      "dU_center": -0.0006000000000000449,
      "dU_MAP_frozen": 0.0,
      "dU_gate_frozen": 0.0,
      "dU_gate_map": 0.0,
      "dU_init_bacc": 0.0,
      "U_H2_minus_H3": -0.00660000000000005,
      "tau0": 10.0,
      "taus": 100.0,
      "gate": 1
    },
    "4": {
      "U_H0": 0.5,
      "U_H1": 0.5000000000000001,
      "U_H1W": 0.5000000000000001,
      "U_H2": 0.5,
      "U_H3": 0.5062000000000001,
      "U_H4": 0.5,
      "dU_center": -1.1102230246251565e-16,
      "dU_MAP_frozen": 0.0,
      "dU_gate_frozen": 0.0,
      "dU_gate_map": 0.0,
      "dU_init_bacc": 0.0,
      "U_H2_minus_H3": -0.006200000000000094,
      "tau0": 10.0,
      "taus": 100.0,
      "gate": 0
    },
    "8": {
      "U_H0": 0.5,
      "U_H1": 0.49939999999999996,
      "U_H1W": 0.49939999999999996,
      "U_H2": 0.5,
      "U_H3": 0.5052,
      "U_H4": 0.5,
      "dU_center": 0.0006000000000000449,
      "dU_MAP_frozen": 0.0,
      "dU_gate_frozen": 0.0,
      "dU_gate_map": 0.0,
      "dU_init_bacc": 0.0,
      "U_H2_minus_H3": -0.005199999999999982,
      "tau0": 10.0,
      "taus": 100.0,
      "gate": 0
    },
    "16": {
      "U_H0": 0.5,
      "U_H1": 0.512,
      "U_H1W": 0.512,
      "U_H2": 0.5,
      "U_H3": 0.5012,
      "U_H4": 0.5,
      "dU_center": -0.01200000000000001,
      "dU_MAP_frozen": 0.0,
      "dU_gate_frozen": 0.0,
      "dU_gate_map": 0.0,
      "dU_init_bacc": 0.0,
      "U_H2_minus_H3": -0.0011999999999999789,
      "tau0": 10.0,
      "taus": 100.0,
      "gate": 0
    },
    "32": {
      "U_H0": 0.5,
      "U_H1": 0.4954,
      "U_H1W": 0.4954,
      "U_H2": 0.4988,
      "U_H3": 0.5044000000000001,
      "U_H4": 0.5,
      "dU_center": 0.003400000000000014,
      "dU_MAP_frozen": -0.0011999999999999789,
      "dU_gate_frozen": 0.0,
      "dU_gate_map": 0.0011999999999999789,
      "dU_init_bacc": 0.0,
      "U_H2_minus_H3": -0.005600000000000049,
      "tau0": 1.0,
      "taus": 100.0,
      "gate": 0
    },
    "Full": {
      "U_H0": 0.5,
      "U_H1": 0.47000000000000003,
      "U_H1W": 0.47000000000000003,
      "U_H2": 0.5,
      "U_H3": 0.51,
      "U_H4": 0.5,
      "dU_center": 0.02999999999999997,
      "dU_MAP_frozen": 0.0,
      "dU_gate_frozen": 0.0,
      "dU_gate_map": 0.0,
      "dU_init_bacc": 0.0,
      "U_H2_minus_H3": -0.010000000000000009,
      "tau0": 1.0,
      "taus": 100.0,
      "gate": 1
    }
  },
  "specificity": {
    "status": "ok",
    "rank": 8,
    "n_matched": 50,
    "n_tried": 245,
    "informed_srcval": 0.657,
    "dGh_specific": {
      "ridge_k1": {
        "informed": 0.021800000000000028,
        "random_mean": 0.0058480000000000025,
        "specific": 0.015952000000000025
      },
      "map_k1": {
        "informed": 0.005200000000000005,
        "random_mean": 0.00034399999999999985,
        "specific": 0.004856000000000005
      },
      "ridge_k8": {
        "informed": 0.02320000000000002,
        "random_mean": 0.006980000000000002,
        "specific": 0.01622000000000002
      },
      "map_k8": {
        "informed": 0.014200000000000013,
        "random_mean": 0.000696,
        "specific": 0.013504000000000013
      },
      "ridge_kFull": {
        "informed": 0.010000000000000009,
        "random_mean": 0.024200000000000003,
        "specific": -0.014199999999999994
      },
      "map_kFull": {
        "informed": 0.020000000000000018,
        "random_mean": 0.004400000000000004,
        "specific": 0.015600000000000013
      }
    }
  },
  "headroom": {
    "frozen_query_bacc": 0.5,
    "frozen_query_nll": 2.0621925229626075,
    "fullcal_query_bacc": 0.47,
    "fullcal_gain": -0.030000000000000027,
    "angle_Ws_Wt_deg": 31.55342881617053,
    "bias_displacement": 1.5494645748382447,
    "direction_displacement": 1.1723609779903985,
    "cal_cov_condition": 13.243642187885179,
    "class_prior_shift": 0.0,
    "cal_query_mean_drift": 3.871848465684243
  },
  "tau0": {
    "1": 10.0,
    "2": 10.0,
    "4": 10.0,
    "8": 10.0,
    "16": 10.0,
    "32": 1.0,
    "Full": 1.0
  },
  "taus": {
    "1": 100.0,
    "2": 100.0,
    "4": 100.0,
    "8": 100.0,
    "16": 100.0,
    "32": 100.0,
    "Full": 100.0
  },
  "gate": {
    "1": 0,
    "2": 1,
    "4": 0,
    "8": 0,
    "16": 0,
    "32": 0,
    "Full": 1
  },
  "firewall": {
    "source_only_construction": true,
    "tau_source_only": true,
    "gate_source_only": true,
    "Ycal_used_for_head_adapt": true,
    "Yquery_used_for_selection": false,
    "Yquery_used_for_outcome": true
  }
}