{
  "dataset": "Lee2019_MI",
  "subject": "18",
  "seed": 1,
  "status": "ok",
  "C": 2,
  "n_cal": 100,
  "n_query": 100,
  "cal_session": [
    "0"
  ],
  "query_sessions": [
    "1"
  ],
  "n_draws": 50,
  "n_tau_draws": 10,
  "init_param_diff": 5.6047305462736445e-06,
  "endpoints": {
    "1": {
      "U_H0": 0.79,
      "U_H1": 0.6960000000000001,
      "U_H1W": 0.6960000000000001,
      "U_H2": 0.79,
      "U_H3": 0.7842,
      "U_H4": 0.79,
      "dU_center": 0.09399999999999997,
      "dU_MAP_frozen": 0.0,
      "dU_gate_frozen": 0.0,
      "dU_gate_map": 0.0,
      "dU_init_bacc": 0.0,
      "U_H2_minus_H3": 0.005800000000000027,
      "tau0": 10.0,
      "taus": 100.0,
      "gate": 1
    },
    "2": {
      "U_H0": 0.79,
      "U_H1": 0.7696,
      "U_H1W": 0.7696,
      "U_H2": 0.79,
      "U_H3": 0.84,
      "U_H4": 0.79,
      "dU_center": 0.020400000000000085,
      "dU_MAP_frozen": 0.0,
      "dU_gate_frozen": 0.0,
      "dU_gate_map": 0.0,
      "dU_init_bacc": 0.0,
      "U_H2_minus_H3": -0.04999999999999993,
      "tau0": 10.0,
      "taus": 100.0,
      "gate": 0
    },
    "4": {
      "U_H0": 0.79,
      "U_H1": 0.8019999999999999,
      "U_H1W": 0.8019999999999999,
      "U_H2": 0.7903999999999999,
      "U_H3": 0.8569999999999999,
      "U_H4": 0.79,
      "dU_center": -0.011600000000000055,
      "dU_MAP_frozen": 0.0003999999999998449,
      "dU_gate_frozen": 0.0,
      "dU_gate_map": -0.0003999999999998449,
      "dU_init_bacc": 0.0,
      "U_H2_minus_H3": -0.06659999999999999,
      "tau0": 10.0,
      "taus": 100.0,
      "gate": 0
    },
    "8": {
      "U_H0": 0.79,
      "U_H1": 0.8558000000000001,
      "U_H1W": 0.8558000000000001,
      "U_H2": 0.7909999999999999,
      "U_H3": 0.8858,
      "U_H4": 0.79,
      "dU_center": -0.06480000000000019,
      "dU_MAP_frozen": 0.0009999999999998899,
      "dU_gate_frozen": 0.0,
      "dU_gate_map": -0.0009999999999998899,
      "dU_init_bacc": 0.0,
      "U_H2_minus_H3": -0.0948000000000001,
      "tau0": 10.0,
      "taus": 100.0,
      "gate": 0
    },
    "16": {
      "U_H0": 0.79,
      "U_H1": 0.8908,
      "U_H1W": 0.8908,
      "U_H2": 0.7933999999999999,
      "U_H3": 0.9007999999999998,
      "U_H4": 0.7933999999999999,
      "dU_center": -0.09740000000000015,
      "dU_MAP_frozen": 0.0033999999999998476,
      "dU_gate_frozen": 0.0033999999999998476,
      "dU_gate_map": 0.0,
      "dU_init_bacc": 0.0,
      "U_H2_minus_H3": -0.10739999999999994,
      "tau0": 10.0,
      "taus": 100.0,
      "gate": 1
    },
    "32": {
      "U_H0": 0.79,
      "U_H1": 0.9209999999999999,
      "U_H1W": 0.9209999999999999,
      "U_H2": 0.806,
      "U_H3": 0.9073999999999998,
      "U_H4": 0.806,
      "dU_center": -0.11499999999999988,
      "dU_MAP_frozen": 0.016000000000000014,
      "dU_gate_frozen": 0.016000000000000014,
      "dU_gate_map": 0.0,
      "dU_init_bacc": 0.0,
      "U_H2_minus_H3": -0.10139999999999971,
      "tau0": 10.0,
      "taus": 100.0,
      "gate": 1
    },
    "Full": {
      "U_H0": 0.79,
      "U_H1": 0.88,
      "U_H1W": 0.88,
      "U_H2": 0.8200000000000001,
      "U_H3": 0.8999999999999999,
      "U_H4": 0.79,
      "dU_center": -0.05999999999999994,
      "dU_MAP_frozen": 0.030000000000000027,
      "dU_gate_frozen": 0.0,
      "dU_gate_map": -0.030000000000000027,
      "dU_init_bacc": 0.0,
      "U_H2_minus_H3": -0.07999999999999985,
      "tau0": 1.0,
      "taus": 100.0,
      "gate": 0
    }
  },
  "specificity": {
    "status": "ok",
    "rank": 8,
    "n_matched": 50,
    "n_tried": 130,
    "informed_srcval": 0.693,
    "dGh_specific": {
      "ridge_k1": {
        "informed": -0.1598,
        "random_mean": -0.084244,
        "specific": -0.075556
      },
      "map_k1": {
        "informed": -0.0016000000000000014,
        "random_mean": 0.0011480000000000012,
        "specific": -0.0027480000000000026
      },
      "ridge_k8": {
        "informed": -0.07980000000000002,
        "random_mean": 0.03306800000000001,
        "specific": -0.11286800000000002
      },
      "map_k8": {
        "informed": -0.007400000000000006,
        "random_mean": 0.012260000000000007,
        "specific": -0.019660000000000014
      },
      "ridge_kFull": {
        "informed": -0.06000000000000005,
        "random_mean": 0.05960000000000001,
        "specific": -0.11960000000000007
      },
      "map_kFull": {
        "informed": 0.020000000000000018,
        "random_mean": 0.04480000000000002,
        "specific": -0.024800000000000003
      }
    }
  },
  "headroom": {
    "frozen_query_bacc": 0.79,
    "frozen_query_nll": 0.42842622454106793,
    "fullcal_query_bacc": 0.8600000000000001,
    "fullcal_gain": 0.07000000000000006,
    "angle_Ws_Wt_deg": 31.122951846167062,
    "bias_displacement": 11.048001896708021,
    "direction_displacement": 16.088749297746077,
    "cal_cov_condition": 16.263475321457236,
    "class_prior_shift": 0.0,
    "cal_query_mean_drift": 1.6886823244523281
  },
  "tau0": {
    "1": 10.0,
    "2": 10.0,
    "4": 10.0,
    "8": 10.0,
    "16": 10.0,
    "32": 10.0,
    "Full": 1.0
  },
  "taus": {
    "1": 100.0,
    "2": 100.0,
    "4": 100.0,
    "8": 100.0,
    "16": 100.0,
    "32": 100.0,
    "Full": 100.0
  },
  "gate": {
    "1": 1,
    "2": 0,
    "4": 0,
    "8": 0,
    "16": 1,
    "32": 1,
    "Full": 0
  },
  "firewall": {
    "source_only_construction": true,
    "tau_source_only": true,
    "gate_source_only": true,
    "Ycal_used_for_head_adapt": true,
    "Yquery_used_for_selection": false,
    "Yquery_used_for_outcome": true
  }
}