{
  "dataset": "Lee2019_MI",
  "subject": "49",
  "seed": 0,
  "status": "ok",
  "C": 2,
  "n_cal": 100,
  "n_query": 100,
  "cal_session": [
    "0"
  ],
  "query_sessions": [
    "1"
  ],
  "n_draws": 50,
  "n_tau_draws": 10,
  "init_param_diff": 2.695667455444197e-05,
  "endpoints": {
    "1": {
      "U_H0": 0.6200000000000001,
      "U_H1": 0.5194000000000001,
      "U_H1W": 0.5194000000000001,
      "U_H2": 0.6210000000000001,
      "U_H3": 0.6155999999999999,
      "U_H4": 0.6200000000000001,
      "dU_center": 0.10160000000000002,
      "dU_MAP_frozen": 0.0010000000000000009,
      "dU_gate_frozen": 0.0,
      "dU_gate_map": -0.0010000000000000009,
      "dU_init_bacc": 0.0,
      "U_H2_minus_H3": 0.005400000000000182,
      "tau0": 10.0,
      "taus": 100.0,
      "gate": 0
    },
    "2": {
      "U_H0": 0.6200000000000001,
      "U_H1": 0.5256,
      "U_H1W": 0.5256,
      "U_H2": 0.6200000000000001,
      "U_H3": 0.642,
      "U_H4": 0.6200000000000001,
      "dU_center": 0.09440000000000015,
      "dU_MAP_frozen": 0.0,
      "dU_gate_frozen": 0.0,
      "dU_gate_map": 0.0,
      "dU_init_bacc": 0.0,
      "U_H2_minus_H3": -0.02199999999999991,
      "tau0": 10.0,
      "taus": 100.0,
      "gate": 0
    },
    "4": {
      "U_H0": 0.6200000000000001,
      "U_H1": 0.5396,
      "U_H1W": 0.5396,
      "U_H2": 0.6218,
      "U_H3": 0.64,
      "U_H4": 0.6200000000000001,
      "dU_center": 0.08220000000000005,
      "dU_MAP_frozen": 0.0017999999999999128,
      "dU_gate_frozen": 0.0,
      "dU_gate_map": -0.0017999999999999128,
      "dU_init_bacc": 0.0,
      "U_H2_minus_H3": -0.018199999999999994,
      "tau0": 10.0,
      "taus": 100.0,
      "gate": 0
    },
    "8": {
      "U_H0": 0.6200000000000001,
      "U_H1": 0.5648,
      "U_H1W": 0.5648,
      "U_H2": 0.6283999999999998,
      "U_H3": 0.648,
      "U_H4": 0.6200000000000001,
      "dU_center": 0.06359999999999988,
      "dU_MAP_frozen": 0.008399999999999741,
      "dU_gate_frozen": 0.0,
      "dU_gate_map": -0.008399999999999741,
      "dU_init_bacc": 0.0,
      "U_H2_minus_H3": -0.019600000000000173,
      "tau0": 10.0,
      "taus": 100.0,
      "gate": 0
    },
    "16": {
      "U_H0": 0.6200000000000001,
      "U_H1": 0.5817999999999999,
      "U_H1W": 0.5817999999999999,
      "U_H2": 0.6297999999999999,
      "U_H3": 0.6474,
      "U_H4": 0.6200000000000001,
      "dU_center": 0.04800000000000004,
      "dU_MAP_frozen": 0.009799999999999809,
      "dU_gate_frozen": 0.0,
      "dU_gate_map": -0.009799999999999809,
      "dU_init_bacc": 0.0,
      "U_H2_minus_H3": -0.01760000000000006,
      "tau0": 10.0,
      "taus": 100.0,
      "gate": 0
    },
    "32": {
      "U_H0": 0.6200000000000001,
      "U_H1": 0.6116,
      "U_H1W": 0.6116,
      "U_H2": 0.6248,
      "U_H3": 0.6467999999999999,
      "U_H4": 0.6200000000000001,
      "dU_center": 0.01319999999999999,
      "dU_MAP_frozen": 0.0047999999999999154,
      "dU_gate_frozen": 0.0,
      "dU_gate_map": -0.0047999999999999154,
      "dU_init_bacc": 0.0,
      "U_H2_minus_H3": -0.02199999999999991,
      "tau0": 1.0,
      "taus": 100.0,
      "gate": 0
    },
    "Full": {
      "U_H0": 0.62,
      "U_H1": 0.63,
      "U_H1W": 0.63,
      "U_H2": 0.63,
      "U_H3": 0.64,
      "U_H4": 0.62,
      "dU_center": 0.0,
      "dU_MAP_frozen": 0.010000000000000009,
      "dU_gate_frozen": 0.0,
      "dU_gate_map": -0.010000000000000009,
      "dU_init_bacc": 0.0,
      "U_H2_minus_H3": -0.010000000000000009,
      "tau0": 1.0,
      "taus": 100.0,
      "gate": 0
    }
  },
  "specificity": {
    "status": "ok",
    "rank": 8,
    "n_matched": 50,
    "n_tried": 190,
    "informed_srcval": 0.672,
    "dGh_specific": {
      "ridge_k1": {
        "informed": -0.02440000000000002,
        "random_mean": -0.05039200000000001,
        "specific": 0.025991999999999994
      },
      "map_k1": {
        "informed": 0.0014000000000000013,
        "random_mean": 0.00038399999999999974,
        "specific": 0.0010160000000000015
      },
      "ridge_k8": {
        "informed": -0.0008000000000000218,
        "random_mean": -0.022712000000000006,
        "specific": 0.021911999999999984
      },
      "map_k8": {
        "informed": 0.0038000000000000035,
        "random_mean": 0.005859999999999996,
        "specific": -0.002059999999999993
      },
      "ridge_kFull": {
        "informed": 0.06000000000000005,
        "random_mean": 0.006799999999999997,
        "specific": 0.05320000000000005
      },
      "map_kFull": {
        "informed": 0.0,
        "random_mean": 0.012999999999999998,
        "specific": -0.012999999999999998
      }
    }
  },
  "headroom": {
    "frozen_query_bacc": 0.62,
    "frozen_query_nll": 0.8776962411374385,
    "fullcal_query_bacc": 0.64,
    "fullcal_gain": 0.020000000000000018,
    "angle_Ws_Wt_deg": 36.07329000020203,
    "bias_displacement": 1.9389459600433356,
    "direction_displacement": 1.8706794296585736,
    "cal_cov_condition": 10.896445243438583,
    "class_prior_shift": 0.0,
    "cal_query_mean_drift": 1.0969723700370262
  },
  "tau0": {
    "1": 10.0,
    "2": 10.0,
    "4": 10.0,
    "8": 10.0,
    "16": 10.0,
    "32": 1.0,
    "Full": 1.0
  },
  "taus": {
    "1": 100.0,
    "2": 100.0,
    "4": 100.0,
    "8": 100.0,
    "16": 100.0,
    "32": 100.0,
    "Full": 100.0
  },
  "gate": {
    "1": 0,
    "2": 0,
    "4": 0,
    "8": 0,
    "16": 0,
    "32": 0,
    "Full": 0
  },
  "firewall": {
    "source_only_construction": true,
    "tau_source_only": true,
    "gate_source_only": true,
    "Ycal_used_for_head_adapt": true,
    "Yquery_used_for_selection": false,
    "Yquery_used_for_outcome": true
  }
}