{
  "dataset": "BNCI2014_001",
  "subject": "6",
  "seed": 0,
  "status": "ok",
  "C": 4,
  "n_cal": 288,
  "n_query": 288,
  "cal_session": [
    "0train"
  ],
  "query_sessions": [
    "1test"
  ],
  "n_draws": 50,
  "n_tau_draws": 10,
  "init_param_diff": 0.0002911513123750395,
  "endpoints": {
    "1": {
      "U_H0": 0.3055555555555556,
      "U_H1": 0.2738888888888889,
      "U_H1W": 0.2738888888888889,
      "U_H2": 0.32319444444444445,
      "U_H3": 0.31729166666666664,
      "U_H4": 0.32319444444444445,
      "dU_center": 0.04930555555555555,
      "dU_MAP_frozen": 0.01763888888888887,
      "dU_gate_frozen": 0.01763888888888887,
      "dU_gate_map": 0.0,
      "dU_init_bacc": 0.0,
      "U_H2_minus_H3": 0.005902777777777812,
      "tau0": 1.0,
      "taus": 10.0,
      "gate": 1
    },
    "2": {
      "U_H0": 0.3055555555555556,
      "U_H1": 0.28520833333333334,
      "U_H1W": 0.28520833333333334,
      "U_H2": 0.33138888888888896,
      "U_H3": 0.3315972222222222,
      "U_H4": 0.33138888888888896,
      "dU_center": 0.046180555555555614,
      "dU_MAP_frozen": 0.025833333333333375,
      "dU_gate_frozen": 0.025833333333333375,
      "dU_gate_map": 0.0,
      "dU_init_bacc": 0.0,
      "U_H2_minus_H3": -0.00020833333333325488,
      "tau0": 1.0,
      "taus": 10.0,
      "gate": 1
    },
    "4": {
      "U_H0": 0.3055555555555556,
      "U_H1": 0.2972222222222223,
      "U_H1W": 0.2972222222222223,
      "U_H2": 0.34597222222222224,
      "U_H3": 0.3392361111111111,
      "U_H4": 0.34597222222222224,
      "dU_center": 0.04874999999999996,
      "dU_MAP_frozen": 0.040416666666666656,
      "dU_gate_frozen": 0.040416666666666656,
      "dU_gate_map": 0.0,
      "dU_init_bacc": 0.0,
      "U_H2_minus_H3": 0.006736111111111109,
      "tau0": 1.0,
      "taus": 10.0,
      "gate": 1
    },
    "8": {
      "U_H0": 0.3055555555555556,
      "U_H1": 0.31777777777777777,
      "U_H1W": 0.3178472222222222,
      "U_H2": 0.3634027777777778,
      "U_H3": 0.3439583333333334,
      "U_H4": 0.3634027777777778,
      "dU_center": 0.04562500000000003,
      "dU_MAP_frozen": 0.05784722222222222,
      "dU_gate_frozen": 0.05784722222222222,
      "dU_gate_map": 0.0,
      "dU_init_bacc": 6.94444444444553e-05,
      "U_H2_minus_H3": 0.019444444444444375,
      "tau0": 1.0,
      "taus": 10.0,
      "gate": 1
    },
    "16": {
      "U_H0": 0.3055555555555556,
      "U_H1": 0.35125000000000006,
      "U_H1W": 0.35125000000000006,
      "U_H2": 0.37736111111111115,
      "U_H3": 0.34208333333333335,
      "U_H4": 0.37736111111111115,
      "dU_center": 0.026111111111111085,
      "dU_MAP_frozen": 0.07180555555555557,
      "dU_gate_frozen": 0.07180555555555557,
      "dU_gate_map": 0.0,
      "dU_init_bacc": 0.0,
      "U_H2_minus_H3": 0.0352777777777778,
      "tau0": 1.0,
      "taus": 10.0,
      "gate": 1
    },
    "32": {
      "U_H0": 0.3055555555555556,
      "U_H1": 0.3714583333333333,
      "U_H1W": 0.37159722222222213,
      "U_H2": 0.37993055555555555,
      "U_H3": 0.3375,
      "U_H4": 0.37993055555555555,
      "dU_center": 0.00847222222222227,
      "dU_MAP_frozen": 0.07437499999999997,
      "dU_gate_frozen": 0.07437499999999997,
      "dU_gate_map": 0.0,
      "dU_init_bacc": 0.0001388888888888551,
      "U_H2_minus_H3": 0.04243055555555553,
      "tau0": 1.0,
      "taus": 10.0,
      "gate": 1
    },
    "Full": {
      "U_H0": 0.3055555555555556,
      "U_H1": 0.39583333333333337,
      "U_H1W": 0.39583333333333337,
      "U_H2": 0.3888888888888889,
      "U_H3": 0.32986111111111116,
      "U_H4": 0.3888888888888889,
      "dU_center": -0.006944444444444475,
      "dU_MAP_frozen": 0.08333333333333331,
      "dU_gate_frozen": 0.08333333333333331,
      "dU_gate_map": 0.0,
      "dU_init_bacc": 0.0,
      "U_H2_minus_H3": 0.059027777777777735,
      "tau0": 1.0,
      "taus": 10.0,
      "gate": 1
    }
  },
  "specificity": {
    "status": "ok",
    "rank": 8,
    "n_matched": 50,
    "n_tried": 319,
    "informed_srcval": 0.5072916666666667,
    "dGh_specific": {
      "ridge_k1": {
        "informed": -0.08625000000000002,
        "random_mean": -0.036505555555555555,
        "specific": -0.049744444444444466
      },
      "map_k1": {
        "informed": -0.00013888888888889838,
        "random_mean": 0.012012499999999999,
        "specific": -0.012151388888888897
      },
      "ridge_k8": {
        "informed": -0.05659722222222223,
        "random_mean": -0.003263888888888891,
        "specific": -0.05333333333333334
      },
      "map_k8": {
        "informed": -0.013194444444444453,
        "random_mean": 0.030813888888888887,
        "specific": -0.044008333333333344
      },
      "ridge_kFull": {
        "informed": -0.013888888888888895,
        "random_mean": 0.05451388888888889,
        "specific": -0.06840277777777778
      },
      "map_kFull": {
        "informed": 0.0,
        "random_mean": 0.05840277777777778,
        "specific": -0.05840277777777778
      }
    }
  },
  "headroom": {
    "frozen_query_bacc": 0.3055555555555556,
    "frozen_query_nll": 2.68696476600182,
    "fullcal_query_bacc": 0.3958333333333333,
    "fullcal_gain": 0.09027777777777773,
    "angle_Ws_Wt_deg": 57.267595315415385,
    "bias_displacement": 1.710987819060851,
    "direction_displacement": 3.376463876698571,
    "cal_cov_condition": 27.839936869129872,
    "class_prior_shift": 0.0,
    "cal_query_mean_drift": 0.7920008655068148
  },
  "tau0": {
    "1": 1.0,
    "2": 1.0,
    "4": 1.0,
    "8": 1.0,
    "16": 1.0,
    "32": 1.0,
    "Full": 1.0
  },
  "taus": {
    "1": 10.0,
    "2": 10.0,
    "4": 10.0,
    "8": 10.0,
    "16": 10.0,
    "32": 10.0,
    "Full": 10.0
  },
  "gate": {
    "1": 1,
    "2": 1,
    "4": 1,
    "8": 1,
    "16": 1,
    "32": 1,
    "Full": 1
  },
  "firewall": {
    "source_only_construction": true,
    "tau_source_only": true,
    "gate_source_only": true,
    "Ycal_used_for_head_adapt": true,
    "Yquery_used_for_selection": false,
    "Yquery_used_for_outcome": true
  }
}