{
  "dataset": "Lee2019_MI",
  "subject": "38",
  "seed": 0,
  "status": "ok",
  "C": 2,
  "n_cal": 100,
  "n_query": 100,
  "cal_session": [
    "0"
  ],
  "query_sessions": [
    "1"
  ],
  "n_draws": 50,
  "n_tau_draws": 10,
  "init_param_diff": 7.51819015414059e-06,
  "endpoints": {
    "1": {
      "U_H0": 0.59,
      "U_H1": 0.516,
      "U_H1W": 0.516,
      "U_H2": 0.59,
      "U_H3": 0.5784,
      "U_H4": 0.59,
      "dU_center": 0.07399999999999995,
      "dU_MAP_frozen": 0.0,
      "dU_gate_frozen": 0.0,
      "dU_gate_map": 0.0,
      "dU_init_bacc": 0.0,
      "U_H2_minus_H3": 0.011599999999999944,
      "tau0": 10.0,
      "taus": 100.0,
      "gate": 1
    },
    "2": {
      "U_H0": 0.59,
      "U_H1": 0.5243999999999999,
      "U_H1W": 0.5242,
      "U_H2": 0.59,
      "U_H3": 0.5977999999999999,
      "U_H4": 0.59,
      "dU_center": 0.0656000000000001,
      "dU_MAP_frozen": 0.0,
      "dU_gate_frozen": 0.0,
      "dU_gate_map": 0.0,
      "dU_init_bacc": -0.00019999999999986695,
      "U_H2_minus_H3": -0.007799999999999918,
      "tau0": 10.0,
      "taus": 100.0,
      "gate": 1
    },
    "4": {
      "U_H0": 0.59,
      "U_H1": 0.5394000000000001,
      "U_H1W": 0.5394000000000001,
      "U_H2": 0.5903999999999999,
      "U_H3": 0.5988,
      "U_H4": 0.5903999999999999,
      "dU_center": 0.05099999999999982,
      "dU_MAP_frozen": 0.00039999999999995595,
      "dU_gate_frozen": 0.00039999999999995595,
      "dU_gate_map": 0.0,
      "dU_init_bacc": 0.0,
      "U_H2_minus_H3": -0.008400000000000074,
      "tau0": 10.0,
      "taus": 100.0,
      "gate": 1
    },
    "8": {
      "U_H0": 0.59,
      "U_H1": 0.5431999999999999,
      "U_H1W": 0.5431999999999999,
      "U_H2": 0.5912,
      "U_H3": 0.6043999999999999,
      "U_H4": 0.5912,
      "dU_center": 0.04800000000000004,
      "dU_MAP_frozen": 0.0011999999999999789,
      "dU_gate_frozen": 0.0011999999999999789,
      "dU_gate_map": 0.0,
      "dU_init_bacc": 0.0,
      "U_H2_minus_H3": -0.01319999999999999,
      "tau0": 10.0,
      "taus": 100.0,
      "gate": 1
    },
    "16": {
      "U_H0": 0.59,
      "U_H1": 0.562,
      "U_H1W": 0.562,
      "U_H2": 0.596,
      "U_H3": 0.6056,
      "U_H4": 0.596,
      "dU_center": 0.03399999999999992,
      "dU_MAP_frozen": 0.006000000000000005,
      "dU_gate_frozen": 0.006000000000000005,
      "dU_gate_map": 0.0,
      "dU_init_bacc": 0.0,
      "U_H2_minus_H3": -0.009600000000000053,
      "tau0": 10.0,
      "taus": 100.0,
      "gate": 1
    },
    "32": {
      "U_H0": 0.59,
      "U_H1": 0.5858000000000001,
      "U_H1W": 0.5858000000000001,
      "U_H2": 0.606,
      "U_H3": 0.6072,
      "U_H4": 0.606,
      "dU_center": 0.020199999999999885,
      "dU_MAP_frozen": 0.016000000000000014,
      "dU_gate_frozen": 0.016000000000000014,
      "dU_gate_map": 0.0,
      "dU_init_bacc": 0.0,
      "U_H2_minus_H3": -0.0011999999999999789,
      "tau0": 10.0,
      "taus": 100.0,
      "gate": 1
    },
    "Full": {
      "U_H0": 0.59,
      "U_H1": 0.62,
      "U_H1W": 0.62,
      "U_H2": 0.63,
      "U_H3": 0.61,
      "U_H4": 0.63,
      "dU_center": 0.010000000000000009,
      "dU_MAP_frozen": 0.040000000000000036,
      "dU_gate_frozen": 0.040000000000000036,
      "dU_gate_map": 0.0,
      "dU_init_bacc": 0.0,
      "U_H2_minus_H3": 0.020000000000000018,
      "tau0": 1.0,
      "taus": 100.0,
      "gate": 1
    }
  },
  "specificity": {
    "status": "ok",
    "rank": 8,
    "n_matched": 50,
    "n_tried": 128,
    "informed_srcval": 0.739,
    "dGh_specific": {
      "ridge_k1": {
        "informed": -0.0017999999999999828,
        "random_mean": -0.04894800000000001,
        "specific": 0.04714800000000003
      },
      "map_k1": {
        "informed": 0.017600000000000015,
        "random_mean": 0.0011079999999999979,
        "specific": 0.016492000000000017
      },
      "ridge_k8": {
        "informed": 0.008400000000000019,
        "random_mean": -0.029520000000000008,
        "specific": 0.03792000000000002
      },
      "map_k8": {
        "informed": 0.035600000000000034,
        "random_mean": 0.0034999999999999996,
        "specific": 0.03210000000000003
      },
      "ridge_kFull": {
        "informed": 0.06000000000000005,
        "random_mean": 0.00239999999999999,
        "specific": 0.05760000000000006
      },
      "map_kFull": {
        "informed": 0.07000000000000006,
        "random_mean": 0.0114,
        "specific": 0.05860000000000006
      }
    }
  },
  "headroom": {
    "frozen_query_bacc": 0.59,
    "frozen_query_nll": 0.6935788142189696,
    "fullcal_query_bacc": 0.63,
    "fullcal_gain": 0.040000000000000036,
    "angle_Ws_Wt_deg": 37.33958406421647,
    "bias_displacement": 0.5204144079501941,
    "direction_displacement": 1.7926206059085303,
    "cal_cov_condition": 14.855468733882832,
    "class_prior_shift": 0.0,
    "cal_query_mean_drift": 1.4083374408647862
  },
  "tau0": {
    "1": 10.0,
    "2": 10.0,
    "4": 10.0,
    "8": 10.0,
    "16": 10.0,
    "32": 10.0,
    "Full": 1.0
  },
  "taus": {
    "1": 100.0,
    "2": 100.0,
    "4": 100.0,
    "8": 100.0,
    "16": 100.0,
    "32": 100.0,
    "Full": 100.0
  },
  "gate": {
    "1": 1,
    "2": 1,
    "4": 1,
    "8": 1,
    "16": 1,
    "32": 1,
    "Full": 1
  },
  "firewall": {
    "source_only_construction": true,
    "tau_source_only": true,
    "gate_source_only": true,
    "Ycal_used_for_head_adapt": true,
    "Yquery_used_for_selection": false,
    "Yquery_used_for_outcome": true
  }
}