{
  "dataset": "BNCI2014_001",
  "subject": "8",
  "seed": 2,
  "status": "ok",
  "C": 4,
  "n_cal": 288,
  "n_query": 288,
  "cal_session": [
    "0train"
  ],
  "query_sessions": [
    "1test"
  ],
  "n_draws": 50,
  "n_tau_draws": 10,
  "init_param_diff": 0.000164606531854013,
  "endpoints": {
    "1": {
      "U_H0": 0.5659722222222222,
      "U_H1": 0.3596527777777777,
      "U_H1W": 0.3595833333333333,
      "U_H2": 0.5711111111111111,
      "U_H3": 0.5485416666666666,
      "U_H4": 0.5711111111111111,
      "dU_center": 0.21145833333333341,
      "dU_MAP_frozen": 0.005138888888888915,
      "dU_gate_frozen": 0.005138888888888915,
      "dU_gate_map": 0.0,
      "dU_init_bacc": -6.944444444439979e-05,
      "U_H2_minus_H3": 0.02256944444444453,
      "tau0": 1.0,
      "taus": 10.0,
      "gate": 1
    },
    "2": {
      "U_H0": 0.5659722222222222,
      "U_H1": 0.42548611111111123,
      "U_H1W": 0.42548611111111123,
      "U_H2": 0.5788888888888889,
      "U_H3": 0.5646527777777778,
      "U_H4": 0.5788888888888889,
      "dU_center": 0.15340277777777767,
      "dU_MAP_frozen": 0.012916666666666687,
      "dU_gate_frozen": 0.012916666666666687,
      "dU_gate_map": 0.0,
      "dU_init_bacc": 0.0,
      "U_H2_minus_H3": 0.014236111111111116,
      "tau0": 1.0,
      "taus": 10.0,
      "gate": 1
    },
    "4": {
      "U_H0": 0.5659722222222222,
      "U_H1": 0.4625,
      "U_H1W": 0.4625694444444444,
      "U_H2": 0.5984722222222222,
      "U_H3": 0.5827083333333334,
      "U_H4": 0.5984722222222222,
      "dU_center": 0.13597222222222216,
      "dU_MAP_frozen": 0.03249999999999997,
      "dU_gate_frozen": 0.03249999999999997,
      "dU_gate_map": 0.0,
      "dU_init_bacc": 6.944444444439979e-05,
      "U_H2_minus_H3": 0.0157638888888888,
      "tau0": 10.0,
      "taus": 10.0,
      "gate": 1
    },
    "8": {
      "U_H0": 0.5659722222222222,
      "U_H1": 0.51625,
      "U_H1W": 0.51625,
      "U_H2": 0.6129166666666667,
      "U_H3": 0.5893055555555555,
      "U_H4": 0.6129166666666667,
      "dU_center": 0.09666666666666668,
      "dU_MAP_frozen": 0.046944444444444455,
      "dU_gate_frozen": 0.046944444444444455,
      "dU_gate_map": 0.0,
      "dU_init_bacc": 0.0,
      "U_H2_minus_H3": 0.023611111111111138,
      "tau0": 1.0,
      "taus": 10.0,
      "gate": 1
    },
    "16": {
      "U_H0": 0.5659722222222222,
      "U_H1": 0.5929166666666666,
      "U_H1W": 0.5929166666666666,
      "U_H2": 0.6291666666666667,
      "U_H3": 0.5936805555555557,
      "U_H4": 0.6291666666666667,
      "dU_center": 0.036250000000000004,
      "dU_MAP_frozen": 0.06319444444444444,
      "dU_gate_frozen": 0.06319444444444444,
      "dU_gate_map": 0.0,
      "dU_init_bacc": 0.0,
      "U_H2_minus_H3": 0.035486111111110996,
      "tau0": 1.0,
      "taus": 10.0,
      "gate": 1
    },
    "32": {
      "U_H0": 0.5659722222222222,
      "U_H1": 0.6470833333333335,
      "U_H1W": 0.6470833333333335,
      "U_H2": 0.6438888888888888,
      "U_H3": 0.5949305555555555,
      "U_H4": 0.6438888888888888,
      "dU_center": -0.0031944444444446107,
      "dU_MAP_frozen": 0.07791666666666663,
      "dU_gate_frozen": 0.07791666666666663,
      "dU_gate_map": 0.0,
      "dU_init_bacc": 0.0,
      "U_H2_minus_H3": 0.048958333333333326,
      "tau0": 1.0,
      "taus": 10.0,
      "gate": 1
    },
    "Full": {
      "U_H0": 0.5659722222222222,
      "U_H1": 0.6979166666666666,
      "U_H1W": 0.6979166666666666,
      "U_H2": 0.6597222222222223,
      "U_H3": 0.5868055555555556,
      "U_H4": 0.6597222222222223,
      "dU_center": -0.03819444444444431,
      "dU_MAP_frozen": 0.09375000000000011,
      "dU_gate_frozen": 0.09375000000000011,
      "dU_gate_map": 0.0,
      "dU_init_bacc": 0.0,
      "U_H2_minus_H3": 0.07291666666666674,
      "tau0": 1.0,
      "taus": 10.0,
      "gate": 1
    }
  },
  "specificity": {
    "status": "ok",
    "rank": 8,
    "n_matched": 50,
    "n_tried": 158,
    "informed_srcval": 0.38541666666666663,
    "dGh_specific": {
      "ridge_k1": {
        "informed": -0.06472222222222217,
        "random_mean": -0.10435,
        "specific": 0.03962777777777783
      },
      "map_k1": {
        "informed": 0.011875000000000049,
        "random_mean": 0.005984722222222219,
        "specific": 0.005890277777777829
      },
      "ridge_k8": {
        "informed": 0.03770833333333338,
        "random_mean": 0.001574999999999997,
        "specific": 0.03613333333333338
      },
      "map_k8": {
        "informed": 0.06791666666666671,
        "random_mean": 0.04002361111111111,
        "specific": 0.0278930555555556
      },
      "ridge_kFull": {
        "informed": 0.13194444444444453,
        "random_mean": 0.08826388888888888,
        "specific": 0.04368055555555565
      },
      "map_kFull": {
        "informed": 0.12847222222222232,
        "random_mean": 0.08895833333333332,
        "specific": 0.039513888888889
      }
    }
  },
  "headroom": {
    "frozen_query_bacc": 0.5659722222222222,
    "frozen_query_nll": 1.1586023187844516,
    "fullcal_query_bacc": 0.6944444444444444,
    "fullcal_gain": 0.1284722222222222,
    "angle_Ws_Wt_deg": 51.50789959884305,
    "bias_displacement": 3.5533829062393187,
    "direction_displacement": 4.23831737538363,
    "cal_cov_condition": 14.186815934924478,
    "class_prior_shift": 0.0,
    "cal_query_mean_drift": 0.8301166887522436
  },
  "tau0": {
    "1": 1.0,
    "2": 1.0,
    "4": 10.0,
    "8": 1.0,
    "16": 1.0,
    "32": 1.0,
    "Full": 1.0
  },
  "taus": {
    "1": 10.0,
    "2": 10.0,
    "4": 10.0,
    "8": 10.0,
    "16": 10.0,
    "32": 10.0,
    "Full": 10.0
  },
  "gate": {
    "1": 1,
    "2": 1,
    "4": 1,
    "8": 1,
    "16": 1,
    "32": 1,
    "Full": 1
  },
  "firewall": {
    "source_only_construction": true,
    "tau_source_only": true,
    "gate_source_only": true,
    "Ycal_used_for_head_adapt": true,
    "Yquery_used_for_selection": false,
    "Yquery_used_for_outcome": true
  }
}