{
  "dataset": "Lee2019_MI",
  "subject": "1",
  "seed": 2,
  "status": "ok",
  "C": 2,
  "n_cal": 100,
  "n_query": 100,
  "cal_session": [
    "0"
  ],
  "query_sessions": [
    "1"
  ],
  "n_draws": 50,
  "n_tau_draws": 10,
  "init_param_diff": 1.5482746770692357e-05,
  "endpoints": {
    "1": {
      "U_H0": 0.7599999999999999,
      "U_H1": 0.5846,
      "U_H1W": 0.5846,
      "U_H2": 0.7597999999999999,
      "U_H3": 0.7239999999999999,
      "U_H4": 0.7599999999999999,
      "dU_center": 0.1751999999999999,
      "dU_MAP_frozen": -0.00019999999999997797,
      "dU_gate_frozen": 0.0,
      "dU_gate_map": 0.00019999999999997797,
      "dU_init_bacc": 0.0,
      "U_H2_minus_H3": 0.035800000000000054,
      "tau0": 1.0,
      "taus": 100.0,
      "gate": 0
    },
    "2": {
      "U_H0": 0.7599999999999999,
      "U_H1": 0.6096,
      "U_H1W": 0.6096,
      "U_H2": 0.7595999999999998,
      "U_H3": 0.7484000000000001,
      "U_H4": 0.7599999999999999,
      "dU_center": 0.1499999999999998,
      "dU_MAP_frozen": -0.00040000000000006697,
      "dU_gate_frozen": 0.0,
      "dU_gate_map": 0.00040000000000006697,
      "dU_init_bacc": 0.0,
      "U_H2_minus_H3": 0.011199999999999766,
      "tau0": 10.0,
      "taus": 100.0,
      "gate": 0
    },
    "4": {
      "U_H0": 0.7599999999999999,
      "U_H1": 0.6537999999999999,
      "U_H1W": 0.6537999999999999,
      "U_H2": 0.7579999999999998,
      "U_H3": 0.7495999999999998,
      "U_H4": 0.7599999999999999,
      "dU_center": 0.10419999999999985,
      "dU_MAP_frozen": -0.002000000000000113,
      "dU_gate_frozen": 0.0,
      "dU_gate_map": 0.002000000000000113,
      "dU_init_bacc": 0.0,
      "U_H2_minus_H3": 0.008399999999999963,
      "tau0": 10.0,
      "taus": 100.0,
      "gate": 0
    },
    "8": {
      "U_H0": 0.7599999999999999,
      "U_H1": 0.7044000000000001,
      "U_H1W": 0.7044000000000001,
      "U_H2": 0.7592,
      "U_H3": 0.7604000000000001,
      "U_H4": 0.7599999999999999,
      "dU_center": 0.05479999999999985,
      "dU_MAP_frozen": -0.0007999999999999119,
      "dU_gate_frozen": 0.0,
      "dU_gate_map": 0.0007999999999999119,
      "dU_init_bacc": 0.0,
      "U_H2_minus_H3": -0.0012000000000000899,
      "tau0": 10.0,
      "taus": 100.0,
      "gate": 0
    },
    "16": {
      "U_H0": 0.7599999999999999,
      "U_H1": 0.7352,
      "U_H1W": 0.7352,
      "U_H2": 0.757,
      "U_H3": 0.7567999999999999,
      "U_H4": 0.7599999999999999,
      "dU_center": 0.02180000000000004,
      "dU_MAP_frozen": -0.0029999999999998916,
      "dU_gate_frozen": 0.0,
      "dU_gate_map": 0.0029999999999998916,
      "dU_init_bacc": 0.0,
      "U_H2_minus_H3": 0.000200000000000089,
      "tau0": 10.0,
      "taus": 100.0,
      "gate": 0
    },
    "32": {
      "U_H0": 0.7599999999999999,
      "U_H1": 0.7456,
      "U_H1W": 0.7456,
      "U_H2": 0.7564,
      "U_H3": 0.752,
      "U_H4": 0.7599999999999999,
      "dU_center": 0.01079999999999992,
      "dU_MAP_frozen": -0.0035999999999999366,
      "dU_gate_frozen": 0.0,
      "dU_gate_map": 0.0035999999999999366,
      "dU_init_bacc": 0.0,
      "U_H2_minus_H3": 0.0043999999999999595,
      "tau0": 1.0,
      "taus": 100.0,
      "gate": 0
    },
    "Full": {
      "U_H0": 0.76,
      "U_H1": 0.73,
      "U_H1W": 0.73,
      "U_H2": 0.76,
      "U_H3": 0.76,
      "U_H4": 0.76,
      "dU_center": 0.030000000000000027,
      "dU_MAP_frozen": 0.0,
      "dU_gate_frozen": 0.0,
      "dU_gate_map": 0.0,
      "dU_init_bacc": 0.0,
      "U_H2_minus_H3": 0.0,
      "tau0": 1.0,
      "taus": 100.0,
      "gate": 0
    }
  },
  "specificity": {
    "status": "ok",
    "rank": 8,
    "n_matched": 50,
    "n_tried": 138,
    "informed_srcval": 0.673,
    "dGh_specific": {
      "ridge_k1": {
        "informed": -0.07359999999999996,
        "random_mean": -0.10333199999999998,
        "specific": 0.029732000000000022
      },
      "map_k1": {
        "informed": 0.007800000000000007,
        "random_mean": 0.0008400000000000011,
        "specific": 0.006960000000000005
      },
      "ridge_k8": {
        "informed": -0.04339999999999995,
        "random_mean": -0.028464,
        "specific": -0.014935999999999953
      },
      "map_k8": {
        "informed": 0.018600000000000016,
        "random_mean": 0.004319999999999998,
        "specific": 0.014280000000000018
      },
      "ridge_kFull": {
        "informed": 0.04999999999999993,
        "random_mean": 0.032399999999999984,
        "specific": 0.01759999999999995
      },
      "map_kFull": {
        "informed": 0.050000000000000044,
        "random_mean": 0.01619999999999999,
        "specific": 0.03380000000000005
      }
    }
  },
  "headroom": {
    "frozen_query_bacc": 0.76,
    "frozen_query_nll": 0.5424263867902088,
    "fullcal_query_bacc": 0.71,
    "fullcal_gain": -0.050000000000000044,
    "angle_Ws_Wt_deg": 38.84932112454682,
    "bias_displacement": 0.42786657207001244,
    "direction_displacement": 2.0421354758943107,
    "cal_cov_condition": 6.507302751027271,
    "class_prior_shift": 0.0,
    "cal_query_mean_drift": 1.3235651056827495
  },
  "tau0": {
    "1": 1.0,
    "2": 10.0,
    "4": 10.0,
    "8": 10.0,
    "16": 10.0,
    "32": 1.0,
    "Full": 1.0
  },
  "taus": {
    "1": 100.0,
    "2": 100.0,
    "4": 100.0,
    "8": 100.0,
    "16": 100.0,
    "32": 100.0,
    "Full": 100.0
  },
  "gate": {
    "1": 0,
    "2": 0,
    "4": 0,
    "8": 0,
    "16": 0,
    "32": 0,
    "Full": 0
  },
  "firewall": {
    "source_only_construction": true,
    "tau_source_only": true,
    "gate_source_only": true,
    "Ycal_used_for_head_adapt": true,
    "Yquery_used_for_selection": false,
    "Yquery_used_for_outcome": true
  }
}