{
  "dataset": "Lee2019_MI",
  "subject": "52",
  "seed": 0,
  "status": "ok",
  "C": 2,
  "n_cal": 100,
  "n_query": 100,
  "cal_session": [
    "0"
  ],
  "query_sessions": [
    "1"
  ],
  "n_draws": 50,
  "n_tau_draws": 10,
  "init_param_diff": 2.3469449726232937e-05,
  "endpoints": {
    "1": {
      "U_H0": 0.49,
      "U_H1": 0.5172000000000001,
      "U_H1W": 0.5172000000000001,
      "U_H2": 0.49339999999999995,
      "U_H3": 0.5256000000000001,
      "U_H4": 0.49,
      "dU_center": -0.023800000000000154,
      "dU_MAP_frozen": 0.0033999999999999586,
      "dU_gate_frozen": 0.0,
      "dU_gate_map": -0.0033999999999999586,
      "dU_init_bacc": 0.0,
      "U_H2_minus_H3": -0.03220000000000012,
      "tau0": 1.0,
      "taus": 100.0,
      "gate": 0
    },
    "2": {
      "U_H0": 0.49,
      "U_H1": 0.5274,
      "U_H1W": 0.5274,
      "U_H2": 0.4936,
      "U_H3": 0.5444,
      "U_H4": 0.49,
      "dU_center": -0.0338,
      "dU_MAP_frozen": 0.003599999999999992,
      "dU_gate_frozen": 0.0,
      "dU_gate_map": -0.003599999999999992,
      "dU_init_bacc": 0.0,
      "U_H2_minus_H3": -0.05080000000000001,
      "tau0": 10.0,
      "taus": 100.0,
      "gate": 0
    },
    "4": {
      "U_H0": 0.49,
      "U_H1": 0.557,
      "U_H1W": 0.557,
      "U_H2": 0.4958000000000001,
      "U_H3": 0.5546,
      "U_H4": 0.4958000000000001,
      "dU_center": -0.06119999999999998,
      "dU_MAP_frozen": 0.005800000000000083,
      "dU_gate_frozen": 0.005800000000000083,
      "dU_gate_map": 0.0,
      "dU_init_bacc": 0.0,
      "U_H2_minus_H3": -0.05879999999999991,
      "tau0": 10.0,
      "taus": 100.0,
      "gate": 1
    },
    "8": {
      "U_H0": 0.49,
      "U_H1": 0.5482,
      "U_H1W": 0.5482,
      "U_H2": 0.49939999999999996,
      "U_H3": 0.5522,
      "U_H4": 0.49939999999999996,
      "dU_center": -0.048800000000000066,
      "dU_MAP_frozen": 0.009399999999999964,
      "dU_gate_frozen": 0.009399999999999964,
      "dU_gate_map": 0.0,
      "dU_init_bacc": 0.0,
      "U_H2_minus_H3": -0.05280000000000007,
      "tau0": 10.0,
      "taus": 100.0,
      "gate": 1
    },
    "16": {
      "U_H0": 0.49,
      "U_H1": 0.5852,
      "U_H1W": 0.5850000000000001,
      "U_H2": 0.5082,
      "U_H3": 0.5454,
      "U_H4": 0.5082,
      "dU_center": -0.07700000000000007,
      "dU_MAP_frozen": 0.018199999999999994,
      "dU_gate_frozen": 0.018199999999999994,
      "dU_gate_map": 0.0,
      "dU_init_bacc": -0.00019999999999997797,
      "U_H2_minus_H3": -0.03720000000000001,
      "tau0": 10.0,
      "taus": 100.0,
      "gate": 1
    },
    "32": {
      "U_H0": 0.49,
      "U_H1": 0.6100000000000001,
      "U_H1W": 0.6100000000000001,
      "U_H2": 0.5206000000000001,
      "U_H3": 0.5448000000000001,
      "U_H4": 0.5206000000000001,
      "dU_center": -0.08940000000000003,
      "dU_MAP_frozen": 0.03060000000000007,
      "dU_gate_frozen": 0.03060000000000007,
      "dU_gate_map": 0.0,
      "dU_init_bacc": 0.0,
      "U_H2_minus_H3": -0.0242,
      "tau0": 1.0,
      "taus": 100.0,
      "gate": 1
    },
    "Full": {
      "U_H0": 0.49,
      "U_H1": 0.62,
      "U_H1W": 0.62,
      "U_H2": 0.53,
      "U_H3": 0.54,
      "U_H4": 0.53,
      "dU_center": -0.08999999999999997,
      "dU_MAP_frozen": 0.040000000000000036,
      "dU_gate_frozen": 0.040000000000000036,
      "dU_gate_map": 0.0,
      "dU_init_bacc": 0.0,
      "U_H2_minus_H3": -0.010000000000000009,
      "tau0": 1.0,
      "taus": 100.0,
      "gate": 1
    }
  },
  "specificity": {
    "status": "ok",
    "rank": 8,
    "n_matched": 50,
    "n_tried": 123,
    "informed_srcval": 0.719,
    "dGh_specific": {
      "ridge_k1": {
        "informed": -0.044800000000000006,
        "random_mean": -0.058392,
        "specific": 0.013591999999999993
      },
      "map_k1": {
        "informed": 0.005200000000000005,
        "random_mean": 0.0011400000000000017,
        "specific": 0.004060000000000003
      },
      "ridge_k8": {
        "informed": -0.026000000000000013,
        "random_mean": -0.03348799999999999,
        "specific": 0.007487999999999977
      },
      "map_k8": {
        "informed": 0.010000000000000007,
        "random_mean": 0.0037160000000000053,
        "specific": 0.006284000000000001
      },
      "ridge_kFull": {
        "informed": 0.010000000000000009,
        "random_mean": 0.026600000000000002,
        "specific": -0.016599999999999993
      },
      "map_kFull": {
        "informed": 0.010000000000000009,
        "random_mean": 0.009400000000000006,
        "specific": 0.0006000000000000033
      }
    }
  },
  "headroom": {
    "frozen_query_bacc": 0.49,
    "frozen_query_nll": 0.8538526166861474,
    "fullcal_query_bacc": 0.62,
    "fullcal_gain": 0.13,
    "angle_Ws_Wt_deg": 38.411516073711525,
    "bias_displacement": 0.5876159469482538,
    "direction_displacement": 1.6126646800851008,
    "cal_cov_condition": 12.558656057143352,
    "class_prior_shift": 0.0,
    "cal_query_mean_drift": 1.572250142203818
  },
  "tau0": {
    "1": 1.0,
    "2": 10.0,
    "4": 10.0,
    "8": 10.0,
    "16": 10.0,
    "32": 1.0,
    "Full": 1.0
  },
  "taus": {
    "1": 100.0,
    "2": 100.0,
    "4": 100.0,
    "8": 100.0,
    "16": 100.0,
    "32": 100.0,
    "Full": 100.0
  },
  "gate": {
    "1": 0,
    "2": 0,
    "4": 1,
    "8": 1,
    "16": 1,
    "32": 1,
    "Full": 1
  },
  "firewall": {
    "source_only_construction": true,
    "tau_source_only": true,
    "gate_source_only": true,
    "Ycal_used_for_head_adapt": true,
    "Yquery_used_for_selection": false,
    "Yquery_used_for_outcome": true
  }
}