{
  "dataset": "Lee2019_MI",
  "subject": "36",
  "seed": 1,
  "status": "ok",
  "C": 2,
  "n_cal": 100,
  "n_query": 100,
  "cal_session": [
    "0"
  ],
  "query_sessions": [
    "1"
  ],
  "n_draws": 50,
  "n_tau_draws": 10,
  "init_param_diff": 1.4694970725459318e-05,
  "endpoints": {
    "1": {
      "U_H0": 0.8100000000000003,
      "U_H1": 0.7078000000000002,
      "U_H1W": 0.7078000000000002,
      "U_H2": 0.8100000000000003,
      "U_H3": 0.804,
      "U_H4": 0.8100000000000003,
      "dU_center": 0.10220000000000007,
      "dU_MAP_frozen": 0.0,
      "dU_gate_frozen": 0.0,
      "dU_gate_map": 0.0,
      "dU_init_bacc": 0.0,
      "U_H2_minus_H3": 0.006000000000000227,
      "tau0": 10.0,
      "taus": 100.0,
      "gate": 1
    },
    "2": {
      "U_H0": 0.8100000000000003,
      "U_H1": 0.7924,
      "U_H1W": 0.7924,
      "U_H2": 0.8100000000000003,
      "U_H3": 0.7966000000000001,
      "U_H4": 0.8100000000000003,
      "dU_center": 0.017600000000000282,
      "dU_MAP_frozen": 0.0,
      "dU_gate_frozen": 0.0,
      "dU_gate_map": 0.0,
      "dU_init_bacc": 0.0,
      "U_H2_minus_H3": 0.01340000000000019,
      "tau0": 10.0,
      "taus": 100.0,
      "gate": 1
    },
    "4": {
      "U_H0": 0.8100000000000003,
      "U_H1": 0.8242000000000002,
      "U_H1W": 0.8242000000000002,
      "U_H2": 0.8098000000000002,
      "U_H3": 0.7922000000000001,
      "U_H4": 0.8098000000000002,
      "dU_center": -0.014399999999999968,
      "dU_MAP_frozen": -0.000200000000000089,
      "dU_gate_frozen": -0.000200000000000089,
      "dU_gate_map": 0.0,
      "dU_init_bacc": 0.0,
      "U_H2_minus_H3": 0.01760000000000006,
      "tau0": 10.0,
      "taus": 100.0,
      "gate": 1
    },
    "8": {
      "U_H0": 0.8100000000000003,
      "U_H1": 0.8768,
      "U_H1W": 0.8768,
      "U_H2": 0.8094000000000002,
      "U_H3": 0.8014,
      "U_H4": 0.8100000000000003,
      "dU_center": -0.0673999999999998,
      "dU_MAP_frozen": -0.0006000000000000449,
      "dU_gate_frozen": 0.0,
      "dU_gate_map": 0.0006000000000000449,
      "dU_init_bacc": 0.0,
      "U_H2_minus_H3": 0.00800000000000023,
      "tau0": 10.0,
      "taus": 100.0,
      "gate": 0
    },
    "16": {
      "U_H0": 0.8100000000000003,
      "U_H1": 0.9055999999999998,
      "U_H1W": 0.9055999999999998,
      "U_H2": 0.8100000000000003,
      "U_H3": 0.8018000000000001,
      "U_H4": 0.8100000000000003,
      "dU_center": -0.09559999999999957,
      "dU_MAP_frozen": 0.0,
      "dU_gate_frozen": 0.0,
      "dU_gate_map": 0.0,
      "dU_init_bacc": 0.0,
      "U_H2_minus_H3": 0.008200000000000207,
      "tau0": 10.0,
      "taus": 100.0,
      "gate": 0
    },
    "32": {
      "U_H0": 0.8100000000000003,
      "U_H1": 0.8994,
      "U_H1W": 0.8994,
      "U_H2": 0.8100000000000003,
      "U_H3": 0.8068000000000002,
      "U_H4": 0.8100000000000003,
      "dU_center": -0.0893999999999997,
      "dU_MAP_frozen": 0.0,
      "dU_gate_frozen": 0.0,
      "dU_gate_map": 0.0,
      "dU_init_bacc": 0.0,
      "U_H2_minus_H3": 0.0032000000000000917,
      "tau0": 1.0,
      "taus": 100.0,
      "gate": 1
    },
    "Full": {
      "U_H0": 0.81,
      "U_H1": 0.9299999999999999,
      "U_H1W": 0.9299999999999999,
      "U_H2": 0.81,
      "U_H3": 0.81,
      "U_H4": 0.81,
      "dU_center": -0.11999999999999988,
      "dU_MAP_frozen": 0.0,
      "dU_gate_frozen": 0.0,
      "dU_gate_map": 0.0,
      "dU_init_bacc": 0.0,
      "U_H2_minus_H3": 0.0,
      "tau0": 1.0,
      "taus": 100.0,
      "gate": 1
    }
  },
  "specificity": {
    "status": "ok",
    "rank": 8,
    "n_matched": 50,
    "n_tried": 1235,
    "informed_srcval": 0.599,
    "dGh_specific": {
      "ridge_k1": {
        "informed": 0.06979999999999995,
        "random_mean": 0.005804000000000008,
        "specific": 0.06399599999999994
      },
      "map_k1": {
        "informed": 0.019799999999999957,
        "random_mean": 0.005643999999999998,
        "specific": 0.014155999999999959
      },
      "ridge_k8": {
        "informed": 0.20499999999999996,
        "random_mean": 0.12936000000000003,
        "specific": 0.07563999999999993
      },
      "map_k8": {
        "informed": 0.09979999999999992,
        "random_mean": 0.043392,
        "specific": 0.05640799999999992
      },
      "ridge_kFull": {
        "informed": 0.26,
        "random_mean": 0.17479999999999996,
        "specific": 0.08520000000000005
      },
      "map_kFull": {
        "informed": 0.17999999999999994,
        "random_mean": 0.12539999999999998,
        "specific": 0.054599999999999954
      }
    }
  },
  "headroom": {
    "frozen_query_bacc": 0.81,
    "frozen_query_nll": 0.472281361967574,
    "fullcal_query_bacc": 0.9199999999999999,
    "fullcal_gain": 0.10999999999999988,
    "angle_Ws_Wt_deg": 35.59303054821911,
    "bias_displacement": 0.304299942421488,
    "direction_displacement": 8.391200604062142,
    "cal_cov_condition": 22.509011855024973,
    "class_prior_shift": 0.0,
    "cal_query_mean_drift": 0.8995865506487408
  },
  "tau0": {
    "1": 10.0,
    "2": 10.0,
    "4": 10.0,
    "8": 10.0,
    "16": 10.0,
    "32": 1.0,
    "Full": 1.0
  },
  "taus": {
    "1": 100.0,
    "2": 100.0,
    "4": 100.0,
    "8": 100.0,
    "16": 100.0,
    "32": 100.0,
    "Full": 100.0
  },
  "gate": {
    "1": 1,
    "2": 1,
    "4": 1,
    "8": 0,
    "16": 0,
    "32": 1,
    "Full": 1
  },
  "firewall": {
    "source_only_construction": true,
    "tau_source_only": true,
    "gate_source_only": true,
    "Ycal_used_for_head_adapt": true,
    "Yquery_used_for_selection": false,
    "Yquery_used_for_outcome": true
  }
}