{
  "dataset": "BNCI2014_004",
  "subject": "6",
  "seed": 2,
  "status": "ok",
  "C": 2,
  "n_cal": 120,
  "n_query": 600,
  "cal_session": [
    "0train"
  ],
  "query_sessions": [
    "1train",
    "2train",
    "3test",
    "4test"
  ],
  "n_draws": 50,
  "n_tau_draws": 10,
  "init_param_diff": 6.693235053888937e-06,
  "endpoints": {
    "1": {
      "U_H0": 0.7026041666666667,
      "U_H1": 0.5405416666666667,
      "U_H1W": 0.5405416666666667,
      "U_H2": 0.7036875,
      "U_H3": 0.6591875,
      "U_H4": 0.7036875,
      "dU_center": 0.16314583333333332,
      "dU_MAP_frozen": 0.001083333333333325,
      "dU_gate_frozen": 0.001083333333333325,
      "dU_gate_map": 0.0,
      "dU_init_bacc": 0.0,
      "U_H2_minus_H3": 0.044499999999999984,
      "tau0": 10.0,
      "taus": 100.0,
      "gate": 1
    },
    "2": {
      "U_H0": 0.7026041666666667,
      "U_H1": 0.5451666666666667,
      "U_H1W": 0.5451666666666667,
      "U_H2": 0.7077916666666667,
      "U_H3": 0.6760520833333333,
      "U_H4": 0.7077916666666667,
      "dU_center": 0.16262500000000002,
      "dU_MAP_frozen": 0.0051875000000000115,
      "dU_gate_frozen": 0.0051875000000000115,
      "dU_gate_map": 0.0,
      "dU_init_bacc": 0.0,
      "U_H2_minus_H3": 0.03173958333333338,
      "tau0": 10.0,
      "taus": 10.0,
      "gate": 1
    },
    "4": {
      "U_H0": 0.7026041666666667,
      "U_H1": 0.5692187500000001,
      "U_H1W": 0.5692187500000001,
      "U_H2": 0.7060520833333332,
      "U_H3": 0.6999583333333332,
      "U_H4": 0.7060520833333332,
      "dU_center": 0.13683333333333314,
      "dU_MAP_frozen": 0.0034479166666665506,
      "dU_gate_frozen": 0.0034479166666665506,
      "dU_gate_map": 0.0,
      "dU_init_bacc": 0.0,
      "U_H2_minus_H3": 0.006093750000000009,
      "tau0": 10.0,
      "taus": 10.0,
      "gate": 1
    },
    "8": {
      "U_H0": 0.7026041666666667,
      "U_H1": 0.5977916666666667,
      "U_H1W": 0.59775,
      "U_H2": 0.7070937499999999,
      "U_H3": 0.706875,
      "U_H4": 0.7070937499999999,
      "dU_center": 0.10930208333333313,
      "dU_MAP_frozen": 0.004489583333333158,
      "dU_gate_frozen": 0.004489583333333158,
      "dU_gate_map": 0.0,
      "dU_init_bacc": -4.166666666671759e-05,
      "U_H2_minus_H3": 0.00021874999999982325,
      "tau0": 10.0,
      "taus": 100.0,
      "gate": 1
    },
    "16": {
      "U_H0": 0.7026041666666667,
      "U_H1": 0.6317395833333334,
      "U_H1W": 0.6317395833333334,
      "U_H2": 0.7091875000000001,
      "U_H3": 0.7106354166666666,
      "U_H4": 0.7091875000000001,
      "dU_center": 0.07744791666666673,
      "dU_MAP_frozen": 0.0065833333333333854,
      "dU_gate_frozen": 0.0065833333333333854,
      "dU_gate_map": 0.0,
      "dU_init_bacc": 0.0,
      "U_H2_minus_H3": -0.0014479166666665488,
      "tau0": 10.0,
      "taus": 100.0,
      "gate": 1
    },
    "32": {
      "U_H0": 0.7026041666666667,
      "U_H1": 0.6704270833333332,
      "U_H1W": 0.6704270833333332,
      "U_H2": 0.7136145833333335,
      "U_H3": 0.7175000000000001,
      "U_H4": 0.7136145833333335,
      "dU_center": 0.04318750000000027,
      "dU_MAP_frozen": 0.0110104166666668,
      "dU_gate_frozen": 0.0110104166666668,
      "dU_gate_map": 0.0,
      "dU_init_bacc": 0.0,
      "U_H2_minus_H3": -0.003885416666666641,
      "tau0": 10.0,
      "taus": 10.0,
      "gate": 1
    },
    "Full": {
      "U_H0": 0.7026041666666667,
      "U_H1": 0.6875,
      "U_H1W": 0.6875,
      "U_H2": 0.7182291666666666,
      "U_H3": 0.7197916666666666,
      "U_H4": 0.7182291666666666,
      "dU_center": 0.030729166666666585,
      "dU_MAP_frozen": 0.015624999999999889,
      "dU_gate_frozen": 0.015624999999999889,
      "dU_gate_map": 0.0,
      "dU_init_bacc": 0.0,
      "U_H2_minus_H3": -0.0015625000000000222,
      "tau0": 10.0,
      "taus": 10.0,
      "gate": 1
    }
  },
  "specificity": {
    "status": "ok",
    "rank": 8,
    "n_matched": 50,
    "n_tried": 89,
    "informed_srcval": 0.6146294824236002,
    "dGh_specific": {
      "ridge_k1": {
        "informed": -0.07936458333333336,
        "random_mean": -0.09116624999999999,
        "specific": 0.011801666666666627
      },
      "map_k1": {
        "informed": -0.0002604166666666829,
        "random_mean": 0.0002237500000000033,
        "specific": -0.0004841666666666862
      },
      "ridge_k8": {
        "informed": -0.0310729166666667,
        "random_mean": -0.049983958333333335,
        "specific": 0.018911041666666635
      },
      "map_k8": {
        "informed": 0.003833333333333313,
        "random_mean": 0.003704583333333334,
        "specific": 0.00012874999999997914
      },
      "ridge_kFull": {
        "informed": 0.027083333333333348,
        "random_mean": 0.012437500000000006,
        "specific": 0.014645833333333342
      },
      "map_kFull": {
        "informed": 0.027604166666666652,
        "random_mean": 0.020770833333333336,
        "specific": 0.006833333333333316
      }
    }
  },
  "headroom": {
    "frozen_query_bacc": 0.7026041666666667,
    "frozen_query_nll": 0.5581084211201971,
    "fullcal_query_bacc": 0.6666666666666667,
    "fullcal_gain": -0.035937499999999956,
    "angle_Ws_Wt_deg": 30.228319479572537,
    "bias_displacement": 0.29863966778197404,
    "direction_displacement": 1.6897455708225169,
    "cal_cov_condition": 14.849365756238418,
    "class_prior_shift": 0.0,
    "cal_query_mean_drift": 0.5947108275113763
  },
  "tau0": {
    "1": 10.0,
    "2": 10.0,
    "4": 10.0,
    "8": 10.0,
    "16": 10.0,
    "32": 10.0,
    "Full": 10.0
  },
  "taus": {
    "1": 100.0,
    "2": 10.0,
    "4": 10.0,
    "8": 100.0,
    "16": 100.0,
    "32": 10.0,
    "Full": 10.0
  },
  "gate": {
    "1": 1,
    "2": 1,
    "4": 1,
    "8": 1,
    "16": 1,
    "32": 1,
    "Full": 1
  },
  "firewall": {
    "source_only_construction": true,
    "tau_source_only": true,
    "gate_source_only": true,
    "Ycal_used_for_head_adapt": true,
    "Yquery_used_for_selection": false,
    "Yquery_used_for_outcome": true
  }
}