{
  "dataset": "BNCI2014_004",
  "subject": "8",
  "seed": 1,
  "status": "ok",
  "C": 2,
  "n_cal": 160,
  "n_query": 600,
  "cal_session": [
    "0train"
  ],
  "query_sessions": [
    "1train",
    "2train",
    "3test",
    "4test"
  ],
  "n_draws": 50,
  "n_tau_draws": 10,
  "init_param_diff": 9.023435067015232e-06,
  "endpoints": {
    "1": {
      "U_H0": 0.7432291666666666,
      "U_H1": 0.5467604166666666,
      "U_H1W": 0.5467604166666666,
      "U_H2": 0.7404791666666667,
      "U_H3": 0.6783958333333334,
      "U_H4": 0.7432291666666666,
      "dU_center": 0.19371875000000005,
      "dU_MAP_frozen": -0.002749999999999919,
      "dU_gate_frozen": 0.0,
      "dU_gate_map": 0.002749999999999919,
      "dU_init_bacc": 0.0,
      "U_H2_minus_H3": 0.06208333333333327,
      "tau0": 10.0,
      "taus": 10.0,
      "gate": 0
    },
    "2": {
      "U_H0": 0.7432291666666666,
      "U_H1": 0.556625,
      "U_H1W": 0.556625,
      "U_H2": 0.7388854166666665,
      "U_H3": 0.6827395833333334,
      "U_H4": 0.7432291666666666,
      "dU_center": 0.18226041666666648,
      "dU_MAP_frozen": -0.004343750000000091,
      "dU_gate_frozen": 0.0,
      "dU_gate_map": 0.004343750000000091,
      "dU_init_bacc": 0.0,
      "U_H2_minus_H3": 0.05614583333333312,
      "tau0": 10.0,
      "taus": 10.0,
      "gate": 0
    },
    "4": {
      "U_H0": 0.7432291666666666,
      "U_H1": 0.5760416666666667,
      "U_H1W": 0.5760416666666667,
      "U_H2": 0.7356458333333333,
      "U_H3": 0.7104375,
      "U_H4": 0.7432291666666666,
      "dU_center": 0.15960416666666666,
      "dU_MAP_frozen": -0.007583333333333275,
      "dU_gate_frozen": 0.0,
      "dU_gate_map": 0.007583333333333275,
      "dU_init_bacc": 0.0,
      "U_H2_minus_H3": 0.025208333333333277,
      "tau0": 10.0,
      "taus": 10.0,
      "gate": 0
    },
    "8": {
      "U_H0": 0.7432291666666666,
      "U_H1": 0.6293854166666667,
      "U_H1W": 0.6293854166666667,
      "U_H2": 0.7445208333333333,
      "U_H3": 0.7335729166666667,
      "U_H4": 0.7445208333333333,
      "dU_center": 0.1151354166666666,
      "dU_MAP_frozen": 0.001291666666666691,
      "dU_gate_frozen": 0.001291666666666691,
      "dU_gate_map": 0.0,
      "dU_init_bacc": 0.0,
      "U_H2_minus_H3": 0.010947916666666613,
      "tau0": 10.0,
      "taus": 100.0,
      "gate": 1
    },
    "16": {
      "U_H0": 0.7432291666666666,
      "U_H1": 0.6545520833333334,
      "U_H1W": 0.6545520833333334,
      "U_H2": 0.7443645833333333,
      "U_H3": 0.7408437499999999,
      "U_H4": 0.7443645833333333,
      "dU_center": 0.08981249999999996,
      "dU_MAP_frozen": 0.001135416666666722,
      "dU_gate_frozen": 0.001135416666666722,
      "dU_gate_map": 0.0,
      "dU_init_bacc": 0.0,
      "U_H2_minus_H3": 0.0035208333333334174,
      "tau0": 10.0,
      "taus": 100.0,
      "gate": 1
    },
    "32": {
      "U_H0": 0.7432291666666666,
      "U_H1": 0.6903645833333334,
      "U_H1W": 0.6903229166666667,
      "U_H2": 0.7432291666666667,
      "U_H3": 0.74296875,
      "U_H4": 0.7432291666666667,
      "dU_center": 0.052864583333333326,
      "dU_MAP_frozen": 1.1102230246251565e-16,
      "dU_gate_frozen": 1.1102230246251565e-16,
      "dU_gate_map": 0.0,
      "dU_init_bacc": -4.166666666671759e-05,
      "U_H2_minus_H3": 0.0002604166666667629,
      "tau0": 10.0,
      "taus": 100.0,
      "gate": 1
    },
    "Full": {
      "U_H0": 0.7432291666666666,
      "U_H1": 0.7354166666666667,
      "U_H1W": 0.7354166666666667,
      "U_H2": 0.7442708333333333,
      "U_H3": 0.7432291666666666,
      "U_H4": 0.7442708333333333,
      "dU_center": 0.008854166666666607,
      "dU_MAP_frozen": 0.0010416666666667185,
      "dU_gate_frozen": 0.0010416666666667185,
      "dU_gate_map": 0.0,
      "dU_init_bacc": 0.0,
      "U_H2_minus_H3": 0.0010416666666667185,
      "tau0": 10.0,
      "taus": 100.0,
      "gate": 1
    }
  },
  "specificity": {
    "status": "ok",
    "rank": 8,
    "n_matched": 50,
    "n_tried": 834,
    "informed_srcval": 0.5173772301713478,
    "dGh_specific": {
      "ridge_k1": {
        "informed": -0.02009375000000005,
        "random_mean": -0.07790875000000001,
        "specific": 0.057814999999999964
      },
      "map_k1": {
        "informed": 0.0012395833333332718,
        "random_mean": -0.009038125,
        "specific": 0.01027770833333327
      },
      "ridge_k8": {
        "informed": 0.0230416666666666,
        "random_mean": -0.033521666666666665,
        "specific": 0.056563333333333264
      },
      "map_k8": {
        "informed": 0.018114583333333278,
        "random_mean": 0.007263125000000001,
        "specific": 0.010851458333333276
      },
      "ridge_kFull": {
        "informed": 0.07291666666666652,
        "random_mean": 0.055249999999999994,
        "specific": 0.017666666666666525
      },
      "map_kFull": {
        "informed": 0.09114583333333326,
        "random_mean": 0.04225,
        "specific": 0.048895833333333256
      }
    }
  },
  "headroom": {
    "frozen_query_bacc": 0.7432291666666666,
    "frozen_query_nll": 0.4995888669250398,
    "fullcal_query_bacc": 0.740625,
    "fullcal_gain": -0.0026041666666666297,
    "angle_Ws_Wt_deg": 44.05961568995965,
    "bias_displacement": 0.1186425191047358,
    "direction_displacement": 0.794721875178678,
    "cal_cov_condition": 22.186569209107574,
    "class_prior_shift": 0.0,
    "cal_query_mean_drift": 1.5149174094619688
  },
  "tau0": {
    "1": 10.0,
    "2": 10.0,
    "4": 10.0,
    "8": 10.0,
    "16": 10.0,
    "32": 10.0,
    "Full": 10.0
  },
  "taus": {
    "1": 10.0,
    "2": 10.0,
    "4": 10.0,
    "8": 100.0,
    "16": 100.0,
    "32": 100.0,
    "Full": 100.0
  },
  "gate": {
    "1": 0,
    "2": 0,
    "4": 0,
    "8": 1,
    "16": 1,
    "32": 1,
    "Full": 1
  },
  "firewall": {
    "source_only_construction": true,
    "tau_source_only": true,
    "gate_source_only": true,
    "Ycal_used_for_head_adapt": true,
    "Yquery_used_for_selection": false,
    "Yquery_used_for_outcome": true
  }
}