{
  "dataset": "BNCI2014_004",
  "subject": "3",
  "seed": 1,
  "status": "ok",
  "C": 2,
  "n_cal": 120,
  "n_query": 600,
  "cal_session": [
    "0train"
  ],
  "query_sessions": [
    "1train",
    "2train",
    "3test",
    "4test"
  ],
  "n_draws": 50,
  "n_tau_draws": 10,
  "init_param_diff": 9.760200458891253e-06,
  "endpoints": {
    "1": {
      "U_H0": 0.5203125000000001,
      "U_H1": 0.5041979166666667,
      "U_H1W": 0.5041979166666667,
      "U_H2": 0.5207708333333333,
      "U_H3": 0.5149062500000001,
      "U_H4": 0.5207708333333333,
      "dU_center": 0.016572916666666604,
      "dU_MAP_frozen": 0.00045833333333322734,
      "dU_gate_frozen": 0.00045833333333322734,
      "dU_gate_map": 0.0,
      "dU_init_bacc": 0.0,
      "U_H2_minus_H3": 0.005864583333333173,
      "tau0": 10.0,
      "taus": 100.0,
      "gate": 1
    },
    "2": {
      "U_H0": 0.5203125000000001,
      "U_H1": 0.5032083333333334,
      "U_H1W": 0.5032083333333334,
      "U_H2": 0.5208229166666667,
      "U_H3": 0.5139895833333333,
      "U_H4": 0.5208229166666667,
      "dU_center": 0.017614583333333322,
      "dU_MAP_frozen": 0.0005104166666666243,
      "dU_gate_frozen": 0.0005104166666666243,
      "dU_gate_map": 0.0,
      "dU_init_bacc": 0.0,
      "U_H2_minus_H3": 0.006833333333333358,
      "tau0": 10.0,
      "taus": 100.0,
      "gate": 1
    },
    "4": {
      "U_H0": 0.5203125000000001,
      "U_H1": 0.5075937500000001,
      "U_H1W": 0.5075937500000001,
      "U_H2": 0.521625,
      "U_H3": 0.5237812500000001,
      "U_H4": 0.521625,
      "dU_center": 0.01403124999999994,
      "dU_MAP_frozen": 0.0013124999999999387,
      "dU_gate_frozen": 0.0013124999999999387,
      "dU_gate_map": 0.0,
      "dU_init_bacc": 0.0,
      "U_H2_minus_H3": -0.0021562500000000817,
      "tau0": 10.0,
      "taus": 100.0,
      "gate": 1
    },
    "8": {
      "U_H0": 0.5203125000000001,
      "U_H1": 0.50315625,
      "U_H1W": 0.5031875,
      "U_H2": 0.5234270833333333,
      "U_H3": 0.5261458333333333,
      "U_H4": 0.5234270833333333,
      "dU_center": 0.02027083333333335,
      "dU_MAP_frozen": 0.003114583333333254,
      "dU_gate_frozen": 0.003114583333333254,
      "dU_gate_map": 0.0,
      "dU_init_bacc": 3.125000000003819e-05,
      "U_H2_minus_H3": -0.002718749999999992,
      "tau0": 10.0,
      "taus": 100.0,
      "gate": 1
    },
    "16": {
      "U_H0": 0.5203125000000001,
      "U_H1": 0.5092604166666667,
      "U_H1W": 0.5092604166666667,
      "U_H2": 0.5261250000000001,
      "U_H3": 0.5311875,
      "U_H4": 0.5261250000000001,
      "dU_center": 0.016864583333333405,
      "dU_MAP_frozen": 0.005812499999999998,
      "dU_gate_frozen": 0.005812499999999998,
      "dU_gate_map": 0.0,
      "dU_init_bacc": 0.0,
      "U_H2_minus_H3": -0.00506249999999997,
      "tau0": 10.0,
      "taus": 100.0,
      "gate": 1
    },
    "32": {
      "U_H0": 0.5203125000000001,
      "U_H1": 0.5220208333333334,
      "U_H1W": 0.5220208333333334,
      "U_H2": 0.5272083333333333,
      "U_H3": 0.5346770833333333,
      "U_H4": 0.5272083333333333,
      "dU_center": 0.0051874999999999005,
      "dU_MAP_frozen": 0.006895833333333212,
      "dU_gate_frozen": 0.006895833333333212,
      "dU_gate_map": 0.0,
      "dU_init_bacc": 0.0,
      "U_H2_minus_H3": -0.007468750000000024,
      "tau0": 10.0,
      "taus": 100.0,
      "gate": 1
    },
    "Full": {
      "U_H0": 0.5203125000000001,
      "U_H1": 0.5395833333333333,
      "U_H1W": 0.5395833333333333,
      "U_H2": 0.53125,
      "U_H3": 0.534375,
      "U_H4": 0.53125,
      "dU_center": -0.008333333333333304,
      "dU_MAP_frozen": 0.010937499999999933,
      "dU_gate_frozen": 0.010937499999999933,
      "dU_gate_map": 0.0,
      "dU_init_bacc": 0.0,
      "U_H2_minus_H3": -0.0031250000000000444,
      "tau0": 1.0,
      "taus": 100.0,
      "gate": 1
    }
  },
  "specificity": {
    "status": "ok",
    "rank": 8,
    "n_matched": 50,
    "n_tried": 92,
    "informed_srcval": 0.6271687864334924,
    "dGh_specific": {
      "ridge_k1": {
        "informed": 0.013718749999999984,
        "random_mean": -0.005786458333333328,
        "specific": 0.019505208333333312
      },
      "map_k1": {
        "informed": 0.0007916666666666617,
        "random_mean": -0.000171458333333329,
        "specific": 0.0009631249999999907
      },
      "ridge_k8": {
        "informed": 0.01876041666666665,
        "random_mean": -0.004406666666666664,
        "specific": 0.023167083333333314
      },
      "map_k8": {
        "informed": 0.0011666666666666503,
        "random_mean": 0.000382708333333337,
        "specific": 0.0007839583333333133
      },
      "ridge_kFull": {
        "informed": 0.024479166666666607,
        "random_mean": 0.00729166666666668,
        "specific": 0.01718749999999993
      },
      "map_kFull": {
        "informed": -0.0026041666666667407,
        "random_mean": 0.0031666666666666744,
        "specific": -0.005770833333333415
      }
    }
  },
  "headroom": {
    "frozen_query_bacc": 0.5203125000000001,
    "frozen_query_nll": 0.861447897494499,
    "fullcal_query_bacc": 0.5364583333333334,
    "fullcal_gain": 0.016145833333333304,
    "angle_Ws_Wt_deg": 60.99173897601116,
    "bias_displacement": 0.42530543575439145,
    "direction_displacement": 1.360010802836049,
    "cal_cov_condition": 15.395908270269159,
    "class_prior_shift": 0.0,
    "cal_query_mean_drift": 0.4846672115803592
  },
  "tau0": {
    "1": 10.0,
    "2": 10.0,
    "4": 10.0,
    "8": 10.0,
    "16": 10.0,
    "32": 10.0,
    "Full": 1.0
  },
  "taus": {
    "1": 100.0,
    "2": 100.0,
    "4": 100.0,
    "8": 100.0,
    "16": 100.0,
    "32": 100.0,
    "Full": 100.0
  },
  "gate": {
    "1": 1,
    "2": 1,
    "4": 1,
    "8": 1,
    "16": 1,
    "32": 1,
    "Full": 1
  },
  "firewall": {
    "source_only_construction": true,
    "tau_source_only": true,
    "gate_source_only": true,
    "Ycal_used_for_head_adapt": true,
    "Yquery_used_for_selection": false,
    "Yquery_used_for_outcome": true
  }
}