{
  "dataset": "Lee2019_MI",
  "subject": "14",
  "seed": 0,
  "status": "ok",
  "C": 2,
  "n_cal": 100,
  "n_query": 100,
  "cal_session": [
    "0"
  ],
  "query_sessions": [
    "1"
  ],
  "n_draws": 50,
  "n_tau_draws": 10,
  "init_param_diff": 9.009093723699574e-06,
  "endpoints": {
    "1": {
      "U_H0": 0.75,
      "U_H1": 0.5246,
      "U_H1W": 0.5246,
      "U_H2": 0.7406,
      "U_H3": 0.7018,
      "U_H4": 0.7406,
      "dU_center": 0.21600000000000008,
      "dU_MAP_frozen": -0.009399999999999964,
      "dU_gate_frozen": -0.009399999999999964,
      "dU_gate_map": 0.0,
      "dU_init_bacc": 0.0,
      "U_H2_minus_H3": 0.03880000000000006,
      "tau0": 1.0,
      "taus": 100.0,
      "gate": 1
    },
    "2": {
      "U_H0": 0.75,
      "U_H1": 0.5474,
      "U_H1W": 0.5474,
      "U_H2": 0.7396,
      "U_H3": 0.7185999999999999,
      "U_H4": 0.7396,
      "dU_center": 0.19220000000000004,
      "dU_MAP_frozen": -0.010399999999999965,
      "dU_gate_frozen": -0.010399999999999965,
      "dU_gate_map": 0.0,
      "dU_init_bacc": 0.0,
      "U_H2_minus_H3": 0.02100000000000013,
      "tau0": 10.0,
      "taus": 100.0,
      "gate": 1
    },
    "4": {
      "U_H0": 0.75,
      "U_H1": 0.5522,
      "U_H1W": 0.5522,
      "U_H2": 0.7411999999999999,
      "U_H3": 0.7246000000000001,
      "U_H4": 0.7411999999999999,
      "dU_center": 0.18899999999999983,
      "dU_MAP_frozen": -0.008800000000000141,
      "dU_gate_frozen": -0.008800000000000141,
      "dU_gate_map": 0.0,
      "dU_init_bacc": 0.0,
      "U_H2_minus_H3": 0.016599999999999726,
      "tau0": 10.0,
      "taus": 100.0,
      "gate": 1
    },
    "8": {
      "U_H0": 0.75,
      "U_H1": 0.5766,
      "U_H1W": 0.5766,
      "U_H2": 0.7442,
      "U_H3": 0.7364,
      "U_H4": 0.7442,
      "dU_center": 0.16759999999999997,
      "dU_MAP_frozen": -0.005800000000000027,
      "dU_gate_frozen": -0.005800000000000027,
      "dU_gate_map": 0.0,
      "dU_init_bacc": 0.0,
      "U_H2_minus_H3": 0.007799999999999918,
      "tau0": 10.0,
      "taus": 100.0,
      "gate": 1
    },
    "16": {
      "U_H0": 0.75,
      "U_H1": 0.6098,
      "U_H1W": 0.6098,
      "U_H2": 0.7465999999999999,
      "U_H3": 0.7386,
      "U_H4": 0.7465999999999999,
      "dU_center": 0.13679999999999992,
      "dU_MAP_frozen": -0.0034000000000000696,
      "dU_gate_frozen": -0.0034000000000000696,
      "dU_gate_map": 0.0,
      "dU_init_bacc": 0.0,
      "U_H2_minus_H3": 0.007999999999999896,
      "tau0": 10.0,
      "taus": 100.0,
      "gate": 1
    },
    "32": {
      "U_H0": 0.75,
      "U_H1": 0.6478,
      "U_H1W": 0.6478,
      "U_H2": 0.7536,
      "U_H3": 0.7414000000000001,
      "U_H4": 0.7536,
      "dU_center": 0.1058,
      "dU_MAP_frozen": 0.0036000000000000476,
      "dU_gate_frozen": 0.0036000000000000476,
      "dU_gate_map": 0.0,
      "dU_init_bacc": 0.0,
      "U_H2_minus_H3": 0.012199999999999989,
      "tau0": 10.0,
      "taus": 100.0,
      "gate": 1
    },
    "Full": {
      "U_H0": 0.75,
      "U_H1": 0.66,
      "U_H1W": 0.66,
      "U_H2": 0.76,
      "U_H3": 0.74,
      "U_H4": 0.76,
      "dU_center": 0.09999999999999998,
      "dU_MAP_frozen": 0.010000000000000009,
      "dU_gate_frozen": 0.010000000000000009,
      "dU_gate_map": 0.0,
      "dU_init_bacc": 0.0,
      "U_H2_minus_H3": 0.020000000000000018,
      "tau0": 1.0,
      "taus": 100.0,
      "gate": 1
    }
  },
  "specificity": {
    "status": "ok",
    "rank": 8,
    "n_matched": 50,
    "n_tried": 165,
    "informed_srcval": 0.6510000000000001,
    "dGh_specific": {
      "ridge_k1": {
        "informed": -0.14739999999999992,
        "random_mean": -0.099108,
        "specific": -0.04829199999999992
      },
      "map_k1": {
        "informed": 0.004400000000000048,
        "random_mean": -0.00024799999999999925,
        "specific": 0.004648000000000047
      },
      "ridge_k8": {
        "informed": -0.10699999999999993,
        "random_mean": -0.0742,
        "specific": -0.032799999999999926
      },
      "map_k8": {
        "informed": 0.004800000000000046,
        "random_mean": 0.00023999999999999903,
        "specific": 0.0045600000000000475
      },
      "ridge_kFull": {
        "informed": 0.020000000000000018,
        "random_mean": -0.026400000000000007,
        "specific": 0.046400000000000025
      },
      "map_kFull": {
        "informed": -0.029999999999999916,
        "random_mean": 0.004199999999999997,
        "specific": -0.03419999999999991
      }
    }
  },
  "headroom": {
    "frozen_query_bacc": 0.75,
    "frozen_query_nll": 0.5443817659770348,
    "fullcal_query_bacc": 0.74,
    "fullcal_gain": -0.010000000000000009,
    "angle_Ws_Wt_deg": 37.63453194988093,
    "bias_displacement": 1.4223209470994813,
    "direction_displacement": 2.3594028477450295,
    "cal_cov_condition": 15.348680823804763,
    "class_prior_shift": 0.0,
    "cal_query_mean_drift": 3.2578202652919552
  },
  "tau0": {
    "1": 1.0,
    "2": 10.0,
    "4": 10.0,
    "8": 10.0,
    "16": 10.0,
    "32": 10.0,
    "Full": 1.0
  },
  "taus": {
    "1": 100.0,
    "2": 100.0,
    "4": 100.0,
    "8": 100.0,
    "16": 100.0,
    "32": 100.0,
    "Full": 100.0
  },
  "gate": {
    "1": 1,
    "2": 1,
    "4": 1,
    "8": 1,
    "16": 1,
    "32": 1,
    "Full": 1
  },
  "firewall": {
    "source_only_construction": true,
    "tau_source_only": true,
    "gate_source_only": true,
    "Ycal_used_for_head_adapt": true,
    "Yquery_used_for_selection": false,
    "Yquery_used_for_outcome": true
  }
}