{
  "dataset": "Lee2019_MI",
  "subject": "2",
  "seed": 0,
  "status": "ok",
  "C": 2,
  "n_cal": 100,
  "n_query": 100,
  "cal_session": [
    "0"
  ],
  "query_sessions": [
    "1"
  ],
  "n_draws": 50,
  "n_tau_draws": 10,
  "init_param_diff": 5.199992513902456e-05,
  "endpoints": {
    "1": {
      "U_H0": 0.7400000000000001,
      "U_H1": 0.547,
      "U_H1W": 0.547,
      "U_H2": 0.7400000000000001,
      "U_H3": 0.622,
      "U_H4": 0.7400000000000001,
      "dU_center": 0.19300000000000006,
      "dU_MAP_frozen": 0.0,
      "dU_gate_frozen": 0.0,
      "dU_gate_map": 0.0,
      "dU_init_bacc": 0.0,
      "U_H2_minus_H3": 0.1180000000000001,
      "tau0": 10.0,
      "taus": 100.0,
      "gate": 1
    },
    "2": {
      "U_H0": 0.7400000000000001,
      "U_H1": 0.5488000000000001,
      "U_H1W": 0.5488000000000001,
      "U_H2": 0.7412000000000001,
      "U_H3": 0.6002000000000001,
      "U_H4": 0.7400000000000001,
      "dU_center": 0.19240000000000002,
      "dU_MAP_frozen": 0.0011999999999999789,
      "dU_gate_frozen": 0.0,
      "dU_gate_map": -0.0011999999999999789,
      "dU_init_bacc": 0.0,
      "U_H2_minus_H3": 0.14100000000000001,
      "tau0": 10.0,
      "taus": 100.0,
      "gate": 0
    },
    "4": {
      "U_H0": 0.7400000000000001,
      "U_H1": 0.5788,
      "U_H1W": 0.5788,
      "U_H2": 0.7446,
      "U_H3": 0.6316000000000002,
      "U_H4": 0.7446,
      "dU_center": 0.16580000000000006,
      "dU_MAP_frozen": 0.0045999999999999375,
      "dU_gate_frozen": 0.0045999999999999375,
      "dU_gate_map": 0.0,
      "dU_init_bacc": 0.0,
      "U_H2_minus_H3": 0.11299999999999988,
      "tau0": 10.0,
      "taus": 100.0,
      "gate": 1
    },
    "8": {
      "U_H0": 0.7400000000000001,
      "U_H1": 0.5856,
      "U_H1W": 0.5856,
      "U_H2": 0.7464000000000002,
      "U_H3": 0.633,
      "U_H4": 0.7464000000000002,
      "dU_center": 0.16080000000000017,
      "dU_MAP_frozen": 0.006400000000000072,
      "dU_gate_frozen": 0.006400000000000072,
      "dU_gate_map": 0.0,
      "dU_init_bacc": 0.0,
      "U_H2_minus_H3": 0.11340000000000017,
      "tau0": 10.0,
      "taus": 100.0,
      "gate": 1
    },
    "16": {
      "U_H0": 0.7400000000000001,
      "U_H1": 0.5964,
      "U_H1W": 0.5964,
      "U_H2": 0.7430000000000001,
      "U_H3": 0.6368,
      "U_H4": 0.7430000000000001,
      "dU_center": 0.14660000000000006,
      "dU_MAP_frozen": 0.0030000000000000027,
      "dU_gate_frozen": 0.0030000000000000027,
      "dU_gate_map": 0.0,
      "dU_init_bacc": 0.0,
      "U_H2_minus_H3": 0.10620000000000007,
      "tau0": 10.0,
      "taus": 100.0,
      "gate": 1
    },
    "32": {
      "U_H0": 0.7400000000000001,
      "U_H1": 0.6156,
      "U_H1W": 0.6156,
      "U_H2": 0.7482,
      "U_H3": 0.6396000000000001,
      "U_H4": 0.7482,
      "dU_center": 0.13259999999999994,
      "dU_MAP_frozen": 0.008199999999999874,
      "dU_gate_frozen": 0.008199999999999874,
      "dU_gate_map": 0.0,
      "dU_init_bacc": 0.0,
      "U_H2_minus_H3": 0.10859999999999992,
      "tau0": 1.0,
      "taus": 100.0,
      "gate": 1
    },
    "Full": {
      "U_H0": 0.74,
      "U_H1": 0.64,
      "U_H1W": 0.64,
      "U_H2": 0.74,
      "U_H3": 0.64,
      "U_H4": 0.74,
      "dU_center": 0.09999999999999998,
      "dU_MAP_frozen": 0.0,
      "dU_gate_frozen": 0.0,
      "dU_gate_map": 0.0,
      "dU_init_bacc": 0.0,
      "U_H2_minus_H3": 0.09999999999999998,
      "tau0": 1.0,
      "taus": 100.0,
      "gate": 1
    }
  },
  "specificity": {
    "status": "ok",
    "rank": 8,
    "n_matched": 50,
    "n_tried": 1749,
    "informed_srcval": 0.595,
    "dGh_specific": {
      "ridge_k1": {
        "informed": 0.044200000000000045,
        "random_mean": -0.029572,
        "specific": 0.07377200000000005
      },
      "map_k1": {
        "informed": 0.009600000000000008,
        "random_mean": -0.0009399999999999999,
        "specific": 0.010540000000000008
      },
      "ridge_k8": {
        "informed": 0.05280000000000005,
        "random_mean": -0.0041439999999999975,
        "specific": 0.05694400000000004
      },
      "map_k8": {
        "informed": 0.04200000000000003,
        "random_mean": -0.0013559999999999983,
        "specific": 0.043356000000000026
      },
      "ridge_kFull": {
        "informed": 0.040000000000000036,
        "random_mean": -0.0106,
        "specific": 0.050600000000000034
      },
      "map_kFull": {
        "informed": 0.040000000000000036,
        "random_mean": 0.00019999999999999684,
        "specific": 0.03980000000000004
      }
    }
  },
  "headroom": {
    "frozen_query_bacc": 0.74,
    "frozen_query_nll": 0.5160129472566786,
    "fullcal_query_bacc": 0.69,
    "fullcal_gain": -0.050000000000000044,
    "angle_Ws_Wt_deg": 29.77549310013237,
    "bias_displacement": 0.07026625159039254,
    "direction_displacement": 1.321618148992121,
    "cal_cov_condition": 31.886361018321224,
    "class_prior_shift": 0.0,
    "cal_query_mean_drift": 4.901303010686018
  },
  "tau0": {
    "1": 10.0,
    "2": 10.0,
    "4": 10.0,
    "8": 10.0,
    "16": 10.0,
    "32": 1.0,
    "Full": 1.0
  },
  "taus": {
    "1": 100.0,
    "2": 100.0,
    "4": 100.0,
    "8": 100.0,
    "16": 100.0,
    "32": 100.0,
    "Full": 100.0
  },
  "gate": {
    "1": 1,
    "2": 0,
    "4": 1,
    "8": 1,
    "16": 1,
    "32": 1,
    "Full": 1
  },
  "firewall": {
    "source_only_construction": true,
    "tau_source_only": true,
    "gate_source_only": true,
    "Ycal_used_for_head_adapt": true,
    "Yquery_used_for_selection": false,
    "Yquery_used_for_outcome": true
  }
}