{
  "dataset": "Lee2019_MI",
  "subject": "53",
  "seed": 0,
  "status": "ok",
  "C": 2,
  "n_cal": 100,
  "n_query": 100,
  "cal_session": [
    "0"
  ],
  "query_sessions": [
    "1"
  ],
  "n_draws": 50,
  "n_tau_draws": 10,
  "init_param_diff": 1.4179654012255195e-05,
  "endpoints": {
    "1": {
      "U_H0": 0.59,
      "U_H1": 0.51,
      "U_H1W": 0.51,
      "U_H2": 0.591,
      "U_H3": 0.5694,
      "U_H4": 0.59,
      "dU_center": 0.08099999999999996,
      "dU_MAP_frozen": 0.0010000000000000009,
      "dU_gate_frozen": 0.0,
      "dU_gate_map": -0.0010000000000000009,
      "dU_init_bacc": 0.0,
      "U_H2_minus_H3": 0.021599999999999953,
      "tau0": 10.0,
      "taus": 100.0,
      "gate": 0
    },
    "2": {
      "U_H0": 0.59,
      "U_H1": 0.5112,
      "U_H1W": 0.5112,
      "U_H2": 0.5922,
      "U_H3": 0.5912000000000001,
      "U_H4": 0.59,
      "dU_center": 0.08099999999999996,
      "dU_MAP_frozen": 0.0021999999999999797,
      "dU_gate_frozen": 0.0,
      "dU_gate_map": -0.0021999999999999797,
      "dU_init_bacc": 0.0,
      "U_H2_minus_H3": 0.0009999999999998899,
      "tau0": 10.0,
      "taus": 100.0,
      "gate": 0
    },
    "4": {
      "U_H0": 0.59,
      "U_H1": 0.5188000000000001,
      "U_H1W": 0.5188000000000001,
      "U_H2": 0.5936,
      "U_H3": 0.5890000000000001,
      "U_H4": 0.59,
      "dU_center": 0.07479999999999987,
      "dU_MAP_frozen": 0.0036000000000000476,
      "dU_gate_frozen": 0.0,
      "dU_gate_map": -0.0036000000000000476,
      "dU_init_bacc": 0.0,
      "U_H2_minus_H3": 0.0045999999999999375,
      "tau0": 10.0,
      "taus": 100.0,
      "gate": 0
    },
    "8": {
      "U_H0": 0.59,
      "U_H1": 0.5326,
      "U_H1W": 0.5326,
      "U_H2": 0.6015999999999999,
      "U_H3": 0.6102000000000001,
      "U_H4": 0.59,
      "dU_center": 0.06899999999999995,
      "dU_MAP_frozen": 0.011599999999999944,
      "dU_gate_frozen": 0.0,
      "dU_gate_map": -0.011599999999999944,
      "dU_init_bacc": 0.0,
      "U_H2_minus_H3": -0.008600000000000163,
      "tau0": 10.0,
      "taus": 100.0,
      "gate": 0
    },
    "16": {
      "U_H0": 0.59,
      "U_H1": 0.5266,
      "U_H1W": 0.5266,
      "U_H2": 0.6033999999999999,
      "U_H3": 0.6122,
      "U_H4": 0.59,
      "dU_center": 0.07679999999999998,
      "dU_MAP_frozen": 0.013399999999999967,
      "dU_gate_frozen": 0.0,
      "dU_gate_map": -0.013399999999999967,
      "dU_init_bacc": 0.0,
      "U_H2_minus_H3": -0.00880000000000003,
      "tau0": 10.0,
      "taus": 100.0,
      "gate": 0
    },
    "32": {
      "U_H0": 0.59,
      "U_H1": 0.5446,
      "U_H1W": 0.5446,
      "U_H2": 0.6064,
      "U_H3": 0.6144,
      "U_H4": 0.59,
      "dU_center": 0.06180000000000008,
      "dU_MAP_frozen": 0.01640000000000008,
      "dU_gate_frozen": 0.0,
      "dU_gate_map": -0.01640000000000008,
      "dU_init_bacc": 0.0,
      "U_H2_minus_H3": -0.007999999999999896,
      "tau0": 10.0,
      "taus": 100.0,
      "gate": 0
    },
    "Full": {
      "U_H0": 0.59,
      "U_H1": 0.5700000000000001,
      "U_H1W": 0.5700000000000001,
      "U_H2": 0.6,
      "U_H3": 0.6100000000000001,
      "U_H4": 0.59,
      "dU_center": 0.029999999999999916,
      "dU_MAP_frozen": 0.010000000000000009,
      "dU_gate_frozen": 0.0,
      "dU_gate_map": -0.010000000000000009,
      "dU_init_bacc": 0.0,
      "U_H2_minus_H3": -0.01000000000000012,
      "tau0": 1.0,
      "taus": 100.0,
      "gate": 0
    }
  },
  "specificity": {
    "status": "ok",
    "rank": 8,
    "n_matched": 50,
    "n_tried": 212,
    "informed_srcval": 0.663,
    "dGh_specific": {
      "ridge_k1": {
        "informed": -0.04540000000000002,
        "random_mean": -0.048424,
        "specific": 0.003023999999999985
      },
      "map_k1": {
        "informed": -0.0014000000000000013,
        "random_mean": 0.0001280000000000004,
        "specific": -0.0015280000000000016
      },
      "ridge_k8": {
        "informed": -0.014800000000000021,
        "random_mean": -0.030736000000000003,
        "specific": 0.01593599999999998
      },
      "map_k8": {
        "informed": 0.008800000000000007,
        "random_mean": 0.00018000000000000015,
        "specific": 0.008620000000000008
      },
      "ridge_kFull": {
        "informed": 0.050000000000000044,
        "random_mean": -0.02900000000000001,
        "specific": 0.07900000000000006
      },
      "map_kFull": {
        "informed": 0.030000000000000027,
        "random_mean": -0.006799999999999993,
        "specific": 0.03680000000000002
      }
    }
  },
  "headroom": {
    "frozen_query_bacc": 0.59,
    "frozen_query_nll": 0.7386769869356941,
    "fullcal_query_bacc": 0.53,
    "fullcal_gain": -0.05999999999999994,
    "angle_Ws_Wt_deg": 28.22187133212709,
    "bias_displacement": 0.9154595640640788,
    "direction_displacement": 1.157147857568512,
    "cal_cov_condition": 21.66290660180466,
    "class_prior_shift": 0.0,
    "cal_query_mean_drift": 3.7773381151928924
  },
  "tau0": {
    "1": 10.0,
    "2": 10.0,
    "4": 10.0,
    "8": 10.0,
    "16": 10.0,
    "32": 10.0,
    "Full": 1.0
  },
  "taus": {
    "1": 100.0,
    "2": 100.0,
    "4": 100.0,
    "8": 100.0,
    "16": 100.0,
    "32": 100.0,
    "Full": 100.0
  },
  "gate": {
    "1": 0,
    "2": 0,
    "4": 0,
    "8": 0,
    "16": 0,
    "32": 0,
    "Full": 0
  },
  "firewall": {
    "source_only_construction": true,
    "tau_source_only": true,
    "gate_source_only": true,
    "Ycal_used_for_head_adapt": true,
    "Yquery_used_for_selection": false,
    "Yquery_used_for_outcome": true
  }
}