{
  "dataset": "Lee2019_MI",
  "subject": "49",
  "seed": 2,
  "status": "ok",
  "C": 2,
  "n_cal": 100,
  "n_query": 100,
  "cal_session": [
    "0"
  ],
  "query_sessions": [
    "1"
  ],
  "n_draws": 50,
  "n_tau_draws": 10,
  "init_param_diff": 2.2323362544033558e-05,
  "endpoints": {
    "1": {
      "U_H0": 0.64,
      "U_H1": 0.5236,
      "U_H1W": 0.5236,
      "U_H2": 0.6374,
      "U_H3": 0.6115999999999999,
      "U_H4": 0.6374,
      "dU_center": 0.11380000000000001,
      "dU_MAP_frozen": -0.0026000000000000467,
      "dU_gate_frozen": -0.0026000000000000467,
      "dU_gate_map": 0.0,
      "dU_init_bacc": 0.0,
      "U_H2_minus_H3": 0.025800000000000045,
      "tau0": 10.0,
      "taus": 100.0,
      "gate": 1
    },
    "2": {
      "U_H0": 0.64,
      "U_H1": 0.542,
      "U_H1W": 0.542,
      "U_H2": 0.6372000000000001,
      "U_H3": 0.6168,
      "U_H4": 0.64,
      "dU_center": 0.09520000000000006,
      "dU_MAP_frozen": -0.0027999999999999137,
      "dU_gate_frozen": 0.0,
      "dU_gate_map": 0.0027999999999999137,
      "dU_init_bacc": 0.0,
      "U_H2_minus_H3": 0.020400000000000085,
      "tau0": 10.0,
      "taus": 100.0,
      "gate": 0
    },
    "4": {
      "U_H0": 0.64,
      "U_H1": 0.5488000000000001,
      "U_H1W": 0.5488000000000001,
      "U_H2": 0.6354,
      "U_H3": 0.6366,
      "U_H4": 0.64,
      "dU_center": 0.0865999999999999,
      "dU_MAP_frozen": -0.0046000000000000485,
      "dU_gate_frozen": 0.0,
      "dU_gate_map": 0.0046000000000000485,
      "dU_init_bacc": 0.0,
      "U_H2_minus_H3": -0.0012000000000000899,
      "tau0": 10.0,
      "taus": 100.0,
      "gate": 0
    },
    "8": {
      "U_H0": 0.64,
      "U_H1": 0.5691999999999999,
      "U_H1W": 0.5691999999999999,
      "U_H2": 0.6374,
      "U_H3": 0.6402,
      "U_H4": 0.6374,
      "dU_center": 0.06820000000000004,
      "dU_MAP_frozen": -0.0026000000000000467,
      "dU_gate_frozen": -0.0026000000000000467,
      "dU_gate_map": 0.0,
      "dU_init_bacc": 0.0,
      "U_H2_minus_H3": -0.0028000000000000247,
      "tau0": 10.0,
      "taus": 100.0,
      "gate": 1
    },
    "16": {
      "U_H0": 0.64,
      "U_H1": 0.5884,
      "U_H1W": 0.5884,
      "U_H2": 0.6457999999999999,
      "U_H3": 0.6426,
      "U_H4": 0.6457999999999999,
      "dU_center": 0.057399999999999896,
      "dU_MAP_frozen": 0.005799999999999916,
      "dU_gate_frozen": 0.005799999999999916,
      "dU_gate_map": 0.0,
      "dU_init_bacc": 0.0,
      "U_H2_minus_H3": 0.0031999999999999806,
      "tau0": 10.0,
      "taus": 100.0,
      "gate": 1
    },
    "32": {
      "U_H0": 0.64,
      "U_H1": 0.6536,
      "U_H1W": 0.6536,
      "U_H2": 0.6564,
      "U_H3": 0.6414,
      "U_H4": 0.6564,
      "dU_center": 0.0028000000000000247,
      "dU_MAP_frozen": 0.01639999999999997,
      "dU_gate_frozen": 0.01639999999999997,
      "dU_gate_map": 0.0,
      "dU_init_bacc": 0.0,
      "U_H2_minus_H3": 0.015000000000000013,
      "tau0": 1.0,
      "taus": 100.0,
      "gate": 1
    },
    "Full": {
      "U_H0": 0.64,
      "U_H1": 0.7,
      "U_H1W": 0.7,
      "U_H2": 0.65,
      "U_H3": 0.63,
      "U_H4": 0.65,
      "dU_center": -0.04999999999999993,
      "dU_MAP_frozen": 0.010000000000000009,
      "dU_gate_frozen": 0.010000000000000009,
      "dU_gate_map": 0.0,
      "dU_init_bacc": 0.0,
      "U_H2_minus_H3": 0.020000000000000018,
      "tau0": 1.0,
      "taus": 100.0,
      "gate": 1
    }
  },
  "specificity": {
    "status": "ok",
    "rank": 8,
    "n_matched": 50,
    "n_tried": 138,
    "informed_srcval": 0.687,
    "dGh_specific": {
      "ridge_k1": {
        "informed": -0.11119999999999998,
        "random_mean": -0.054347999999999994,
        "specific": -0.056851999999999986
      },
      "map_k1": {
        "informed": 0.0020000000000000018,
        "random_mean": 0.0010039999999999984,
        "specific": 0.0009960000000000034
      },
      "ridge_k8": {
        "informed": -0.07039999999999998,
        "random_mean": -0.028264,
        "specific": -0.04213599999999998
      },
      "map_k8": {
        "informed": 0.006999999999999993,
        "random_mean": 0.004355999999999998,
        "specific": 0.0026439999999999953
      },
      "ridge_kFull": {
        "informed": -0.029999999999999916,
        "random_mean": 0.02220000000000001,
        "specific": -0.05219999999999993
      },
      "map_kFull": {
        "informed": 0.030000000000000027,
        "random_mean": 0.015,
        "specific": 0.015000000000000027
      }
    }
  },
  "headroom": {
    "frozen_query_bacc": 0.64,
    "frozen_query_nll": 0.8250178291168104,
    "fullcal_query_bacc": 0.71,
    "fullcal_gain": 0.06999999999999995,
    "angle_Ws_Wt_deg": 37.010954721134965,
    "bias_displacement": 1.9033409360443359,
    "direction_displacement": 1.6491236038221966,
    "cal_cov_condition": 10.925327071815277,
    "class_prior_shift": 0.0,
    "cal_query_mean_drift": 0.9260942069314236
  },
  "tau0": {
    "1": 10.0,
    "2": 10.0,
    "4": 10.0,
    "8": 10.0,
    "16": 10.0,
    "32": 1.0,
    "Full": 1.0
  },
  "taus": {
    "1": 100.0,
    "2": 100.0,
    "4": 100.0,
    "8": 100.0,
    "16": 100.0,
    "32": 100.0,
    "Full": 100.0
  },
  "gate": {
    "1": 1,
    "2": 0,
    "4": 0,
    "8": 1,
    "16": 1,
    "32": 1,
    "Full": 1
  },
  "firewall": {
    "source_only_construction": true,
    "tau_source_only": true,
    "gate_source_only": true,
    "Ycal_used_for_head_adapt": true,
    "Yquery_used_for_selection": false,
    "Yquery_used_for_outcome": true
  }
}