{
  "dataset": "BNCI2014_004",
  "subject": "2",
  "seed": 1,
  "status": "ok",
  "C": 2,
  "n_cal": 120,
  "n_query": 560,
  "cal_session": [
    "0train"
  ],
  "query_sessions": [
    "1train",
    "2train",
    "3test",
    "4test"
  ],
  "n_draws": 50,
  "n_tau_draws": 10,
  "init_param_diff": 8.72807347798978e-06,
  "endpoints": {
    "1": {
      "U_H0": 0.5432291666666665,
      "U_H1": 0.5024166666666667,
      "U_H1W": 0.5024166666666667,
      "U_H2": 0.5488541666666668,
      "U_H3": 0.5316562499999999,
      "U_H4": 0.5488541666666668,
      "dU_center": 0.04643750000000002,
      "dU_MAP_frozen": 0.005625000000000213,
      "dU_gate_frozen": 0.005625000000000213,
      "dU_gate_map": 0.0,
      "dU_init_bacc": 0.0,
      "U_H2_minus_H3": 0.017197916666666813,
      "tau0": 10.0,
      "taus": 10.0,
      "gate": 1
    },
    "2": {
      "U_H0": 0.5432291666666665,
      "U_H1": 0.51015625,
      "U_H1W": 0.51015625,
      "U_H2": 0.5449375,
      "U_H3": 0.5344895833333333,
      "U_H4": 0.5432291666666665,
      "dU_center": 0.034781249999999986,
      "dU_MAP_frozen": 0.0017083333333334227,
      "dU_gate_frozen": 0.0,
      "dU_gate_map": -0.0017083333333334227,
      "dU_init_bacc": 0.0,
      "U_H2_minus_H3": 0.010447916666666668,
      "tau0": 10.0,
      "taus": 100.0,
      "gate": 0
    },
    "4": {
      "U_H0": 0.5432291666666665,
      "U_H1": 0.5209375,
      "U_H1W": 0.5209375,
      "U_H2": 0.5457916666666667,
      "U_H3": 0.5415312499999999,
      "U_H4": 0.5457916666666667,
      "dU_center": 0.02485416666666662,
      "dU_MAP_frozen": 0.002562500000000134,
      "dU_gate_frozen": 0.002562500000000134,
      "dU_gate_map": 0.0,
      "dU_init_bacc": 0.0,
      "U_H2_minus_H3": 0.0042604166666667664,
      "tau0": 10.0,
      "taus": 100.0,
      "gate": 1
    },
    "8": {
      "U_H0": 0.5432291666666665,
      "U_H1": 0.5167083333333333,
      "U_H1W": 0.5167083333333333,
      "U_H2": 0.5439270833333334,
      "U_H3": 0.5455,
      "U_H4": 0.5439270833333334,
      "dU_center": 0.02721875000000007,
      "dU_MAP_frozen": 0.0006979166666668535,
      "dU_gate_frozen": 0.0006979166666668535,
      "dU_gate_map": 0.0,
      "dU_init_bacc": 0.0,
      "U_H2_minus_H3": -0.0015729166666665906,
      "tau0": 10.0,
      "taus": 100.0,
      "gate": 1
    },
    "16": {
      "U_H0": 0.5432291666666665,
      "U_H1": 0.5239375,
      "U_H1W": 0.5239375,
      "U_H2": 0.5460833333333334,
      "U_H3": 0.5436979166666667,
      "U_H4": 0.5460833333333334,
      "dU_center": 0.02214583333333342,
      "dU_MAP_frozen": 0.002854166666666824,
      "dU_gate_frozen": 0.002854166666666824,
      "dU_gate_map": 0.0,
      "dU_init_bacc": 0.0,
      "U_H2_minus_H3": 0.0023854166666666954,
      "tau0": 10.0,
      "taus": 100.0,
      "gate": 1
    },
    "32": {
      "U_H0": 0.5432291666666665,
      "U_H1": 0.53209375,
      "U_H1W": 0.532125,
      "U_H2": 0.54825,
      "U_H3": 0.5461979166666667,
      "U_H4": 0.54825,
      "dU_center": 0.016156249999999983,
      "dU_MAP_frozen": 0.005020833333333474,
      "dU_gate_frozen": 0.005020833333333474,
      "dU_gate_map": 0.0,
      "dU_init_bacc": 3.124999999992717e-05,
      "U_H2_minus_H3": 0.0020520833333332877,
      "tau0": 10.0,
      "taus": 100.0,
      "gate": 1
    },
    "Full": {
      "U_H0": 0.5432291666666667,
      "U_H1": 0.5447916666666667,
      "U_H1W": 0.5447916666666667,
      "U_H2": 0.5489583333333333,
      "U_H3": 0.5458333333333333,
      "U_H4": 0.5489583333333333,
      "dU_center": 0.004166666666666652,
      "dU_MAP_frozen": 0.005729166666666674,
      "dU_gate_frozen": 0.005729166666666674,
      "dU_gate_map": 0.0,
      "dU_init_bacc": 0.0,
      "U_H2_minus_H3": 0.0031250000000000444,
      "tau0": 10.0,
      "taus": 100.0,
      "gate": 1
    }
  },
  "specificity": {
    "status": "ok",
    "rank": 8,
    "n_matched": 50,
    "n_tried": 86,
    "informed_srcval": 0.6465540540540541,
    "dGh_specific": {
      "ridge_k1": {
        "informed": -0.0305520833333334,
        "random_mean": -0.029532083333333334,
        "specific": -0.001020000000000066
      },
      "map_k1": {
        "informed": -0.006656250000000066,
        "random_mean": -8.625000000000733e-05,
        "specific": -0.006570000000000058
      },
      "ridge_k8": {
        "informed": -0.022687500000000062,
        "random_mean": -0.02000083333333334,
        "specific": -0.0026866666666667226
      },
      "map_k8": {
        "informed": -0.003687500000000079,
        "random_mean": 0.0014122916666666594,
        "specific": -0.0050997916666667385
      },
      "ridge_kFull": {
        "informed": 0.0015625000000000222,
        "random_mean": -0.0016875000000000006,
        "specific": 0.003250000000000023
      },
      "map_kFull": {
        "informed": -0.007812500000000111,
        "random_mean": 0.007489583333333327,
        "specific": -0.015302083333333438
      }
    }
  },
  "headroom": {
    "frozen_query_bacc": 0.5432291666666667,
    "frozen_query_nll": 0.7426785374561339,
    "fullcal_query_bacc": 0.515625,
    "fullcal_gain": -0.027604166666666652,
    "angle_Ws_Wt_deg": 89.12541715862966,
    "bias_displacement": 0.03774346247071202,
    "direction_displacement": 1.6420968780757144,
    "cal_cov_condition": 9.393077903592427,
    "class_prior_shift": 0.0,
    "cal_query_mean_drift": 0.8733192941618588
  },
  "tau0": {
    "1": 10.0,
    "2": 10.0,
    "4": 10.0,
    "8": 10.0,
    "16": 10.0,
    "32": 10.0,
    "Full": 10.0
  },
  "taus": {
    "1": 10.0,
    "2": 100.0,
    "4": 100.0,
    "8": 100.0,
    "16": 100.0,
    "32": 100.0,
    "Full": 100.0
  },
  "gate": {
    "1": 1,
    "2": 0,
    "4": 1,
    "8": 1,
    "16": 1,
    "32": 1,
    "Full": 1
  },
  "firewall": {
    "source_only_construction": true,
    "tau_source_only": true,
    "gate_source_only": true,
    "Ycal_used_for_head_adapt": true,
    "Yquery_used_for_selection": false,
    "Yquery_used_for_outcome": true
  }
}