{
  "dataset": "Lee2019_MI",
  "subject": "11",
  "seed": 1,
  "status": "ok",
  "C": 2,
  "n_cal": 100,
  "n_query": 100,
  "cal_session": [
    "0"
  ],
  "query_sessions": [
    "1"
  ],
  "n_draws": 50,
  "n_tau_draws": 10,
  "init_param_diff": 2.8118626212287253e-05,
  "endpoints": {
    "1": {
      "U_H0": 0.5300000000000001,
      "U_H1": 0.49940000000000007,
      "U_H1W": 0.49940000000000007,
      "U_H2": 0.5196000000000001,
      "U_H3": 0.5114,
      "U_H4": 0.5196000000000001,
      "dU_center": 0.020199999999999996,
      "dU_MAP_frozen": -0.010400000000000076,
      "dU_gate_frozen": -0.010400000000000076,
      "dU_gate_map": 0.0,
      "dU_init_bacc": 0.0,
      "U_H2_minus_H3": 0.008200000000000096,
      "tau0": 1.0,
      "taus": 100.0,
      "gate": 1
    },
    "2": {
      "U_H0": 0.5300000000000001,
      "U_H1": 0.49739999999999995,
      "U_H1W": 0.49739999999999995,
      "U_H2": 0.5124,
      "U_H3": 0.5159999999999999,
      "U_H4": 0.5300000000000001,
      "dU_center": 0.015000000000000013,
      "dU_MAP_frozen": -0.01760000000000017,
      "dU_gate_frozen": 0.0,
      "dU_gate_map": 0.01760000000000017,
      "dU_init_bacc": 0.0,
      "U_H2_minus_H3": -0.0035999999999999366,
      "tau0": 10.0,
      "taus": 100.0,
      "gate": 0
    },
    "4": {
      "U_H0": 0.5300000000000001,
      "U_H1": 0.502,
      "U_H1W": 0.502,
      "U_H2": 0.5086,
      "U_H3": 0.5177999999999999,
      "U_H4": 0.5086,
      "dU_center": 0.00660000000000005,
      "dU_MAP_frozen": -0.021400000000000086,
      "dU_gate_frozen": -0.021400000000000086,
      "dU_gate_map": 0.0,
      "dU_init_bacc": 0.0,
      "U_H2_minus_H3": -0.009199999999999875,
      "tau0": 10.0,
      "taus": 100.0,
      "gate": 1
    },
    "8": {
      "U_H0": 0.5300000000000001,
      "U_H1": 0.5065999999999999,
      "U_H1W": 0.5065999999999999,
      "U_H2": 0.5072,
      "U_H3": 0.5228,
      "U_H4": 0.5072,
      "dU_center": 0.0006000000000000449,
      "dU_MAP_frozen": -0.022800000000000153,
      "dU_gate_frozen": -0.022800000000000153,
      "dU_gate_map": 0.0,
      "dU_init_bacc": 0.0,
      "U_H2_minus_H3": -0.015600000000000058,
      "tau0": 10.0,
      "taus": 100.0,
      "gate": 1
    },
    "16": {
      "U_H0": 0.5300000000000001,
      "U_H1": 0.5001999999999999,
      "U_H1W": 0.5001999999999999,
      "U_H2": 0.5064000000000001,
      "U_H3": 0.5429999999999999,
      "U_H4": 0.5064000000000001,
      "dU_center": 0.006200000000000205,
      "dU_MAP_frozen": -0.023600000000000065,
      "dU_gate_frozen": -0.023600000000000065,
      "dU_gate_map": 0.0,
      "dU_init_bacc": 0.0,
      "U_H2_minus_H3": -0.036599999999999855,
      "tau0": 10.0,
      "taus": 100.0,
      "gate": 1
    },
    "32": {
      "U_H0": 0.5300000000000001,
      "U_H1": 0.48639999999999994,
      "U_H1W": 0.48619999999999997,
      "U_H2": 0.499,
      "U_H3": 0.553,
      "U_H4": 0.499,
      "dU_center": 0.012600000000000056,
      "dU_MAP_frozen": -0.03100000000000014,
      "dU_gate_frozen": -0.03100000000000014,
      "dU_gate_map": 0.0,
      "dU_init_bacc": -0.00019999999999997797,
      "U_H2_minus_H3": -0.05400000000000005,
      "tau0": 1.0,
      "taus": 100.0,
      "gate": 1
    },
    "Full": {
      "U_H0": 0.53,
      "U_H1": 0.45999999999999996,
      "U_H1W": 0.45999999999999996,
      "U_H2": 0.51,
      "U_H3": 0.55,
      "U_H4": 0.51,
      "dU_center": 0.050000000000000044,
      "dU_MAP_frozen": -0.020000000000000018,
      "dU_gate_frozen": -0.020000000000000018,
      "dU_gate_map": 0.0,
      "dU_init_bacc": 0.0,
      "U_H2_minus_H3": -0.040000000000000036,
      "tau0": 1.0,
      "taus": 100.0,
      "gate": 1
    }
  },
  "specificity": {
    "status": "ok",
    "rank": 8,
    "n_matched": 50,
    "n_tried": 120,
    "informed_srcval": 0.716,
    "dGh_specific": {
      "ridge_k1": {
        "informed": 0.03600000000000003,
        "random_mean": -0.023196000000000012,
        "specific": 0.05919600000000004
      },
      "map_k1": {
        "informed": 0.006000000000000009,
        "random_mean": -0.0005440000000000014,
        "specific": 0.00654400000000001
      },
      "ridge_k8": {
        "informed": 0.033800000000000024,
        "random_mean": -0.024672000000000013,
        "specific": 0.05847200000000004
      },
      "map_k8": {
        "informed": 0.011000000000000015,
        "random_mean": -0.001316000000000002,
        "specific": 0.012316000000000018
      },
      "ridge_kFull": {
        "informed": 0.030000000000000027,
        "random_mean": -0.03760000000000001,
        "specific": 0.06760000000000004
      },
      "map_kFull": {
        "informed": 0.030000000000000027,
        "random_mean": -0.004400000000000006,
        "specific": 0.034400000000000035
      }
    }
  },
  "headroom": {
    "frozen_query_bacc": 0.53,
    "frozen_query_nll": 0.7861308133324784,
    "fullcal_query_bacc": 0.45,
    "fullcal_gain": -0.08000000000000002,
    "angle_Ws_Wt_deg": 50.31325482956731,
    "bias_displacement": 0.06961960747234683,
    "direction_displacement": 1.7211931171488906,
    "cal_cov_condition": 16.608363448802738,
    "class_prior_shift": 0.0,
    "cal_query_mean_drift": 1.883582993306787
  },
  "tau0": {
    "1": 1.0,
    "2": 10.0,
    "4": 10.0,
    "8": 10.0,
    "16": 10.0,
    "32": 1.0,
    "Full": 1.0
  },
  "taus": {
    "1": 100.0,
    "2": 100.0,
    "4": 100.0,
    "8": 100.0,
    "16": 100.0,
    "32": 100.0,
    "Full": 100.0
  },
  "gate": {
    "1": 1,
    "2": 0,
    "4": 1,
    "8": 1,
    "16": 1,
    "32": 1,
    "Full": 1
  },
  "firewall": {
    "source_only_construction": true,
    "tau_source_only": true,
    "gate_source_only": true,
    "Ycal_used_for_head_adapt": true,
    "Yquery_used_for_selection": false,
    "Yquery_used_for_outcome": true
  }
}