{
  "dataset": "Lee2019_MI",
  "subject": "22",
  "seed": 2,
  "status": "ok",
  "C": 2,
  "n_cal": 100,
  "n_query": 100,
  "cal_session": [
    "0"
  ],
  "query_sessions": [
    "1"
  ],
  "n_draws": 50,
  "n_tau_draws": 10,
  "init_param_diff": 9.732112636530751e-06,
  "endpoints": {
    "1": {
      "U_H0": 0.7599999999999999,
      "U_H1": 0.5366,
      "U_H1W": 0.5366,
      "U_H2": 0.7613999999999999,
      "U_H3": 0.6609999999999999,
      "U_H4": 0.7599999999999999,
      "dU_center": 0.2247999999999999,
      "dU_MAP_frozen": 0.0013999999999999568,
      "dU_gate_frozen": 0.0,
      "dU_gate_map": -0.0013999999999999568,
      "dU_init_bacc": 0.0,
      "U_H2_minus_H3": 0.10039999999999993,
      "tau0": 10.0,
      "taus": 100.0,
      "gate": 0
    },
    "2": {
      "U_H0": 0.7599999999999999,
      "U_H1": 0.5482,
      "U_H1W": 0.5482,
      "U_H2": 0.7605999999999998,
      "U_H3": 0.6586000000000002,
      "U_H4": 0.7599999999999999,
      "dU_center": 0.2123999999999998,
      "dU_MAP_frozen": 0.0005999999999999339,
      "dU_gate_frozen": 0.0,
      "dU_gate_map": -0.0005999999999999339,
      "dU_init_bacc": 0.0,
      "U_H2_minus_H3": 0.10199999999999965,
      "tau0": 10.0,
      "taus": 100.0,
      "gate": 0
    },
    "4": {
      "U_H0": 0.7599999999999999,
      "U_H1": 0.5678,
      "U_H1W": 0.5678,
      "U_H2": 0.7615999999999998,
      "U_H3": 0.6559999999999999,
      "U_H4": 0.7599999999999999,
      "dU_center": 0.19379999999999986,
      "dU_MAP_frozen": 0.0015999999999999348,
      "dU_gate_frozen": 0.0,
      "dU_gate_map": -0.0015999999999999348,
      "dU_init_bacc": 0.0,
      "U_H2_minus_H3": 0.10559999999999992,
      "tau0": 10.0,
      "taus": 100.0,
      "gate": 0
    },
    "8": {
      "U_H0": 0.7599999999999999,
      "U_H1": 0.5866,
      "U_H1W": 0.5866,
      "U_H2": 0.7594,
      "U_H3": 0.657,
      "U_H4": 0.7594,
      "dU_center": 0.17279999999999995,
      "dU_MAP_frozen": -0.0005999999999999339,
      "dU_gate_frozen": -0.0005999999999999339,
      "dU_gate_map": 0.0,
      "dU_init_bacc": 0.0,
      "U_H2_minus_H3": 0.10239999999999994,
      "tau0": 10.0,
      "taus": 100.0,
      "gate": 1
    },
    "16": {
      "U_H0": 0.7599999999999999,
      "U_H1": 0.5973999999999999,
      "U_H1W": 0.5973999999999999,
      "U_H2": 0.7548,
      "U_H3": 0.6572,
      "U_H4": 0.7548,
      "dU_center": 0.1574000000000001,
      "dU_MAP_frozen": -0.005199999999999871,
      "dU_gate_frozen": -0.005199999999999871,
      "dU_gate_map": 0.0,
      "dU_init_bacc": 0.0,
      "U_H2_minus_H3": 0.09760000000000002,
      "tau0": 10.0,
      "taus": 100.0,
      "gate": 1
    },
    "32": {
      "U_H0": 0.7599999999999999,
      "U_H1": 0.6265999999999999,
      "U_H1W": 0.6268,
      "U_H2": 0.7678000000000001,
      "U_H3": 0.6611999999999999,
      "U_H4": 0.7678000000000001,
      "dU_center": 0.14120000000000021,
      "dU_MAP_frozen": 0.007800000000000251,
      "dU_gate_frozen": 0.007800000000000251,
      "dU_gate_map": 0.0,
      "dU_init_bacc": 0.000200000000000089,
      "U_H2_minus_H3": 0.10660000000000025,
      "tau0": 10.0,
      "taus": 100.0,
      "gate": 1
    },
    "Full": {
      "U_H0": 0.76,
      "U_H1": 0.7,
      "U_H1W": 0.7,
      "U_H2": 0.78,
      "U_H3": 0.66,
      "U_H4": 0.78,
      "dU_center": 0.08000000000000007,
      "dU_MAP_frozen": 0.020000000000000018,
      "dU_gate_frozen": 0.020000000000000018,
      "dU_gate_map": 0.0,
      "dU_init_bacc": 0.0,
      "U_H2_minus_H3": 0.12,
      "tau0": 1.0,
      "taus": 100.0,
      "gate": 1
    }
  },
  "specificity": {
    "status": "ok",
    "rank": 8,
    "n_matched": 50,
    "n_tried": 188,
    "informed_srcval": 0.682,
    "dGh_specific": {
      "ridge_k1": {
        "informed": -0.09639999999999997,
        "random_mean": -0.09684799999999998,
        "specific": 0.00044800000000000395
      },
      "map_k1": {
        "informed": -0.001199999999999992,
        "random_mean": 0.0011359999999999988,
        "specific": -0.002335999999999991
      },
      "ridge_k8": {
        "informed": -0.06439999999999997,
        "random_mean": -0.065324,
        "specific": 0.000924000000000022
      },
      "map_k8": {
        "informed": 0.01760000000000001,
        "random_mean": 0.0013599999999999992,
        "specific": 0.01624000000000001
      },
      "ridge_kFull": {
        "informed": -0.010000000000000009,
        "random_mean": -0.037399999999999996,
        "specific": 0.027399999999999987
      },
      "map_kFull": {
        "informed": 0.020000000000000018,
        "random_mean": -0.005199999999999994,
        "specific": 0.02520000000000001
      }
    }
  },
  "headroom": {
    "frozen_query_bacc": 0.76,
    "frozen_query_nll": 0.4831147786288215,
    "fullcal_query_bacc": 0.71,
    "fullcal_gain": -0.050000000000000044,
    "angle_Ws_Wt_deg": 36.6777612601088,
    "bias_displacement": 2.0035677474914095,
    "direction_displacement": 4.058460449029241,
    "cal_cov_condition": 13.757119821697865,
    "class_prior_shift": 0.0,
    "cal_query_mean_drift": 2.6682552845480014
  },
  "tau0": {
    "1": 10.0,
    "2": 10.0,
    "4": 10.0,
    "8": 10.0,
    "16": 10.0,
    "32": 10.0,
    "Full": 1.0
  },
  "taus": {
    "1": 100.0,
    "2": 100.0,
    "4": 100.0,
    "8": 100.0,
    "16": 100.0,
    "32": 100.0,
    "Full": 100.0
  },
  "gate": {
    "1": 0,
    "2": 0,
    "4": 0,
    "8": 1,
    "16": 1,
    "32": 1,
    "Full": 1
  },
  "firewall": {
    "source_only_construction": true,
    "tau_source_only": true,
    "gate_source_only": true,
    "Ycal_used_for_head_adapt": true,
    "Yquery_used_for_selection": false,
    "Yquery_used_for_outcome": true
  }
}