{
  "dataset": "BNCI2015_001",
  "subject": "8",
  "seed": 2,
  "status": "ok",
  "C": 2,
  "n_cal": 200,
  "n_query": 400,
  "cal_session": [
    "0A"
  ],
  "query_sessions": [
    "1B",
    "2C"
  ],
  "n_draws": 50,
  "n_tau_draws": 10,
  "init_param_diff": 5.9775926484806906e-05,
  "endpoints": {
    "1": {
      "U_H0": 0.565,
      "U_H1": 0.5098,
      "U_H1W": 0.5098,
      "U_H2": 0.56625,
      "U_H3": 0.5436000000000001,
      "U_H4": 0.56625,
      "dU_center": 0.05645,
      "dU_MAP_frozen": 0.0012500000000000844,
      "dU_gate_frozen": 0.0012500000000000844,
      "dU_gate_map": 0.0,
      "dU_init_bacc": 0.0,
      "U_H2_minus_H3": 0.022649999999999948,
      "tau0": 1.0,
      "taus": 10.0,
      "gate": 1
    },
    "2": {
      "U_H0": 0.565,
      "U_H1": 0.51835,
      "U_H1W": 0.51835,
      "U_H2": 0.565,
      "U_H3": 0.5504,
      "U_H4": 0.565,
      "dU_center": 0.04664999999999997,
      "dU_MAP_frozen": 0.0,
      "dU_gate_frozen": 0.0,
      "dU_gate_map": 0.0,
      "dU_init_bacc": 0.0,
      "U_H2_minus_H3": 0.014599999999999946,
      "tau0": 1.0,
      "taus": 10.0,
      "gate": 1
    },
    "4": {
      "U_H0": 0.565,
      "U_H1": 0.5158,
      "U_H1W": 0.5158,
      "U_H2": 0.5689500000000001,
      "U_H3": 0.5683,
      "U_H4": 0.5689500000000001,
      "dU_center": 0.05315000000000003,
      "dU_MAP_frozen": 0.00395000000000012,
      "dU_gate_frozen": 0.00395000000000012,
      "dU_gate_map": 0.0,
      "dU_init_bacc": 0.0,
      "U_H2_minus_H3": 0.0006500000000000394,
      "tau0": 1.0,
      "taus": 10.0,
      "gate": 1
    },
    "8": {
      "U_H0": 0.565,
      "U_H1": 0.51805,
      "U_H1W": 0.518,
      "U_H2": 0.5674,
      "U_H3": 0.5657000000000001,
      "U_H4": 0.5674,
      "dU_center": 0.049350000000000005,
      "dU_MAP_frozen": 0.0024000000000000687,
      "dU_gate_frozen": 0.0024000000000000687,
      "dU_gate_map": 0.0,
      "dU_init_bacc": -4.999999999999449e-05,
      "U_H2_minus_H3": 0.0016999999999999238,
      "tau0": 1.0,
      "taus": 10.0,
      "gate": 1
    },
    "16": {
      "U_H0": 0.565,
      "U_H1": 0.5352,
      "U_H1W": 0.5352,
      "U_H2": 0.5676000000000001,
      "U_H3": 0.5731,
      "U_H4": 0.5676000000000001,
      "dU_center": 0.032400000000000095,
      "dU_MAP_frozen": 0.0026000000000001577,
      "dU_gate_frozen": 0.0026000000000001577,
      "dU_gate_map": 0.0,
      "dU_init_bacc": 0.0,
      "U_H2_minus_H3": -0.005499999999999949,
      "tau0": 1.0,
      "taus": 10.0,
      "gate": 1
    },
    "32": {
      "U_H0": 0.565,
      "U_H1": 0.54935,
      "U_H1W": 0.54935,
      "U_H2": 0.56815,
      "U_H3": 0.57175,
      "U_H4": 0.56815,
      "dU_center": 0.01880000000000004,
      "dU_MAP_frozen": 0.003150000000000097,
      "dU_gate_frozen": 0.003150000000000097,
      "dU_gate_map": 0.0,
      "dU_init_bacc": 0.0,
      "U_H2_minus_H3": -0.0035999999999999366,
      "tau0": 1.0,
      "taus": 10.0,
      "gate": 1
    },
    "Full": {
      "U_H0": 0.565,
      "U_H1": 0.5925,
      "U_H1W": 0.5925,
      "U_H2": 0.5775,
      "U_H3": 0.5774999999999999,
      "U_H4": 0.5775,
      "dU_center": -0.015000000000000013,
      "dU_MAP_frozen": 0.012500000000000067,
      "dU_gate_frozen": 0.012500000000000067,
      "dU_gate_map": 0.0,
      "dU_init_bacc": 0.0,
      "U_H2_minus_H3": 1.1102230246251565e-16,
      "tau0": 1.0,
      "taus": 10.0,
      "gate": 1
    }
  },
  "specificity": {
    "status": "ok",
    "rank": 8,
    "n_matched": 50,
    "n_tried": 559,
    "informed_srcval": 0.6335,
    "dGh_specific": {
      "ridge_k1": {
        "informed": -0.05159999999999995,
        "random_mean": -0.015473999999999995,
        "specific": -0.03612599999999996
      },
      "map_k1": {
        "informed": 0.0019500000000000628,
        "random_mean": 0.0003830000000000068,
        "specific": 0.001567000000000056
      },
      "ridge_k8": {
        "informed": -0.06564999999999994,
        "random_mean": -0.011719999999999994,
        "specific": -0.05392999999999995
      },
      "map_k8": {
        "informed": -0.027699999999999926,
        "random_mean": -0.00046099999999999494,
        "specific": -0.02723899999999993
      },
      "ridge_kFull": {
        "informed": -0.07249999999999995,
        "random_mean": 0.00835000000000001,
        "specific": -0.08084999999999996
      },
      "map_kFull": {
        "informed": -0.05749999999999994,
        "random_mean": 0.009150000000000002,
        "specific": -0.06664999999999995
      }
    }
  },
  "headroom": {
    "frozen_query_bacc": 0.565,
    "frozen_query_nll": 0.82703949662103,
    "fullcal_query_bacc": 0.6000000000000001,
    "fullcal_gain": 0.03500000000000014,
    "angle_Ws_Wt_deg": 33.44588522968934,
    "bias_displacement": 0.7648140492770236,
    "direction_displacement": 1.3365078423584669,
    "cal_cov_condition": 13.303034078359412,
    "class_prior_shift": 0.0,
    "cal_query_mean_drift": 0.9389004317380396
  },
  "tau0": {
    "1": 1.0,
    "2": 1.0,
    "4": 1.0,
    "8": 1.0,
    "16": 1.0,
    "32": 1.0,
    "Full": 1.0
  },
  "taus": {
    "1": 10.0,
    "2": 10.0,
    "4": 10.0,
    "8": 10.0,
    "16": 10.0,
    "32": 10.0,
    "Full": 10.0
  },
  "gate": {
    "1": 1,
    "2": 1,
    "4": 1,
    "8": 1,
    "16": 1,
    "32": 1,
    "Full": 1
  },
  "firewall": {
    "source_only_construction": true,
    "tau_source_only": true,
    "gate_source_only": true,
    "Ycal_used_for_head_adapt": true,
    "Yquery_used_for_selection": false,
    "Yquery_used_for_outcome": true
  }
}