{
  "dataset": "Lee2019_MI",
  "subject": "23",
  "seed": 2,
  "status": "ok",
  "C": 2,
  "n_cal": 100,
  "n_query": 100,
  "cal_session": [
    "0"
  ],
  "query_sessions": [
    "1"
  ],
  "n_draws": 50,
  "n_tau_draws": 10,
  "init_param_diff": 2.3847991762045915e-05,
  "endpoints": {
    "1": {
      "U_H0": 0.7400000000000001,
      "U_H1": 0.542,
      "U_H1W": 0.542,
      "U_H2": 0.7394,
      "U_H3": 0.6906,
      "U_H4": 0.7394,
      "dU_center": 0.1973999999999999,
      "dU_MAP_frozen": -0.000600000000000156,
      "dU_gate_frozen": -0.000600000000000156,
      "dU_gate_map": 0.0,
      "dU_init_bacc": 0.0,
      "U_H2_minus_H3": 0.048799999999999955,
      "tau0": 10.0,
      "taus": 100.0,
      "gate": 1
    },
    "2": {
      "U_H0": 0.7400000000000001,
      "U_H1": 0.5691999999999999,
      "U_H1W": 0.5691999999999999,
      "U_H2": 0.7394,
      "U_H3": 0.6851999999999999,
      "U_H4": 0.7394,
      "dU_center": 0.17020000000000002,
      "dU_MAP_frozen": -0.000600000000000156,
      "dU_gate_frozen": -0.000600000000000156,
      "dU_gate_map": 0.0,
      "dU_init_bacc": 0.0,
      "U_H2_minus_H3": 0.054200000000000026,
      "tau0": 10.0,
      "taus": 100.0,
      "gate": 1
    },
    "4": {
      "U_H0": 0.7400000000000001,
      "U_H1": 0.5782,
      "U_H1W": 0.5782,
      "U_H2": 0.7414000000000001,
      "U_H3": 0.6896000000000001,
      "U_H4": 0.7414000000000001,
      "dU_center": 0.1632,
      "dU_MAP_frozen": 0.0013999999999999568,
      "dU_gate_frozen": 0.0013999999999999568,
      "dU_gate_map": 0.0,
      "dU_init_bacc": 0.0,
      "U_H2_minus_H3": 0.05179999999999996,
      "tau0": 10.0,
      "taus": 100.0,
      "gate": 1
    },
    "8": {
      "U_H0": 0.7400000000000001,
      "U_H1": 0.6162,
      "U_H1W": 0.6162,
      "U_H2": 0.737,
      "U_H3": 0.6898000000000001,
      "U_H4": 0.737,
      "dU_center": 0.12080000000000002,
      "dU_MAP_frozen": -0.0030000000000001137,
      "dU_gate_frozen": -0.0030000000000001137,
      "dU_gate_map": 0.0,
      "dU_init_bacc": 0.0,
      "U_H2_minus_H3": 0.04719999999999991,
      "tau0": 10.0,
      "taus": 100.0,
      "gate": 1
    },
    "16": {
      "U_H0": 0.7400000000000001,
      "U_H1": 0.6484000000000001,
      "U_H1W": 0.6484000000000001,
      "U_H2": 0.7319999999999999,
      "U_H3": 0.6767999999999997,
      "U_H4": 0.7319999999999999,
      "dU_center": 0.08359999999999979,
      "dU_MAP_frozen": -0.00800000000000023,
      "dU_gate_frozen": -0.00800000000000023,
      "dU_gate_map": 0.0,
      "dU_init_bacc": 0.0,
      "U_H2_minus_H3": 0.05520000000000014,
      "tau0": 10.0,
      "taus": 100.0,
      "gate": 1
    },
    "32": {
      "U_H0": 0.7400000000000001,
      "U_H1": 0.6809999999999999,
      "U_H1W": 0.6809999999999999,
      "U_H2": 0.7265999999999999,
      "U_H3": 0.665,
      "U_H4": 0.7265999999999999,
      "dU_center": 0.045599999999999974,
      "dU_MAP_frozen": -0.01340000000000019,
      "dU_gate_frozen": -0.01340000000000019,
      "dU_gate_map": 0.0,
      "dU_init_bacc": 0.0,
      "U_H2_minus_H3": 0.06159999999999988,
      "tau0": 1.0,
      "taus": 100.0,
      "gate": 1
    },
    "Full": {
      "U_H0": 0.74,
      "U_H1": 0.7,
      "U_H1W": 0.7,
      "U_H2": 0.73,
      "U_H3": 0.66,
      "U_H4": 0.73,
      "dU_center": 0.030000000000000027,
      "dU_MAP_frozen": -0.010000000000000009,
      "dU_gate_frozen": -0.010000000000000009,
      "dU_gate_map": 0.0,
      "dU_init_bacc": 0.0,
      "U_H2_minus_H3": 0.06999999999999995,
      "tau0": 1.0,
      "taus": 100.0,
      "gate": 1
    }
  },
  "specificity": {
    "status": "ok",
    "rank": 8,
    "n_matched": 50,
    "n_tried": 367,
    "informed_srcval": 0.644,
    "dGh_specific": {
      "ridge_k1": {
        "informed": -0.08659999999999998,
        "random_mean": -0.074904,
        "specific": -0.011695999999999984
      },
      "map_k1": {
        "informed": -0.0040000000000000036,
        "random_mean": 0.0012999999999999982,
        "specific": -0.005300000000000002
      },
      "ridge_k8": {
        "informed": -0.052799999999999965,
        "random_mean": -0.03219999999999999,
        "specific": -0.020599999999999972
      },
      "map_k8": {
        "informed": -0.0009999999999999942,
        "random_mean": 0.006127999999999997,
        "specific": -0.007127999999999991
      },
      "ridge_kFull": {
        "informed": 0.010000000000000009,
        "random_mean": 0.012599999999999998,
        "specific": -0.0025999999999999895
      },
      "map_kFull": {
        "informed": 0.030000000000000027,
        "random_mean": 0.023199999999999995,
        "specific": 0.006800000000000032
      }
    }
  },
  "headroom": {
    "frozen_query_bacc": 0.74,
    "frozen_query_nll": 0.5065634534408346,
    "fullcal_query_bacc": 0.66,
    "fullcal_gain": -0.07999999999999996,
    "angle_Ws_Wt_deg": 41.30066892369962,
    "bias_displacement": 0.7411443247132531,
    "direction_displacement": 1.9921424815918227,
    "cal_cov_condition": 10.601618735975878,
    "class_prior_shift": 0.0,
    "cal_query_mean_drift": 0.9906446928178471
  },
  "tau0": {
    "1": 10.0,
    "2": 10.0,
    "4": 10.0,
    "8": 10.0,
    "16": 10.0,
    "32": 1.0,
    "Full": 1.0
  },
  "taus": {
    "1": 100.0,
    "2": 100.0,
    "4": 100.0,
    "8": 100.0,
    "16": 100.0,
    "32": 100.0,
    "Full": 100.0
  },
  "gate": {
    "1": 1,
    "2": 1,
    "4": 1,
    "8": 1,
    "16": 1,
    "32": 1,
    "Full": 1
  },
  "firewall": {
    "source_only_construction": true,
    "tau_source_only": true,
    "gate_source_only": true,
    "Ycal_used_for_head_adapt": true,
    "Yquery_used_for_selection": false,
    "Yquery_used_for_outcome": true
  }
}