{
  "dataset": "Lee2019_MI",
  "subject": "12",
  "seed": 0,
  "status": "ok",
  "C": 2,
  "n_cal": 100,
  "n_query": 100,
  "cal_session": [
    "0"
  ],
  "query_sessions": [
    "1"
  ],
  "n_draws": 50,
  "n_tau_draws": 10,
  "init_param_diff": 8.63369604772171e-06,
  "endpoints": {
    "1": {
      "U_H0": 0.6200000000000001,
      "U_H1": 0.5338,
      "U_H1W": 0.5338,
      "U_H2": 0.6228000000000001,
      "U_H3": 0.6136,
      "U_H4": 0.6200000000000001,
      "dU_center": 0.08900000000000008,
      "dU_MAP_frozen": 0.0028000000000000247,
      "dU_gate_frozen": 0.0,
      "dU_gate_map": -0.0028000000000000247,
      "dU_init_bacc": 0.0,
      "U_H2_minus_H3": 0.009200000000000097,
      "tau0": 10.0,
      "taus": 100.0,
      "gate": 0
    },
    "2": {
      "U_H0": 0.6200000000000001,
      "U_H1": 0.5404,
      "U_H1W": 0.5404,
      "U_H2": 0.6240000000000001,
      "U_H3": 0.6392,
      "U_H4": 0.6240000000000001,
      "dU_center": 0.08360000000000012,
      "dU_MAP_frozen": 0.0040000000000000036,
      "dU_gate_frozen": 0.0040000000000000036,
      "dU_gate_map": 0.0,
      "dU_init_bacc": 0.0,
      "U_H2_minus_H3": -0.01519999999999988,
      "tau0": 10.0,
      "taus": 100.0,
      "gate": 1
    },
    "4": {
      "U_H0": 0.6200000000000001,
      "U_H1": 0.5682,
      "U_H1W": 0.5682,
      "U_H2": 0.6296,
      "U_H3": 0.6359999999999999,
      "U_H4": 0.6296,
      "dU_center": 0.06140000000000001,
      "dU_MAP_frozen": 0.009599999999999942,
      "dU_gate_frozen": 0.009599999999999942,
      "dU_gate_map": 0.0,
      "dU_init_bacc": 0.0,
      "U_H2_minus_H3": -0.00639999999999985,
      "tau0": 10.0,
      "taus": 100.0,
      "gate": 1
    },
    "8": {
      "U_H0": 0.6200000000000001,
      "U_H1": 0.5982,
      "U_H1W": 0.5982,
      "U_H2": 0.6296,
      "U_H3": 0.6292,
      "U_H4": 0.6200000000000001,
      "dU_center": 0.031400000000000095,
      "dU_MAP_frozen": 0.009599999999999942,
      "dU_gate_frozen": 0.0,
      "dU_gate_map": -0.009599999999999942,
      "dU_init_bacc": 0.0,
      "U_H2_minus_H3": 0.00040000000000006697,
      "tau0": 10.0,
      "taus": 100.0,
      "gate": 0
    },
    "16": {
      "U_H0": 0.6200000000000001,
      "U_H1": 0.6364,
      "U_H1W": 0.6364,
      "U_H2": 0.6306,
      "U_H3": 0.6274000000000001,
      "U_H4": 0.6200000000000001,
      "dU_center": -0.005799999999999916,
      "dU_MAP_frozen": 0.010599999999999943,
      "dU_gate_frozen": 0.0,
      "dU_gate_map": -0.010599999999999943,
      "dU_init_bacc": 0.0,
      "U_H2_minus_H3": 0.0031999999999999806,
      "tau0": 10.0,
      "taus": 100.0,
      "gate": 0
    },
    "32": {
      "U_H0": 0.6200000000000001,
      "U_H1": 0.6923999999999999,
      "U_H1W": 0.6923999999999999,
      "U_H2": 0.6384,
      "U_H3": 0.621,
      "U_H4": 0.6200000000000001,
      "dU_center": -0.05399999999999994,
      "dU_MAP_frozen": 0.01839999999999986,
      "dU_gate_frozen": 0.0,
      "dU_gate_map": -0.01839999999999986,
      "dU_init_bacc": 0.0,
      "U_H2_minus_H3": 0.01739999999999997,
      "tau0": 10.0,
      "taus": 100.0,
      "gate": 0
    },
    "Full": {
      "U_H0": 0.62,
      "U_H1": 0.65,
      "U_H1W": 0.65,
      "U_H2": 0.63,
      "U_H3": 0.62,
      "U_H4": 0.62,
      "dU_center": -0.020000000000000018,
      "dU_MAP_frozen": 0.010000000000000009,
      "dU_gate_frozen": 0.0,
      "dU_gate_map": -0.010000000000000009,
      "dU_init_bacc": 0.0,
      "U_H2_minus_H3": 0.010000000000000009,
      "tau0": 1.0,
      "taus": 100.0,
      "gate": 0
    }
  },
  "specificity": {
    "status": "ok",
    "rank": 8,
    "n_matched": 50,
    "n_tried": 287,
    "informed_srcval": 0.64,
    "dGh_specific": {
      "ridge_k1": {
        "informed": -0.20379999999999998,
        "random_mean": -0.057579999999999985,
        "specific": -0.14622
      },
      "map_k1": {
        "informed": -0.012800000000000011,
        "random_mean": -0.0004559999999999994,
        "specific": -0.012344000000000011
      },
      "ridge_k8": {
        "informed": -0.1338,
        "random_mean": -0.01225999999999998,
        "specific": -0.12154000000000002
      },
      "map_k8": {
        "informed": -0.02240000000000002,
        "random_mean": 0.0032440000000000043,
        "specific": -0.025644000000000024
      },
      "ridge_kFull": {
        "informed": -0.050000000000000044,
        "random_mean": 0.039400000000000004,
        "specific": -0.08940000000000005
      },
      "map_kFull": {
        "informed": -0.030000000000000027,
        "random_mean": 0.024800000000000003,
        "specific": -0.05480000000000003
      }
    }
  },
  "headroom": {
    "frozen_query_bacc": 0.62,
    "frozen_query_nll": 0.6304602306634495,
    "fullcal_query_bacc": 0.64,
    "fullcal_gain": 0.020000000000000018,
    "angle_Ws_Wt_deg": 40.203659992608884,
    "bias_displacement": 1.0646930322067407,
    "direction_displacement": 1.6773533033649481,
    "cal_cov_condition": 9.318988665293913,
    "class_prior_shift": 0.0,
    "cal_query_mean_drift": 1.420795296551426
  },
  "tau0": {
    "1": 10.0,
    "2": 10.0,
    "4": 10.0,
    "8": 10.0,
    "16": 10.0,
    "32": 10.0,
    "Full": 1.0
  },
  "taus": {
    "1": 100.0,
    "2": 100.0,
    "4": 100.0,
    "8": 100.0,
    "16": 100.0,
    "32": 100.0,
    "Full": 100.0
  },
  "gate": {
    "1": 0,
    "2": 1,
    "4": 1,
    "8": 0,
    "16": 0,
    "32": 0,
    "Full": 0
  },
  "firewall": {
    "source_only_construction": true,
    "tau_source_only": true,
    "gate_source_only": true,
    "Ycal_used_for_head_adapt": true,
    "Yquery_used_for_selection": false,
    "Yquery_used_for_outcome": true
  }
}