{
  "dataset": "BNCI2015_001",
  "subject": "12",
  "seed": 2,
  "status": "ok",
  "C": 2,
  "n_cal": 200,
  "n_query": 200,
  "cal_session": [
    "0A"
  ],
  "query_sessions": [
    "1B"
  ],
  "n_draws": 50,
  "n_tau_draws": 10,
  "init_param_diff": 6.68883505342055e-05,
  "endpoints": {
    "1": {
      "U_H0": 0.5049999999999999,
      "U_H1": 0.5131,
      "U_H1W": 0.5131,
      "U_H2": 0.5056999999999999,
      "U_H3": 0.5236,
      "U_H4": 0.5056999999999999,
      "dU_center": -0.007400000000000073,
      "dU_MAP_frozen": 0.0007000000000000339,
      "dU_gate_frozen": 0.0007000000000000339,
      "dU_gate_map": 0.0,
      "dU_init_bacc": 0.0,
      "U_H2_minus_H3": -0.017900000000000027,
      "tau0": 1.0,
      "taus": 10.0,
      "gate": 1
    },
    "2": {
      "U_H0": 0.5049999999999999,
      "U_H1": 0.5114,
      "U_H1W": 0.5114,
      "U_H2": 0.5063,
      "U_H3": 0.5236000000000001,
      "U_H4": 0.5063,
      "dU_center": -0.005099999999999993,
      "dU_MAP_frozen": 0.0013000000000000789,
      "dU_gate_frozen": 0.0013000000000000789,
      "dU_gate_map": 0.0,
      "dU_init_bacc": 0.0,
      "U_H2_minus_H3": -0.017300000000000093,
      "tau0": 1.0,
      "taus": 10.0,
      "gate": 1
    },
    "4": {
      "U_H0": 0.5049999999999999,
      "U_H1": 0.5093000000000001,
      "U_H1W": 0.5093000000000001,
      "U_H2": 0.504,
      "U_H3": 0.5253999999999999,
      "U_H4": 0.504,
      "dU_center": -0.005300000000000082,
      "dU_MAP_frozen": -0.0009999999999998899,
      "dU_gate_frozen": -0.0009999999999998899,
      "dU_gate_map": 0.0,
      "dU_init_bacc": 0.0,
      "U_H2_minus_H3": -0.021399999999999864,
      "tau0": 1.0,
      "taus": 10.0,
      "gate": 1
    },
    "8": {
      "U_H0": 0.5049999999999999,
      "U_H1": 0.5323,
      "U_H1W": 0.5323,
      "U_H2": 0.5121,
      "U_H3": 0.5282,
      "U_H4": 0.5121,
      "dU_center": -0.020199999999999996,
      "dU_MAP_frozen": 0.007100000000000106,
      "dU_gate_frozen": 0.007100000000000106,
      "dU_gate_map": 0.0,
      "dU_init_bacc": 0.0,
      "U_H2_minus_H3": -0.016100000000000003,
      "tau0": 1.0,
      "taus": 10.0,
      "gate": 1
    },
    "16": {
      "U_H0": 0.5049999999999999,
      "U_H1": 0.534,
      "U_H1W": 0.534,
      "U_H2": 0.5306000000000001,
      "U_H3": 0.5273,
      "U_H4": 0.5306000000000001,
      "dU_center": -0.0033999999999999586,
      "dU_MAP_frozen": 0.025600000000000178,
      "dU_gate_frozen": 0.025600000000000178,
      "dU_gate_map": 0.0,
      "dU_init_bacc": 0.0,
      "U_H2_minus_H3": 0.0033000000000000806,
      "tau0": 1.0,
      "taus": 10.0,
      "gate": 1
    },
    "32": {
      "U_H0": 0.5049999999999999,
      "U_H1": 0.5605,
      "U_H1W": 0.5605,
      "U_H2": 0.5388,
      "U_H3": 0.5313,
      "U_H4": 0.5388,
      "dU_center": -0.021700000000000053,
      "dU_MAP_frozen": 0.03380000000000005,
      "dU_gate_frozen": 0.03380000000000005,
      "dU_gate_map": 0.0,
      "dU_init_bacc": 0.0,
      "U_H2_minus_H3": 0.007499999999999951,
      "tau0": 1.0,
      "taus": 10.0,
      "gate": 1
    },
    "Full": {
      "U_H0": 0.505,
      "U_H1": 0.62,
      "U_H1W": 0.62,
      "U_H2": 0.56,
      "U_H3": 0.53,
      "U_H4": 0.56,
      "dU_center": -0.05999999999999994,
      "dU_MAP_frozen": 0.05500000000000005,
      "dU_gate_frozen": 0.05500000000000005,
      "dU_gate_map": 0.0,
      "dU_init_bacc": 0.0,
      "U_H2_minus_H3": 0.030000000000000027,
      "tau0": 1.0,
      "taus": 10.0,
      "gate": 1
    }
  },
  "specificity": {
    "status": "ok",
    "rank": 8,
    "n_matched": 50,
    "n_tried": 161,
    "informed_srcval": 0.7015,
    "dGh_specific": {
      "ridge_k1": {
        "informed": -0.03640000000000004,
        "random_mean": -0.0058379999999999994,
        "specific": -0.030562000000000044
      },
      "map_k1": {
        "informed": -0.0006000000000000316,
        "random_mean": 0.005388000000000001,
        "specific": -0.005988000000000033
      },
      "ridge_k8": {
        "informed": -0.01870000000000004,
        "random_mean": 0.010416000000000002,
        "specific": -0.02911600000000004
      },
      "map_k8": {
        "informed": 0.0033999999999999664,
        "random_mean": 0.015651999999999996,
        "specific": -0.01225200000000003
      },
      "ridge_kFull": {
        "informed": 0.010000000000000009,
        "random_mean": 0.06059999999999999,
        "specific": -0.05059999999999998
      },
      "map_kFull": {
        "informed": 0.040000000000000036,
        "random_mean": 0.0601,
        "specific": -0.020099999999999965
      }
    }
  },
  "headroom": {
    "frozen_query_bacc": 0.505,
    "frozen_query_nll": 1.8591581919554148,
    "fullcal_query_bacc": 0.625,
    "fullcal_gain": 0.12,
    "angle_Ws_Wt_deg": 46.36380136994947,
    "bias_displacement": 0.14229144653211714,
    "direction_displacement": 2.001016409062644,
    "cal_cov_condition": 45.39942439737491,
    "class_prior_shift": 0.0,
    "cal_query_mean_drift": 1.5507965356974036
  },
  "tau0": {
    "1": 1.0,
    "2": 1.0,
    "4": 1.0,
    "8": 1.0,
    "16": 1.0,
    "32": 1.0,
    "Full": 1.0
  },
  "taus": {
    "1": 10.0,
    "2": 10.0,
    "4": 10.0,
    "8": 10.0,
    "16": 10.0,
    "32": 10.0,
    "Full": 10.0
  },
  "gate": {
    "1": 1,
    "2": 1,
    "4": 1,
    "8": 1,
    "16": 1,
    "32": 1,
    "Full": 1
  },
  "firewall": {
    "source_only_construction": true,
    "tau_source_only": true,
    "gate_source_only": true,
    "Ycal_used_for_head_adapt": true,
    "Yquery_used_for_selection": false,
    "Yquery_used_for_outcome": true
  }
}