{
  "dataset": "Lee2019_MI",
  "subject": "14",
  "seed": 1,
  "status": "ok",
  "C": 2,
  "n_cal": 100,
  "n_query": 100,
  "cal_session": [
    "0"
  ],
  "query_sessions": [
    "1"
  ],
  "n_draws": 50,
  "n_tau_draws": 10,
  "init_param_diff": 8.53273009828215e-06,
  "endpoints": {
    "1": {
      "U_H0": 0.6700000000000002,
      "U_H1": 0.5416000000000001,
      "U_H1W": 0.5416000000000001,
      "U_H2": 0.6694000000000001,
      "U_H3": 0.6350000000000001,
      "U_H4": 0.6694000000000001,
      "dU_center": 0.12780000000000002,
      "dU_MAP_frozen": -0.0006000000000000449,
      "dU_gate_frozen": -0.0006000000000000449,
      "dU_gate_map": 0.0,
      "dU_init_bacc": 0.0,
      "U_H2_minus_H3": 0.034399999999999986,
      "tau0": 10.0,
      "taus": 100.0,
      "gate": 1
    },
    "2": {
      "U_H0": 0.6700000000000002,
      "U_H1": 0.5424,
      "U_H1W": 0.5424,
      "U_H2": 0.6678000000000001,
      "U_H3": 0.64,
      "U_H4": 0.6678000000000001,
      "dU_center": 0.12540000000000007,
      "dU_MAP_frozen": -0.0022000000000000908,
      "dU_gate_frozen": -0.0022000000000000908,
      "dU_gate_map": 0.0,
      "dU_init_bacc": 0.0,
      "U_H2_minus_H3": 0.027800000000000047,
      "tau0": 10.0,
      "taus": 100.0,
      "gate": 1
    },
    "4": {
      "U_H0": 0.6700000000000002,
      "U_H1": 0.5512,
      "U_H1W": 0.5512,
      "U_H2": 0.6692000000000001,
      "U_H3": 0.6576,
      "U_H4": 0.6692000000000001,
      "dU_center": 0.1180000000000001,
      "dU_MAP_frozen": -0.0008000000000000229,
      "dU_gate_frozen": -0.0008000000000000229,
      "dU_gate_map": 0.0,
      "dU_init_bacc": 0.0,
      "U_H2_minus_H3": 0.011600000000000166,
      "tau0": 10.0,
      "taus": 100.0,
      "gate": 1
    },
    "8": {
      "U_H0": 0.6700000000000002,
      "U_H1": 0.5632,
      "U_H1W": 0.5632,
      "U_H2": 0.6725999999999999,
      "U_H3": 0.6498,
      "U_H4": 0.6725999999999999,
      "dU_center": 0.10939999999999983,
      "dU_MAP_frozen": 0.0025999999999997137,
      "dU_gate_frozen": 0.0025999999999997137,
      "dU_gate_map": 0.0,
      "dU_init_bacc": 0.0,
      "U_H2_minus_H3": 0.02279999999999982,
      "tau0": 10.0,
      "taus": 100.0,
      "gate": 1
    },
    "16": {
      "U_H0": 0.6700000000000002,
      "U_H1": 0.5806,
      "U_H1W": 0.5806,
      "U_H2": 0.6727999999999998,
      "U_H3": 0.6474000000000001,
      "U_H4": 0.6727999999999998,
      "dU_center": 0.09219999999999984,
      "dU_MAP_frozen": 0.0027999999999996916,
      "dU_gate_frozen": 0.0027999999999996916,
      "dU_gate_map": 0.0,
      "dU_init_bacc": 0.0,
      "U_H2_minus_H3": 0.025399999999999756,
      "tau0": 10.0,
      "taus": 100.0,
      "gate": 1
    },
    "32": {
      "U_H0": 0.6700000000000002,
      "U_H1": 0.6086,
      "U_H1W": 0.6086,
      "U_H2": 0.6851999999999998,
      "U_H3": 0.6544,
      "U_H4": 0.6851999999999998,
      "dU_center": 0.07659999999999978,
      "dU_MAP_frozen": 0.015199999999999658,
      "dU_gate_frozen": 0.015199999999999658,
      "dU_gate_map": 0.0,
      "dU_init_bacc": 0.0,
      "U_H2_minus_H3": 0.030799999999999828,
      "tau0": 10.0,
      "taus": 100.0,
      "gate": 1
    },
    "Full": {
      "U_H0": 0.67,
      "U_H1": 0.69,
      "U_H1W": 0.69,
      "U_H2": 0.69,
      "U_H3": 0.6599999999999999,
      "U_H4": 0.67,
      "dU_center": 0.0,
      "dU_MAP_frozen": 0.019999999999999907,
      "dU_gate_frozen": 0.0,
      "dU_gate_map": -0.019999999999999907,
      "dU_init_bacc": 0.0,
      "U_H2_minus_H3": 0.030000000000000027,
      "tau0": 1.0,
      "taus": 100.0,
      "gate": 0
    }
  },
  "specificity": {
    "status": "ok",
    "rank": 8,
    "n_matched": 50,
    "n_tried": 188,
    "informed_srcval": 0.666,
    "dGh_specific": {
      "ridge_k1": {
        "informed": -0.06760000000000006,
        "random_mean": -0.068004,
        "specific": 0.0004039999999999322
      },
      "map_k1": {
        "informed": -0.002800000000000009,
        "random_mean": -4.4000000000000934e-05,
        "specific": -0.002756000000000008
      },
      "ridge_k8": {
        "informed": -0.06200000000000006,
        "random_mean": -0.052752,
        "specific": -0.009248000000000062
      },
      "map_k8": {
        "informed": 0.005199999999999991,
        "random_mean": 0.0018399999999999983,
        "specific": 0.0033599999999999928
      },
      "ridge_kFull": {
        "informed": -0.06000000000000005,
        "random_mean": -0.031799999999999995,
        "specific": -0.02820000000000006
      },
      "map_kFull": {
        "informed": 0.029999999999999916,
        "random_mean": 0.007599999999999993,
        "specific": 0.022399999999999923
      }
    }
  },
  "headroom": {
    "frozen_query_bacc": 0.67,
    "frozen_query_nll": 0.6169492969781999,
    "fullcal_query_bacc": 0.66,
    "fullcal_gain": -0.010000000000000009,
    "angle_Ws_Wt_deg": 36.445258237246755,
    "bias_displacement": 0.4087112327026835,
    "direction_displacement": 1.6107321995847783,
    "cal_cov_condition": 14.751511585548535,
    "class_prior_shift": 0.0,
    "cal_query_mean_drift": 2.5099845721612337
  },
  "tau0": {
    "1": 10.0,
    "2": 10.0,
    "4": 10.0,
    "8": 10.0,
    "16": 10.0,
    "32": 10.0,
    "Full": 1.0
  },
  "taus": {
    "1": 100.0,
    "2": 100.0,
    "4": 100.0,
    "8": 100.0,
    "16": 100.0,
    "32": 100.0,
    "Full": 100.0
  },
  "gate": {
    "1": 1,
    "2": 1,
    "4": 1,
    "8": 1,
    "16": 1,
    "32": 1,
    "Full": 0
  },
  "firewall": {
    "source_only_construction": true,
    "tau_source_only": true,
    "gate_source_only": true,
    "Ycal_used_for_head_adapt": true,
    "Yquery_used_for_selection": false,
    "Yquery_used_for_outcome": true
  }
}