{
  "dataset": "Lee2019_MI",
  "subject": "30",
  "seed": 0,
  "status": "ok",
  "C": 2,
  "n_cal": 100,
  "n_query": 100,
  "cal_session": [
    "0"
  ],
  "query_sessions": [
    "1"
  ],
  "n_draws": 50,
  "n_tau_draws": 10,
  "init_param_diff": 2.651950556711295e-05,
  "endpoints": {
    "1": {
      "U_H0": 0.7199999999999999,
      "U_H1": 0.5386000000000001,
      "U_H1W": 0.5386000000000001,
      "U_H2": 0.7155999999999999,
      "U_H3": 0.6422,
      "U_H4": 0.7155999999999999,
      "dU_center": 0.17699999999999982,
      "dU_MAP_frozen": -0.0043999999999999595,
      "dU_gate_frozen": -0.0043999999999999595,
      "dU_gate_map": 0.0,
      "dU_init_bacc": 0.0,
      "U_H2_minus_H3": 0.07339999999999991,
      "tau0": 10.0,
      "taus": 100.0,
      "gate": 1
    },
    "2": {
      "U_H0": 0.7199999999999999,
      "U_H1": 0.5454,
      "U_H1W": 0.5454,
      "U_H2": 0.7138,
      "U_H3": 0.6724000000000001,
      "U_H4": 0.7199999999999999,
      "dU_center": 0.1684,
      "dU_MAP_frozen": -0.006199999999999872,
      "dU_gate_frozen": 0.0,
      "dU_gate_map": 0.006199999999999872,
      "dU_init_bacc": 0.0,
      "U_H2_minus_H3": 0.04139999999999988,
      "tau0": 10.0,
      "taus": 100.0,
      "gate": 0
    },
    "4": {
      "U_H0": 0.7199999999999999,
      "U_H1": 0.5538000000000001,
      "U_H1W": 0.5538000000000001,
      "U_H2": 0.716,
      "U_H3": 0.6781999999999999,
      "U_H4": 0.7199999999999999,
      "dU_center": 0.1621999999999999,
      "dU_MAP_frozen": -0.0039999999999998925,
      "dU_gate_frozen": 0.0,
      "dU_gate_map": 0.0039999999999998925,
      "dU_init_bacc": 0.0,
      "U_H2_minus_H3": 0.037800000000000056,
      "tau0": 10.0,
      "taus": 100.0,
      "gate": 0
    },
    "8": {
      "U_H0": 0.7199999999999999,
      "U_H1": 0.584,
      "U_H1W": 0.584,
      "U_H2": 0.7169999999999999,
      "U_H3": 0.6788,
      "U_H4": 0.7199999999999999,
      "dU_center": 0.1329999999999999,
      "dU_MAP_frozen": -0.0030000000000000027,
      "dU_gate_frozen": 0.0,
      "dU_gate_map": 0.0030000000000000027,
      "dU_init_bacc": 0.0,
      "U_H2_minus_H3": 0.0381999999999999,
      "tau0": 10.0,
      "taus": 100.0,
      "gate": 0
    },
    "16": {
      "U_H0": 0.7199999999999999,
      "U_H1": 0.6137999999999999,
      "U_H1W": 0.6137999999999999,
      "U_H2": 0.7132,
      "U_H3": 0.6922000000000001,
      "U_H4": 0.7199999999999999,
      "dU_center": 0.09940000000000004,
      "dU_MAP_frozen": -0.006799999999999917,
      "dU_gate_frozen": 0.0,
      "dU_gate_map": 0.006799999999999917,
      "dU_init_bacc": 0.0,
      "U_H2_minus_H3": 0.020999999999999797,
      "tau0": 10.0,
      "taus": 100.0,
      "gate": 0
    },
    "32": {
      "U_H0": 0.7199999999999999,
      "U_H1": 0.648,
      "U_H1W": 0.648,
      "U_H2": 0.7079999999999999,
      "U_H3": 0.6997999999999999,
      "U_H4": 0.7079999999999999,
      "dU_center": 0.05999999999999983,
      "dU_MAP_frozen": -0.01200000000000001,
      "dU_gate_frozen": -0.01200000000000001,
      "dU_gate_map": 0.0,
      "dU_init_bacc": 0.0,
      "U_H2_minus_H3": 0.008199999999999985,
      "tau0": 1.0,
      "taus": 100.0,
      "gate": 1
    },
    "Full": {
      "U_H0": 0.72,
      "U_H1": 0.6799999999999999,
      "U_H1W": 0.6799999999999999,
      "U_H2": 0.7,
      "U_H3": 0.69,
      "U_H4": 0.72,
      "dU_center": 0.020000000000000018,
      "dU_MAP_frozen": -0.020000000000000018,
      "dU_gate_frozen": 0.0,
      "dU_gate_map": 0.020000000000000018,
      "dU_init_bacc": 0.0,
      "U_H2_minus_H3": 0.010000000000000009,
      "tau0": 1.0,
      "taus": 100.0,
      "gate": 0
    }
  },
  "specificity": {
    "status": "ok",
    "rank": 8,
    "n_matched": 50,
    "n_tried": 250,
    "informed_srcval": 0.66,
    "dGh_specific": {
      "ridge_k1": {
        "informed": -0.028600000000000025,
        "random_mean": -0.059384000000000006,
        "specific": 0.03078399999999998
      },
      "map_k1": {
        "informed": 0.013400000000000009,
        "random_mean": -0.0004000000000000005,
        "specific": 0.01380000000000001
      },
      "ridge_k8": {
        "informed": -0.02280000000000002,
        "random_mean": -0.040788000000000005,
        "specific": 0.017987999999999983
      },
      "map_k8": {
        "informed": 0.02060000000000001,
        "random_mean": -0.002612000000000001,
        "specific": 0.02321200000000001
      },
      "ridge_kFull": {
        "informed": -0.020000000000000018,
        "random_mean": -0.009599999999999997,
        "specific": -0.01040000000000002
      },
      "map_kFull": {
        "informed": 0.010000000000000009,
        "random_mean": 6.661338147750939e-18,
        "specific": 0.010000000000000002
      }
    }
  },
  "headroom": {
    "frozen_query_bacc": 0.72,
    "frozen_query_nll": 0.5687770109278575,
    "fullcal_query_bacc": 0.6499999999999999,
    "fullcal_gain": -0.07000000000000006,
    "angle_Ws_Wt_deg": 37.67589896443931,
    "bias_displacement": 1.0202532145232182,
    "direction_displacement": 3.3175012258639844,
    "cal_cov_condition": 12.091687933308982,
    "class_prior_shift": 0.0,
    "cal_query_mean_drift": 1.4842419683764012
  },
  "tau0": {
    "1": 10.0,
    "2": 10.0,
    "4": 10.0,
    "8": 10.0,
    "16": 10.0,
    "32": 1.0,
    "Full": 1.0
  },
  "taus": {
    "1": 100.0,
    "2": 100.0,
    "4": 100.0,
    "8": 100.0,
    "16": 100.0,
    "32": 100.0,
    "Full": 100.0
  },
  "gate": {
    "1": 1,
    "2": 0,
    "4": 0,
    "8": 0,
    "16": 0,
    "32": 1,
    "Full": 0
  },
  "firewall": {
    "source_only_construction": true,
    "tau_source_only": true,
    "gate_source_only": true,
    "Ycal_used_for_head_adapt": true,
    "Yquery_used_for_selection": false,
    "Yquery_used_for_outcome": true
  }
}