{
  "dataset": "Lee2019_MI",
  "subject": "46",
  "seed": 0,
  "status": "ok",
  "C": 2,
  "n_cal": 100,
  "n_query": 100,
  "cal_session": [
    "0"
  ],
  "query_sessions": [
    "1"
  ],
  "n_draws": 50,
  "n_tau_draws": 10,
  "init_param_diff": 2.1820769056673583e-05,
  "endpoints": {
    "1": {
      "U_H0": 0.66,
      "U_H1": 0.5122000000000001,
      "U_H1W": 0.5122000000000001,
      "U_H2": 0.66,
      "U_H3": 0.6294000000000001,
      "U_H4": 0.66,
      "dU_center": 0.14779999999999993,
      "dU_MAP_frozen": 0.0,
      "dU_gate_frozen": 0.0,
      "dU_gate_map": 0.0,
      "dU_init_bacc": 0.0,
      "U_H2_minus_H3": 0.03059999999999996,
      "tau0": 10.0,
      "taus": 100.0,
      "gate": 0
    },
    "2": {
      "U_H0": 0.66,
      "U_H1": 0.5244,
      "U_H1W": 0.5244,
      "U_H2": 0.6602,
      "U_H3": 0.6581999999999999,
      "U_H4": 0.66,
      "dU_center": 0.13580000000000003,
      "dU_MAP_frozen": 0.00019999999999997797,
      "dU_gate_frozen": 0.0,
      "dU_gate_map": -0.00019999999999997797,
      "dU_init_bacc": 0.0,
      "U_H2_minus_H3": 0.002000000000000113,
      "tau0": 10.0,
      "taus": 100.0,
      "gate": 0
    },
    "4": {
      "U_H0": 0.66,
      "U_H1": 0.5357999999999999,
      "U_H1W": 0.5357999999999999,
      "U_H2": 0.6609999999999999,
      "U_H3": 0.6794,
      "U_H4": 0.66,
      "dU_center": 0.12519999999999998,
      "dU_MAP_frozen": 0.0009999999999998899,
      "dU_gate_frozen": 0.0,
      "dU_gate_map": -0.0009999999999998899,
      "dU_init_bacc": 0.0,
      "U_H2_minus_H3": -0.018400000000000083,
      "tau0": 10.0,
      "taus": 100.0,
      "gate": 0
    },
    "8": {
      "U_H0": 0.66,
      "U_H1": 0.55,
      "U_H1W": 0.55,
      "U_H2": 0.6636,
      "U_H3": 0.7058,
      "U_H4": 0.66,
      "dU_center": 0.11359999999999992,
      "dU_MAP_frozen": 0.0035999999999999366,
      "dU_gate_frozen": 0.0,
      "dU_gate_map": -0.0035999999999999366,
      "dU_init_bacc": 0.0,
      "U_H2_minus_H3": -0.042200000000000015,
      "tau0": 10.0,
      "taus": 100.0,
      "gate": 0
    },
    "16": {
      "U_H0": 0.66,
      "U_H1": 0.569,
      "U_H1W": 0.569,
      "U_H2": 0.6746,
      "U_H3": 0.7138,
      "U_H4": 0.66,
      "dU_center": 0.10560000000000003,
      "dU_MAP_frozen": 0.014599999999999946,
      "dU_gate_frozen": 0.0,
      "dU_gate_map": -0.014599999999999946,
      "dU_init_bacc": 0.0,
      "U_H2_minus_H3": -0.03920000000000001,
      "tau0": 10.0,
      "taus": 100.0,
      "gate": 0
    },
    "32": {
      "U_H0": 0.66,
      "U_H1": 0.5992000000000001,
      "U_H1W": 0.599,
      "U_H2": 0.6867999999999997,
      "U_H3": 0.7172,
      "U_H4": 0.66,
      "dU_center": 0.08759999999999968,
      "dU_MAP_frozen": 0.026799999999999713,
      "dU_gate_frozen": 0.0,
      "dU_gate_map": -0.026799999999999713,
      "dU_init_bacc": -0.000200000000000089,
      "U_H2_minus_H3": -0.030400000000000205,
      "tau0": 1.0,
      "taus": 100.0,
      "gate": 0
    },
    "Full": {
      "U_H0": 0.66,
      "U_H1": 0.63,
      "U_H1W": 0.63,
      "U_H2": 0.69,
      "U_H3": 0.7,
      "U_H4": 0.69,
      "dU_center": 0.05999999999999994,
      "dU_MAP_frozen": 0.029999999999999916,
      "dU_gate_frozen": 0.029999999999999916,
      "dU_gate_map": 0.0,
      "dU_init_bacc": 0.0,
      "U_H2_minus_H3": -0.010000000000000009,
      "tau0": 1.0,
      "taus": 100.0,
      "gate": 1
    }
  },
  "specificity": {
    "status": "ok",
    "rank": 8,
    "n_matched": 50,
    "n_tried": 237,
    "informed_srcval": 0.641,
    "dGh_specific": {
      "ridge_k1": {
        "informed": 0.013200000000000014,
        "random_mean": -0.05494000000000002,
        "specific": 0.06814000000000003
      },
      "map_k1": {
        "informed": -0.006000000000000003,
        "random_mean": -8.800000000000176e-05,
        "specific": -0.005912000000000001
      },
      "ridge_k8": {
        "informed": -0.0003999999999999959,
        "random_mean": -0.03700800000000001,
        "specific": 0.036608000000000016
      },
      "map_k8": {
        "informed": -0.022400000000000007,
        "random_mean": 0.0035199999999999915,
        "specific": -0.02592
      },
      "ridge_kFull": {
        "informed": -0.04999999999999999,
        "random_mean": -0.005799999999999997,
        "specific": -0.04419999999999999
      },
      "map_kFull": {
        "informed": -0.040000000000000036,
        "random_mean": 0.01579999999999999,
        "specific": -0.05580000000000003
      }
    }
  },
  "headroom": {
    "frozen_query_bacc": 0.66,
    "frozen_query_nll": 0.6935710396553341,
    "fullcal_query_bacc": 0.61,
    "fullcal_gain": -0.050000000000000044,
    "angle_Ws_Wt_deg": 60.90011178167126,
    "bias_displacement": 0.39447562018416177,
    "direction_displacement": 2.0167443838575507,
    "cal_cov_condition": 10.59680788143462,
    "class_prior_shift": 0.0,
    "cal_query_mean_drift": 1.2639581821880104
  },
  "tau0": {
    "1": 10.0,
    "2": 10.0,
    "4": 10.0,
    "8": 10.0,
    "16": 10.0,
    "32": 1.0,
    "Full": 1.0
  },
  "taus": {
    "1": 100.0,
    "2": 100.0,
    "4": 100.0,
    "8": 100.0,
    "16": 100.0,
    "32": 100.0,
    "Full": 100.0
  },
  "gate": {
    "1": 0,
    "2": 0,
    "4": 0,
    "8": 0,
    "16": 0,
    "32": 0,
    "Full": 1
  },
  "firewall": {
    "source_only_construction": true,
    "tau_source_only": true,
    "gate_source_only": true,
    "Ycal_used_for_head_adapt": true,
    "Yquery_used_for_selection": false,
    "Yquery_used_for_outcome": true
  }
}