{
  "dataset": "Lee2019_MI",
  "subject": "44",
  "seed": 1,
  "status": "ok",
  "C": 2,
  "n_cal": 100,
  "n_query": 100,
  "cal_session": [
    "0"
  ],
  "query_sessions": [
    "1"
  ],
  "n_draws": 50,
  "n_tau_draws": 10,
  "init_param_diff": 6.884302718556737e-06,
  "endpoints": {
    "1": {
      "U_H0": 0.8800000000000001,
      "U_H1": 0.6892,
      "U_H1W": 0.6892,
      "U_H2": 0.8800000000000001,
      "U_H3": 0.8774000000000001,
      "U_H4": 0.8800000000000001,
      "dU_center": 0.19080000000000008,
      "dU_MAP_frozen": 0.0,
      "dU_gate_frozen": 0.0,
      "dU_gate_map": 0.0,
      "dU_init_bacc": 0.0,
      "U_H2_minus_H3": 0.0026000000000000467,
      "tau0": 1.0,
      "taus": 100.0,
      "gate": 1
    },
    "2": {
      "U_H0": 0.8800000000000001,
      "U_H1": 0.7455999999999999,
      "U_H1W": 0.7455999999999999,
      "U_H2": 0.8800000000000001,
      "U_H3": 0.8912,
      "U_H4": 0.8800000000000001,
      "dU_center": 0.13440000000000019,
      "dU_MAP_frozen": 0.0,
      "dU_gate_frozen": 0.0,
      "dU_gate_map": 0.0,
      "dU_init_bacc": 0.0,
      "U_H2_minus_H3": -0.011199999999999877,
      "tau0": 10.0,
      "taus": 100.0,
      "gate": 1
    },
    "4": {
      "U_H0": 0.8800000000000001,
      "U_H1": 0.8074000000000001,
      "U_H1W": 0.8074000000000001,
      "U_H2": 0.8802000000000001,
      "U_H3": 0.898,
      "U_H4": 0.8800000000000001,
      "dU_center": 0.07279999999999998,
      "dU_MAP_frozen": 0.00019999999999997797,
      "dU_gate_frozen": 0.0,
      "dU_gate_map": -0.00019999999999997797,
      "dU_init_bacc": 0.0,
      "U_H2_minus_H3": -0.017799999999999927,
      "tau0": 10.0,
      "taus": 100.0,
      "gate": 0
    },
    "8": {
      "U_H0": 0.8800000000000001,
      "U_H1": 0.8198000000000001,
      "U_H1W": 0.8198000000000001,
      "U_H2": 0.8798000000000001,
      "U_H3": 0.9061999999999999,
      "U_H4": 0.8798000000000001,
      "dU_center": 0.06000000000000005,
      "dU_MAP_frozen": -0.00019999999999997797,
      "dU_gate_frozen": -0.00019999999999997797,
      "dU_gate_map": 0.0,
      "dU_init_bacc": 0.0,
      "U_H2_minus_H3": -0.026399999999999757,
      "tau0": 10.0,
      "taus": 100.0,
      "gate": 1
    },
    "16": {
      "U_H0": 0.8800000000000001,
      "U_H1": 0.8748,
      "U_H1W": 0.8748,
      "U_H2": 0.8808000000000001,
      "U_H3": 0.9081999999999998,
      "U_H4": 0.8800000000000001,
      "dU_center": 0.006000000000000116,
      "dU_MAP_frozen": 0.0008000000000000229,
      "dU_gate_frozen": 0.0,
      "dU_gate_map": -0.0008000000000000229,
      "dU_init_bacc": 0.0,
      "U_H2_minus_H3": -0.027399999999999647,
      "tau0": 10.0,
      "taus": 100.0,
      "gate": 0
    },
    "32": {
      "U_H0": 0.8800000000000001,
      "U_H1": 0.8979999999999998,
      "U_H1W": 0.8979999999999998,
      "U_H2": 0.8814000000000002,
      "U_H3": 0.9093999999999999,
      "U_H4": 0.8800000000000001,
      "dU_center": -0.016599999999999615,
      "dU_MAP_frozen": 0.0014000000000000679,
      "dU_gate_frozen": 0.0,
      "dU_gate_map": -0.0014000000000000679,
      "dU_init_bacc": 0.0,
      "U_H2_minus_H3": -0.027999999999999692,
      "tau0": 10.0,
      "taus": 100.0,
      "gate": 0
    },
    "Full": {
      "U_H0": 0.88,
      "U_H1": 0.94,
      "U_H1W": 0.94,
      "U_H2": 0.88,
      "U_H3": 0.91,
      "U_H4": 0.88,
      "dU_center": -0.05999999999999994,
      "dU_MAP_frozen": 0.0,
      "dU_gate_frozen": 0.0,
      "dU_gate_map": 0.0,
      "dU_init_bacc": 0.0,
      "U_H2_minus_H3": -0.030000000000000027,
      "tau0": 1.0,
      "taus": 100.0,
      "gate": 0
    }
  },
  "specificity": {
    "status": "ok",
    "rank": 8,
    "n_matched": 50,
    "n_tried": 227,
    "informed_srcval": 0.672,
    "dGh_specific": {
      "ridge_k1": {
        "informed": -0.0168,
        "random_mean": -0.112464,
        "specific": 0.095664
      },
      "map_k1": {
        "informed": 0.0008000000000000007,
        "random_mean": 0.0017959999999999996,
        "specific": -0.000995999999999999
      },
      "ridge_k8": {
        "informed": 0.05639999999999998,
        "random_mean": -0.015888000000000003,
        "specific": 0.07228799999999998
      },
      "map_k8": {
        "informed": 0.014000000000000012,
        "random_mean": 0.009607999999999998,
        "specific": 0.004392000000000014
      },
      "ridge_kFull": {
        "informed": 0.07999999999999996,
        "random_mean": 0.0576,
        "specific": 0.02239999999999996
      },
      "map_kFull": {
        "informed": 0.13,
        "random_mean": 0.038400000000000004,
        "specific": 0.0916
      }
    }
  },
  "headroom": {
    "frozen_query_bacc": 0.88,
    "frozen_query_nll": 0.28936031525767225,
    "fullcal_query_bacc": 0.9299999999999999,
    "fullcal_gain": 0.04999999999999993,
    "angle_Ws_Wt_deg": 35.71673110090105,
    "bias_displacement": 10.39746434809485,
    "direction_displacement": 20.641263507386594,
    "cal_cov_condition": 15.98698500380507,
    "class_prior_shift": 0.0,
    "cal_query_mean_drift": 1.9101531505808675
  },
  "tau0": {
    "1": 1.0,
    "2": 10.0,
    "4": 10.0,
    "8": 10.0,
    "16": 10.0,
    "32": 10.0,
    "Full": 1.0
  },
  "taus": {
    "1": 100.0,
    "2": 100.0,
    "4": 100.0,
    "8": 100.0,
    "16": 100.0,
    "32": 100.0,
    "Full": 100.0
  },
  "gate": {
    "1": 1,
    "2": 1,
    "4": 0,
    "8": 1,
    "16": 0,
    "32": 0,
    "Full": 0
  },
  "firewall": {
    "source_only_construction": true,
    "tau_source_only": true,
    "gate_source_only": true,
    "Ycal_used_for_head_adapt": true,
    "Yquery_used_for_selection": false,
    "Yquery_used_for_outcome": true
  }
}