{
  "dataset": "Lee2019_MI",
  "subject": "4",
  "seed": 0,
  "status": "ok",
  "C": 2,
  "n_cal": 100,
  "n_query": 100,
  "cal_session": [
    "0"
  ],
  "query_sessions": [
    "1"
  ],
  "n_draws": 50,
  "n_tau_draws": 10,
  "init_param_diff": 5.817652914526122e-06,
  "endpoints": {
    "1": {
      "U_H0": 0.7000000000000002,
      "U_H1": 0.5104,
      "U_H1W": 0.5104,
      "U_H2": 0.694,
      "U_H3": 0.6102,
      "U_H4": 0.7000000000000002,
      "dU_center": 0.18359999999999999,
      "dU_MAP_frozen": -0.006000000000000227,
      "dU_gate_frozen": 0.0,
      "dU_gate_map": 0.006000000000000227,
      "dU_init_bacc": 0.0,
      "U_H2_minus_H3": 0.08379999999999999,
      "tau0": 10.0,
      "taus": 100.0,
      "gate": 0
    },
    "2": {
      "U_H0": 0.7000000000000002,
      "U_H1": 0.5098,
      "U_H1W": 0.5098,
      "U_H2": 0.6981999999999999,
      "U_H3": 0.6038,
      "U_H4": 0.6981999999999999,
      "dU_center": 0.1883999999999999,
      "dU_MAP_frozen": -0.0018000000000002458,
      "dU_gate_frozen": -0.0018000000000002458,
      "dU_gate_map": 0.0,
      "dU_init_bacc": 0.0,
      "U_H2_minus_H3": 0.09439999999999993,
      "tau0": 10.0,
      "taus": 100.0,
      "gate": 1
    },
    "4": {
      "U_H0": 0.7000000000000002,
      "U_H1": 0.5158,
      "U_H1W": 0.516,
      "U_H2": 0.7,
      "U_H3": 0.6086,
      "U_H4": 0.7000000000000002,
      "dU_center": 0.18419999999999992,
      "dU_MAP_frozen": -2.220446049250313e-16,
      "dU_gate_frozen": 0.0,
      "dU_gate_map": 2.220446049250313e-16,
      "dU_init_bacc": 0.00019999999999997797,
      "U_H2_minus_H3": 0.09139999999999993,
      "tau0": 10.0,
      "taus": 100.0,
      "gate": 0
    },
    "8": {
      "U_H0": 0.7000000000000002,
      "U_H1": 0.5292000000000001,
      "U_H1W": 0.5292000000000001,
      "U_H2": 0.6908,
      "U_H3": 0.6026,
      "U_H4": 0.7000000000000002,
      "dU_center": 0.16159999999999985,
      "dU_MAP_frozen": -0.009200000000000208,
      "dU_gate_frozen": 0.0,
      "dU_gate_map": 0.009200000000000208,
      "dU_init_bacc": 0.0,
      "U_H2_minus_H3": 0.08819999999999995,
      "tau0": 10.0,
      "taus": 100.0,
      "gate": 0
    },
    "16": {
      "U_H0": 0.7000000000000002,
      "U_H1": 0.5448,
      "U_H1W": 0.5448,
      "U_H2": 0.6768000000000001,
      "U_H3": 0.6099999999999999,
      "U_H4": 0.6768000000000001,
      "dU_center": 0.13200000000000012,
      "dU_MAP_frozen": -0.02320000000000011,
      "dU_gate_frozen": -0.02320000000000011,
      "dU_gate_map": 0.0,
      "dU_init_bacc": 0.0,
      "U_H2_minus_H3": 0.06680000000000019,
      "tau0": 10.0,
      "taus": 100.0,
      "gate": 1
    },
    "32": {
      "U_H0": 0.7000000000000002,
      "U_H1": 0.5630000000000001,
      "U_H1W": 0.5630000000000001,
      "U_H2": 0.6716,
      "U_H3": 0.611,
      "U_H4": 0.7000000000000002,
      "dU_center": 0.10859999999999992,
      "dU_MAP_frozen": -0.028400000000000203,
      "dU_gate_frozen": 0.0,
      "dU_gate_map": 0.028400000000000203,
      "dU_init_bacc": 0.0,
      "U_H2_minus_H3": 0.06059999999999999,
      "tau0": 10.0,
      "taus": 100.0,
      "gate": 0
    },
    "Full": {
      "U_H0": 0.7,
      "U_H1": 0.6,
      "U_H1W": 0.6,
      "U_H2": 0.6699999999999999,
      "U_H3": 0.62,
      "U_H4": 0.7,
      "dU_center": 0.06999999999999995,
      "dU_MAP_frozen": -0.030000000000000027,
      "dU_gate_frozen": 0.0,
      "dU_gate_map": 0.030000000000000027,
      "dU_init_bacc": 0.0,
      "U_H2_minus_H3": 0.04999999999999993,
      "tau0": 1.0,
      "taus": 100.0,
      "gate": 0
    }
  },
  "specificity": {
    "status": "ok",
    "rank": 8,
    "n_matched": 50,
    "n_tried": 2634,
    "informed_srcval": 0.576,
    "dGh_specific": {
      "ridge_k1": {
        "informed": -0.044200000000000024,
        "random_mean": -0.03282000000000001,
        "specific": -0.011380000000000015
      },
      "map_k1": {
        "informed": -0.0008000000000000007,
        "random_mean": -0.0018279999999999965,
        "specific": 0.001027999999999996
      },
      "ridge_k8": {
        "informed": -0.017000000000000026,
        "random_mean": -0.028732000000000008,
        "specific": 0.011731999999999982
      },
      "map_k8": {
        "informed": -0.001200000000000001,
        "random_mean": 0.00010000000000000231,
        "specific": -0.0013000000000000032
      },
      "ridge_kFull": {
        "informed": 0.050000000000000044,
        "random_mean": -0.021599999999999998,
        "specific": 0.07160000000000004
      },
      "map_kFull": {
        "informed": -0.030000000000000027,
        "random_mean": 0.0023999999999999933,
        "specific": -0.03240000000000002
      }
    }
  },
  "headroom": {
    "frozen_query_bacc": 0.7,
    "frozen_query_nll": 0.61741632613642,
    "fullcal_query_bacc": 0.6,
    "fullcal_gain": -0.09999999999999998,
    "angle_Ws_Wt_deg": 45.318698528235096,
    "bias_displacement": 1.4860650925616858,
    "direction_displacement": 2.0321254359960026,
    "cal_cov_condition": 22.700296517943446,
    "class_prior_shift": 0.0,
    "cal_query_mean_drift": 1.1368383838747258
  },
  "tau0": {
    "1": 10.0,
    "2": 10.0,
    "4": 10.0,
    "8": 10.0,
    "16": 10.0,
    "32": 10.0,
    "Full": 1.0
  },
  "taus": {
    "1": 100.0,
    "2": 100.0,
    "4": 100.0,
    "8": 100.0,
    "16": 100.0,
    "32": 100.0,
    "Full": 100.0
  },
  "gate": {
    "1": 0,
    "2": 1,
    "4": 0,
    "8": 0,
    "16": 1,
    "32": 0,
    "Full": 0
  },
  "firewall": {
    "source_only_construction": true,
    "tau_source_only": true,
    "gate_source_only": true,
    "Ycal_used_for_head_adapt": true,
    "Yquery_used_for_selection": false,
    "Yquery_used_for_outcome": true
  }
}