{
  "dataset": "Lee2019_MI",
  "subject": "37",
  "seed": 2,
  "status": "ok",
  "C": 2,
  "n_cal": 100,
  "n_query": 100,
  "cal_session": [
    "0"
  ],
  "query_sessions": [
    "1"
  ],
  "n_draws": 50,
  "n_tau_draws": 10,
  "init_param_diff": 7.24315498878761e-06,
  "endpoints": {
    "1": {
      "U_H0": 0.9399999999999997,
      "U_H1": 0.7295999999999999,
      "U_H1W": 0.7295999999999999,
      "U_H2": 0.9375999999999998,
      "U_H3": 0.9213999999999999,
      "U_H4": 0.9399999999999997,
      "dU_center": 0.20799999999999985,
      "dU_MAP_frozen": -0.0023999999999999577,
      "dU_gate_frozen": 0.0,
      "dU_gate_map": 0.0023999999999999577,
      "dU_init_bacc": 0.0,
      "U_H2_minus_H3": 0.01619999999999988,
      "tau0": 10.0,
      "taus": 100.0,
      "gate": 0
    },
    "2": {
      "U_H0": 0.9399999999999997,
      "U_H1": 0.7830000000000001,
      "U_H1W": 0.7830000000000001,
      "U_H2": 0.9363999999999999,
      "U_H3": 0.9373999999999998,
      "U_H4": 0.9399999999999997,
      "dU_center": 0.15339999999999976,
      "dU_MAP_frozen": -0.0035999999999998256,
      "dU_gate_frozen": 0.0,
      "dU_gate_map": 0.0035999999999998256,
      "dU_init_bacc": 0.0,
      "U_H2_minus_H3": -0.0009999999999998899,
      "tau0": 10.0,
      "taus": 100.0,
      "gate": 0
    },
    "4": {
      "U_H0": 0.9399999999999997,
      "U_H1": 0.8493999999999999,
      "U_H1W": 0.8493999999999999,
      "U_H2": 0.9349999999999997,
      "U_H3": 0.9388,
      "U_H4": 0.9399999999999997,
      "dU_center": 0.08559999999999979,
      "dU_MAP_frozen": -0.0050000000000000044,
      "dU_gate_frozen": 0.0,
      "dU_gate_map": 0.0050000000000000044,
      "dU_init_bacc": 0.0,
      "U_H2_minus_H3": -0.0038000000000002476,
      "tau0": 10.0,
      "taus": 100.0,
      "gate": 0
    },
    "8": {
      "U_H0": 0.9399999999999997,
      "U_H1": 0.9006000000000002,
      "U_H1W": 0.9006000000000002,
      "U_H2": 0.9369999999999997,
      "U_H3": 0.9476,
      "U_H4": 0.9399999999999997,
      "dU_center": 0.036399999999999544,
      "dU_MAP_frozen": -0.0030000000000000027,
      "dU_gate_frozen": 0.0,
      "dU_gate_map": 0.0030000000000000027,
      "dU_init_bacc": 0.0,
      "U_H2_minus_H3": -0.010600000000000276,
      "tau0": 10.0,
      "taus": 100.0,
      "gate": 0
    },
    "16": {
      "U_H0": 0.9399999999999997,
      "U_H1": 0.9176000000000001,
      "U_H1W": 0.9176000000000001,
      "U_H2": 0.9387999999999996,
      "U_H3": 0.9504,
      "U_H4": 0.9399999999999997,
      "dU_center": 0.021199999999999553,
      "dU_MAP_frozen": -0.0012000000000000899,
      "dU_gate_frozen": 0.0,
      "dU_gate_map": 0.0012000000000000899,
      "dU_init_bacc": 0.0,
      "U_H2_minus_H3": -0.011600000000000388,
      "tau0": 10.0,
      "taus": 100.0,
      "gate": 0
    },
    "32": {
      "U_H0": 0.9399999999999997,
      "U_H1": 0.9259999999999999,
      "U_H1W": 0.9259999999999999,
      "U_H2": 0.9393999999999997,
      "U_H3": 0.9538000000000001,
      "U_H4": 0.9399999999999997,
      "dU_center": 0.013399999999999745,
      "dU_MAP_frozen": -0.0006000000000000449,
      "dU_gate_frozen": 0.0,
      "dU_gate_map": 0.0006000000000000449,
      "dU_init_bacc": 0.0,
      "U_H2_minus_H3": -0.014400000000000412,
      "tau0": 10.0,
      "taus": 100.0,
      "gate": 0
    },
    "Full": {
      "U_H0": 0.94,
      "U_H1": 0.9299999999999999,
      "U_H1W": 0.9299999999999999,
      "U_H2": 0.94,
      "U_H3": 0.95,
      "U_H4": 0.94,
      "dU_center": 0.010000000000000009,
      "dU_MAP_frozen": 0.0,
      "dU_gate_frozen": 0.0,
      "dU_gate_map": 0.0,
      "dU_init_bacc": 0.0,
      "U_H2_minus_H3": -0.010000000000000009,
      "tau0": 1.0,
      "taus": 100.0,
      "gate": 1
    }
  },
  "specificity": {
    "status": "ok",
    "rank": 8,
    "n_matched": 50,
    "n_tried": 149,
    "informed_srcval": 0.68,
    "dGh_specific": {
      "ridge_k1": {
        "informed": -0.23740000000000008,
        "random_mean": -0.146656,
        "specific": -0.09074400000000007
      },
      "map_k1": {
        "informed": -0.014800000000000013,
        "random_mean": 0.0009439999999999983,
        "specific": -0.01574400000000001
      },
      "ridge_k8": {
        "informed": -0.10200000000000006,
        "random_mean": -0.024040000000000016,
        "specific": -0.07796000000000004
      },
      "map_k8": {
        "informed": -0.026400000000000024,
        "random_mean": 0.006599999999999997,
        "specific": -0.03300000000000002
      },
      "ridge_kFull": {
        "informed": 0.010000000000000009,
        "random_mean": 0.031599999999999975,
        "specific": -0.021599999999999966
      },
      "map_kFull": {
        "informed": -0.010000000000000009,
        "random_mean": 0.025599999999999984,
        "specific": -0.03559999999999999
      }
    }
  },
  "headroom": {
    "frozen_query_bacc": 0.94,
    "frozen_query_nll": 0.1733433542098647,
    "fullcal_query_bacc": 0.9299999999999999,
    "fullcal_gain": -0.010000000000000009,
    "angle_Ws_Wt_deg": 33.387258602917214,
    "bias_displacement": 4.432732192643675,
    "direction_displacement": 14.927274615133415,
    "cal_cov_condition": 18.251870655497108,
    "class_prior_shift": 0.0,
    "cal_query_mean_drift": 1.5198140693629172
  },
  "tau0": {
    "1": 10.0,
    "2": 10.0,
    "4": 10.0,
    "8": 10.0,
    "16": 10.0,
    "32": 10.0,
    "Full": 1.0
  },
  "taus": {
    "1": 100.0,
    "2": 100.0,
    "4": 100.0,
    "8": 100.0,
    "16": 100.0,
    "32": 100.0,
    "Full": 100.0
  },
  "gate": {
    "1": 0,
    "2": 0,
    "4": 0,
    "8": 0,
    "16": 0,
    "32": 0,
    "Full": 1
  },
  "firewall": {
    "source_only_construction": true,
    "tau_source_only": true,
    "gate_source_only": true,
    "Ycal_used_for_head_adapt": true,
    "Yquery_used_for_selection": false,
    "Yquery_used_for_outcome": true
  }
}