{
  "dataset": "Lee2019_MI",
  "subject": "35",
  "seed": 2,
  "status": "ok",
  "C": 2,
  "n_cal": 100,
  "n_query": 100,
  "cal_session": [
    "0"
  ],
  "query_sessions": [
    "1"
  ],
  "n_draws": 50,
  "n_tau_draws": 10,
  "init_param_diff": 2.2965762747800824e-05,
  "endpoints": {
    "1": {
      "U_H0": 0.49,
      "U_H1": 0.4996000000000001,
      "U_H1W": 0.4996000000000001,
      "U_H2": 0.49,
      "U_H3": 0.491,
      "U_H4": 0.49,
      "dU_center": -0.009600000000000108,
      "dU_MAP_frozen": 0.0,
      "dU_gate_frozen": 0.0,
      "dU_gate_map": 0.0,
      "dU_init_bacc": 0.0,
      "U_H2_minus_H3": -0.0010000000000000009,
      "tau0": 1.0,
      "taus": 100.0,
      "gate": 0
    },
    "2": {
      "U_H0": 0.49,
      "U_H1": 0.49560000000000004,
      "U_H1W": 0.49560000000000004,
      "U_H2": 0.49,
      "U_H3": 0.4918,
      "U_H4": 0.49,
      "dU_center": -0.005600000000000049,
      "dU_MAP_frozen": 0.0,
      "dU_gate_frozen": 0.0,
      "dU_gate_map": 0.0,
      "dU_init_bacc": 0.0,
      "U_H2_minus_H3": -0.0018000000000000238,
      "tau0": 10.0,
      "taus": 100.0,
      "gate": 0
    },
    "4": {
      "U_H0": 0.49,
      "U_H1": 0.4964,
      "U_H1W": 0.4964,
      "U_H2": 0.49,
      "U_H3": 0.4926,
      "U_H4": 0.49,
      "dU_center": -0.006400000000000017,
      "dU_MAP_frozen": 0.0,
      "dU_gate_frozen": 0.0,
      "dU_gate_map": 0.0,
      "dU_init_bacc": 0.0,
      "U_H2_minus_H3": -0.002599999999999991,
      "tau0": 10.0,
      "taus": 100.0,
      "gate": 0
    },
    "8": {
      "U_H0": 0.49,
      "U_H1": 0.4916,
      "U_H1W": 0.4916,
      "U_H2": 0.49,
      "U_H3": 0.48839999999999995,
      "U_H4": 0.49,
      "dU_center": -0.0015999999999999903,
      "dU_MAP_frozen": 0.0,
      "dU_gate_frozen": 0.0,
      "dU_gate_map": 0.0,
      "dU_init_bacc": 0.0,
      "U_H2_minus_H3": 0.0016000000000000458,
      "tau0": 10.0,
      "taus": 100.0,
      "gate": 0
    },
    "16": {
      "U_H0": 0.49,
      "U_H1": 0.4954,
      "U_H1W": 0.4954,
      "U_H2": 0.49,
      "U_H3": 0.4886,
      "U_H4": 0.49,
      "dU_center": -0.005400000000000016,
      "dU_MAP_frozen": 0.0,
      "dU_gate_frozen": 0.0,
      "dU_gate_map": 0.0,
      "dU_init_bacc": 0.0,
      "U_H2_minus_H3": 0.0014000000000000123,
      "tau0": 10.0,
      "taus": 100.0,
      "gate": 0
    },
    "32": {
      "U_H0": 0.49,
      "U_H1": 0.49200000000000005,
      "U_H1W": 0.49200000000000005,
      "U_H2": 0.4875999999999999,
      "U_H3": 0.49019999999999997,
      "U_H4": 0.49,
      "dU_center": -0.004400000000000126,
      "dU_MAP_frozen": -0.0024000000000000687,
      "dU_gate_frozen": 0.0,
      "dU_gate_map": 0.0024000000000000687,
      "dU_init_bacc": 0.0,
      "U_H2_minus_H3": -0.0026000000000000467,
      "tau0": 1.0,
      "taus": 100.0,
      "gate": 0
    },
    "Full": {
      "U_H0": 0.49,
      "U_H1": 0.45999999999999996,
      "U_H1W": 0.45999999999999996,
      "U_H2": 0.48,
      "U_H3": 0.49,
      "U_H4": 0.49,
      "dU_center": 0.020000000000000018,
      "dU_MAP_frozen": -0.010000000000000009,
      "dU_gate_frozen": 0.0,
      "dU_gate_map": 0.010000000000000009,
      "dU_init_bacc": 0.0,
      "U_H2_minus_H3": -0.010000000000000009,
      "tau0": 1.0,
      "taus": 100.0,
      "gate": 0
    }
  },
  "specificity": {
    "status": "ok",
    "rank": 8,
    "n_matched": 50,
    "n_tried": 109,
    "informed_srcval": 0.686,
    "dGh_specific": {
      "ridge_k1": {
        "informed": -0.022800000000000015,
        "random_mean": 0.0003199999999999989,
        "specific": -0.023120000000000012
      },
      "map_k1": {
        "informed": -0.008400000000000008,
        "random_mean": 0.0004439999999999984,
        "specific": -0.008844000000000006
      },
      "ridge_k8": {
        "informed": -0.03480000000000002,
        "random_mean": -0.0034479999999999992,
        "specific": -0.03135200000000002
      },
      "map_k8": {
        "informed": -0.02280000000000002,
        "random_mean": -0.0010240000000000015,
        "specific": -0.02177600000000002
      },
      "ridge_kFull": {
        "informed": -0.020000000000000018,
        "random_mean": -0.010000000000000004,
        "specific": -0.010000000000000014
      },
      "map_kFull": {
        "informed": -0.07,
        "random_mean": -0.00039999999999999704,
        "specific": -0.06960000000000001
      }
    }
  },
  "headroom": {
    "frozen_query_bacc": 0.49,
    "frozen_query_nll": 2.1459685039290384,
    "fullcal_query_bacc": 0.49,
    "fullcal_gain": 0.0,
    "angle_Ws_Wt_deg": 77.12928210879996,
    "bias_displacement": 0.5133938573161867,
    "direction_displacement": 2.6089881956900296,
    "cal_cov_condition": 19.171777070185758,
    "class_prior_shift": 0.0,
    "cal_query_mean_drift": 4.0763847759873135
  },
  "tau0": {
    "1": 1.0,
    "2": 10.0,
    "4": 10.0,
    "8": 10.0,
    "16": 10.0,
    "32": 1.0,
    "Full": 1.0
  },
  "taus": {
    "1": 100.0,
    "2": 100.0,
    "4": 100.0,
    "8": 100.0,
    "16": 100.0,
    "32": 100.0,
    "Full": 100.0
  },
  "gate": {
    "1": 0,
    "2": 0,
    "4": 0,
    "8": 0,
    "16": 0,
    "32": 0,
    "Full": 0
  },
  "firewall": {
    "source_only_construction": true,
    "tau_source_only": true,
    "gate_source_only": true,
    "Ycal_used_for_head_adapt": true,
    "Yquery_used_for_selection": false,
    "Yquery_used_for_outcome": true
  }
}