{
  "dataset": "Lee2019_MI",
  "subject": "44",
  "seed": 2,
  "status": "ok",
  "C": 2,
  "n_cal": 100,
  "n_query": 100,
  "cal_session": [
    "0"
  ],
  "query_sessions": [
    "1"
  ],
  "n_draws": 50,
  "n_tau_draws": 10,
  "init_param_diff": 6.731723015140466e-06,
  "endpoints": {
    "1": {
      "U_H0": 0.83,
      "U_H1": 0.6356,
      "U_H1W": 0.6356,
      "U_H2": 0.8302,
      "U_H3": 0.8622,
      "U_H4": 0.83,
      "dU_center": 0.1946,
      "dU_MAP_frozen": 0.000200000000000089,
      "dU_gate_frozen": 0.0,
      "dU_gate_map": -0.000200000000000089,
      "dU_init_bacc": 0.0,
      "U_H2_minus_H3": -0.03199999999999992,
      "tau0": 10.0,
      "taus": 100.0,
      "gate": 0
    },
    "2": {
      "U_H0": 0.83,
      "U_H1": 0.7081999999999999,
      "U_H1W": 0.7081999999999999,
      "U_H2": 0.83,
      "U_H3": 0.8761999999999999,
      "U_H4": 0.83,
      "dU_center": 0.12180000000000002,
      "dU_MAP_frozen": 0.0,
      "dU_gate_frozen": 0.0,
      "dU_gate_map": 0.0,
      "dU_init_bacc": 0.0,
      "U_H2_minus_H3": -0.04619999999999991,
      "tau0": 10.0,
      "taus": 100.0,
      "gate": 0
    },
    "4": {
      "U_H0": 0.83,
      "U_H1": 0.7652,
      "U_H1W": 0.7652,
      "U_H2": 0.8308,
      "U_H3": 0.9096,
      "U_H4": 0.83,
      "dU_center": 0.06559999999999999,
      "dU_MAP_frozen": 0.0008000000000000229,
      "dU_gate_frozen": 0.0,
      "dU_gate_map": -0.0008000000000000229,
      "dU_init_bacc": 0.0,
      "U_H2_minus_H3": -0.07879999999999998,
      "tau0": 10.0,
      "taus": 100.0,
      "gate": 0
    },
    "8": {
      "U_H0": 0.83,
      "U_H1": 0.7888,
      "U_H1W": 0.7888,
      "U_H2": 0.8346000000000001,
      "U_H3": 0.9201999999999998,
      "U_H4": 0.83,
      "dU_center": 0.045800000000000174,
      "dU_MAP_frozen": 0.0046000000000001595,
      "dU_gate_frozen": 0.0,
      "dU_gate_map": -0.0046000000000001595,
      "dU_init_bacc": 0.0,
      "U_H2_minus_H3": -0.08559999999999968,
      "tau0": 10.0,
      "taus": 100.0,
      "gate": 0
    },
    "16": {
      "U_H0": 0.83,
      "U_H1": 0.8008,
      "U_H1W": 0.8008,
      "U_H2": 0.8418000000000001,
      "U_H3": 0.9257999999999998,
      "U_H4": 0.83,
      "dU_center": 0.04100000000000015,
      "dU_MAP_frozen": 0.011800000000000144,
      "dU_gate_frozen": 0.0,
      "dU_gate_map": -0.011800000000000144,
      "dU_init_bacc": 0.0,
      "U_H2_minus_H3": -0.08399999999999974,
      "tau0": 10.0,
      "taus": 100.0,
      "gate": 0
    },
    "32": {
      "U_H0": 0.83,
      "U_H1": 0.8218000000000001,
      "U_H1W": 0.8218000000000001,
      "U_H2": 0.855,
      "U_H3": 0.9228000000000001,
      "U_H4": 0.83,
      "dU_center": 0.033199999999999896,
      "dU_MAP_frozen": 0.025000000000000022,
      "dU_gate_frozen": 0.0,
      "dU_gate_map": -0.025000000000000022,
      "dU_init_bacc": 0.0,
      "U_H2_minus_H3": -0.06780000000000008,
      "tau0": 10.0,
      "taus": 100.0,
      "gate": 0
    },
    "Full": {
      "U_H0": 0.8300000000000001,
      "U_H1": 0.88,
      "U_H1W": 0.88,
      "U_H2": 0.87,
      "U_H3": 0.9199999999999999,
      "U_H4": 0.8300000000000001,
      "dU_center": -0.010000000000000009,
      "dU_MAP_frozen": 0.039999999999999925,
      "dU_gate_frozen": 0.0,
      "dU_gate_map": -0.039999999999999925,
      "dU_init_bacc": 0.0,
      "U_H2_minus_H3": -0.04999999999999993,
      "tau0": 1.0,
      "taus": 100.0,
      "gate": 0
    }
  },
  "specificity": {
    "status": "ok",
    "rank": 8,
    "n_matched": 50,
    "n_tried": 220,
    "informed_srcval": 0.666,
    "dGh_specific": {
      "ridge_k1": {
        "informed": 0.008399999999999984,
        "random_mean": -0.10845999999999999,
        "specific": 0.11685999999999996
      },
      "map_k1": {
        "informed": 0.01140000000000001,
        "random_mean": 0.0021040000000000034,
        "specific": 0.009296000000000007
      },
      "ridge_k8": {
        "informed": 0.07419999999999999,
        "random_mean": -0.0024879999999999867,
        "specific": 0.07668799999999998
      },
      "map_k8": {
        "informed": 0.04880000000000001,
        "random_mean": 0.018228000000000005,
        "specific": 0.030572000000000005
      },
      "ridge_kFull": {
        "informed": 0.09999999999999998,
        "random_mean": 0.05280000000000003,
        "specific": 0.04719999999999995
      },
      "map_kFull": {
        "informed": 0.08999999999999997,
        "random_mean": 0.04740000000000001,
        "specific": 0.04259999999999996
      }
    }
  },
  "headroom": {
    "frozen_query_bacc": 0.8300000000000001,
    "frozen_query_nll": 0.37232491970140474,
    "fullcal_query_bacc": 0.89,
    "fullcal_gain": 0.05999999999999994,
    "angle_Ws_Wt_deg": 41.36370601082624,
    "bias_displacement": 13.59509871780351,
    "direction_displacement": 52.36401327910519,
    "cal_cov_condition": 14.410413198245703,
    "class_prior_shift": 0.0,
    "cal_query_mean_drift": 1.5582473500351648
  },
  "tau0": {
    "1": 10.0,
    "2": 10.0,
    "4": 10.0,
    "8": 10.0,
    "16": 10.0,
    "32": 10.0,
    "Full": 1.0
  },
  "taus": {
    "1": 100.0,
    "2": 100.0,
    "4": 100.0,
    "8": 100.0,
    "16": 100.0,
    "32": 100.0,
    "Full": 100.0
  },
  "gate": {
    "1": 0,
    "2": 0,
    "4": 0,
    "8": 0,
    "16": 0,
    "32": 0,
    "Full": 0
  },
  "firewall": {
    "source_only_construction": true,
    "tau_source_only": true,
    "gate_source_only": true,
    "Ycal_used_for_head_adapt": true,
    "Yquery_used_for_selection": false,
    "Yquery_used_for_outcome": true
  }
}