{
  "dataset": "BNCI2015_001",
  "subject": "7",
  "seed": 0,
  "status": "ok",
  "C": 2,
  "n_cal": 200,
  "n_query": 200,
  "cal_session": [
    "0A"
  ],
  "query_sessions": [
    "1B"
  ],
  "n_draws": 50,
  "n_tau_draws": 10,
  "init_param_diff": 5.4233267345117257e-05,
  "endpoints": {
    "1": {
      "U_H0": 0.545,
      "U_H1": 0.5982999999999999,
      "U_H1W": 0.5982999999999999,
      "U_H2": 0.5586,
      "U_H3": 0.5413,
      "U_H4": 0.5586,
      "dU_center": -0.03969999999999996,
      "dU_MAP_frozen": 0.013599999999999945,
      "dU_gate_frozen": 0.013599999999999945,
      "dU_gate_map": 0.0,
      "dU_init_bacc": 0.0,
      "U_H2_minus_H3": 0.017299999999999982,
      "tau0": 1.0,
      "taus": 10.0,
      "gate": 1
    },
    "2": {
      "U_H0": 0.545,
      "U_H1": 0.5858,
      "U_H1W": 0.5858,
      "U_H2": 0.5792,
      "U_H3": 0.5411,
      "U_H4": 0.5792,
      "dU_center": -0.006599999999999939,
      "dU_MAP_frozen": 0.03420000000000001,
      "dU_gate_frozen": 0.03420000000000001,
      "dU_gate_map": 0.0,
      "dU_init_bacc": 0.0,
      "U_H2_minus_H3": 0.03810000000000002,
      "tau0": 1.0,
      "taus": 10.0,
      "gate": 1
    },
    "4": {
      "U_H0": 0.545,
      "U_H1": 0.6353,
      "U_H1W": 0.6353,
      "U_H2": 0.6257,
      "U_H3": 0.5476000000000001,
      "U_H4": 0.6257,
      "dU_center": -0.009599999999999942,
      "dU_MAP_frozen": 0.0807,
      "dU_gate_frozen": 0.0807,
      "dU_gate_map": 0.0,
      "dU_init_bacc": 0.0,
      "U_H2_minus_H3": 0.07809999999999995,
      "tau0": 1.0,
      "taus": 10.0,
      "gate": 1
    },
    "8": {
      "U_H0": 0.545,
      "U_H1": 0.6586,
      "U_H1W": 0.6586,
      "U_H2": 0.6535,
      "U_H3": 0.5601999999999999,
      "U_H4": 0.6535,
      "dU_center": -0.005099999999999993,
      "dU_MAP_frozen": 0.10849999999999993,
      "dU_gate_frozen": 0.10849999999999993,
      "dU_gate_map": 0.0,
      "dU_init_bacc": 0.0,
      "U_H2_minus_H3": 0.09330000000000005,
      "tau0": 1.0,
      "taus": 10.0,
      "gate": 1
    },
    "16": {
      "U_H0": 0.545,
      "U_H1": 0.6894,
      "U_H1W": 0.6894,
      "U_H2": 0.6938,
      "U_H3": 0.5775,
      "U_H4": 0.6938,
      "dU_center": 0.0043999999999999595,
      "dU_MAP_frozen": 0.14879999999999993,
      "dU_gate_frozen": 0.14879999999999993,
      "dU_gate_map": 0.0,
      "dU_init_bacc": 0.0,
      "U_H2_minus_H3": 0.11629999999999996,
      "tau0": 1.0,
      "taus": 10.0,
      "gate": 1
    },
    "32": {
      "U_H0": 0.545,
      "U_H1": 0.7247000000000001,
      "U_H1W": 0.7247000000000001,
      "U_H2": 0.7293000000000001,
      "U_H3": 0.5982999999999999,
      "U_H4": 0.7293000000000001,
      "dU_center": 0.0045999999999999375,
      "dU_MAP_frozen": 0.18430000000000002,
      "dU_gate_frozen": 0.18430000000000002,
      "dU_gate_map": 0.0,
      "dU_init_bacc": 0.0,
      "U_H2_minus_H3": 0.13100000000000012,
      "tau0": 1.0,
      "taus": 10.0,
      "gate": 1
    },
    "Full": {
      "U_H0": 0.5449999999999999,
      "U_H1": 0.79,
      "U_H1W": 0.79,
      "U_H2": 0.74,
      "U_H3": 0.615,
      "U_H4": 0.74,
      "dU_center": -0.050000000000000044,
      "dU_MAP_frozen": 0.19500000000000006,
      "dU_gate_frozen": 0.19500000000000006,
      "dU_gate_map": 0.0,
      "dU_init_bacc": 0.0,
      "U_H2_minus_H3": 0.125,
      "tau0": 1.0,
      "taus": 10.0,
      "gate": 1
    }
  },
  "specificity": {
    "status": "ok",
    "rank": 8,
    "n_matched": 50,
    "n_tried": 145,
    "informed_srcval": 0.7210000000000001,
    "dGh_specific": {
      "ridge_k1": {
        "informed": 0.09569999999999994,
        "random_mean": 0.033895999999999996,
        "specific": 0.06180399999999994
      },
      "map_k1": {
        "informed": 0.035999999999999956,
        "random_mean": 0.019772,
        "specific": 0.016227999999999954
      },
      "ridge_k8": {
        "informed": 0.10199999999999995,
        "random_mean": 0.07836,
        "specific": 0.023639999999999953
      },
      "map_k8": {
        "informed": 0.08059999999999996,
        "random_mean": 0.07797599999999999,
        "specific": 0.0026239999999999736
      },
      "ridge_kFull": {
        "informed": 0.23499999999999993,
        "random_mean": 0.1765,
        "specific": 0.05849999999999994
      },
      "map_kFull": {
        "informed": 0.22499999999999992,
        "random_mean": 0.16880000000000003,
        "specific": 0.05619999999999989
      }
    }
  },
  "headroom": {
    "frozen_query_bacc": 0.5449999999999999,
    "frozen_query_nll": 0.9637191994225163,
    "fullcal_query_bacc": 0.77,
    "fullcal_gain": 0.2250000000000001,
    "angle_Ws_Wt_deg": 41.33264666909923,
    "bias_displacement": 0.3109938312339523,
    "direction_displacement": 2.0680832434715106,
    "cal_cov_condition": 27.34000680502598,
    "class_prior_shift": 0.0,
    "cal_query_mean_drift": 0.8844992095128599
  },
  "tau0": {
    "1": 1.0,
    "2": 1.0,
    "4": 1.0,
    "8": 1.0,
    "16": 1.0,
    "32": 1.0,
    "Full": 1.0
  },
  "taus": {
    "1": 10.0,
    "2": 10.0,
    "4": 10.0,
    "8": 10.0,
    "16": 10.0,
    "32": 10.0,
    "Full": 10.0
  },
  "gate": {
    "1": 1,
    "2": 1,
    "4": 1,
    "8": 1,
    "16": 1,
    "32": 1,
    "Full": 1
  },
  "firewall": {
    "source_only_construction": true,
    "tau_source_only": true,
    "gate_source_only": true,
    "Ycal_used_for_head_adapt": true,
    "Yquery_used_for_selection": false,
    "Yquery_used_for_outcome": true
  }
}