{
  "dataset": "Lee2019_MI",
  "subject": "43",
  "seed": 1,
  "status": "ok",
  "C": 2,
  "n_cal": 100,
  "n_query": 100,
  "cal_session": [
    "0"
  ],
  "query_sessions": [
    "1"
  ],
  "n_draws": 50,
  "n_tau_draws": 10,
  "init_param_diff": 8.075212822045323e-06,
  "endpoints": {
    "1": {
      "U_H0": 0.64,
      "U_H1": 0.5402,
      "U_H1W": 0.5402,
      "U_H2": 0.6402000000000001,
      "U_H3": 0.6446,
      "U_H4": 0.64,
      "dU_center": 0.10000000000000009,
      "dU_MAP_frozen": 0.000200000000000089,
      "dU_gate_frozen": 0.0,
      "dU_gate_map": -0.000200000000000089,
      "dU_init_bacc": 0.0,
      "U_H2_minus_H3": -0.0043999999999998485,
      "tau0": 1.0,
      "taus": 100.0,
      "gate": 0
    },
    "2": {
      "U_H0": 0.64,
      "U_H1": 0.5398000000000001,
      "U_H1W": 0.5398000000000001,
      "U_H2": 0.6406000000000001,
      "U_H3": 0.6462,
      "U_H4": 0.64,
      "dU_center": 0.1008,
      "dU_MAP_frozen": 0.0006000000000000449,
      "dU_gate_frozen": 0.0,
      "dU_gate_map": -0.0006000000000000449,
      "dU_init_bacc": 0.0,
      "U_H2_minus_H3": -0.005599999999999938,
      "tau0": 10.0,
      "taus": 100.0,
      "gate": 0
    },
    "4": {
      "U_H0": 0.64,
      "U_H1": 0.5601999999999999,
      "U_H1W": 0.5601999999999999,
      "U_H2": 0.6410000000000001,
      "U_H3": 0.6509999999999999,
      "U_H4": 0.6410000000000001,
      "dU_center": 0.0808000000000002,
      "dU_MAP_frozen": 0.001000000000000112,
      "dU_gate_frozen": 0.001000000000000112,
      "dU_gate_map": 0.0,
      "dU_init_bacc": 0.0,
      "U_H2_minus_H3": -0.009999999999999787,
      "tau0": 10.0,
      "taus": 100.0,
      "gate": 1
    },
    "8": {
      "U_H0": 0.64,
      "U_H1": 0.601,
      "U_H1W": 0.601,
      "U_H2": 0.6454,
      "U_H3": 0.6492,
      "U_H4": 0.64,
      "dU_center": 0.044399999999999995,
      "dU_MAP_frozen": 0.00539999999999996,
      "dU_gate_frozen": 0.0,
      "dU_gate_map": -0.00539999999999996,
      "dU_init_bacc": 0.0,
      "U_H2_minus_H3": -0.0038000000000000256,
      "tau0": 10.0,
      "taus": 100.0,
      "gate": 0
    },
    "16": {
      "U_H0": 0.64,
      "U_H1": 0.6288,
      "U_H1W": 0.6288,
      "U_H2": 0.6516,
      "U_H3": 0.6511999999999999,
      "U_H4": 0.6516,
      "dU_center": 0.02279999999999993,
      "dU_MAP_frozen": 0.011599999999999944,
      "dU_gate_frozen": 0.011599999999999944,
      "dU_gate_map": 0.0,
      "dU_init_bacc": 0.0,
      "U_H2_minus_H3": 0.00040000000000006697,
      "tau0": 10.0,
      "taus": 100.0,
      "gate": 1
    },
    "32": {
      "U_H0": 0.64,
      "U_H1": 0.6528,
      "U_H1W": 0.6528,
      "U_H2": 0.6561999999999999,
      "U_H3": 0.65,
      "U_H4": 0.6561999999999999,
      "dU_center": 0.0033999999999998476,
      "dU_MAP_frozen": 0.01619999999999988,
      "dU_gate_frozen": 0.01619999999999988,
      "dU_gate_map": 0.0,
      "dU_init_bacc": 0.0,
      "U_H2_minus_H3": 0.006199999999999872,
      "tau0": 10.0,
      "taus": 100.0,
      "gate": 1
    },
    "Full": {
      "U_H0": 0.64,
      "U_H1": 0.6699999999999999,
      "U_H1W": 0.6699999999999999,
      "U_H2": 0.66,
      "U_H3": 0.65,
      "U_H4": 0.64,
      "dU_center": -0.009999999999999898,
      "dU_MAP_frozen": 0.020000000000000018,
      "dU_gate_frozen": 0.0,
      "dU_gate_map": -0.020000000000000018,
      "dU_init_bacc": 0.0,
      "U_H2_minus_H3": 0.010000000000000009,
      "tau0": 10.0,
      "taus": 100.0,
      "gate": 0
    }
  },
  "specificity": {
    "status": "ok",
    "rank": 8,
    "n_matched": 50,
    "n_tried": 121,
    "informed_srcval": 0.7049999999999998,
    "dGh_specific": {
      "ridge_k1": {
        "informed": 0.0002000000000000035,
        "random_mean": -0.07437199999999998,
        "specific": 0.07457199999999999
      },
      "map_k1": {
        "informed": -0.002200000000000002,
        "random_mean": 0.0012360000000000053,
        "specific": -0.003436000000000007
      },
      "ridge_k8": {
        "informed": 0.0286,
        "random_mean": -0.043307999999999985,
        "specific": 0.07190799999999999
      },
      "map_k8": {
        "informed": 0.007400000000000005,
        "random_mean": 0.002976000000000009,
        "specific": 0.004423999999999996
      },
      "ridge_kFull": {
        "informed": 0.04999999999999993,
        "random_mean": -0.003399999999999983,
        "specific": 0.05339999999999992
      },
      "map_kFull": {
        "informed": 0.040000000000000036,
        "random_mean": 0.005200000000000018,
        "specific": 0.03480000000000002
      }
    }
  },
  "headroom": {
    "frozen_query_bacc": 0.64,
    "frozen_query_nll": 0.631295174762172,
    "fullcal_query_bacc": 0.62,
    "fullcal_gain": -0.020000000000000018,
    "angle_Ws_Wt_deg": 25.313001814059067,
    "bias_displacement": 0.09241496452629569,
    "direction_displacement": 2.366531436471326,
    "cal_cov_condition": 7.827314325404625,
    "class_prior_shift": 0.0,
    "cal_query_mean_drift": 2.1434065202153456
  },
  "tau0": {
    "1": 1.0,
    "2": 10.0,
    "4": 10.0,
    "8": 10.0,
    "16": 10.0,
    "32": 10.0,
    "Full": 10.0
  },
  "taus": {
    "1": 100.0,
    "2": 100.0,
    "4": 100.0,
    "8": 100.0,
    "16": 100.0,
    "32": 100.0,
    "Full": 100.0
  },
  "gate": {
    "1": 0,
    "2": 0,
    "4": 1,
    "8": 0,
    "16": 1,
    "32": 1,
    "Full": 0
  },
  "firewall": {
    "source_only_construction": true,
    "tau_source_only": true,
    "gate_source_only": true,
    "Ycal_used_for_head_adapt": true,
    "Yquery_used_for_selection": false,
    "Yquery_used_for_outcome": true
  }
}