{
  "dataset": "Lee2019_MI",
  "subject": "20",
  "seed": 1,
  "status": "ok",
  "C": 2,
  "n_cal": 100,
  "n_query": 100,
  "cal_session": [
    "0"
  ],
  "query_sessions": [
    "1"
  ],
  "n_draws": 50,
  "n_tau_draws": 10,
  "init_param_diff": 9.345567245710047e-06,
  "endpoints": {
    "1": {
      "U_H0": 0.6799999999999998,
      "U_H1": 0.52,
      "U_H1W": 0.52,
      "U_H2": 0.6801999999999998,
      "U_H3": 0.6799999999999998,
      "U_H4": 0.6799999999999998,
      "dU_center": 0.1601999999999998,
      "dU_MAP_frozen": 0.00019999999999997797,
      "dU_gate_frozen": 0.0,
      "dU_gate_map": -0.00019999999999997797,
      "dU_init_bacc": 0.0,
      "U_H2_minus_H3": 0.00019999999999997797,
      "tau0": 1.0,
      "taus": 100.0,
      "gate": 0
    },
    "2": {
      "U_H0": 0.6799999999999998,
      "U_H1": 0.5346,
      "U_H1W": 0.5346,
      "U_H2": 0.6799999999999998,
      "U_H3": 0.7111999999999997,
      "U_H4": 0.6799999999999998,
      "dU_center": 0.14539999999999986,
      "dU_MAP_frozen": 0.0,
      "dU_gate_frozen": 0.0,
      "dU_gate_map": 0.0,
      "dU_init_bacc": 0.0,
      "U_H2_minus_H3": -0.031199999999999894,
      "tau0": 10.0,
      "taus": 100.0,
      "gate": 0
    },
    "4": {
      "U_H0": 0.6799999999999998,
      "U_H1": 0.5438000000000001,
      "U_H1W": 0.5438000000000001,
      "U_H2": 0.6805999999999999,
      "U_H3": 0.7288,
      "U_H4": 0.6805999999999999,
      "dU_center": 0.1367999999999998,
      "dU_MAP_frozen": 0.0006000000000000449,
      "dU_gate_frozen": 0.0006000000000000449,
      "dU_gate_map": 0.0,
      "dU_init_bacc": 0.0,
      "U_H2_minus_H3": -0.04820000000000013,
      "tau0": 10.0,
      "taus": 100.0,
      "gate": 1
    },
    "8": {
      "U_H0": 0.6799999999999998,
      "U_H1": 0.5492,
      "U_H1W": 0.5492,
      "U_H2": 0.6801999999999999,
      "U_H3": 0.7258,
      "U_H4": 0.6799999999999998,
      "dU_center": 0.1309999999999999,
      "dU_MAP_frozen": 0.000200000000000089,
      "dU_gate_frozen": 0.0,
      "dU_gate_map": -0.000200000000000089,
      "dU_init_bacc": 0.0,
      "U_H2_minus_H3": -0.045600000000000085,
      "tau0": 10.0,
      "taus": 100.0,
      "gate": 0
    },
    "16": {
      "U_H0": 0.6799999999999998,
      "U_H1": 0.5802,
      "U_H1W": 0.5802,
      "U_H2": 0.6797999999999998,
      "U_H3": 0.7306,
      "U_H4": 0.6797999999999998,
      "dU_center": 0.0995999999999998,
      "dU_MAP_frozen": -0.00019999999999997797,
      "dU_gate_frozen": -0.00019999999999997797,
      "dU_gate_map": 0.0,
      "dU_init_bacc": 0.0,
      "U_H2_minus_H3": -0.05080000000000018,
      "tau0": 10.0,
      "taus": 100.0,
      "gate": 1
    },
    "32": {
      "U_H0": 0.6799999999999998,
      "U_H1": 0.6188,
      "U_H1W": 0.6188,
      "U_H2": 0.6807999999999997,
      "U_H3": 0.7318000000000001,
      "U_H4": 0.6799999999999998,
      "dU_center": 0.06199999999999972,
      "dU_MAP_frozen": 0.0007999999999999119,
      "dU_gate_frozen": 0.0,
      "dU_gate_map": -0.0007999999999999119,
      "dU_init_bacc": 0.0,
      "U_H2_minus_H3": -0.05100000000000038,
      "tau0": 10.0,
      "taus": 100.0,
      "gate": 0
    },
    "Full": {
      "U_H0": 0.6799999999999999,
      "U_H1": 0.6599999999999999,
      "U_H1W": 0.6599999999999999,
      "U_H2": 0.6799999999999999,
      "U_H3": 0.73,
      "U_H4": 0.6799999999999999,
      "dU_center": 0.020000000000000018,
      "dU_MAP_frozen": 0.0,
      "dU_gate_frozen": 0.0,
      "dU_gate_map": 0.0,
      "dU_init_bacc": 0.0,
      "U_H2_minus_H3": -0.050000000000000044,
      "tau0": 1.0,
      "taus": 100.0,
      "gate": 1
    }
  },
  "specificity": {
    "status": "ok",
    "rank": 8,
    "n_matched": 50,
    "n_tried": 248,
    "informed_srcval": 0.6489999999999999,
    "dGh_specific": {
      "ridge_k1": {
        "informed": -0.124,
        "random_mean": -0.113732,
        "specific": -0.010268
      },
      "map_k1": {
        "informed": 0.0030000000000000027,
        "random_mean": -0.0007200000000000022,
        "specific": 0.003720000000000005
      },
      "ridge_k8": {
        "informed": -0.10519999999999997,
        "random_mean": -0.10202399999999998,
        "specific": -0.0031759999999999983
      },
      "map_k8": {
        "informed": 0.0028000000000000026,
        "random_mean": -0.0016320000000000017,
        "specific": 0.0044320000000000045
      },
      "ridge_kFull": {
        "informed": -0.010000000000000009,
        "random_mean": -0.06599999999999998,
        "specific": 0.055999999999999966
      },
      "map_kFull": {
        "informed": -0.010000000000000009,
        "random_mean": -0.007399999999999998,
        "specific": -0.002600000000000011
      }
    }
  },
  "headroom": {
    "frozen_query_bacc": 0.6799999999999999,
    "frozen_query_nll": 0.5780486038168273,
    "fullcal_query_bacc": 0.6599999999999999,
    "fullcal_gain": -0.020000000000000018,
    "angle_Ws_Wt_deg": 29.300138768690275,
    "bias_displacement": 1.1625278587733605,
    "direction_displacement": 1.4798404033433972,
    "cal_cov_condition": 14.29366527085879,
    "class_prior_shift": 0.0,
    "cal_query_mean_drift": 1.4685087378375214
  },
  "tau0": {
    "1": 1.0,
    "2": 10.0,
    "4": 10.0,
    "8": 10.0,
    "16": 10.0,
    "32": 10.0,
    "Full": 1.0
  },
  "taus": {
    "1": 100.0,
    "2": 100.0,
    "4": 100.0,
    "8": 100.0,
    "16": 100.0,
    "32": 100.0,
    "Full": 100.0
  },
  "gate": {
    "1": 0,
    "2": 0,
    "4": 1,
    "8": 0,
    "16": 1,
    "32": 0,
    "Full": 1
  },
  "firewall": {
    "source_only_construction": true,
    "tau_source_only": true,
    "gate_source_only": true,
    "Ycal_used_for_head_adapt": true,
    "Yquery_used_for_selection": false,
    "Yquery_used_for_outcome": true
  }
}