{
  "dataset": "BNCI2014_001",
  "subject": "1",
  "seed": 1,
  "status": "ok",
  "C": 4,
  "n_cal": 288,
  "n_query": 288,
  "cal_session": [
    "0train"
  ],
  "query_sessions": [
    "1test"
  ],
  "n_draws": 50,
  "n_tau_draws": 10,
  "init_param_diff": 0.0002201276601509556,
  "endpoints": {
    "1": {
      "U_H0": 0.6006944444444444,
      "U_H1": 0.4338888888888889,
      "U_H1W": 0.4338888888888889,
      "U_H2": 0.6381944444444445,
      "U_H3": 0.6134027777777777,
      "U_H4": 0.6006944444444444,
      "dU_center": 0.20430555555555563,
      "dU_MAP_frozen": 0.03750000000000009,
      "dU_gate_frozen": 0.0,
      "dU_gate_map": -0.03750000000000009,
      "dU_init_bacc": 0.0,
      "U_H2_minus_H3": 0.024791666666666767,
      "tau0": 1.0,
      "taus": 10.0,
      "gate": 0
    },
    "2": {
      "U_H0": 0.6006944444444444,
      "U_H1": 0.49472222222222223,
      "U_H1W": 0.49472222222222223,
      "U_H2": 0.6586805555555556,
      "U_H3": 0.6386805555555555,
      "U_H4": 0.6006944444444444,
      "dU_center": 0.16395833333333337,
      "dU_MAP_frozen": 0.05798611111111118,
      "dU_gate_frozen": 0.0,
      "dU_gate_map": -0.05798611111111118,
      "dU_init_bacc": 0.0,
      "U_H2_minus_H3": 0.02000000000000013,
      "tau0": 1.0,
      "taus": 10.0,
      "gate": 0
    },
    "4": {
      "U_H0": 0.6006944444444444,
      "U_H1": 0.541875,
      "U_H1W": 0.541875,
      "U_H2": 0.6702083333333333,
      "U_H3": 0.6561805555555554,
      "U_H4": 0.6702083333333333,
      "dU_center": 0.1283333333333333,
      "dU_MAP_frozen": 0.06951388888888888,
      "dU_gate_frozen": 0.06951388888888888,
      "dU_gate_map": 0.0,
      "dU_init_bacc": 0.0,
      "U_H2_minus_H3": 0.014027777777777861,
      "tau0": 1.0,
      "taus": 10.0,
      "gate": 1
    },
    "8": {
      "U_H0": 0.6006944444444444,
      "U_H1": 0.5817361111111111,
      "U_H1W": 0.5817361111111111,
      "U_H2": 0.6784722222222221,
      "U_H3": 0.6586111111111111,
      "U_H4": 0.6006944444444444,
      "dU_center": 0.09673611111111102,
      "dU_MAP_frozen": 0.07777777777777772,
      "dU_gate_frozen": 0.0,
      "dU_gate_map": -0.07777777777777772,
      "dU_init_bacc": 0.0,
      "U_H2_minus_H3": 0.019861111111110996,
      "tau0": 10.0,
      "taus": 10.0,
      "gate": 0
    },
    "16": {
      "U_H0": 0.6006944444444444,
      "U_H1": 0.6494444444444446,
      "U_H1W": 0.649513888888889,
      "U_H2": 0.6971527777777777,
      "U_H3": 0.665138888888889,
      "U_H4": 0.6971527777777777,
      "dU_center": 0.04770833333333313,
      "dU_MAP_frozen": 0.09645833333333331,
      "dU_gate_frozen": 0.09645833333333331,
      "dU_gate_map": 0.0,
      "dU_init_bacc": 6.944444444434428e-05,
      "U_H2_minus_H3": 0.032013888888888786,
      "tau0": 1.0,
      "taus": 10.0,
      "gate": 1
    },
    "32": {
      "U_H0": 0.6006944444444444,
      "U_H1": 0.70875,
      "U_H1W": 0.7086805555555558,
      "U_H2": 0.7264583333333334,
      "U_H3": 0.6693055555555556,
      "U_H4": 0.7264583333333334,
      "dU_center": 0.017708333333333437,
      "dU_MAP_frozen": 0.125763888888889,
      "dU_gate_frozen": 0.125763888888889,
      "dU_gate_map": 0.0,
      "dU_init_bacc": -6.944444444423326e-05,
      "U_H2_minus_H3": 0.05715277777777783,
      "tau0": 1.0,
      "taus": 10.0,
      "gate": 1
    },
    "Full": {
      "U_H0": 0.6006944444444444,
      "U_H1": 0.7465277777777778,
      "U_H1W": 0.7465277777777778,
      "U_H2": 0.7638888888888888,
      "U_H3": 0.6770833333333333,
      "U_H4": 0.7638888888888888,
      "dU_center": 0.01736111111111105,
      "dU_MAP_frozen": 0.16319444444444442,
      "dU_gate_frozen": 0.16319444444444442,
      "dU_gate_map": 0.0,
      "dU_init_bacc": 0.0,
      "U_H2_minus_H3": 0.08680555555555558,
      "tau0": 1.0,
      "taus": 10.0,
      "gate": 1
    }
  },
  "specificity": {
    "status": "ok",
    "rank": 8,
    "n_matched": 50,
    "n_tried": 63,
    "informed_srcval": 0.39618055555555554,
    "dGh_specific": {
      "ridge_k1": {
        "informed": -0.06277777777777775,
        "random_mean": -0.09814583333333332,
        "specific": 0.03536805555555557
      },
      "map_k1": {
        "informed": 0.029722222222222275,
        "random_mean": 0.021763888888888885,
        "specific": 0.00795833333333339
      },
      "ridge_k8": {
        "informed": 0.06381944444444447,
        "random_mean": 0.020686111111111113,
        "specific": 0.04313333333333336
      },
      "map_k8": {
        "informed": 0.08472222222222225,
        "random_mean": 0.06520555555555556,
        "specific": 0.019516666666666696
      },
      "ridge_kFull": {
        "informed": 0.14583333333333343,
        "random_mean": 0.11673611111111112,
        "specific": 0.029097222222222302
      },
      "map_kFull": {
        "informed": 0.16319444444444448,
        "random_mean": 0.11881944444444446,
        "specific": 0.04437500000000001
      }
    }
  },
  "headroom": {
    "frozen_query_bacc": 0.6006944444444444,
    "frozen_query_nll": 1.139885575888036,
    "fullcal_query_bacc": 0.7430555555555556,
    "fullcal_gain": 0.14236111111111116,
    "angle_Ws_Wt_deg": 49.12859336108554,
    "bias_displacement": 1.8084667453204994,
    "direction_displacement": 5.755845129075629,
    "cal_cov_condition": 31.961219922843366,
    "class_prior_shift": 0.0,
    "cal_query_mean_drift": 0.9371745003557813
  },
  "tau0": {
    "1": 1.0,
    "2": 1.0,
    "4": 1.0,
    "8": 10.0,
    "16": 1.0,
    "32": 1.0,
    "Full": 1.0
  },
  "taus": {
    "1": 10.0,
    "2": 10.0,
    "4": 10.0,
    "8": 10.0,
    "16": 10.0,
    "32": 10.0,
    "Full": 10.0
  },
  "gate": {
    "1": 0,
    "2": 0,
    "4": 1,
    "8": 0,
    "16": 1,
    "32": 1,
    "Full": 1
  },
  "firewall": {
    "source_only_construction": true,
    "tau_source_only": true,
    "gate_source_only": true,
    "Ycal_used_for_head_adapt": true,
    "Yquery_used_for_selection": false,
    "Yquery_used_for_outcome": true
  }
}