{
  "dataset": "Lee2019_MI",
  "subject": "25",
  "seed": 1,
  "status": "ok",
  "C": 2,
  "n_cal": 100,
  "n_query": 100,
  "cal_session": [
    "0"
  ],
  "query_sessions": [
    "1"
  ],
  "n_draws": 50,
  "n_tau_draws": 10,
  "init_param_diff": 2.5438381122516646e-05,
  "endpoints": {
    "1": {
      "U_H0": 0.7000000000000002,
      "U_H1": 0.5128,
      "U_H1W": 0.5128,
      "U_H2": 0.7004,
      "U_H3": 0.6364,
      "U_H4": 0.7000000000000002,
      "dU_center": 0.1876,
      "dU_MAP_frozen": 0.0003999999999998449,
      "dU_gate_frozen": 0.0,
      "dU_gate_map": -0.0003999999999998449,
      "dU_init_bacc": 0.0,
      "U_H2_minus_H3": 0.06400000000000006,
      "tau0": 1.0,
      "taus": 100.0,
      "gate": 0
    },
    "2": {
      "U_H0": 0.7000000000000002,
      "U_H1": 0.5048000000000001,
      "U_H1W": 0.5048000000000001,
      "U_H2": 0.7018000000000001,
      "U_H3": 0.6611999999999999,
      "U_H4": 0.7000000000000002,
      "dU_center": 0.19699999999999995,
      "dU_MAP_frozen": 0.0017999999999999128,
      "dU_gate_frozen": 0.0,
      "dU_gate_map": -0.0017999999999999128,
      "dU_init_bacc": 0.0,
      "U_H2_minus_H3": 0.04060000000000019,
      "tau0": 10.0,
      "taus": 100.0,
      "gate": 0
    },
    "4": {
      "U_H0": 0.7000000000000002,
      "U_H1": 0.5098,
      "U_H1W": 0.5098,
      "U_H2": 0.7016000000000001,
      "U_H3": 0.6624000000000001,
      "U_H4": 0.7000000000000002,
      "dU_center": 0.19180000000000008,
      "dU_MAP_frozen": 0.0015999999999999348,
      "dU_gate_frozen": 0.0,
      "dU_gate_map": -0.0015999999999999348,
      "dU_init_bacc": 0.0,
      "U_H2_minus_H3": 0.03920000000000001,
      "tau0": 10.0,
      "taus": 100.0,
      "gate": 0
    },
    "8": {
      "U_H0": 0.7000000000000002,
      "U_H1": 0.5246000000000001,
      "U_H1W": 0.5246000000000001,
      "U_H2": 0.7022000000000002,
      "U_H3": 0.6669999999999999,
      "U_H4": 0.7000000000000002,
      "dU_center": 0.1776000000000001,
      "dU_MAP_frozen": 0.0021999999999999797,
      "dU_gate_frozen": 0.0,
      "dU_gate_map": -0.0021999999999999797,
      "dU_init_bacc": 0.0,
      "U_H2_minus_H3": 0.03520000000000023,
      "tau0": 10.0,
      "taus": 100.0,
      "gate": 0
    },
    "16": {
      "U_H0": 0.7000000000000002,
      "U_H1": 0.5386000000000001,
      "U_H1W": 0.5386000000000001,
      "U_H2": 0.7034,
      "U_H3": 0.6786,
      "U_H4": 0.7000000000000002,
      "dU_center": 0.16479999999999995,
      "dU_MAP_frozen": 0.0033999999999998476,
      "dU_gate_frozen": 0.0,
      "dU_gate_map": -0.0033999999999998476,
      "dU_init_bacc": 0.0,
      "U_H2_minus_H3": 0.024800000000000044,
      "tau0": 10.0,
      "taus": 100.0,
      "gate": 0
    },
    "32": {
      "U_H0": 0.7000000000000002,
      "U_H1": 0.6076,
      "U_H1W": 0.6076,
      "U_H2": 0.6994,
      "U_H3": 0.6878,
      "U_H4": 0.7000000000000002,
      "dU_center": 0.09179999999999999,
      "dU_MAP_frozen": -0.000600000000000156,
      "dU_gate_frozen": 0.0,
      "dU_gate_map": 0.000600000000000156,
      "dU_init_bacc": 0.0,
      "U_H2_minus_H3": 0.011600000000000055,
      "tau0": 1.0,
      "taus": 100.0,
      "gate": 0
    },
    "Full": {
      "U_H0": 0.7,
      "U_H1": 0.64,
      "U_H1W": 0.64,
      "U_H2": 0.69,
      "U_H3": 0.69,
      "U_H4": 0.7,
      "dU_center": 0.04999999999999993,
      "dU_MAP_frozen": -0.010000000000000009,
      "dU_gate_frozen": 0.0,
      "dU_gate_map": 0.010000000000000009,
      "dU_init_bacc": 0.0,
      "U_H2_minus_H3": 0.0,
      "tau0": 1.0,
      "taus": 100.0,
      "gate": 0
    }
  },
  "specificity": {
    "status": "ok",
    "rank": 8,
    "n_matched": 50,
    "n_tried": 202,
    "informed_srcval": 0.6649999999999999,
    "dGh_specific": {
      "ridge_k1": {
        "informed": -0.03620000000000002,
        "random_mean": -0.053408000000000004,
        "specific": 0.017207999999999987
      },
      "map_k1": {
        "informed": 0.00020000000000000017,
        "random_mean": 0.001108000000000003,
        "specific": -0.0009080000000000029
      },
      "ridge_k8": {
        "informed": -0.01960000000000001,
        "random_mean": -0.044716,
        "specific": 0.02511599999999999
      },
      "map_k8": {
        "informed": 0.003399999999999994,
        "random_mean": 0.0019680000000000027,
        "specific": 0.0014319999999999914
      },
      "ridge_kFull": {
        "informed": 0.010000000000000009,
        "random_mean": -0.016,
        "specific": 0.02600000000000001
      },
      "map_kFull": {
        "informed": 0.030000000000000027,
        "random_mean": 0.0025999999999999925,
        "specific": 0.027400000000000035
      }
    }
  },
  "headroom": {
    "frozen_query_bacc": 0.7,
    "frozen_query_nll": 0.6085582577169341,
    "fullcal_query_bacc": 0.67,
    "fullcal_gain": -0.029999999999999916,
    "angle_Ws_Wt_deg": 43.059931410555926,
    "bias_displacement": 0.6487684015540397,
    "direction_displacement": 1.5304123150139908,
    "cal_cov_condition": 22.474091456516867,
    "class_prior_shift": 0.0,
    "cal_query_mean_drift": 1.6049131609094118
  },
  "tau0": {
    "1": 1.0,
    "2": 10.0,
    "4": 10.0,
    "8": 10.0,
    "16": 10.0,
    "32": 1.0,
    "Full": 1.0
  },
  "taus": {
    "1": 100.0,
    "2": 100.0,
    "4": 100.0,
    "8": 100.0,
    "16": 100.0,
    "32": 100.0,
    "Full": 100.0
  },
  "gate": {
    "1": 0,
    "2": 0,
    "4": 0,
    "8": 0,
    "16": 0,
    "32": 0,
    "Full": 0
  },
  "firewall": {
    "source_only_construction": true,
    "tau_source_only": true,
    "gate_source_only": true,
    "Ycal_used_for_head_adapt": true,
    "Yquery_used_for_selection": false,
    "Yquery_used_for_outcome": true
  }
}