{
  "dataset": "Lee2019_MI",
  "subject": "38",
  "seed": 2,
  "status": "ok",
  "C": 2,
  "n_cal": 100,
  "n_query": 100,
  "cal_session": [
    "0"
  ],
  "query_sessions": [
    "1"
  ],
  "n_draws": 50,
  "n_tau_draws": 10,
  "init_param_diff": 7.637415066940031e-06,
  "endpoints": {
    "1": {
      "U_H0": 0.57,
      "U_H1": 0.5208,
      "U_H1W": 0.5208,
      "U_H2": 0.5731999999999998,
      "U_H3": 0.561,
      "U_H4": 0.5731999999999998,
      "dU_center": 0.05239999999999978,
      "dU_MAP_frozen": 0.0031999999999998696,
      "dU_gate_frozen": 0.0031999999999998696,
      "dU_gate_map": 0.0,
      "dU_init_bacc": 0.0,
      "U_H2_minus_H3": 0.012199999999999767,
      "tau0": 10.0,
      "taus": 100.0,
      "gate": 1
    },
    "2": {
      "U_H0": 0.57,
      "U_H1": 0.515,
      "U_H1W": 0.515,
      "U_H2": 0.5728,
      "U_H3": 0.5730000000000001,
      "U_H4": 0.5728,
      "dU_center": 0.05779999999999996,
      "dU_MAP_frozen": 0.0028000000000000247,
      "dU_gate_frozen": 0.0028000000000000247,
      "dU_gate_map": 0.0,
      "dU_init_bacc": 0.0,
      "U_H2_minus_H3": -0.000200000000000089,
      "tau0": 10.0,
      "taus": 100.0,
      "gate": 1
    },
    "4": {
      "U_H0": 0.57,
      "U_H1": 0.5266000000000001,
      "U_H1W": 0.5266000000000001,
      "U_H2": 0.5728,
      "U_H3": 0.5770000000000001,
      "U_H4": 0.5728,
      "dU_center": 0.04619999999999991,
      "dU_MAP_frozen": 0.0028000000000000247,
      "dU_gate_frozen": 0.0028000000000000247,
      "dU_gate_map": 0.0,
      "dU_init_bacc": 0.0,
      "U_H2_minus_H3": -0.0042000000000000925,
      "tau0": 10.0,
      "taus": 100.0,
      "gate": 1
    },
    "8": {
      "U_H0": 0.57,
      "U_H1": 0.5142,
      "U_H1W": 0.5142,
      "U_H2": 0.5726,
      "U_H3": 0.5804,
      "U_H4": 0.5726,
      "dU_center": 0.05840000000000001,
      "dU_MAP_frozen": 0.0026000000000000467,
      "dU_gate_frozen": 0.0026000000000000467,
      "dU_gate_map": 0.0,
      "dU_init_bacc": 0.0,
      "U_H2_minus_H3": -0.007800000000000029,
      "tau0": 10.0,
      "taus": 100.0,
      "gate": 1
    },
    "16": {
      "U_H0": 0.57,
      "U_H1": 0.5362,
      "U_H1W": 0.5364000000000001,
      "U_H2": 0.5834,
      "U_H3": 0.5798,
      "U_H4": 0.5834,
      "dU_center": 0.04720000000000002,
      "dU_MAP_frozen": 0.013400000000000079,
      "dU_gate_frozen": 0.013400000000000079,
      "dU_gate_map": 0.0,
      "dU_init_bacc": 0.000200000000000089,
      "U_H2_minus_H3": 0.0036000000000000476,
      "tau0": 10.0,
      "taus": 100.0,
      "gate": 1
    },
    "32": {
      "U_H0": 0.57,
      "U_H1": 0.5562,
      "U_H1W": 0.5562,
      "U_H2": 0.5792,
      "U_H3": 0.5791999999999999,
      "U_H4": 0.5792,
      "dU_center": 0.02300000000000002,
      "dU_MAP_frozen": 0.009200000000000097,
      "dU_gate_frozen": 0.009200000000000097,
      "dU_gate_map": 0.0,
      "dU_init_bacc": 0.0,
      "U_H2_minus_H3": 1.1102230246251565e-16,
      "tau0": 10.0,
      "taus": 100.0,
      "gate": 1
    },
    "Full": {
      "U_H0": 0.57,
      "U_H1": 0.56,
      "U_H1W": 0.56,
      "U_H2": 0.59,
      "U_H3": 0.58,
      "U_H4": 0.59,
      "dU_center": 0.029999999999999916,
      "dU_MAP_frozen": 0.020000000000000018,
      "dU_gate_frozen": 0.020000000000000018,
      "dU_gate_map": 0.0,
      "dU_init_bacc": 0.0,
      "U_H2_minus_H3": 0.010000000000000009,
      "tau0": 1.0,
      "taus": 100.0,
      "gate": 1
    }
  },
  "specificity": {
    "status": "ok",
    "rank": 8,
    "n_matched": 50,
    "n_tried": 117,
    "informed_srcval": 0.694,
    "dGh_specific": {
      "ridge_k1": {
        "informed": -0.10359999999999997,
        "random_mean": -0.04572800000000001,
        "specific": -0.05787199999999996
      },
      "map_k1": {
        "informed": -0.0032000000000000028,
        "random_mean": -0.00033600000000000323,
        "specific": -0.0028639999999999994
      },
      "ridge_k8": {
        "informed": -0.10959999999999998,
        "random_mean": -0.049064,
        "specific": -0.06053599999999997
      },
      "map_k8": {
        "informed": -0.014200000000000011,
        "random_mean": -0.0023120000000000068,
        "specific": -0.011888000000000004
      },
      "ridge_kFull": {
        "informed": -0.10999999999999999,
        "random_mean": -0.01980000000000001,
        "specific": -0.09019999999999997
      },
      "map_kFull": {
        "informed": 0.0,
        "random_mean": -0.0026000000000000055,
        "specific": 0.0026000000000000055
      }
    }
  },
  "headroom": {
    "frozen_query_bacc": 0.57,
    "frozen_query_nll": 0.7037839844312542,
    "fullcal_query_bacc": 0.5599999999999999,
    "fullcal_gain": -0.010000000000000009,
    "angle_Ws_Wt_deg": 32.38673494892492,
    "bias_displacement": 0.46824448502513855,
    "direction_displacement": 1.4546986898027676,
    "cal_cov_condition": 17.936888978422257,
    "class_prior_shift": 0.0,
    "cal_query_mean_drift": 1.339939446669301
  },
  "tau0": {
    "1": 10.0,
    "2": 10.0,
    "4": 10.0,
    "8": 10.0,
    "16": 10.0,
    "32": 10.0,
    "Full": 1.0
  },
  "taus": {
    "1": 100.0,
    "2": 100.0,
    "4": 100.0,
    "8": 100.0,
    "16": 100.0,
    "32": 100.0,
    "Full": 100.0
  },
  "gate": {
    "1": 1,
    "2": 1,
    "4": 1,
    "8": 1,
    "16": 1,
    "32": 1,
    "Full": 1
  },
  "firewall": {
    "source_only_construction": true,
    "tau_source_only": true,
    "gate_source_only": true,
    "Ycal_used_for_head_adapt": true,
    "Yquery_used_for_selection": false,
    "Yquery_used_for_outcome": true
  }
}