{
  "dataset": "Lee2019_MI",
  "subject": "32",
  "seed": 0,
  "status": "ok",
  "C": 2,
  "n_cal": 100,
  "n_query": 100,
  "cal_session": [
    "0"
  ],
  "query_sessions": [
    "1"
  ],
  "n_draws": 50,
  "n_tau_draws": 10,
  "init_param_diff": 4.789403820504848e-06,
  "endpoints": {
    "1": {
      "U_H0": 0.9500000000000002,
      "U_H1": 0.853,
      "U_H1W": 0.853,
      "U_H2": 0.9500000000000002,
      "U_H3": 0.9484,
      "U_H4": 0.9500000000000002,
      "dU_center": 0.0970000000000002,
      "dU_MAP_frozen": 0.0,
      "dU_gate_frozen": 0.0,
      "dU_gate_map": 0.0,
      "dU_init_bacc": 0.0,
      "U_H2_minus_H3": 0.0016000000000001569,
      "tau0": 10.0,
      "taus": 100.0,
      "gate": 1
    },
    "2": {
      "U_H0": 0.9500000000000002,
      "U_H1": 0.8834000000000001,
      "U_H1W": 0.8834000000000001,
      "U_H2": 0.9500000000000002,
      "U_H3": 0.9346000000000001,
      "U_H4": 0.9500000000000002,
      "dU_center": 0.0666000000000001,
      "dU_MAP_frozen": 0.0,
      "dU_gate_frozen": 0.0,
      "dU_gate_map": 0.0,
      "dU_init_bacc": 0.0,
      "U_H2_minus_H3": 0.01540000000000008,
      "tau0": 10.0,
      "taus": 100.0,
      "gate": 1
    },
    "4": {
      "U_H0": 0.9500000000000002,
      "U_H1": 0.9211999999999998,
      "U_H1W": 0.9211999999999998,
      "U_H2": 0.9500000000000002,
      "U_H3": 0.9336000000000001,
      "U_H4": 0.9500000000000002,
      "dU_center": 0.02880000000000038,
      "dU_MAP_frozen": 0.0,
      "dU_gate_frozen": 0.0,
      "dU_gate_map": 0.0,
      "dU_init_bacc": 0.0,
      "U_H2_minus_H3": 0.01640000000000008,
      "tau0": 10.0,
      "taus": 100.0,
      "gate": 1
    },
    "8": {
      "U_H0": 0.9500000000000002,
      "U_H1": 0.9352000000000001,
      "U_H1W": 0.9352000000000001,
      "U_H2": 0.9500000000000002,
      "U_H3": 0.9436,
      "U_H4": 0.9500000000000002,
      "dU_center": 0.014800000000000035,
      "dU_MAP_frozen": 0.0,
      "dU_gate_frozen": 0.0,
      "dU_gate_map": 0.0,
      "dU_init_bacc": 0.0,
      "U_H2_minus_H3": 0.006400000000000183,
      "tau0": 10.0,
      "taus": 100.0,
      "gate": 0
    },
    "16": {
      "U_H0": 0.9500000000000002,
      "U_H1": 0.9363999999999999,
      "U_H1W": 0.9363999999999999,
      "U_H2": 0.9500000000000002,
      "U_H3": 0.9373999999999999,
      "U_H4": 0.9500000000000002,
      "dU_center": 0.013600000000000279,
      "dU_MAP_frozen": 0.0,
      "dU_gate_frozen": 0.0,
      "dU_gate_map": 0.0,
      "dU_init_bacc": 0.0,
      "U_H2_minus_H3": 0.012600000000000278,
      "tau0": 10.0,
      "taus": 100.0,
      "gate": 0
    },
    "32": {
      "U_H0": 0.9500000000000002,
      "U_H1": 0.9491999999999998,
      "U_H1W": 0.9491999999999998,
      "U_H2": 0.9500000000000002,
      "U_H3": 0.939,
      "U_H4": 0.9500000000000002,
      "dU_center": 0.000800000000000356,
      "dU_MAP_frozen": 0.0,
      "dU_gate_frozen": 0.0,
      "dU_gate_map": 0.0,
      "dU_init_bacc": 0.0,
      "U_H2_minus_H3": 0.011000000000000232,
      "tau0": 10.0,
      "taus": 100.0,
      "gate": 0
    },
    "Full": {
      "U_H0": 0.95,
      "U_H1": 0.94,
      "U_H1W": 0.94,
      "U_H2": 0.95,
      "U_H3": 0.9299999999999999,
      "U_H4": 0.95,
      "dU_center": 0.010000000000000009,
      "dU_MAP_frozen": 0.0,
      "dU_gate_frozen": 0.0,
      "dU_gate_map": 0.0,
      "dU_init_bacc": 0.0,
      "U_H2_minus_H3": 0.020000000000000018,
      "tau0": 1.0,
      "taus": 100.0,
      "gate": 0
    }
  },
  "specificity": {
    "status": "ok",
    "rank": 8,
    "n_matched": 50,
    "n_tried": 1410,
    "informed_srcval": 0.6060000000000001,
    "dGh_specific": {
      "ridge_k1": {
        "informed": -0.023799999999999977,
        "random_mean": -0.044787999999999994,
        "specific": 0.020988000000000017
      },
      "map_k1": {
        "informed": 0.01620000000000004,
        "random_mean": 0.006748000000000005,
        "specific": 0.009452000000000037
      },
      "ridge_k8": {
        "informed": 0.12680000000000002,
        "random_mean": 0.049728,
        "specific": 0.07707200000000003
      },
      "map_k8": {
        "informed": 0.05780000000000003,
        "random_mean": 0.03448000000000001,
        "specific": 0.02332000000000002
      },
      "ridge_kFull": {
        "informed": 0.10999999999999999,
        "random_mean": 0.07100000000000001,
        "specific": 0.03899999999999998
      },
      "map_kFull": {
        "informed": 0.13,
        "random_mean": 0.0616,
        "specific": 0.0684
      }
    }
  },
  "headroom": {
    "frozen_query_bacc": 0.95,
    "frozen_query_nll": 0.13359418081243596,
    "fullcal_query_bacc": 0.89,
    "fullcal_gain": -0.05999999999999994,
    "angle_Ws_Wt_deg": 43.0685815634647,
    "bias_displacement": 0.7872592132308248,
    "direction_displacement": 6.1321485373598446,
    "cal_cov_condition": 47.33399875015595,
    "class_prior_shift": 0.0,
    "cal_query_mean_drift": 2.5584278390816686
  },
  "tau0": {
    "1": 10.0,
    "2": 10.0,
    "4": 10.0,
    "8": 10.0,
    "16": 10.0,
    "32": 10.0,
    "Full": 1.0
  },
  "taus": {
    "1": 100.0,
    "2": 100.0,
    "4": 100.0,
    "8": 100.0,
    "16": 100.0,
    "32": 100.0,
    "Full": 100.0
  },
  "gate": {
    "1": 1,
    "2": 1,
    "4": 1,
    "8": 0,
    "16": 0,
    "32": 0,
    "Full": 0
  },
  "firewall": {
    "source_only_construction": true,
    "tau_source_only": true,
    "gate_source_only": true,
    "Ycal_used_for_head_adapt": true,
    "Yquery_used_for_selection": false,
    "Yquery_used_for_outcome": true
  }
}