{
  "dataset": "Lee2019_MI",
  "subject": "1",
  "seed": 1,
  "status": "ok",
  "C": 2,
  "n_cal": 100,
  "n_query": 100,
  "cal_session": [
    "0"
  ],
  "query_sessions": [
    "1"
  ],
  "n_draws": 50,
  "n_tau_draws": 10,
  "init_param_diff": 7.922499700414873e-06,
  "endpoints": {
    "1": {
      "U_H0": 0.7199999999999999,
      "U_H1": 0.5986,
      "U_H1W": 0.5986,
      "U_H2": 0.7219999999999999,
      "U_H3": 0.7171999999999998,
      "U_H4": 0.7199999999999999,
      "dU_center": 0.12339999999999984,
      "dU_MAP_frozen": 0.0020000000000000018,
      "dU_gate_frozen": 0.0,
      "dU_gate_map": -0.0020000000000000018,
      "dU_init_bacc": 0.0,
      "U_H2_minus_H3": 0.0048000000000000265,
      "tau0": 1.0,
      "taus": 100.0,
      "gate": 0
    },
    "2": {
      "U_H0": 0.7199999999999999,
      "U_H1": 0.621,
      "U_H1W": 0.621,
      "U_H2": 0.7221999999999998,
      "U_H3": 0.7216,
      "U_H4": 0.7199999999999999,
      "dU_center": 0.10119999999999985,
      "dU_MAP_frozen": 0.0021999999999999797,
      "dU_gate_frozen": 0.0,
      "dU_gate_map": -0.0021999999999999797,
      "dU_init_bacc": 0.0,
      "U_H2_minus_H3": 0.0005999999999998229,
      "tau0": 10.0,
      "taus": 100.0,
      "gate": 0
    },
    "4": {
      "U_H0": 0.7199999999999999,
      "U_H1": 0.6165999999999999,
      "U_H1W": 0.6165999999999999,
      "U_H2": 0.7237999999999998,
      "U_H3": 0.7272,
      "U_H4": 0.7199999999999999,
      "dU_center": 0.10719999999999985,
      "dU_MAP_frozen": 0.0037999999999999146,
      "dU_gate_frozen": 0.0,
      "dU_gate_map": -0.0037999999999999146,
      "dU_init_bacc": 0.0,
      "U_H2_minus_H3": -0.0034000000000001807,
      "tau0": 10.0,
      "taus": 100.0,
      "gate": 0
    },
    "8": {
      "U_H0": 0.7199999999999999,
      "U_H1": 0.6679999999999999,
      "U_H1W": 0.6679999999999999,
      "U_H2": 0.7223999999999998,
      "U_H3": 0.7240000000000001,
      "U_H4": 0.7199999999999999,
      "dU_center": 0.05439999999999989,
      "dU_MAP_frozen": 0.0023999999999999577,
      "dU_gate_frozen": 0.0,
      "dU_gate_map": -0.0023999999999999577,
      "dU_init_bacc": 0.0,
      "U_H2_minus_H3": -0.0016000000000002679,
      "tau0": 10.0,
      "taus": 100.0,
      "gate": 0
    },
    "16": {
      "U_H0": 0.7199999999999999,
      "U_H1": 0.6872,
      "U_H1W": 0.6872,
      "U_H2": 0.7231999999999998,
      "U_H3": 0.7217999999999999,
      "U_H4": 0.7199999999999999,
      "dU_center": 0.03599999999999981,
      "dU_MAP_frozen": 0.0031999999999999806,
      "dU_gate_frozen": 0.0,
      "dU_gate_map": -0.0031999999999999806,
      "dU_init_bacc": 0.0,
      "U_H2_minus_H3": 0.0013999999999999568,
      "tau0": 10.0,
      "taus": 100.0,
      "gate": 0
    },
    "32": {
      "U_H0": 0.7199999999999999,
      "U_H1": 0.6862,
      "U_H1W": 0.6862,
      "U_H2": 0.7193999999999999,
      "U_H3": 0.7197999999999999,
      "U_H4": 0.7199999999999999,
      "dU_center": 0.033199999999999896,
      "dU_MAP_frozen": -0.0005999999999999339,
      "dU_gate_frozen": 0.0,
      "dU_gate_map": 0.0005999999999999339,
      "dU_init_bacc": 0.0,
      "U_H2_minus_H3": -0.00039999999999995595,
      "tau0": 10.0,
      "taus": 100.0,
      "gate": 0
    },
    "Full": {
      "U_H0": 0.72,
      "U_H1": 0.7,
      "U_H1W": 0.7,
      "U_H2": 0.71,
      "U_H3": 0.71,
      "U_H4": 0.72,
      "dU_center": 0.010000000000000009,
      "dU_MAP_frozen": -0.010000000000000009,
      "dU_gate_frozen": 0.0,
      "dU_gate_map": 0.010000000000000009,
      "dU_init_bacc": 0.0,
      "U_H2_minus_H3": 0.0,
      "tau0": 1.0,
      "taus": 100.0,
      "gate": 0
    }
  },
  "specificity": {
    "status": "ok",
    "rank": 8,
    "n_matched": 50,
    "n_tried": 129,
    "informed_srcval": 0.693,
    "dGh_specific": {
      "ridge_k1": {
        "informed": -0.12059999999999992,
        "random_mean": -0.12491199999999997,
        "specific": 0.004312000000000052
      },
      "map_k1": {
        "informed": 0.0014000000000000412,
        "random_mean": 0.0008040000000000018,
        "specific": 0.0005960000000000394
      },
      "ridge_k8": {
        "informed": -0.08479999999999992,
        "random_mean": -0.06673599999999999,
        "specific": -0.018063999999999927
      },
      "map_k8": {
        "informed": 0.010200000000000048,
        "random_mean": 0.000420000000000003,
        "specific": 0.009780000000000044
      },
      "ridge_kFull": {
        "informed": -0.04999999999999993,
        "random_mean": -0.02419999999999999,
        "specific": -0.025799999999999945
      },
      "map_kFull": {
        "informed": 1.1102230246251565e-16,
        "random_mean": 0.00040000000000000257,
        "specific": -0.00039999999999989154
      }
    }
  },
  "headroom": {
    "frozen_query_bacc": 0.72,
    "frozen_query_nll": 0.5187745681138971,
    "fullcal_query_bacc": 0.72,
    "fullcal_gain": 0.0,
    "angle_Ws_Wt_deg": 31.723689503243676,
    "bias_displacement": 0.027476738150691227,
    "direction_displacement": 3.0907728601576436,
    "cal_cov_condition": 8.836539719310318,
    "class_prior_shift": 0.0,
    "cal_query_mean_drift": 1.6571893417533081
  },
  "tau0": {
    "1": 1.0,
    "2": 10.0,
    "4": 10.0,
    "8": 10.0,
    "16": 10.0,
    "32": 10.0,
    "Full": 1.0
  },
  "taus": {
    "1": 100.0,
    "2": 100.0,
    "4": 100.0,
    "8": 100.0,
    "16": 100.0,
    "32": 100.0,
    "Full": 100.0
  },
  "gate": {
    "1": 0,
    "2": 0,
    "4": 0,
    "8": 0,
    "16": 0,
    "32": 0,
    "Full": 0
  },
  "firewall": {
    "source_only_construction": true,
    "tau_source_only": true,
    "gate_source_only": true,
    "Ycal_used_for_head_adapt": true,
    "Yquery_used_for_selection": false,
    "Yquery_used_for_outcome": true
  }
}