{
  "dataset": "Lee2019_MI",
  "subject": "19",
  "seed": 0,
  "status": "ok",
  "C": 2,
  "n_cal": 100,
  "n_query": 100,
  "cal_session": [
    "0"
  ],
  "query_sessions": [
    "1"
  ],
  "n_draws": 50,
  "n_tau_draws": 10,
  "init_param_diff": 1.0355751285295206e-05,
  "endpoints": {
    "1": {
      "U_H0": 0.66,
      "U_H1": 0.5538000000000001,
      "U_H1W": 0.5538000000000001,
      "U_H2": 0.6569999999999999,
      "U_H3": 0.6296,
      "U_H4": 0.66,
      "dU_center": 0.10319999999999985,
      "dU_MAP_frozen": -0.0030000000000001137,
      "dU_gate_frozen": 0.0,
      "dU_gate_map": 0.0030000000000001137,
      "dU_init_bacc": 0.0,
      "U_H2_minus_H3": 0.02739999999999987,
      "tau0": 1.0,
      "taus": 100.0,
      "gate": 0
    },
    "2": {
      "U_H0": 0.66,
      "U_H1": 0.5593999999999999,
      "U_H1W": 0.5593999999999999,
      "U_H2": 0.6559999999999999,
      "U_H3": 0.6327999999999999,
      "U_H4": 0.66,
      "dU_center": 0.09660000000000002,
      "dU_MAP_frozen": -0.004000000000000115,
      "dU_gate_frozen": 0.0,
      "dU_gate_map": 0.004000000000000115,
      "dU_init_bacc": 0.0,
      "U_H2_minus_H3": 0.0232,
      "tau0": 10.0,
      "taus": 100.0,
      "gate": 0
    },
    "4": {
      "U_H0": 0.66,
      "U_H1": 0.6050000000000001,
      "U_H1W": 0.6050000000000001,
      "U_H2": 0.6542,
      "U_H3": 0.6517999999999999,
      "U_H4": 0.66,
      "dU_center": 0.04919999999999991,
      "dU_MAP_frozen": -0.005800000000000027,
      "dU_gate_frozen": 0.0,
      "dU_gate_map": 0.005800000000000027,
      "dU_init_bacc": 0.0,
      "U_H2_minus_H3": 0.0024000000000000687,
      "tau0": 10.0,
      "taus": 100.0,
      "gate": 0
    },
    "8": {
      "U_H0": 0.66,
      "U_H1": 0.6182000000000001,
      "U_H1W": 0.6182000000000001,
      "U_H2": 0.6542,
      "U_H3": 0.6572,
      "U_H4": 0.6542,
      "dU_center": 0.03599999999999992,
      "dU_MAP_frozen": -0.005800000000000027,
      "dU_gate_frozen": -0.005800000000000027,
      "dU_gate_map": 0.0,
      "dU_init_bacc": 0.0,
      "U_H2_minus_H3": -0.0030000000000000027,
      "tau0": 10.0,
      "taus": 100.0,
      "gate": 1
    },
    "16": {
      "U_H0": 0.66,
      "U_H1": 0.6559999999999999,
      "U_H1W": 0.6559999999999999,
      "U_H2": 0.6579999999999999,
      "U_H3": 0.6644,
      "U_H4": 0.6579999999999999,
      "dU_center": 0.0020000000000000018,
      "dU_MAP_frozen": -0.002000000000000113,
      "dU_gate_frozen": -0.002000000000000113,
      "dU_gate_map": 0.0,
      "dU_init_bacc": 0.0,
      "U_H2_minus_H3": -0.006400000000000072,
      "tau0": 10.0,
      "taus": 100.0,
      "gate": 1
    },
    "32": {
      "U_H0": 0.66,
      "U_H1": 0.672,
      "U_H1W": 0.672,
      "U_H2": 0.6613999999999999,
      "U_H3": 0.6701999999999999,
      "U_H4": 0.6613999999999999,
      "dU_center": -0.010600000000000165,
      "dU_MAP_frozen": 0.0013999999999998458,
      "dU_gate_frozen": 0.0013999999999998458,
      "dU_gate_map": 0.0,
      "dU_init_bacc": 0.0,
      "U_H2_minus_H3": -0.00880000000000003,
      "tau0": 10.0,
      "taus": 100.0,
      "gate": 1
    },
    "Full": {
      "U_H0": 0.66,
      "U_H1": 0.69,
      "U_H1W": 0.69,
      "U_H2": 0.6699999999999999,
      "U_H3": 0.6699999999999999,
      "U_H4": 0.6699999999999999,
      "dU_center": -0.020000000000000018,
      "dU_MAP_frozen": 0.009999999999999898,
      "dU_gate_frozen": 0.009999999999999898,
      "dU_gate_map": 0.0,
      "dU_init_bacc": 0.0,
      "U_H2_minus_H3": 0.0,
      "tau0": 1.0,
      "taus": 100.0,
      "gate": 1
    }
  },
  "specificity": {
    "status": "ok",
    "rank": 8,
    "n_matched": 50,
    "n_tried": 128,
    "informed_srcval": 0.6880000000000001,
    "dGh_specific": {
      "ridge_k1": {
        "informed": -0.11660000000000002,
        "random_mean": -0.056072000000000004,
        "specific": -0.06052800000000002
      },
      "map_k1": {
        "informed": 0.015599999999999989,
        "random_mean": 0.0002799999999999977,
        "specific": 0.015319999999999992
      },
      "ridge_k8": {
        "informed": -0.04740000000000002,
        "random_mean": -0.013096000000000003,
        "specific": -0.034304000000000015
      },
      "map_k8": {
        "informed": 0.020799999999999957,
        "random_mean": 0.005487999999999996,
        "specific": 0.015311999999999961
      },
      "ridge_kFull": {
        "informed": 0.009999999999999898,
        "random_mean": 0.02699999999999998,
        "specific": -0.01700000000000008
      },
      "map_kFull": {
        "informed": 0.039999999999999925,
        "random_mean": 0.022199999999999987,
        "specific": 0.017799999999999937
      }
    }
  },
  "headroom": {
    "frozen_query_bacc": 0.66,
    "frozen_query_nll": 0.6599250761970211,
    "fullcal_query_bacc": 0.69,
    "fullcal_gain": 0.029999999999999916,
    "angle_Ws_Wt_deg": 48.6161956822613,
    "bias_displacement": 0.4688272635296172,
    "direction_displacement": 3.2321314081739683,
    "cal_cov_condition": 12.174872580809637,
    "class_prior_shift": 0.0,
    "cal_query_mean_drift": 1.3961941911439104
  },
  "tau0": {
    "1": 1.0,
    "2": 10.0,
    "4": 10.0,
    "8": 10.0,
    "16": 10.0,
    "32": 10.0,
    "Full": 1.0
  },
  "taus": {
    "1": 100.0,
    "2": 100.0,
    "4": 100.0,
    "8": 100.0,
    "16": 100.0,
    "32": 100.0,
    "Full": 100.0
  },
  "gate": {
    "1": 0,
    "2": 0,
    "4": 0,
    "8": 1,
    "16": 1,
    "32": 1,
    "Full": 1
  },
  "firewall": {
    "source_only_construction": true,
    "tau_source_only": true,
    "gate_source_only": true,
    "Ycal_used_for_head_adapt": true,
    "Yquery_used_for_selection": false,
    "Yquery_used_for_outcome": true
  }
}