{
  "dataset": "Lee2019_MI",
  "subject": "33",
  "seed": 2,
  "status": "ok",
  "C": 2,
  "n_cal": 100,
  "n_query": 100,
  "cal_session": [
    "0"
  ],
  "query_sessions": [
    "1"
  ],
  "n_draws": 50,
  "n_tau_draws": 10,
  "init_param_diff": 1.778499525560063e-05,
  "endpoints": {
    "1": {
      "U_H0": 0.9500000000000002,
      "U_H1": 0.7711999999999999,
      "U_H1W": 0.7711999999999999,
      "U_H2": 0.9494000000000001,
      "U_H3": 0.9269999999999997,
      "U_H4": 0.9500000000000002,
      "dU_center": 0.17820000000000025,
      "dU_MAP_frozen": -0.0006000000000000449,
      "dU_gate_frozen": 0.0,
      "dU_gate_map": 0.0006000000000000449,
      "dU_init_bacc": 0.0,
      "U_H2_minus_H3": 0.02240000000000042,
      "tau0": 10.0,
      "taus": 100.0,
      "gate": 0
    },
    "2": {
      "U_H0": 0.9500000000000002,
      "U_H1": 0.8382000000000001,
      "U_H1W": 0.8382000000000001,
      "U_H2": 0.9498000000000002,
      "U_H3": 0.9339999999999999,
      "U_H4": 0.9498000000000002,
      "dU_center": 0.11160000000000014,
      "dU_MAP_frozen": -0.00019999999999997797,
      "dU_gate_frozen": -0.00019999999999997797,
      "dU_gate_map": 0.0,
      "dU_init_bacc": 0.0,
      "U_H2_minus_H3": 0.01580000000000026,
      "tau0": 10.0,
      "taus": 100.0,
      "gate": 1
    },
    "4": {
      "U_H0": 0.9500000000000002,
      "U_H1": 0.8941999999999999,
      "U_H1W": 0.8941999999999999,
      "U_H2": 0.9486000000000001,
      "U_H3": 0.9343999999999997,
      "U_H4": 0.9500000000000002,
      "dU_center": 0.054400000000000226,
      "dU_MAP_frozen": -0.0014000000000000679,
      "dU_gate_frozen": 0.0,
      "dU_gate_map": 0.0014000000000000679,
      "dU_init_bacc": 0.0,
      "U_H2_minus_H3": 0.014200000000000434,
      "tau0": 10.0,
      "taus": 100.0,
      "gate": 0
    },
    "8": {
      "U_H0": 0.9500000000000002,
      "U_H1": 0.9225999999999999,
      "U_H1W": 0.9225999999999999,
      "U_H2": 0.9462,
      "U_H3": 0.9334,
      "U_H4": 0.9462,
      "dU_center": 0.023600000000000176,
      "dU_MAP_frozen": -0.0038000000000001366,
      "dU_gate_frozen": -0.0038000000000001366,
      "dU_gate_map": 0.0,
      "dU_init_bacc": 0.0,
      "U_H2_minus_H3": 0.012800000000000034,
      "tau0": 10.0,
      "taus": 100.0,
      "gate": 1
    },
    "16": {
      "U_H0": 0.9500000000000002,
      "U_H1": 0.9472,
      "U_H1W": 0.9472,
      "U_H2": 0.9432,
      "U_H3": 0.9396,
      "U_H4": 0.9500000000000002,
      "dU_center": -0.0040000000000000036,
      "dU_MAP_frozen": -0.006800000000000139,
      "dU_gate_frozen": 0.0,
      "dU_gate_map": 0.006800000000000139,
      "dU_init_bacc": 0.0,
      "U_H2_minus_H3": 0.0036000000000000476,
      "tau0": 10.0,
      "taus": 100.0,
      "gate": 0
    },
    "32": {
      "U_H0": 0.9500000000000002,
      "U_H1": 0.9560000000000002,
      "U_H1W": 0.9560000000000002,
      "U_H2": 0.9399999999999997,
      "U_H3": 0.9464000000000001,
      "U_H4": 0.9500000000000002,
      "dU_center": -0.01600000000000046,
      "dU_MAP_frozen": -0.010000000000000453,
      "dU_gate_frozen": 0.0,
      "dU_gate_map": 0.010000000000000453,
      "dU_init_bacc": 0.0,
      "U_H2_minus_H3": -0.006400000000000405,
      "tau0": 1.0,
      "taus": 100.0,
      "gate": 0
    },
    "Full": {
      "U_H0": 0.95,
      "U_H1": 0.97,
      "U_H1W": 0.97,
      "U_H2": 0.94,
      "U_H3": 0.95,
      "U_H4": 0.95,
      "dU_center": -0.030000000000000027,
      "dU_MAP_frozen": -0.010000000000000009,
      "dU_gate_frozen": 0.0,
      "dU_gate_map": 0.010000000000000009,
      "dU_init_bacc": 0.0,
      "U_H2_minus_H3": -0.010000000000000009,
      "tau0": 1.0,
      "taus": 100.0,
      "gate": 0
    }
  },
  "specificity": {
    "status": "ok",
    "rank": 8,
    "n_matched": 50,
    "n_tried": 352,
    "informed_srcval": 0.647,
    "dGh_specific": {
      "ridge_k1": {
        "informed": -0.18479999999999996,
        "random_mean": -0.14637599999999998,
        "specific": -0.038423999999999986
      },
      "map_k1": {
        "informed": -0.0038000000000000035,
        "random_mean": 0.001076000000000005,
        "specific": -0.004876000000000009
      },
      "ridge_k8": {
        "informed": -0.09780000000000001,
        "random_mean": -0.04064399999999999,
        "specific": -0.05715600000000002
      },
      "map_k8": {
        "informed": -0.0038000000000000035,
        "random_mean": 0.002304000000000004,
        "specific": -0.006104000000000007
      },
      "ridge_kFull": {
        "informed": -0.010000000000000009,
        "random_mean": 0.012000000000000009,
        "specific": -0.02200000000000002
      },
      "map_kFull": {
        "informed": 0.010000000000000009,
        "random_mean": 0.012400000000000005,
        "specific": -0.002399999999999996
      }
    }
  },
  "headroom": {
    "frozen_query_bacc": 0.95,
    "frozen_query_nll": 0.12819198356000386,
    "fullcal_query_bacc": 0.96,
    "fullcal_gain": 0.010000000000000009,
    "angle_Ws_Wt_deg": 31.428512445258093,
    "bias_displacement": 1.3898188976528563,
    "direction_displacement": 22.82414838703234,
    "cal_cov_condition": 14.414255480121625,
    "class_prior_shift": 0.0,
    "cal_query_mean_drift": 1.6522757222407407
  },
  "tau0": {
    "1": 10.0,
    "2": 10.0,
    "4": 10.0,
    "8": 10.0,
    "16": 10.0,
    "32": 1.0,
    "Full": 1.0
  },
  "taus": {
    "1": 100.0,
    "2": 100.0,
    "4": 100.0,
    "8": 100.0,
    "16": 100.0,
    "32": 100.0,
    "Full": 100.0
  },
  "gate": {
    "1": 0,
    "2": 1,
    "4": 0,
    "8": 1,
    "16": 0,
    "32": 0,
    "Full": 0
  },
  "firewall": {
    "source_only_construction": true,
    "tau_source_only": true,
    "gate_source_only": true,
    "Ycal_used_for_head_adapt": true,
    "Yquery_used_for_selection": false,
    "Yquery_used_for_outcome": true
  }
}