{
  "dataset": "Lee2019_MI",
  "subject": "52",
  "seed": 1,
  "status": "ok",
  "C": 2,
  "n_cal": 100,
  "n_query": 100,
  "cal_session": [
    "0"
  ],
  "query_sessions": [
    "1"
  ],
  "n_draws": 50,
  "n_tau_draws": 10,
  "init_param_diff": 2.840199924151264e-05,
  "endpoints": {
    "1": {
      "U_H0": 0.6899999999999998,
      "U_H1": 0.5198,
      "U_H1W": 0.5198,
      "U_H2": 0.6928,
      "U_H3": 0.6576000000000001,
      "U_H4": 0.6899999999999998,
      "dU_center": 0.17299999999999993,
      "dU_MAP_frozen": 0.0028000000000001357,
      "dU_gate_frozen": 0.0,
      "dU_gate_map": -0.0028000000000001357,
      "dU_init_bacc": 0.0,
      "U_H2_minus_H3": 0.0351999999999999,
      "tau0": 1.0,
      "taus": 100.0,
      "gate": 0
    },
    "2": {
      "U_H0": 0.6899999999999998,
      "U_H1": 0.5479999999999999,
      "U_H1W": 0.5479999999999999,
      "U_H2": 0.6931999999999999,
      "U_H3": 0.6486,
      "U_H4": 0.6899999999999998,
      "dU_center": 0.1452,
      "dU_MAP_frozen": 0.0032000000000000917,
      "dU_gate_frozen": 0.0,
      "dU_gate_map": -0.0032000000000000917,
      "dU_init_bacc": 0.0,
      "U_H2_minus_H3": 0.04459999999999997,
      "tau0": 10.0,
      "taus": 100.0,
      "gate": 0
    },
    "4": {
      "U_H0": 0.6899999999999998,
      "U_H1": 0.5614,
      "U_H1W": 0.5614,
      "U_H2": 0.6940000000000001,
      "U_H3": 0.6646,
      "U_H4": 0.6899999999999998,
      "dU_center": 0.13260000000000005,
      "dU_MAP_frozen": 0.004000000000000226,
      "dU_gate_frozen": 0.0,
      "dU_gate_map": -0.004000000000000226,
      "dU_init_bacc": 0.0,
      "U_H2_minus_H3": 0.029400000000000093,
      "tau0": 10.0,
      "taus": 100.0,
      "gate": 0
    },
    "8": {
      "U_H0": 0.6899999999999998,
      "U_H1": 0.5812,
      "U_H1W": 0.5812,
      "U_H2": 0.6911999999999999,
      "U_H3": 0.6724000000000001,
      "U_H4": 0.6899999999999998,
      "dU_center": 0.10999999999999988,
      "dU_MAP_frozen": 0.0012000000000000899,
      "dU_gate_frozen": 0.0,
      "dU_gate_map": -0.0012000000000000899,
      "dU_init_bacc": 0.0,
      "U_H2_minus_H3": 0.018799999999999817,
      "tau0": 10.0,
      "taus": 100.0,
      "gate": 0
    },
    "16": {
      "U_H0": 0.6899999999999998,
      "U_H1": 0.6162,
      "U_H1W": 0.6162,
      "U_H2": 0.6864,
      "U_H3": 0.6694,
      "U_H4": 0.6899999999999998,
      "dU_center": 0.07020000000000004,
      "dU_MAP_frozen": -0.0035999999999998256,
      "dU_gate_frozen": 0.0,
      "dU_gate_map": 0.0035999999999998256,
      "dU_init_bacc": 0.0,
      "U_H2_minus_H3": 0.017000000000000015,
      "tau0": 10.0,
      "taus": 100.0,
      "gate": 0
    },
    "32": {
      "U_H0": 0.6899999999999998,
      "U_H1": 0.6576000000000001,
      "U_H1W": 0.6576000000000001,
      "U_H2": 0.6809999999999999,
      "U_H3": 0.667,
      "U_H4": 0.6899999999999998,
      "dU_center": 0.023399999999999865,
      "dU_MAP_frozen": -0.008999999999999897,
      "dU_gate_frozen": 0.0,
      "dU_gate_map": 0.008999999999999897,
      "dU_init_bacc": 0.0,
      "U_H2_minus_H3": 0.013999999999999901,
      "tau0": 1.0,
      "taus": 100.0,
      "gate": 0
    },
    "Full": {
      "U_H0": 0.69,
      "U_H1": 0.6599999999999999,
      "U_H1W": 0.6599999999999999,
      "U_H2": 0.6699999999999999,
      "U_H3": 0.66,
      "U_H4": 0.69,
      "dU_center": 0.010000000000000009,
      "dU_MAP_frozen": -0.020000000000000018,
      "dU_gate_frozen": 0.0,
      "dU_gate_map": 0.020000000000000018,
      "dU_init_bacc": 0.0,
      "U_H2_minus_H3": 0.009999999999999898,
      "tau0": 1.0,
      "taus": 100.0,
      "gate": 0
    }
  },
  "specificity": {
    "status": "ok",
    "rank": 8,
    "n_matched": 50,
    "n_tried": 318,
    "informed_srcval": 0.634,
    "dGh_specific": {
      "ridge_k1": {
        "informed": -0.08019999999999997,
        "random_mean": -0.043660000000000004,
        "specific": -0.03653999999999996
      },
      "map_k1": {
        "informed": -0.009399999999999971,
        "random_mean": 0.0010719999999999955,
        "specific": -0.010471999999999966
      },
      "ridge_k8": {
        "informed": -0.061599999999999974,
        "random_mean": -0.013088000000000006,
        "specific": -0.04851199999999997
      },
      "map_k8": {
        "informed": -0.008599999999999957,
        "random_mean": 0.0035999999999999947,
        "specific": -0.01219999999999995
      },
      "ridge_kFull": {
        "informed": -0.009999999999999898,
        "random_mean": 0.04259999999999999,
        "specific": -0.05259999999999989
      },
      "map_kFull": {
        "informed": -0.010000000000000009,
        "random_mean": 0.011400000000000006,
        "specific": -0.021400000000000016
      }
    }
  },
  "headroom": {
    "frozen_query_bacc": 0.69,
    "frozen_query_nll": 0.6245769950754303,
    "fullcal_query_bacc": 0.7,
    "fullcal_gain": 0.010000000000000009,
    "angle_Ws_Wt_deg": 38.993738098336124,
    "bias_displacement": 0.3100031223399018,
    "direction_displacement": 3.2947045382559135,
    "cal_cov_condition": 12.166789068593703,
    "class_prior_shift": 0.0,
    "cal_query_mean_drift": 0.8636561798517509
  },
  "tau0": {
    "1": 1.0,
    "2": 10.0,
    "4": 10.0,
    "8": 10.0,
    "16": 10.0,
    "32": 1.0,
    "Full": 1.0
  },
  "taus": {
    "1": 100.0,
    "2": 100.0,
    "4": 100.0,
    "8": 100.0,
    "16": 100.0,
    "32": 100.0,
    "Full": 100.0
  },
  "gate": {
    "1": 0,
    "2": 0,
    "4": 0,
    "8": 0,
    "16": 0,
    "32": 0,
    "Full": 0
  },
  "firewall": {
    "source_only_construction": true,
    "tau_source_only": true,
    "gate_source_only": true,
    "Ycal_used_for_head_adapt": true,
    "Yquery_used_for_selection": false,
    "Yquery_used_for_outcome": true
  }
}