{
  "dataset": "Lee2019_MI",
  "subject": "15",
  "seed": 1,
  "status": "ok",
  "C": 2,
  "n_cal": 100,
  "n_query": 100,
  "cal_session": [
    "0"
  ],
  "query_sessions": [
    "1"
  ],
  "n_draws": 50,
  "n_tau_draws": 10,
  "init_param_diff": 3.786395949213867e-05,
  "endpoints": {
    "1": {
      "U_H0": 0.54,
      "U_H1": 0.5264000000000001,
      "U_H1W": 0.5264000000000001,
      "U_H2": 0.5454000000000001,
      "U_H3": 0.5332000000000001,
      "U_H4": 0.5454000000000001,
      "dU_center": 0.019000000000000017,
      "dU_MAP_frozen": 0.005400000000000071,
      "dU_gate_frozen": 0.005400000000000071,
      "dU_gate_map": 0.0,
      "dU_init_bacc": 0.0,
      "U_H2_minus_H3": 0.012199999999999989,
      "tau0": 10.0,
      "taus": 100.0,
      "gate": 1
    },
    "2": {
      "U_H0": 0.54,
      "U_H1": 0.5334,
      "U_H1W": 0.5334,
      "U_H2": 0.5444,
      "U_H3": 0.528,
      "U_H4": 0.5444,
      "dU_center": 0.01100000000000001,
      "dU_MAP_frozen": 0.0043999999999999595,
      "dU_gate_frozen": 0.0043999999999999595,
      "dU_gate_map": 0.0,
      "dU_init_bacc": 0.0,
      "U_H2_minus_H3": 0.01639999999999997,
      "tau0": 10.0,
      "taus": 100.0,
      "gate": 1
    },
    "4": {
      "U_H0": 0.54,
      "U_H1": 0.5448000000000001,
      "U_H1W": 0.5448000000000001,
      "U_H2": 0.5466000000000001,
      "U_H3": 0.539,
      "U_H4": 0.5466000000000001,
      "dU_center": 0.0018000000000000238,
      "dU_MAP_frozen": 0.00660000000000005,
      "dU_gate_frozen": 0.00660000000000005,
      "dU_gate_map": 0.0,
      "dU_init_bacc": 0.0,
      "U_H2_minus_H3": 0.007600000000000051,
      "tau0": 10.0,
      "taus": 100.0,
      "gate": 1
    },
    "8": {
      "U_H0": 0.54,
      "U_H1": 0.5574,
      "U_H1W": 0.5574,
      "U_H2": 0.545,
      "U_H3": 0.5320000000000001,
      "U_H4": 0.545,
      "dU_center": -0.012399999999999967,
      "dU_MAP_frozen": 0.0050000000000000044,
      "dU_gate_frozen": 0.0050000000000000044,
      "dU_gate_map": 0.0,
      "dU_init_bacc": 0.0,
      "U_H2_minus_H3": 0.0129999999999999,
      "tau0": 10.0,
      "taus": 100.0,
      "gate": 1
    },
    "16": {
      "U_H0": 0.54,
      "U_H1": 0.5752,
      "U_H1W": 0.5752,
      "U_H2": 0.5566,
      "U_H3": 0.5366000000000001,
      "U_H4": 0.5566,
      "dU_center": -0.01860000000000006,
      "dU_MAP_frozen": 0.016599999999999948,
      "dU_gate_frozen": 0.016599999999999948,
      "dU_gate_map": 0.0,
      "dU_init_bacc": 0.0,
      "U_H2_minus_H3": 0.019999999999999907,
      "tau0": 10.0,
      "taus": 100.0,
      "gate": 1
    },
    "32": {
      "U_H0": 0.54,
      "U_H1": 0.6055999999999999,
      "U_H1W": 0.6055999999999999,
      "U_H2": 0.5722,
      "U_H3": 0.552,
      "U_H4": 0.5722,
      "dU_center": -0.033399999999999874,
      "dU_MAP_frozen": 0.032200000000000006,
      "dU_gate_frozen": 0.032200000000000006,
      "dU_gate_map": 0.0,
      "dU_init_bacc": 0.0,
      "U_H2_minus_H3": 0.020199999999999996,
      "tau0": 1.0,
      "taus": 100.0,
      "gate": 1
    },
    "Full": {
      "U_H0": 0.54,
      "U_H1": 0.6599999999999999,
      "U_H1W": 0.6599999999999999,
      "U_H2": 0.59,
      "U_H3": 0.56,
      "U_H4": 0.59,
      "dU_center": -0.06999999999999995,
      "dU_MAP_frozen": 0.04999999999999993,
      "dU_gate_frozen": 0.04999999999999993,
      "dU_gate_map": 0.0,
      "dU_init_bacc": 0.0,
      "U_H2_minus_H3": 0.029999999999999916,
      "tau0": 1.0,
      "taus": 100.0,
      "gate": 1
    }
  },
  "specificity": {
    "status": "ok",
    "rank": 8,
    "n_matched": 50,
    "n_tried": 308,
    "informed_srcval": 0.646,
    "dGh_specific": {
      "ridge_k1": {
        "informed": -0.01700000000000001,
        "random_mean": -0.004323999999999992,
        "specific": -0.01267600000000002
      },
      "map_k1": {
        "informed": -0.005200000000000005,
        "random_mean": 0.002264000000000005,
        "specific": -0.0074640000000000106
      },
      "ridge_k8": {
        "informed": -0.000600000000000025,
        "random_mean": 0.01988000000000001,
        "specific": -0.020480000000000033
      },
      "map_k8": {
        "informed": -0.002600000000000007,
        "random_mean": 0.008204000000000006,
        "specific": -0.010804000000000013
      },
      "ridge_kFull": {
        "informed": 0.040000000000000036,
        "random_mean": 0.05080000000000001,
        "specific": -0.010799999999999976
      },
      "map_kFull": {
        "informed": 0.020000000000000018,
        "random_mean": 0.030399999999999993,
        "specific": -0.010399999999999975
      }
    }
  },
  "headroom": {
    "frozen_query_bacc": 0.54,
    "frozen_query_nll": 0.7492544456709777,
    "fullcal_query_bacc": 0.65,
    "fullcal_gain": 0.10999999999999999,
    "angle_Ws_Wt_deg": 56.21903350104839,
    "bias_displacement": 0.5417032316676493,
    "direction_displacement": 1.8304612962663924,
    "cal_cov_condition": 43.07802313682089,
    "class_prior_shift": 0.0,
    "cal_query_mean_drift": 3.2152093207793544
  },
  "tau0": {
    "1": 10.0,
    "2": 10.0,
    "4": 10.0,
    "8": 10.0,
    "16": 10.0,
    "32": 1.0,
    "Full": 1.0
  },
  "taus": {
    "1": 100.0,
    "2": 100.0,
    "4": 100.0,
    "8": 100.0,
    "16": 100.0,
    "32": 100.0,
    "Full": 100.0
  },
  "gate": {
    "1": 1,
    "2": 1,
    "4": 1,
    "8": 1,
    "16": 1,
    "32": 1,
    "Full": 1
  },
  "firewall": {
    "source_only_construction": true,
    "tau_source_only": true,
    "gate_source_only": true,
    "Ycal_used_for_head_adapt": true,
    "Yquery_used_for_selection": false,
    "Yquery_used_for_outcome": true
  }
}