{
  "dataset": "Lee2019_MI",
  "subject": "23",
  "seed": 1,
  "status": "ok",
  "C": 2,
  "n_cal": 100,
  "n_query": 100,
  "cal_session": [
    "0"
  ],
  "query_sessions": [
    "1"
  ],
  "n_draws": 50,
  "n_tau_draws": 10,
  "init_param_diff": 6.951749340924015e-06,
  "endpoints": {
    "1": {
      "U_H0": 0.75,
      "U_H1": 0.549,
      "U_H1W": 0.549,
      "U_H2": 0.747,
      "U_H3": 0.6896000000000001,
      "U_H4": 0.75,
      "dU_center": 0.19799999999999995,
      "dU_MAP_frozen": -0.0030000000000000027,
      "dU_gate_frozen": 0.0,
      "dU_gate_map": 0.0030000000000000027,
      "dU_init_bacc": 0.0,
      "U_H2_minus_H3": 0.057399999999999896,
      "tau0": 1.0,
      "taus": 100.0,
      "gate": 0
    },
    "2": {
      "U_H0": 0.75,
      "U_H1": 0.5698000000000001,
      "U_H1W": 0.5698000000000001,
      "U_H2": 0.7494,
      "U_H3": 0.6944,
      "U_H4": 0.7494,
      "dU_center": 0.17959999999999987,
      "dU_MAP_frozen": -0.0006000000000000449,
      "dU_gate_frozen": -0.0006000000000000449,
      "dU_gate_map": 0.0,
      "dU_init_bacc": 0.0,
      "U_H2_minus_H3": 0.05499999999999994,
      "tau0": 10.0,
      "taus": 100.0,
      "gate": 1
    },
    "4": {
      "U_H0": 0.75,
      "U_H1": 0.5692,
      "U_H1W": 0.5692,
      "U_H2": 0.7470000000000002,
      "U_H3": 0.6984,
      "U_H4": 0.75,
      "dU_center": 0.17780000000000018,
      "dU_MAP_frozen": -0.0029999999999997806,
      "dU_gate_frozen": 0.0,
      "dU_gate_map": 0.0029999999999997806,
      "dU_init_bacc": 0.0,
      "U_H2_minus_H3": 0.0486000000000002,
      "tau0": 10.0,
      "taus": 100.0,
      "gate": 0
    },
    "8": {
      "U_H0": 0.75,
      "U_H1": 0.6182,
      "U_H1W": 0.6182,
      "U_H2": 0.7497999999999999,
      "U_H3": 0.6945999999999999,
      "U_H4": 0.75,
      "dU_center": 0.13159999999999994,
      "dU_MAP_frozen": -0.000200000000000089,
      "dU_gate_frozen": 0.0,
      "dU_gate_map": 0.000200000000000089,
      "dU_init_bacc": 0.0,
      "U_H2_minus_H3": 0.05520000000000003,
      "tau0": 10.0,
      "taus": 100.0,
      "gate": 0
    },
    "16": {
      "U_H0": 0.75,
      "U_H1": 0.6267999999999999,
      "U_H1W": 0.6267999999999999,
      "U_H2": 0.748,
      "U_H3": 0.6888,
      "U_H4": 0.75,
      "dU_center": 0.12120000000000009,
      "dU_MAP_frozen": -0.0020000000000000018,
      "dU_gate_frozen": 0.0,
      "dU_gate_map": 0.0020000000000000018,
      "dU_init_bacc": 0.0,
      "U_H2_minus_H3": 0.05920000000000003,
      "tau0": 10.0,
      "taus": 100.0,
      "gate": 0
    },
    "32": {
      "U_H0": 0.75,
      "U_H1": 0.6961999999999999,
      "U_H1W": 0.6961999999999999,
      "U_H2": 0.75,
      "U_H3": 0.6975999999999999,
      "U_H4": 0.75,
      "dU_center": 0.05380000000000007,
      "dU_MAP_frozen": 0.0,
      "dU_gate_frozen": 0.0,
      "dU_gate_map": 0.0,
      "dU_init_bacc": 0.0,
      "U_H2_minus_H3": 0.05240000000000011,
      "tau0": 10.0,
      "taus": 100.0,
      "gate": 0
    },
    "Full": {
      "U_H0": 0.75,
      "U_H1": 0.71,
      "U_H1W": 0.71,
      "U_H2": 0.75,
      "U_H3": 0.7,
      "U_H4": 0.75,
      "dU_center": 0.040000000000000036,
      "dU_MAP_frozen": 0.0,
      "dU_gate_frozen": 0.0,
      "dU_gate_map": 0.0,
      "dU_init_bacc": 0.0,
      "U_H2_minus_H3": 0.050000000000000044,
      "tau0": 1.0,
      "taus": 100.0,
      "gate": 0
    }
  },
  "specificity": {
    "status": "ok",
    "rank": 8,
    "n_matched": 50,
    "n_tried": 236,
    "informed_srcval": 0.6620000000000001,
    "dGh_specific": {
      "ridge_k1": {
        "informed": -0.13579999999999992,
        "random_mean": -0.098332,
        "specific": -0.03746799999999992
      },
      "map_k1": {
        "informed": 0.012800000000000011,
        "random_mean": -0.0010720000000000007,
        "specific": 0.013872000000000011
      },
      "ridge_k8": {
        "informed": -0.05739999999999993,
        "random_mean": -0.062556,
        "specific": 0.00515600000000007
      },
      "map_k8": {
        "informed": 0.017000000000000015,
        "random_mean": 0.00019199999999999702,
        "specific": 0.016808000000000017
      },
      "ridge_kFull": {
        "informed": -0.039999999999999925,
        "random_mean": -0.039599999999999996,
        "specific": -0.0003999999999999282
      },
      "map_kFull": {
        "informed": 0.020000000000000018,
        "random_mean": 0.002200000000000003,
        "specific": 0.017800000000000014
      }
    }
  },
  "headroom": {
    "frozen_query_bacc": 0.75,
    "frozen_query_nll": 0.49314490876996414,
    "fullcal_query_bacc": 0.6799999999999999,
    "fullcal_gain": -0.07000000000000006,
    "angle_Ws_Wt_deg": 41.577533801103534,
    "bias_displacement": 0.7684246381980308,
    "direction_displacement": 1.6454693842956671,
    "cal_cov_condition": 10.251026648631163,
    "class_prior_shift": 0.0,
    "cal_query_mean_drift": 1.3109693307563783
  },
  "tau0": {
    "1": 1.0,
    "2": 10.0,
    "4": 10.0,
    "8": 10.0,
    "16": 10.0,
    "32": 10.0,
    "Full": 1.0
  },
  "taus": {
    "1": 100.0,
    "2": 100.0,
    "4": 100.0,
    "8": 100.0,
    "16": 100.0,
    "32": 100.0,
    "Full": 100.0
  },
  "gate": {
    "1": 0,
    "2": 1,
    "4": 0,
    "8": 0,
    "16": 0,
    "32": 0,
    "Full": 0
  },
  "firewall": {
    "source_only_construction": true,
    "tau_source_only": true,
    "gate_source_only": true,
    "Ycal_used_for_head_adapt": true,
    "Yquery_used_for_selection": false,
    "Yquery_used_for_outcome": true
  }
}