{
  "dataset": "BNCI2015_001",
  "subject": "4",
  "seed": 0,
  "status": "ok",
  "C": 2,
  "n_cal": 200,
  "n_query": 200,
  "cal_session": [
    "0A"
  ],
  "query_sessions": [
    "1B"
  ],
  "n_draws": 50,
  "n_tau_draws": 10,
  "init_param_diff": 3.55762408946052e-05,
  "endpoints": {
    "1": {
      "U_H0": 0.8200000000000002,
      "U_H1": 0.6386999999999999,
      "U_H1W": 0.6386999999999999,
      "U_H2": 0.83,
      "U_H3": 0.7637,
      "U_H4": 0.83,
      "dU_center": 0.19130000000000003,
      "dU_MAP_frozen": 0.009999999999999787,
      "dU_gate_frozen": 0.009999999999999787,
      "dU_gate_map": 0.0,
      "dU_init_bacc": 0.0,
      "U_H2_minus_H3": 0.06629999999999991,
      "tau0": 1.0,
      "taus": 10.0,
      "gate": 1
    },
    "2": {
      "U_H0": 0.8200000000000002,
      "U_H1": 0.6865000000000001,
      "U_H1W": 0.6865000000000001,
      "U_H2": 0.8354,
      "U_H3": 0.7615,
      "U_H4": 0.8354,
      "dU_center": 0.14889999999999992,
      "dU_MAP_frozen": 0.015399999999999858,
      "dU_gate_frozen": 0.015399999999999858,
      "dU_gate_map": 0.0,
      "dU_init_bacc": 0.0,
      "U_H2_minus_H3": 0.07390000000000008,
      "tau0": 1.0,
      "taus": 10.0,
      "gate": 1
    },
    "4": {
      "U_H0": 0.8200000000000002,
      "U_H1": 0.7460000000000001,
      "U_H1W": 0.7460000000000001,
      "U_H2": 0.8412000000000001,
      "U_H3": 0.7752,
      "U_H4": 0.8412000000000001,
      "dU_center": 0.09519999999999995,
      "dU_MAP_frozen": 0.021199999999999886,
      "dU_gate_frozen": 0.021199999999999886,
      "dU_gate_map": 0.0,
      "dU_init_bacc": 0.0,
      "U_H2_minus_H3": 0.06600000000000006,
      "tau0": 1.0,
      "taus": 10.0,
      "gate": 1
    },
    "8": {
      "U_H0": 0.8200000000000002,
      "U_H1": 0.7663,
      "U_H1W": 0.7663,
      "U_H2": 0.8460000000000001,
      "U_H3": 0.8005,
      "U_H4": 0.8460000000000001,
      "dU_center": 0.0797000000000001,
      "dU_MAP_frozen": 0.025999999999999912,
      "dU_gate_frozen": 0.025999999999999912,
      "dU_gate_map": 0.0,
      "dU_init_bacc": 0.0,
      "U_H2_minus_H3": 0.045500000000000096,
      "tau0": 1.0,
      "taus": 10.0,
      "gate": 1
    },
    "16": {
      "U_H0": 0.8200000000000002,
      "U_H1": 0.7961,
      "U_H1W": 0.7961,
      "U_H2": 0.8514,
      "U_H3": 0.8128000000000002,
      "U_H4": 0.8514,
      "dU_center": 0.055300000000000016,
      "dU_MAP_frozen": 0.03139999999999987,
      "dU_gate_frozen": 0.03139999999999987,
      "dU_gate_map": 0.0,
      "dU_init_bacc": 0.0,
      "U_H2_minus_H3": 0.03859999999999986,
      "tau0": 1.0,
      "taus": 10.0,
      "gate": 1
    },
    "32": {
      "U_H0": 0.8200000000000002,
      "U_H1": 0.8495,
      "U_H1W": 0.8495,
      "U_H2": 0.8702,
      "U_H3": 0.8158000000000001,
      "U_H4": 0.8702,
      "dU_center": 0.02069999999999994,
      "dU_MAP_frozen": 0.0501999999999998,
      "dU_gate_frozen": 0.0501999999999998,
      "dU_gate_map": 0.0,
      "dU_init_bacc": 0.0,
      "U_H2_minus_H3": 0.05439999999999989,
      "tau0": 1.0,
      "taus": 10.0,
      "gate": 1
    },
    "Full": {
      "U_H0": 0.8200000000000001,
      "U_H1": 0.895,
      "U_H1W": 0.895,
      "U_H2": 0.8899999999999999,
      "U_H3": 0.825,
      "U_H4": 0.8899999999999999,
      "dU_center": -0.0050000000000001155,
      "dU_MAP_frozen": 0.06999999999999984,
      "dU_gate_frozen": 0.06999999999999984,
      "dU_gate_map": 0.0,
      "dU_init_bacc": 0.0,
      "U_H2_minus_H3": 0.06499999999999995,
      "tau0": 1.0,
      "taus": 10.0,
      "gate": 1
    }
  },
  "specificity": {
    "status": "ok",
    "rank": 8,
    "n_matched": 50,
    "n_tried": 187,
    "informed_srcval": 0.6735,
    "dGh_specific": {
      "ridge_k1": {
        "informed": -0.012300000000000066,
        "random_mean": -0.04016600000000001,
        "specific": 0.02786599999999994
      },
      "map_k1": {
        "informed": 0.02219999999999993,
        "random_mean": 0.016192,
        "specific": 0.00600799999999993
      },
      "ridge_k8": {
        "informed": 0.027999999999999935,
        "random_mean": 0.043548,
        "specific": -0.015548000000000069
      },
      "map_k8": {
        "informed": 0.053299999999999924,
        "random_mean": 0.063534,
        "specific": -0.01023400000000007
      },
      "ridge_kFull": {
        "informed": 0.039999999999999925,
        "random_mean": 0.12330000000000002,
        "specific": -0.0833000000000001
      },
      "map_kFull": {
        "informed": 0.06499999999999995,
        "random_mean": 0.12030000000000002,
        "specific": -0.05530000000000007
      }
    }
  },
  "headroom": {
    "frozen_query_bacc": 0.8200000000000001,
    "frozen_query_nll": 0.4474884740894045,
    "fullcal_query_bacc": 0.885,
    "fullcal_gain": 0.06499999999999995,
    "angle_Ws_Wt_deg": 36.771618120843904,
    "bias_displacement": 0.029358821708836174,
    "direction_displacement": 2.5024858484372414,
    "cal_cov_condition": 13.242243344854856,
    "class_prior_shift": 0.0,
    "cal_query_mean_drift": 1.1875385246245338
  },
  "tau0": {
    "1": 1.0,
    "2": 1.0,
    "4": 1.0,
    "8": 1.0,
    "16": 1.0,
    "32": 1.0,
    "Full": 1.0
  },
  "taus": {
    "1": 10.0,
    "2": 10.0,
    "4": 10.0,
    "8": 10.0,
    "16": 10.0,
    "32": 10.0,
    "Full": 10.0
  },
  "gate": {
    "1": 1,
    "2": 1,
    "4": 1,
    "8": 1,
    "16": 1,
    "32": 1,
    "Full": 1
  },
  "firewall": {
    "source_only_construction": true,
    "tau_source_only": true,
    "gate_source_only": true,
    "Ycal_used_for_head_adapt": true,
    "Yquery_used_for_selection": false,
    "Yquery_used_for_outcome": true
  }
}