{
  "dataset": "BNCI2015_001",
  "subject": "10",
  "seed": 0,
  "status": "ok",
  "C": 2,
  "n_cal": 200,
  "n_query": 400,
  "cal_session": [
    "0A"
  ],
  "query_sessions": [
    "1B",
    "2C"
  ],
  "n_draws": 50,
  "n_tau_draws": 10,
  "init_param_diff": 5.2366840643877784e-05,
  "endpoints": {
    "1": {
      "U_H0": 0.58,
      "U_H1": 0.5106,
      "U_H1W": 0.5106,
      "U_H2": 0.5892000000000001,
      "U_H3": 0.5537,
      "U_H4": 0.5892000000000001,
      "dU_center": 0.0786,
      "dU_MAP_frozen": 0.009200000000000097,
      "dU_gate_frozen": 0.009200000000000097,
      "dU_gate_map": 0.0,
      "dU_init_bacc": 0.0,
      "U_H2_minus_H3": 0.03550000000000009,
      "tau0": 1.0,
      "taus": 10.0,
      "gate": 1
    },
    "2": {
      "U_H0": 0.58,
      "U_H1": 0.51575,
      "U_H1W": 0.51575,
      "U_H2": 0.58465,
      "U_H3": 0.5536000000000001,
      "U_H4": 0.58465,
      "dU_center": 0.06889999999999996,
      "dU_MAP_frozen": 0.004650000000000043,
      "dU_gate_frozen": 0.004650000000000043,
      "dU_gate_map": 0.0,
      "dU_init_bacc": 0.0,
      "U_H2_minus_H3": 0.03104999999999991,
      "tau0": 1.0,
      "taus": 10.0,
      "gate": 1
    },
    "4": {
      "U_H0": 0.58,
      "U_H1": 0.5334499999999999,
      "U_H1W": 0.5334,
      "U_H2": 0.58565,
      "U_H3": 0.56415,
      "U_H4": 0.58565,
      "dU_center": 0.052200000000000135,
      "dU_MAP_frozen": 0.005650000000000044,
      "dU_gate_frozen": 0.005650000000000044,
      "dU_gate_map": 0.0,
      "dU_init_bacc": -4.999999999988347e-05,
      "U_H2_minus_H3": 0.021499999999999964,
      "tau0": 1.0,
      "taus": 10.0,
      "gate": 1
    },
    "8": {
      "U_H0": 0.58,
      "U_H1": 0.544,
      "U_H1W": 0.54395,
      "U_H2": 0.58495,
      "U_H3": 0.5660000000000001,
      "U_H4": 0.58495,
      "dU_center": 0.04094999999999993,
      "dU_MAP_frozen": 0.00495000000000001,
      "dU_gate_frozen": 0.00495000000000001,
      "dU_gate_map": 0.0,
      "dU_init_bacc": -4.999999999999449e-05,
      "U_H2_minus_H3": 0.01894999999999991,
      "tau0": 1.0,
      "taus": 10.0,
      "gate": 1
    },
    "16": {
      "U_H0": 0.58,
      "U_H1": 0.55655,
      "U_H1W": 0.55655,
      "U_H2": 0.58455,
      "U_H3": 0.5678,
      "U_H4": 0.58455,
      "dU_center": 0.028000000000000025,
      "dU_MAP_frozen": 0.004550000000000054,
      "dU_gate_frozen": 0.004550000000000054,
      "dU_gate_map": 0.0,
      "dU_init_bacc": 0.0,
      "U_H2_minus_H3": 0.016750000000000043,
      "tau0": 1.0,
      "taus": 10.0,
      "gate": 1
    },
    "32": {
      "U_H0": 0.58,
      "U_H1": 0.5866,
      "U_H1W": 0.5866500000000001,
      "U_H2": 0.5937,
      "U_H3": 0.57045,
      "U_H4": 0.5937,
      "dU_center": 0.007099999999999995,
      "dU_MAP_frozen": 0.013700000000000045,
      "dU_gate_frozen": 0.013700000000000045,
      "dU_gate_map": 0.0,
      "dU_init_bacc": 5.0000000000105516e-05,
      "U_H2_minus_H3": 0.023249999999999993,
      "tau0": 1.0,
      "taus": 10.0,
      "gate": 1
    },
    "Full": {
      "U_H0": 0.5800000000000001,
      "U_H1": 0.6074999999999999,
      "U_H1W": 0.6074999999999999,
      "U_H2": 0.605,
      "U_H3": 0.5725,
      "U_H4": 0.605,
      "dU_center": -0.0024999999999999467,
      "dU_MAP_frozen": 0.02499999999999991,
      "dU_gate_frozen": 0.02499999999999991,
      "dU_gate_map": 0.0,
      "dU_init_bacc": 0.0,
      "U_H2_minus_H3": 0.03249999999999997,
      "tau0": 1.0,
      "taus": 10.0,
      "gate": 1
    }
  },
  "specificity": {
    "status": "ok",
    "rank": 8,
    "n_matched": 50,
    "n_tried": 162,
    "informed_srcval": 0.7325,
    "dGh_specific": {
      "ridge_k1": {
        "informed": -0.00975000000000007,
        "random_mean": -0.038464000000000005,
        "specific": 0.028713999999999934
      },
      "map_k1": {
        "informed": 0.005749999999999921,
        "random_mean": 0.0010299999999999975,
        "specific": 0.004719999999999924
      },
      "ridge_k8": {
        "informed": 0.00614999999999993,
        "random_mean": -0.020887000000000006,
        "specific": 0.027036999999999936
      },
      "map_k8": {
        "informed": 0.017249999999999936,
        "random_mean": 0.0011979999999999972,
        "specific": 0.016051999999999938
      },
      "ridge_kFull": {
        "informed": 0.057499999999999885,
        "random_mean": 0.018649999999999996,
        "specific": 0.038849999999999885
      },
      "map_kFull": {
        "informed": 0.057499999999999885,
        "random_mean": 0.020799999999999992,
        "specific": 0.03669999999999989
      }
    }
  },
  "headroom": {
    "frozen_query_bacc": 0.5800000000000001,
    "frozen_query_nll": 0.9756184770518977,
    "fullcal_query_bacc": 0.605,
    "fullcal_gain": 0.02499999999999991,
    "angle_Ws_Wt_deg": 30.924429177268074,
    "bias_displacement": 0.16296133323495457,
    "direction_displacement": 1.2016223991225918,
    "cal_cov_condition": 12.342532479407494,
    "class_prior_shift": 0.0,
    "cal_query_mean_drift": 1.328546682062498
  },
  "tau0": {
    "1": 1.0,
    "2": 1.0,
    "4": 1.0,
    "8": 1.0,
    "16": 1.0,
    "32": 1.0,
    "Full": 1.0
  },
  "taus": {
    "1": 10.0,
    "2": 10.0,
    "4": 10.0,
    "8": 10.0,
    "16": 10.0,
    "32": 10.0,
    "Full": 10.0
  },
  "gate": {
    "1": 1,
    "2": 1,
    "4": 1,
    "8": 1,
    "16": 1,
    "32": 1,
    "Full": 1
  },
  "firewall": {
    "source_only_construction": true,
    "tau_source_only": true,
    "gate_source_only": true,
    "Ycal_used_for_head_adapt": true,
    "Yquery_used_for_selection": false,
    "Yquery_used_for_outcome": true
  }
}