{
  "dataset": "Lee2019_MI",
  "subject": "6",
  "seed": 2,
  "status": "ok",
  "C": 2,
  "n_cal": 100,
  "n_query": 100,
  "cal_session": [
    "0"
  ],
  "query_sessions": [
    "1"
  ],
  "n_draws": 50,
  "n_tau_draws": 10,
  "init_param_diff": 2.153277592753209e-05,
  "endpoints": {
    "1": {
      "U_H0": 0.7199999999999999,
      "U_H1": 0.5354000000000001,
      "U_H1W": 0.5354000000000001,
      "U_H2": 0.7195999999999998,
      "U_H3": 0.632,
      "U_H4": 0.7199999999999999,
      "dU_center": 0.1841999999999997,
      "dU_MAP_frozen": -0.00040000000000006697,
      "dU_gate_frozen": 0.0,
      "dU_gate_map": 0.00040000000000006697,
      "dU_init_bacc": 0.0,
      "U_H2_minus_H3": 0.08759999999999979,
      "tau0": 10.0,
      "taus": 100.0,
      "gate": 0
    },
    "2": {
      "U_H0": 0.7199999999999999,
      "U_H1": 0.5660000000000001,
      "U_H1W": 0.5661999999999999,
      "U_H2": 0.7199999999999999,
      "U_H3": 0.6658000000000002,
      "U_H4": 0.7199999999999999,
      "dU_center": 0.1539999999999998,
      "dU_MAP_frozen": 0.0,
      "dU_gate_frozen": 0.0,
      "dU_gate_map": 0.0,
      "dU_init_bacc": 0.00019999999999986695,
      "U_H2_minus_H3": 0.05419999999999969,
      "tau0": 10.0,
      "taus": 100.0,
      "gate": 0
    },
    "4": {
      "U_H0": 0.7199999999999999,
      "U_H1": 0.6058,
      "U_H1W": 0.6058,
      "U_H2": 0.7188,
      "U_H3": 0.6981999999999999,
      "U_H4": 0.7199999999999999,
      "dU_center": 0.11299999999999999,
      "dU_MAP_frozen": -0.0011999999999998678,
      "dU_gate_frozen": 0.0,
      "dU_gate_map": 0.0011999999999998678,
      "dU_init_bacc": 0.0,
      "U_H2_minus_H3": 0.020600000000000063,
      "tau0": 10.0,
      "taus": 100.0,
      "gate": 0
    },
    "8": {
      "U_H0": 0.7199999999999999,
      "U_H1": 0.6224000000000001,
      "U_H1W": 0.6224000000000001,
      "U_H2": 0.7188,
      "U_H3": 0.6991999999999998,
      "U_H4": 0.7199999999999999,
      "dU_center": 0.09639999999999993,
      "dU_MAP_frozen": -0.0011999999999998678,
      "dU_gate_frozen": 0.0,
      "dU_gate_map": 0.0011999999999998678,
      "dU_init_bacc": 0.0,
      "U_H2_minus_H3": 0.019600000000000173,
      "tau0": 10.0,
      "taus": 100.0,
      "gate": 0
    },
    "16": {
      "U_H0": 0.7199999999999999,
      "U_H1": 0.6648000000000001,
      "U_H1W": 0.6650000000000001,
      "U_H2": 0.7193999999999998,
      "U_H3": 0.708,
      "U_H4": 0.7199999999999999,
      "dU_center": 0.05459999999999976,
      "dU_MAP_frozen": -0.0006000000000000449,
      "dU_gate_frozen": 0.0,
      "dU_gate_map": 0.0006000000000000449,
      "dU_init_bacc": 0.000200000000000089,
      "U_H2_minus_H3": 0.011399999999999855,
      "tau0": 10.0,
      "taus": 100.0,
      "gate": 0
    },
    "32": {
      "U_H0": 0.7199999999999999,
      "U_H1": 0.6968,
      "U_H1W": 0.6968,
      "U_H2": 0.721,
      "U_H3": 0.7027999999999999,
      "U_H4": 0.7199999999999999,
      "dU_center": 0.0242,
      "dU_MAP_frozen": 0.001000000000000112,
      "dU_gate_frozen": 0.0,
      "dU_gate_map": -0.001000000000000112,
      "dU_init_bacc": 0.0,
      "U_H2_minus_H3": 0.018200000000000105,
      "tau0": 1.0,
      "taus": 100.0,
      "gate": 0
    },
    "Full": {
      "U_H0": 0.72,
      "U_H1": 0.7,
      "U_H1W": 0.7,
      "U_H2": 0.72,
      "U_H3": 0.69,
      "U_H4": 0.72,
      "dU_center": 0.020000000000000018,
      "dU_MAP_frozen": 0.0,
      "dU_gate_frozen": 0.0,
      "dU_gate_map": 0.0,
      "dU_init_bacc": 0.0,
      "U_H2_minus_H3": 0.030000000000000027,
      "tau0": 1.0,
      "taus": 100.0,
      "gate": 0
    }
  },
  "specificity": {
    "status": "ok",
    "rank": 8,
    "n_matched": 50,
    "n_tried": 202,
    "informed_srcval": 0.672,
    "dGh_specific": {
      "ridge_k1": {
        "informed": 0.03400000000000004,
        "random_mean": -0.04814,
        "specific": 0.08214000000000005
      },
      "map_k1": {
        "informed": -0.01579999999999998,
        "random_mean": 0.002975999999999997,
        "specific": -0.018775999999999977
      },
      "ridge_k8": {
        "informed": 0.04560000000000005,
        "random_mean": 0.007063999999999992,
        "specific": 0.038536000000000056
      },
      "map_k8": {
        "informed": -0.021599999999999973,
        "random_mean": 0.015079999999999993,
        "specific": -0.03667999999999996
      },
      "ridge_kFull": {
        "informed": 0.09000000000000008,
        "random_mean": 0.06699999999999998,
        "specific": 0.023000000000000104
      },
      "map_kFull": {
        "informed": -0.019999999999999962,
        "random_mean": 0.05899999999999997,
        "specific": -0.07899999999999993
      }
    }
  },
  "headroom": {
    "frozen_query_bacc": 0.72,
    "frozen_query_nll": 0.748100404536379,
    "fullcal_query_bacc": 0.7,
    "fullcal_gain": -0.020000000000000018,
    "angle_Ws_Wt_deg": 58.14584956540169,
    "bias_displacement": 0.11957232409265035,
    "direction_displacement": 1.9568027656071205,
    "cal_cov_condition": 12.627744091007187,
    "class_prior_shift": 0.0,
    "cal_query_mean_drift": 1.5263167010613599
  },
  "tau0": {
    "1": 10.0,
    "2": 10.0,
    "4": 10.0,
    "8": 10.0,
    "16": 10.0,
    "32": 1.0,
    "Full": 1.0
  },
  "taus": {
    "1": 100.0,
    "2": 100.0,
    "4": 100.0,
    "8": 100.0,
    "16": 100.0,
    "32": 100.0,
    "Full": 100.0
  },
  "gate": {
    "1": 0,
    "2": 0,
    "4": 0,
    "8": 0,
    "16": 0,
    "32": 0,
    "Full": 0
  },
  "firewall": {
    "source_only_construction": true,
    "tau_source_only": true,
    "gate_source_only": true,
    "Ycal_used_for_head_adapt": true,
    "Yquery_used_for_selection": false,
    "Yquery_used_for_outcome": true
  }
}