{
  "dataset": "Lee2019_MI",
  "subject": "29",
  "seed": 1,
  "status": "ok",
  "C": 2,
  "n_cal": 100,
  "n_query": 100,
  "cal_session": [
    "0"
  ],
  "query_sessions": [
    "1"
  ],
  "n_draws": 50,
  "n_tau_draws": 10,
  "init_param_diff": 1.0050372144212278e-05,
  "endpoints": {
    "1": {
      "U_H0": 0.46999999999999986,
      "U_H1": 0.5319999999999999,
      "U_H1W": 0.5319999999999999,
      "U_H2": 0.4711999999999999,
      "U_H3": 0.474,
      "U_H4": 0.46999999999999986,
      "dU_center": -0.06080000000000002,
      "dU_MAP_frozen": 0.0012000000000000344,
      "dU_gate_frozen": 0.0,
      "dU_gate_map": -0.0012000000000000344,
      "dU_init_bacc": 0.0,
      "U_H2_minus_H3": -0.00280000000000008,
      "tau0": 10.0,
      "taus": 100.0,
      "gate": 0
    },
    "2": {
      "U_H0": 0.46999999999999986,
      "U_H1": 0.5668,
      "U_H1W": 0.5668,
      "U_H2": 0.4711999999999999,
      "U_H3": 0.47159999999999996,
      "U_H4": 0.46999999999999986,
      "dU_center": -0.09560000000000007,
      "dU_MAP_frozen": 0.0012000000000000344,
      "dU_gate_frozen": 0.0,
      "dU_gate_map": -0.0012000000000000344,
      "dU_init_bacc": 0.0,
      "U_H2_minus_H3": -0.00040000000000006697,
      "tau0": 10.0,
      "taus": 100.0,
      "gate": 0
    },
    "4": {
      "U_H0": 0.46999999999999986,
      "U_H1": 0.6103999999999999,
      "U_H1W": 0.6103999999999999,
      "U_H2": 0.475,
      "U_H3": 0.4664,
      "U_H4": 0.46999999999999986,
      "dU_center": -0.13539999999999996,
      "dU_MAP_frozen": 0.0050000000000001155,
      "dU_gate_frozen": 0.0,
      "dU_gate_map": -0.0050000000000001155,
      "dU_init_bacc": 0.0,
      "U_H2_minus_H3": 0.008599999999999997,
      "tau0": 10.0,
      "taus": 100.0,
      "gate": 0
    },
    "8": {
      "U_H0": 0.46999999999999986,
      "U_H1": 0.6386,
      "U_H1W": 0.6386,
      "U_H2": 0.4871999999999999,
      "U_H3": 0.455,
      "U_H4": 0.46999999999999986,
      "dU_center": -0.15140000000000003,
      "dU_MAP_frozen": 0.01720000000000005,
      "dU_gate_frozen": 0.0,
      "dU_gate_map": -0.01720000000000005,
      "dU_init_bacc": 0.0,
      "U_H2_minus_H3": 0.032199999999999895,
      "tau0": 10.0,
      "taus": 100.0,
      "gate": 0
    },
    "16": {
      "U_H0": 0.46999999999999986,
      "U_H1": 0.6649999999999998,
      "U_H1W": 0.6649999999999998,
      "U_H2": 0.4982,
      "U_H3": 0.45400000000000007,
      "U_H4": 0.46999999999999986,
      "dU_center": -0.16679999999999984,
      "dU_MAP_frozen": 0.028200000000000114,
      "dU_gate_frozen": 0.0,
      "dU_gate_map": -0.028200000000000114,
      "dU_init_bacc": 0.0,
      "U_H2_minus_H3": 0.044199999999999906,
      "tau0": 10.0,
      "taus": 100.0,
      "gate": 0
    },
    "32": {
      "U_H0": 0.46999999999999986,
      "U_H1": 0.7205999999999999,
      "U_H1W": 0.7205999999999999,
      "U_H2": 0.52,
      "U_H3": 0.4534,
      "U_H4": 0.46999999999999986,
      "dU_center": -0.2005999999999999,
      "dU_MAP_frozen": 0.050000000000000155,
      "dU_gate_frozen": 0.0,
      "dU_gate_map": -0.050000000000000155,
      "dU_init_bacc": 0.0,
      "U_H2_minus_H3": 0.06659999999999999,
      "tau0": 10.0,
      "taus": 100.0,
      "gate": 0
    },
    "Full": {
      "U_H0": 0.47,
      "U_H1": 0.75,
      "U_H1W": 0.75,
      "U_H2": 0.55,
      "U_H3": 0.43000000000000005,
      "U_H4": 0.47,
      "dU_center": -0.19999999999999996,
      "dU_MAP_frozen": 0.08000000000000007,
      "dU_gate_frozen": 0.0,
      "dU_gate_map": -0.08000000000000007,
      "dU_init_bacc": 0.0,
      "U_H2_minus_H3": 0.12,
      "tau0": 1.0,
      "taus": 100.0,
      "gate": 0
    }
  },
  "specificity": {
    "status": "ok",
    "rank": 8,
    "n_matched": 50,
    "n_tried": 213,
    "informed_srcval": 0.671,
    "dGh_specific": {
      "ridge_k1": {
        "informed": 0.17500000000000004,
        "random_mean": 0.047740000000000025,
        "specific": 0.12726
      },
      "map_k1": {
        "informed": 1.3322676295501878e-17,
        "random_mean": 0.002024000000000004,
        "specific": -0.0020239999999999907
      },
      "ridge_k8": {
        "informed": 0.19640000000000005,
        "random_mean": 0.119244,
        "specific": 0.07715600000000004
      },
      "map_k8": {
        "informed": 0.006800000000000031,
        "random_mean": 0.01680800000000001,
        "specific": -0.010007999999999979
      },
      "ridge_kFull": {
        "informed": 0.21000000000000008,
        "random_mean": 0.18979999999999997,
        "specific": 0.020200000000000107
      },
      "map_kFull": {
        "informed": 0.040000000000000036,
        "random_mean": 0.0898,
        "specific": -0.04979999999999997
      }
    }
  },
  "headroom": {
    "frozen_query_bacc": 0.47,
    "frozen_query_nll": 1.0945354888265977,
    "fullcal_query_bacc": 0.72,
    "fullcal_gain": 0.25,
    "angle_Ws_Wt_deg": 62.391554489284815,
    "bias_displacement": 0.044090916765341714,
    "direction_displacement": 2.485732417039223,
    "cal_cov_condition": 32.15606518943512,
    "class_prior_shift": 0.0,
    "cal_query_mean_drift": 1.044788605103964
  },
  "tau0": {
    "1": 10.0,
    "2": 10.0,
    "4": 10.0,
    "8": 10.0,
    "16": 10.0,
    "32": 10.0,
    "Full": 1.0
  },
  "taus": {
    "1": 100.0,
    "2": 100.0,
    "4": 100.0,
    "8": 100.0,
    "16": 100.0,
    "32": 100.0,
    "Full": 100.0
  },
  "gate": {
    "1": 0,
    "2": 0,
    "4": 0,
    "8": 0,
    "16": 0,
    "32": 0,
    "Full": 0
  },
  "firewall": {
    "source_only_construction": true,
    "tau_source_only": true,
    "gate_source_only": true,
    "Ycal_used_for_head_adapt": true,
    "Yquery_used_for_selection": false,
    "Yquery_used_for_outcome": true
  }
}