{
  "dataset": "Lee2019_MI",
  "subject": "54",
  "seed": 2,
  "status": "ok",
  "C": 2,
  "n_cal": 100,
  "n_query": 100,
  "cal_session": [
    "0"
  ],
  "query_sessions": [
    "1"
  ],
  "n_draws": 50,
  "n_tau_draws": 10,
  "init_param_diff": 3.9536380726317615e-05,
  "endpoints": {
    "1": {
      "U_H0": 0.54,
      "U_H1": 0.49660000000000004,
      "U_H1W": 0.49660000000000004,
      "U_H2": 0.534,
      "U_H3": 0.5256000000000001,
      "U_H4": 0.534,
      "dU_center": 0.03739999999999999,
      "dU_MAP_frozen": -0.006000000000000005,
      "dU_gate_frozen": -0.006000000000000005,
      "dU_gate_map": 0.0,
      "dU_init_bacc": 0.0,
      "U_H2_minus_H3": 0.008399999999999963,
      "tau0": 1.0,
      "taus": 100.0,
      "gate": 1
    },
    "2": {
      "U_H0": 0.54,
      "U_H1": 0.4997999999999999,
      "U_H1W": 0.4997999999999999,
      "U_H2": 0.5354000000000001,
      "U_H3": 0.534,
      "U_H4": 0.5354000000000001,
      "dU_center": 0.03560000000000019,
      "dU_MAP_frozen": -0.0045999999999999375,
      "dU_gate_frozen": -0.0045999999999999375,
      "dU_gate_map": 0.0,
      "dU_init_bacc": 0.0,
      "U_H2_minus_H3": 0.0014000000000000679,
      "tau0": 10.0,
      "taus": 100.0,
      "gate": 1
    },
    "4": {
      "U_H0": 0.54,
      "U_H1": 0.5036,
      "U_H1W": 0.5036,
      "U_H2": 0.5342,
      "U_H3": 0.54,
      "U_H4": 0.5342,
      "dU_center": 0.03059999999999996,
      "dU_MAP_frozen": -0.005800000000000027,
      "dU_gate_frozen": -0.005800000000000027,
      "dU_gate_map": 0.0,
      "dU_init_bacc": 0.0,
      "U_H2_minus_H3": -0.005800000000000027,
      "tau0": 10.0,
      "taus": 100.0,
      "gate": 1
    },
    "8": {
      "U_H0": 0.54,
      "U_H1": 0.5006,
      "U_H1W": 0.5006,
      "U_H2": 0.5338,
      "U_H3": 0.546,
      "U_H4": 0.5338,
      "dU_center": 0.03320000000000001,
      "dU_MAP_frozen": -0.006199999999999983,
      "dU_gate_frozen": -0.006199999999999983,
      "dU_gate_map": 0.0,
      "dU_init_bacc": 0.0,
      "U_H2_minus_H3": -0.012199999999999989,
      "tau0": 10.0,
      "taus": 100.0,
      "gate": 1
    },
    "16": {
      "U_H0": 0.54,
      "U_H1": 0.48779999999999996,
      "U_H1W": 0.48779999999999996,
      "U_H2": 0.5358,
      "U_H3": 0.541,
      "U_H4": 0.5358,
      "dU_center": 0.0480000000000001,
      "dU_MAP_frozen": -0.0041999999999999815,
      "dU_gate_frozen": -0.0041999999999999815,
      "dU_gate_map": 0.0,
      "dU_init_bacc": 0.0,
      "U_H2_minus_H3": -0.005199999999999982,
      "tau0": 10.0,
      "taus": 100.0,
      "gate": 1
    },
    "32": {
      "U_H0": 0.54,
      "U_H1": 0.5018,
      "U_H1W": 0.5018,
      "U_H2": 0.5398000000000001,
      "U_H3": 0.5254000000000001,
      "U_H4": 0.5398000000000001,
      "dU_center": 0.038000000000000034,
      "dU_MAP_frozen": -0.00019999999999997797,
      "dU_gate_frozen": -0.00019999999999997797,
      "dU_gate_map": 0.0,
      "dU_init_bacc": 0.0,
      "U_H2_minus_H3": 0.014399999999999968,
      "tau0": 1.0,
      "taus": 100.0,
      "gate": 1
    },
    "Full": {
      "U_H0": 0.54,
      "U_H1": 0.49,
      "U_H1W": 0.49,
      "U_H2": 0.54,
      "U_H3": 0.51,
      "U_H4": 0.54,
      "dU_center": 0.050000000000000044,
      "dU_MAP_frozen": 0.0,
      "dU_gate_frozen": 0.0,
      "dU_gate_map": 0.0,
      "dU_init_bacc": 0.0,
      "U_H2_minus_H3": 0.030000000000000027,
      "tau0": 1.0,
      "taus": 100.0,
      "gate": 1
    }
  },
  "specificity": {
    "status": "ok",
    "rank": 8,
    "n_matched": 50,
    "n_tried": 177,
    "informed_srcval": 0.6799999999999999,
    "dGh_specific": {
      "ridge_k1": {
        "informed": -0.08079999999999994,
        "random_mean": -0.016076,
        "specific": -0.06472399999999995
      },
      "map_k1": {
        "informed": -0.013400000000000007,
        "random_mean": -0.0005719999999999977,
        "specific": -0.01282800000000001
      },
      "ridge_k8": {
        "informed": -0.07539999999999995,
        "random_mean": -0.011435999999999997,
        "specific": -0.06396399999999995
      },
      "map_k8": {
        "informed": -0.017999999999999985,
        "random_mean": 4.0000000000047635e-06,
        "specific": -0.01800399999999999
      },
      "ridge_kFull": {
        "informed": -0.039999999999999925,
        "random_mean": -0.0158,
        "specific": -0.024199999999999923
      },
      "map_kFull": {
        "informed": -0.020000000000000018,
        "random_mean": -0.0031999999999999893,
        "specific": -0.01680000000000003
      }
    }
  },
  "headroom": {
    "frozen_query_bacc": 0.54,
    "frozen_query_nll": 0.8717630270618675,
    "fullcal_query_bacc": 0.49,
    "fullcal_gain": -0.050000000000000044,
    "angle_Ws_Wt_deg": 100.5891270052778,
    "bias_displacement": 0.18507899240141704,
    "direction_displacement": 3.0890964511062498,
    "cal_cov_condition": 30.391199944083258,
    "class_prior_shift": 0.0,
    "cal_query_mean_drift": 1.0556345312704205
  },
  "tau0": {
    "1": 1.0,
    "2": 10.0,
    "4": 10.0,
    "8": 10.0,
    "16": 10.0,
    "32": 1.0,
    "Full": 1.0
  },
  "taus": {
    "1": 100.0,
    "2": 100.0,
    "4": 100.0,
    "8": 100.0,
    "16": 100.0,
    "32": 100.0,
    "Full": 100.0
  },
  "gate": {
    "1": 1,
    "2": 1,
    "4": 1,
    "8": 1,
    "16": 1,
    "32": 1,
    "Full": 1
  },
  "firewall": {
    "source_only_construction": true,
    "tau_source_only": true,
    "gate_source_only": true,
    "Ycal_used_for_head_adapt": true,
    "Yquery_used_for_selection": false,
    "Yquery_used_for_outcome": true
  }
}