{
  "dataset": "BNCI2015_001",
  "subject": "1",
  "seed": 1,
  "status": "ok",
  "C": 2,
  "n_cal": 200,
  "n_query": 200,
  "cal_session": [
    "0A"
  ],
  "query_sessions": [
    "1B"
  ],
  "n_draws": 50,
  "n_tau_draws": 10,
  "init_param_diff": 3.0116580008378458e-05,
  "endpoints": {
    "1": {
      "U_H0": 0.585,
      "U_H1": 0.7961999999999999,
      "U_H1W": 0.7961999999999999,
      "U_H2": 0.6154999999999999,
      "U_H3": 0.7701999999999998,
      "U_H4": 0.585,
      "dU_center": -0.18069999999999997,
      "dU_MAP_frozen": 0.03049999999999997,
      "dU_gate_frozen": 0.0,
      "dU_gate_map": -0.03049999999999997,
      "dU_init_bacc": 0.0,
      "U_H2_minus_H3": -0.15469999999999984,
      "tau0": 1.0,
      "taus": 10.0,
      "gate": 0
    },
    "2": {
      "U_H0": 0.585,
      "U_H1": 0.8598,
      "U_H1W": 0.8598,
      "U_H2": 0.6357,
      "U_H3": 0.8230999999999998,
      "U_H4": 0.6357,
      "dU_center": -0.22409999999999997,
      "dU_MAP_frozen": 0.05070000000000008,
      "dU_gate_frozen": 0.05070000000000008,
      "dU_gate_map": 0.0,
      "dU_init_bacc": 0.0,
      "U_H2_minus_H3": -0.1873999999999998,
      "tau0": 1.0,
      "taus": 10.0,
      "gate": 1
    },
    "4": {
      "U_H0": 0.585,
      "U_H1": 0.9019999999999999,
      "U_H1W": 0.9019999999999999,
      "U_H2": 0.6844,
      "U_H3": 0.8786,
      "U_H4": 0.6844,
      "dU_center": -0.2175999999999999,
      "dU_MAP_frozen": 0.09940000000000004,
      "dU_gate_frozen": 0.09940000000000004,
      "dU_gate_map": 0.0,
      "dU_init_bacc": 0.0,
      "U_H2_minus_H3": -0.19420000000000004,
      "tau0": 1.0,
      "taus": 10.0,
      "gate": 1
    },
    "8": {
      "U_H0": 0.585,
      "U_H1": 0.9295000000000002,
      "U_H1W": 0.9295000000000002,
      "U_H2": 0.7619,
      "U_H3": 0.9116,
      "U_H4": 0.7619,
      "dU_center": -0.1676000000000002,
      "dU_MAP_frozen": 0.17690000000000006,
      "dU_gate_frozen": 0.17690000000000006,
      "dU_gate_map": 0.0,
      "dU_init_bacc": 0.0,
      "U_H2_minus_H3": -0.14969999999999994,
      "tau0": 1.0,
      "taus": 10.0,
      "gate": 1
    },
    "16": {
      "U_H0": 0.585,
      "U_H1": 0.9409000000000001,
      "U_H1W": 0.9409000000000001,
      "U_H2": 0.8467000000000001,
      "U_H3": 0.9155000000000001,
      "U_H4": 0.8467000000000001,
      "dU_center": -0.09419999999999995,
      "dU_MAP_frozen": 0.26170000000000015,
      "dU_gate_frozen": 0.26170000000000015,
      "dU_gate_map": 0.0,
      "dU_init_bacc": 0.0,
      "U_H2_minus_H3": -0.06879999999999997,
      "tau0": 1.0,
      "taus": 10.0,
      "gate": 1
    },
    "32": {
      "U_H0": 0.585,
      "U_H1": 0.9601000000000001,
      "U_H1W": 0.9601000000000001,
      "U_H2": 0.914,
      "U_H3": 0.9177,
      "U_H4": 0.914,
      "dU_center": -0.04610000000000003,
      "dU_MAP_frozen": 0.32900000000000007,
      "dU_gate_frozen": 0.32900000000000007,
      "dU_gate_map": 0.0,
      "dU_init_bacc": 0.0,
      "U_H2_minus_H3": -0.0036999999999999256,
      "tau0": 1.0,
      "taus": 10.0,
      "gate": 1
    },
    "Full": {
      "U_H0": 0.585,
      "U_H1": 0.965,
      "U_H1W": 0.965,
      "U_H2": 0.9650000000000001,
      "U_H3": 0.925,
      "U_H4": 0.9650000000000001,
      "dU_center": 1.1102230246251565e-16,
      "dU_MAP_frozen": 0.3800000000000001,
      "dU_gate_frozen": 0.3800000000000001,
      "dU_gate_map": 0.0,
      "dU_init_bacc": 0.0,
      "U_H2_minus_H3": 0.040000000000000036,
      "tau0": 1.0,
      "taus": 10.0,
      "gate": 1
    }
  },
  "specificity": {
    "status": "ok",
    "rank": 8,
    "n_matched": 50,
    "n_tried": 184,
    "informed_srcval": 0.6990000000000001,
    "dGh_specific": {
      "ridge_k1": {
        "informed": 0.11679999999999996,
        "random_mean": 0.08172800000000001,
        "specific": 0.03507199999999995
      },
      "map_k1": {
        "informed": 0.02109999999999996,
        "random_mean": 0.043304,
        "specific": -0.022204000000000043
      },
      "ridge_k8": {
        "informed": 0.2342,
        "random_mean": 0.200154,
        "specific": 0.03404599999999999
      },
      "map_k8": {
        "informed": 0.14929999999999996,
        "random_mean": 0.17531000000000002,
        "specific": -0.02601000000000006
      },
      "ridge_kFull": {
        "informed": 0.30499999999999994,
        "random_mean": 0.2611,
        "specific": 0.04389999999999994
      },
      "map_kFull": {
        "informed": 0.31999999999999995,
        "random_mean": 0.25809999999999994,
        "specific": 0.06190000000000001
      }
    }
  },
  "headroom": {
    "frozen_query_bacc": 0.585,
    "frozen_query_nll": 0.9154386752998102,
    "fullcal_query_bacc": 0.965,
    "fullcal_gain": 0.38,
    "angle_Ws_Wt_deg": 40.75882635912144,
    "bias_displacement": 9.501874578579443,
    "direction_displacement": 10.721651742931899,
    "cal_cov_condition": 54.57008390214778,
    "class_prior_shift": 0.0,
    "cal_query_mean_drift": 2.06265769725591
  },
  "tau0": {
    "1": 1.0,
    "2": 1.0,
    "4": 1.0,
    "8": 1.0,
    "16": 1.0,
    "32": 1.0,
    "Full": 1.0
  },
  "taus": {
    "1": 10.0,
    "2": 10.0,
    "4": 10.0,
    "8": 10.0,
    "16": 10.0,
    "32": 10.0,
    "Full": 10.0
  },
  "gate": {
    "1": 0,
    "2": 1,
    "4": 1,
    "8": 1,
    "16": 1,
    "32": 1,
    "Full": 1
  },
  "firewall": {
    "source_only_construction": true,
    "tau_source_only": true,
    "gate_source_only": true,
    "Ycal_used_for_head_adapt": true,
    "Yquery_used_for_selection": false,
    "Yquery_used_for_outcome": true
  }
}