{
  "dataset": "BNCI2014_001",
  "subject": "3",
  "seed": 2,
  "status": "ok",
  "C": 4,
  "n_cal": 288,
  "n_query": 288,
  "cal_session": [
    "0train"
  ],
  "query_sessions": [
    "1test"
  ],
  "n_draws": 50,
  "n_tau_draws": 10,
  "init_param_diff": 0.00016764301556432664,
  "endpoints": {
    "1": {
      "U_H0": 0.5069444444444444,
      "U_H1": 0.3803472222222222,
      "U_H1W": 0.3803472222222222,
      "U_H2": 0.5095833333333334,
      "U_H3": 0.5750694444444444,
      "U_H4": 0.5069444444444444,
      "dU_center": 0.12923611111111116,
      "dU_MAP_frozen": 0.0026388888888889683,
      "dU_gate_frozen": 0.0,
      "dU_gate_map": -0.0026388888888889683,
      "dU_init_bacc": 0.0,
      "U_H2_minus_H3": -0.06548611111111102,
      "tau0": 1.0,
      "taus": 100.0,
      "gate": 0
    },
    "2": {
      "U_H0": 0.5069444444444444,
      "U_H1": 0.44763888888888886,
      "U_H1W": 0.44763888888888886,
      "U_H2": 0.5832638888888888,
      "U_H3": 0.5820833333333334,
      "U_H4": 0.5069444444444444,
      "dU_center": 0.13562499999999994,
      "dU_MAP_frozen": 0.07631944444444438,
      "dU_gate_frozen": 0.0,
      "dU_gate_map": -0.07631944444444438,
      "dU_init_bacc": 0.0,
      "U_H2_minus_H3": 0.001180555555555407,
      "tau0": 1.0,
      "taus": 10.0,
      "gate": 0
    },
    "4": {
      "U_H0": 0.5069444444444444,
      "U_H1": 0.4786805555555555,
      "U_H1W": 0.4786805555555555,
      "U_H2": 0.6065972222222222,
      "U_H3": 0.5972222222222222,
      "U_H4": 0.5069444444444444,
      "dU_center": 0.12791666666666673,
      "dU_MAP_frozen": 0.09965277777777781,
      "dU_gate_frozen": 0.0,
      "dU_gate_map": -0.09965277777777781,
      "dU_init_bacc": 0.0,
      "U_H2_minus_H3": 0.009375000000000022,
      "tau0": 10.0,
      "taus": 10.0,
      "gate": 0
    },
    "8": {
      "U_H0": 0.5069444444444444,
      "U_H1": 0.5478472222222223,
      "U_H1W": 0.5478472222222223,
      "U_H2": 0.6324305555555556,
      "U_H3": 0.5945138888888889,
      "U_H4": 0.5069444444444444,
      "dU_center": 0.08458333333333334,
      "dU_MAP_frozen": 0.1254861111111112,
      "dU_gate_frozen": 0.0,
      "dU_gate_map": -0.1254861111111112,
      "dU_init_bacc": 0.0,
      "U_H2_minus_H3": 0.03791666666666671,
      "tau0": 10.0,
      "taus": 10.0,
      "gate": 0
    },
    "16": {
      "U_H0": 0.5069444444444444,
      "U_H1": 0.6094444444444445,
      "U_H1W": 0.6094444444444445,
      "U_H2": 0.6533333333333334,
      "U_H3": 0.5885416666666667,
      "U_H4": 0.5069444444444444,
      "dU_center": 0.04388888888888898,
      "dU_MAP_frozen": 0.146388888888889,
      "dU_gate_frozen": 0.0,
      "dU_gate_map": -0.146388888888889,
      "dU_init_bacc": 0.0,
      "U_H2_minus_H3": 0.06479166666666669,
      "tau0": 10.0,
      "taus": 10.0,
      "gate": 0
    },
    "32": {
      "U_H0": 0.5069444444444444,
      "U_H1": 0.6809722222222221,
      "U_H1W": 0.6809722222222221,
      "U_H2": 0.6800694444444446,
      "U_H3": 0.586875,
      "U_H4": 0.5069444444444444,
      "dU_center": -0.0009027777777774748,
      "dU_MAP_frozen": 0.1731250000000002,
      "dU_gate_frozen": 0.0,
      "dU_gate_map": -0.1731250000000002,
      "dU_init_bacc": 0.0,
      "U_H2_minus_H3": 0.09319444444444458,
      "tau0": 1.0,
      "taus": 10.0,
      "gate": 0
    },
    "Full": {
      "U_H0": 0.5069444444444444,
      "U_H1": 0.71875,
      "U_H1W": 0.71875,
      "U_H2": 0.6979166666666667,
      "U_H3": 0.5833333333333333,
      "U_H4": 0.6979166666666667,
      "dU_center": -0.02083333333333326,
      "dU_MAP_frozen": 0.19097222222222232,
      "dU_gate_frozen": 0.19097222222222232,
      "dU_gate_map": 0.0,
      "dU_init_bacc": 0.0,
      "U_H2_minus_H3": 0.11458333333333348,
      "tau0": 1.0,
      "taus": 10.0,
      "gate": 1
    }
  },
  "specificity": {
    "status": "ok",
    "rank": 8,
    "n_matched": 50,
    "n_tried": 82,
    "informed_srcval": 0.3704861111111111,
    "dGh_specific": {
      "ridge_k1": {
        "informed": -0.04618055555555558,
        "random_mean": -0.05720277777777778,
        "specific": 0.011022222222222204
      },
      "map_k1": {
        "informed": -0.004305555555555573,
        "random_mean": 0.0035458333333333327,
        "specific": -0.007851388888888906
      },
      "ridge_k8": {
        "informed": 0.026805555555555527,
        "random_mean": 0.051038888888888884,
        "specific": -0.024233333333333357
      },
      "map_k8": {
        "informed": 0.0489583333333333,
        "random_mean": 0.0842763888888889,
        "specific": -0.0353180555555556
      },
      "ridge_kFull": {
        "informed": 0.08680555555555558,
        "random_mean": 0.1353472222222222,
        "specific": -0.04854166666666662
      },
      "map_kFull": {
        "informed": 0.07986111111111105,
        "random_mean": 0.13381944444444444,
        "specific": -0.053958333333333386
      }
    }
  },
  "headroom": {
    "frozen_query_bacc": 0.5069444444444444,
    "frozen_query_nll": 1.0563855874884718,
    "fullcal_query_bacc": 0.71875,
    "fullcal_gain": 0.21180555555555558,
    "angle_Ws_Wt_deg": 33.78774230990243,
    "bias_displacement": 4.913839295716384,
    "direction_displacement": 8.978883177807107,
    "cal_cov_condition": 12.235132666588443,
    "class_prior_shift": 0.0,
    "cal_query_mean_drift": 0.7121088104561267
  },
  "tau0": {
    "1": 1.0,
    "2": 1.0,
    "4": 10.0,
    "8": 10.0,
    "16": 10.0,
    "32": 1.0,
    "Full": 1.0
  },
  "taus": {
    "1": 100.0,
    "2": 10.0,
    "4": 10.0,
    "8": 10.0,
    "16": 10.0,
    "32": 10.0,
    "Full": 10.0
  },
  "gate": {
    "1": 0,
    "2": 0,
    "4": 0,
    "8": 0,
    "16": 0,
    "32": 0,
    "Full": 1
  },
  "firewall": {
    "source_only_construction": true,
    "tau_source_only": true,
    "gate_source_only": true,
    "Ycal_used_for_head_adapt": true,
    "Yquery_used_for_selection": false,
    "Yquery_used_for_outcome": true
  }
}