{
  "dataset": "Lee2019_MI",
  "subject": "33",
  "seed": 1,
  "status": "ok",
  "C": 2,
  "n_cal": 100,
  "n_query": 100,
  "cal_session": [
    "0"
  ],
  "query_sessions": [
    "1"
  ],
  "n_draws": 50,
  "n_tau_draws": 10,
  "init_param_diff": 6.538760403519968e-06,
  "endpoints": {
    "1": {
      "U_H0": 0.9500000000000002,
      "U_H1": 0.8271999999999999,
      "U_H1W": 0.8271999999999999,
      "U_H2": 0.9500000000000002,
      "U_H3": 0.955,
      "U_H4": 0.9500000000000002,
      "dU_center": 0.12280000000000024,
      "dU_MAP_frozen": 0.0,
      "dU_gate_frozen": 0.0,
      "dU_gate_map": 0.0,
      "dU_init_bacc": 0.0,
      "U_H2_minus_H3": -0.004999999999999782,
      "tau0": 10.0,
      "taus": 100.0,
      "gate": 1
    },
    "2": {
      "U_H0": 0.9500000000000002,
      "U_H1": 0.8924,
      "U_H1W": 0.8924,
      "U_H2": 0.9506000000000001,
      "U_H3": 0.9540000000000001,
      "U_H4": 0.9500000000000002,
      "dU_center": 0.05820000000000014,
      "dU_MAP_frozen": 0.0005999999999999339,
      "dU_gate_frozen": 0.0,
      "dU_gate_map": -0.0005999999999999339,
      "dU_init_bacc": 0.0,
      "U_H2_minus_H3": -0.0033999999999999586,
      "tau0": 10.0,
      "taus": 100.0,
      "gate": 0
    },
    "4": {
      "U_H0": 0.9500000000000002,
      "U_H1": 0.9309999999999998,
      "U_H1W": 0.9309999999999998,
      "U_H2": 0.9518000000000002,
      "U_H3": 0.9570000000000001,
      "U_H4": 0.9518000000000002,
      "dU_center": 0.020800000000000374,
      "dU_MAP_frozen": 0.0018000000000000238,
      "dU_gate_frozen": 0.0018000000000000238,
      "dU_gate_map": 0.0,
      "dU_init_bacc": 0.0,
      "U_H2_minus_H3": -0.005199999999999871,
      "tau0": 10.0,
      "taus": 100.0,
      "gate": 1
    },
    "8": {
      "U_H0": 0.9500000000000002,
      "U_H1": 0.9434,
      "U_H1W": 0.9434,
      "U_H2": 0.9536000000000001,
      "U_H3": 0.9625999999999999,
      "U_H4": 0.9500000000000002,
      "dU_center": 0.010200000000000098,
      "dU_MAP_frozen": 0.0035999999999999366,
      "dU_gate_frozen": 0.0,
      "dU_gate_map": -0.0035999999999999366,
      "dU_init_bacc": 0.0,
      "U_H2_minus_H3": -0.008999999999999786,
      "tau0": 10.0,
      "taus": 100.0,
      "gate": 0
    },
    "16": {
      "U_H0": 0.9500000000000002,
      "U_H1": 0.9478,
      "U_H1W": 0.9478,
      "U_H2": 0.9564000000000001,
      "U_H3": 0.9673999999999998,
      "U_H4": 0.9564000000000001,
      "dU_center": 0.008600000000000163,
      "dU_MAP_frozen": 0.006399999999999961,
      "dU_gate_frozen": 0.006399999999999961,
      "dU_gate_map": 0.0,
      "dU_init_bacc": 0.0,
      "U_H2_minus_H3": -0.010999999999999677,
      "tau0": 10.0,
      "taus": 100.0,
      "gate": 1
    },
    "32": {
      "U_H0": 0.9500000000000002,
      "U_H1": 0.9516,
      "U_H1W": 0.9516,
      "U_H2": 0.9598,
      "U_H3": 0.9693999999999998,
      "U_H4": 0.9500000000000002,
      "dU_center": 0.008199999999999985,
      "dU_MAP_frozen": 0.009799999999999809,
      "dU_gate_frozen": 0.0,
      "dU_gate_map": -0.009799999999999809,
      "dU_init_bacc": 0.0,
      "U_H2_minus_H3": -0.009599999999999831,
      "tau0": 10.0,
      "taus": 100.0,
      "gate": 0
    },
    "Full": {
      "U_H0": 0.95,
      "U_H1": 0.96,
      "U_H1W": 0.96,
      "U_H2": 0.96,
      "U_H3": 0.97,
      "U_H4": 0.96,
      "dU_center": 0.0,
      "dU_MAP_frozen": 0.010000000000000009,
      "dU_gate_frozen": 0.010000000000000009,
      "dU_gate_map": 0.0,
      "dU_init_bacc": 0.0,
      "U_H2_minus_H3": -0.010000000000000009,
      "tau0": 1.0,
      "taus": 100.0,
      "gate": 1
    }
  },
  "specificity": {
    "status": "ok",
    "rank": 8,
    "n_matched": 50,
    "n_tried": 115,
    "informed_srcval": 0.6990000000000001,
    "dGh_specific": {
      "ridge_k1": {
        "informed": -0.16140000000000007,
        "random_mean": -0.122932,
        "specific": -0.03846800000000007
      },
      "map_k1": {
        "informed": 0.0042000000000000015,
        "random_mean": 0.0007120000000000008,
        "specific": 0.0034880000000000006
      },
      "ridge_k8": {
        "informed": -0.05940000000000005,
        "random_mean": 0.005323999999999993,
        "specific": -0.06472400000000005
      },
      "map_k8": {
        "informed": 0.01039999999999997,
        "random_mean": 0.009775999999999996,
        "specific": 0.0006239999999999735
      },
      "ridge_kFull": {
        "informed": 0.020000000000000018,
        "random_mean": 0.04439999999999996,
        "specific": -0.024399999999999943
      },
      "map_kFull": {
        "informed": -0.010000000000000009,
        "random_mean": 0.03259999999999999,
        "specific": -0.0426
      }
    }
  },
  "headroom": {
    "frozen_query_bacc": 0.95,
    "frozen_query_nll": 0.09787850824587627,
    "fullcal_query_bacc": 0.97,
    "fullcal_gain": 0.020000000000000018,
    "angle_Ws_Wt_deg": 36.36090977388809,
    "bias_displacement": 8.102076677962916,
    "direction_displacement": 22.023205200924988,
    "cal_cov_condition": 32.61811449783983,
    "class_prior_shift": 0.0,
    "cal_query_mean_drift": 1.761284511065577
  },
  "tau0": {
    "1": 10.0,
    "2": 10.0,
    "4": 10.0,
    "8": 10.0,
    "16": 10.0,
    "32": 10.0,
    "Full": 1.0
  },
  "taus": {
    "1": 100.0,
    "2": 100.0,
    "4": 100.0,
    "8": 100.0,
    "16": 100.0,
    "32": 100.0,
    "Full": 100.0
  },
  "gate": {
    "1": 1,
    "2": 0,
    "4": 1,
    "8": 0,
    "16": 1,
    "32": 0,
    "Full": 1
  },
  "firewall": {
    "source_only_construction": true,
    "tau_source_only": true,
    "gate_source_only": true,
    "Ycal_used_for_head_adapt": true,
    "Yquery_used_for_selection": false,
    "Yquery_used_for_outcome": true
  }
}