{
  "dataset": "Lee2019_MI",
  "subject": "16",
  "seed": 2,
  "status": "ok",
  "C": 2,
  "n_cal": 100,
  "n_query": 100,
  "cal_session": [
    "0"
  ],
  "query_sessions": [
    "1"
  ],
  "n_draws": 50,
  "n_tau_draws": 10,
  "init_param_diff": 2.322112830361339e-05,
  "endpoints": {
    "1": {
      "U_H0": 0.6200000000000001,
      "U_H1": 0.5104,
      "U_H1W": 0.5104,
      "U_H2": 0.623,
      "U_H3": 0.5926,
      "U_H4": 0.6200000000000001,
      "dU_center": 0.11260000000000003,
      "dU_MAP_frozen": 0.0029999999999998916,
      "dU_gate_frozen": 0.0,
      "dU_gate_map": -0.0029999999999998916,
      "dU_init_bacc": 0.0,
      "U_H2_minus_H3": 0.030399999999999983,
      "tau0": 10.0,
      "taus": 100.0,
      "gate": 0
    },
    "2": {
      "U_H0": 0.6200000000000001,
      "U_H1": 0.5038,
      "U_H1W": 0.5038,
      "U_H2": 0.6238,
      "U_H3": 0.612,
      "U_H4": 0.6200000000000001,
      "dU_center": 0.12,
      "dU_MAP_frozen": 0.0037999999999999146,
      "dU_gate_frozen": 0.0,
      "dU_gate_map": -0.0037999999999999146,
      "dU_init_bacc": 0.0,
      "U_H2_minus_H3": 0.011800000000000033,
      "tau0": 10.0,
      "taus": 100.0,
      "gate": 0
    },
    "4": {
      "U_H0": 0.6200000000000001,
      "U_H1": 0.514,
      "U_H1W": 0.514,
      "U_H2": 0.6221999999999999,
      "U_H3": 0.6122,
      "U_H4": 0.6200000000000001,
      "dU_center": 0.10819999999999985,
      "dU_MAP_frozen": 0.0021999999999997577,
      "dU_gate_frozen": 0.0,
      "dU_gate_map": -0.0021999999999997577,
      "dU_init_bacc": 0.0,
      "U_H2_minus_H3": 0.009999999999999898,
      "tau0": 10.0,
      "taus": 100.0,
      "gate": 0
    },
    "8": {
      "U_H0": 0.6200000000000001,
      "U_H1": 0.519,
      "U_H1W": 0.519,
      "U_H2": 0.6266,
      "U_H3": 0.6182,
      "U_H4": 0.6200000000000001,
      "dU_center": 0.10760000000000003,
      "dU_MAP_frozen": 0.006599999999999939,
      "dU_gate_frozen": 0.0,
      "dU_gate_map": -0.006599999999999939,
      "dU_init_bacc": 0.0,
      "U_H2_minus_H3": 0.008400000000000074,
      "tau0": 10.0,
      "taus": 100.0,
      "gate": 0
    },
    "16": {
      "U_H0": 0.6200000000000001,
      "U_H1": 0.524,
      "U_H1W": 0.524,
      "U_H2": 0.6272,
      "U_H3": 0.6242,
      "U_H4": 0.6200000000000001,
      "dU_center": 0.10319999999999996,
      "dU_MAP_frozen": 0.007199999999999873,
      "dU_gate_frozen": 0.0,
      "dU_gate_map": -0.007199999999999873,
      "dU_init_bacc": 0.0,
      "U_H2_minus_H3": 0.0030000000000000027,
      "tau0": 10.0,
      "taus": 100.0,
      "gate": 0
    },
    "32": {
      "U_H0": 0.6200000000000001,
      "U_H1": 0.5292,
      "U_H1W": 0.5292,
      "U_H2": 0.6218,
      "U_H3": 0.6250000000000001,
      "U_H4": 0.6200000000000001,
      "dU_center": 0.09260000000000002,
      "dU_MAP_frozen": 0.0017999999999999128,
      "dU_gate_frozen": 0.0,
      "dU_gate_map": -0.0017999999999999128,
      "dU_init_bacc": 0.0,
      "U_H2_minus_H3": -0.0032000000000000917,
      "tau0": 1.0,
      "taus": 100.0,
      "gate": 0
    },
    "Full": {
      "U_H0": 0.62,
      "U_H1": 0.5900000000000001,
      "U_H1W": 0.5900000000000001,
      "U_H2": 0.61,
      "U_H3": 0.6200000000000001,
      "U_H4": 0.61,
      "dU_center": 0.019999999999999907,
      "dU_MAP_frozen": -0.010000000000000009,
      "dU_gate_frozen": -0.010000000000000009,
      "dU_gate_map": 0.0,
      "dU_init_bacc": 0.0,
      "U_H2_minus_H3": -0.01000000000000012,
      "tau0": 1.0,
      "taus": 100.0,
      "gate": 1
    }
  },
  "specificity": {
    "status": "ok",
    "rank": 8,
    "n_matched": 50,
    "n_tried": 134,
    "informed_srcval": 0.692,
    "dGh_specific": {
      "ridge_k1": {
        "informed": -0.07779999999999997,
        "random_mean": -0.06452400000000001,
        "specific": -0.013275999999999955
      },
      "map_k1": {
        "informed": -0.0010000000000000009,
        "random_mean": -0.001968,
        "specific": 0.0009679999999999992
      },
      "ridge_k8": {
        "informed": -0.07119999999999994,
        "random_mean": -0.06155200000000001,
        "specific": -0.009647999999999934
      },
      "map_k8": {
        "informed": 0.0070000000000000175,
        "random_mean": -0.0023399999999999996,
        "specific": 0.009340000000000017
      },
      "ridge_kFull": {
        "informed": 1.1102230246251565e-16,
        "random_mean": -0.0496,
        "specific": 0.04960000000000011
      },
      "map_kFull": {
        "informed": 0.0,
        "random_mean": 0.0,
        "specific": 0.0
      }
    }
  },
  "headroom": {
    "frozen_query_bacc": 0.62,
    "frozen_query_nll": 0.70539875291439,
    "fullcal_query_bacc": 0.5700000000000001,
    "fullcal_gain": -0.04999999999999993,
    "angle_Ws_Wt_deg": 59.91021974079057,
    "bias_displacement": 0.14775389029466326,
    "direction_displacement": 1.9148437543288621,
    "cal_cov_condition": 15.42816823385707,
    "class_prior_shift": 0.0,
    "cal_query_mean_drift": 1.2700415910137997
  },
  "tau0": {
    "1": 10.0,
    "2": 10.0,
    "4": 10.0,
    "8": 10.0,
    "16": 10.0,
    "32": 1.0,
    "Full": 1.0
  },
  "taus": {
    "1": 100.0,
    "2": 100.0,
    "4": 100.0,
    "8": 100.0,
    "16": 100.0,
    "32": 100.0,
    "Full": 100.0
  },
  "gate": {
    "1": 0,
    "2": 0,
    "4": 0,
    "8": 0,
    "16": 0,
    "32": 0,
    "Full": 1
  },
  "firewall": {
    "source_only_construction": true,
    "tau_source_only": true,
    "gate_source_only": true,
    "Ycal_used_for_head_adapt": true,
    "Yquery_used_for_selection": false,
    "Yquery_used_for_outcome": true
  }
}