{
  "dataset": "Lee2019_MI",
  "subject": "5",
  "seed": 2,
  "status": "ok",
  "C": 2,
  "n_cal": 100,
  "n_query": 100,
  "cal_session": [
    "0"
  ],
  "query_sessions": [
    "1"
  ],
  "n_draws": 50,
  "n_tau_draws": 10,
  "init_param_diff": 2.1792112547924143e-05,
  "endpoints": {
    "1": {
      "U_H0": 0.7800000000000001,
      "U_H1": 0.6028,
      "U_H1W": 0.6028,
      "U_H2": 0.7796000000000001,
      "U_H3": 0.7728,
      "U_H4": 0.7796000000000001,
      "dU_center": 0.17680000000000007,
      "dU_MAP_frozen": -0.00040000000000006697,
      "dU_gate_frozen": -0.00040000000000006697,
      "dU_gate_map": 0.0,
      "dU_init_bacc": 0.0,
      "U_H2_minus_H3": 0.006800000000000028,
      "tau0": 10.0,
      "taus": 100.0,
      "gate": 1
    },
    "2": {
      "U_H0": 0.7800000000000001,
      "U_H1": 0.631,
      "U_H1W": 0.631,
      "U_H2": 0.7788,
      "U_H3": 0.7934000000000002,
      "U_H4": 0.7788,
      "dU_center": 0.14780000000000004,
      "dU_MAP_frozen": -0.0012000000000000899,
      "dU_gate_frozen": -0.0012000000000000899,
      "dU_gate_map": 0.0,
      "dU_init_bacc": 0.0,
      "U_H2_minus_H3": -0.014600000000000168,
      "tau0": 10.0,
      "taus": 100.0,
      "gate": 1
    },
    "4": {
      "U_H0": 0.7800000000000001,
      "U_H1": 0.6854,
      "U_H1W": 0.6854,
      "U_H2": 0.7780000000000001,
      "U_H3": 0.8136000000000001,
      "U_H4": 0.7800000000000001,
      "dU_center": 0.09260000000000013,
      "dU_MAP_frozen": -0.0020000000000000018,
      "dU_gate_frozen": 0.0,
      "dU_gate_map": 0.0020000000000000018,
      "dU_init_bacc": 0.0,
      "U_H2_minus_H3": -0.035599999999999965,
      "tau0": 10.0,
      "taus": 100.0,
      "gate": 0
    },
    "8": {
      "U_H0": 0.7800000000000001,
      "U_H1": 0.7081999999999999,
      "U_H1W": 0.7081999999999999,
      "U_H2": 0.7786000000000002,
      "U_H3": 0.8181999999999999,
      "U_H4": 0.7786000000000002,
      "dU_center": 0.07040000000000024,
      "dU_MAP_frozen": -0.0013999999999999568,
      "dU_gate_frozen": -0.0013999999999999568,
      "dU_gate_map": 0.0,
      "dU_init_bacc": 0.0,
      "U_H2_minus_H3": -0.039599999999999747,
      "tau0": 10.0,
      "taus": 100.0,
      "gate": 1
    },
    "16": {
      "U_H0": 0.7800000000000001,
      "U_H1": 0.7510000000000001,
      "U_H1W": 0.7510000000000001,
      "U_H2": 0.7768000000000002,
      "U_H3": 0.825,
      "U_H4": 0.7768000000000002,
      "dU_center": 0.025800000000000045,
      "dU_MAP_frozen": -0.0031999999999999806,
      "dU_gate_frozen": -0.0031999999999999806,
      "dU_gate_map": 0.0,
      "dU_init_bacc": 0.0,
      "U_H2_minus_H3": -0.0481999999999998,
      "tau0": 10.0,
      "taus": 100.0,
      "gate": 1
    },
    "32": {
      "U_H0": 0.7800000000000001,
      "U_H1": 0.7752,
      "U_H1W": 0.7752,
      "U_H2": 0.779,
      "U_H3": 0.8208,
      "U_H4": 0.779,
      "dU_center": 0.0038000000000000256,
      "dU_MAP_frozen": -0.001000000000000112,
      "dU_gate_frozen": -0.001000000000000112,
      "dU_gate_map": 0.0,
      "dU_init_bacc": 0.0,
      "U_H2_minus_H3": -0.04179999999999995,
      "tau0": 1.0,
      "taus": 100.0,
      "gate": 1
    },
    "Full": {
      "U_H0": 0.78,
      "U_H1": 0.76,
      "U_H1W": 0.76,
      "U_H2": 0.79,
      "U_H3": 0.8200000000000001,
      "U_H4": 0.79,
      "dU_center": 0.030000000000000027,
      "dU_MAP_frozen": 0.010000000000000009,
      "dU_gate_frozen": 0.010000000000000009,
      "dU_gate_map": 0.0,
      "dU_init_bacc": 0.0,
      "U_H2_minus_H3": -0.030000000000000027,
      "tau0": 1.0,
      "taus": 100.0,
      "gate": 1
    }
  },
  "specificity": {
    "status": "ok",
    "rank": 8,
    "n_matched": 50,
    "n_tried": 3193,
    "informed_srcval": 0.5609999999999999,
    "dGh_specific": {
      "ridge_k1": {
        "informed": -0.012200000000000006,
        "random_mean": -0.07109599999999999,
        "specific": 0.05889599999999999
      },
      "map_k1": {
        "informed": -0.0028000000000000026,
        "random_mean": 0.0014879999999999937,
        "specific": -0.004287999999999997
      },
      "ridge_k8": {
        "informed": -0.006200000000000003,
        "random_mean": -0.03485599999999999,
        "specific": 0.028655999999999987
      },
      "map_k8": {
        "informed": -0.005200000000000007,
        "random_mean": 0.004143999999999996,
        "specific": -0.009344000000000002
      },
      "ridge_kFull": {
        "informed": 0.040000000000000036,
        "random_mean": 0.022800000000000008,
        "specific": 0.017200000000000028
      },
      "map_kFull": {
        "informed": 0.020000000000000018,
        "random_mean": 0.024799999999999985,
        "specific": -0.0047999999999999675
      }
    }
  },
  "headroom": {
    "frozen_query_bacc": 0.78,
    "frozen_query_nll": 0.42331991455381446,
    "fullcal_query_bacc": 0.78,
    "fullcal_gain": 0.0,
    "angle_Ws_Wt_deg": 38.493537684437186,
    "bias_displacement": 49.04946625576341,
    "direction_displacement": 108.0687410160821,
    "cal_cov_condition": 9.173082350670885,
    "class_prior_shift": 0.0,
    "cal_query_mean_drift": 1.6015113282776512
  },
  "tau0": {
    "1": 10.0,
    "2": 10.0,
    "4": 10.0,
    "8": 10.0,
    "16": 10.0,
    "32": 1.0,
    "Full": 1.0
  },
  "taus": {
    "1": 100.0,
    "2": 100.0,
    "4": 100.0,
    "8": 100.0,
    "16": 100.0,
    "32": 100.0,
    "Full": 100.0
  },
  "gate": {
    "1": 1,
    "2": 1,
    "4": 0,
    "8": 1,
    "16": 1,
    "32": 1,
    "Full": 1
  },
  "firewall": {
    "source_only_construction": true,
    "tau_source_only": true,
    "gate_source_only": true,
    "Ycal_used_for_head_adapt": true,
    "Yquery_used_for_selection": false,
    "Yquery_used_for_outcome": true
  }
}