{
  "dataset": "BNCI2014_001",
  "subject": "2",
  "seed": 2,
  "status": "ok",
  "C": 4,
  "n_cal": 288,
  "n_query": 288,
  "cal_session": [
    "0train"
  ],
  "query_sessions": [
    "1test"
  ],
  "n_draws": 50,
  "n_tau_draws": 10,
  "init_param_diff": 0.00023369330033570432,
  "endpoints": {
    "1": {
      "U_H0": 0.2673611111111111,
      "U_H1": 0.25187499999999996,
      "U_H1W": 0.25187499999999996,
      "U_H2": 0.27166666666666667,
      "U_H3": 0.268125,
      "U_H4": 0.27166666666666667,
      "dU_center": 0.019791666666666707,
      "dU_MAP_frozen": 0.0043055555555555625,
      "dU_gate_frozen": 0.0043055555555555625,
      "dU_gate_map": 0.0,
      "dU_init_bacc": 0.0,
      "U_H2_minus_H3": 0.003541666666666665,
      "tau0": 1.0,
      "taus": 10.0,
      "gate": 1
    },
    "2": {
      "U_H0": 0.2673611111111111,
      "U_H1": 0.2675,
      "U_H1W": 0.26743055555555556,
      "U_H2": 0.2727777777777778,
      "U_H3": 0.26958333333333334,
      "U_H4": 0.2727777777777778,
      "dU_center": 0.00527777777777777,
      "dU_MAP_frozen": 0.005416666666666681,
      "dU_gate_frozen": 0.005416666666666681,
      "dU_gate_map": 0.0,
      "dU_init_bacc": -6.94444444444553e-05,
      "U_H2_minus_H3": 0.003194444444444444,
      "tau0": 1.0,
      "taus": 10.0,
      "gate": 1
    },
    "4": {
      "U_H0": 0.2673611111111111,
      "U_H1": 0.2754166666666667,
      "U_H1W": 0.2754166666666667,
      "U_H2": 0.2784027777777778,
      "U_H3": 0.27652777777777776,
      "U_H4": 0.2784027777777778,
      "dU_center": 0.0029861111111110783,
      "dU_MAP_frozen": 0.011041666666666672,
      "dU_gate_frozen": 0.011041666666666672,
      "dU_gate_map": 0.0,
      "dU_init_bacc": 0.0,
      "U_H2_minus_H3": 0.0018750000000000155,
      "tau0": 1.0,
      "taus": 10.0,
      "gate": 1
    },
    "8": {
      "U_H0": 0.2673611111111111,
      "U_H1": 0.29048611111111106,
      "U_H1W": 0.29048611111111106,
      "U_H2": 0.28645833333333326,
      "U_H3": 0.2693055555555556,
      "U_H4": 0.28645833333333326,
      "dU_center": -0.004027777777777797,
      "dU_MAP_frozen": 0.019097222222222154,
      "dU_gate_frozen": 0.019097222222222154,
      "dU_gate_map": 0.0,
      "dU_init_bacc": 0.0,
      "U_H2_minus_H3": 0.017152777777777684,
      "tau0": 1.0,
      "taus": 10.0,
      "gate": 1
    },
    "16": {
      "U_H0": 0.2673611111111111,
      "U_H1": 0.309375,
      "U_H1W": 0.309375,
      "U_H2": 0.29833333333333334,
      "U_H3": 0.27437500000000004,
      "U_H4": 0.29833333333333334,
      "dU_center": -0.011041666666666672,
      "dU_MAP_frozen": 0.030972222222222234,
      "dU_gate_frozen": 0.030972222222222234,
      "dU_gate_map": 0.0,
      "dU_init_bacc": 0.0,
      "U_H2_minus_H3": 0.023958333333333304,
      "tau0": 1.0,
      "taus": 10.0,
      "gate": 1
    },
    "32": {
      "U_H0": 0.2673611111111111,
      "U_H1": 0.32916666666666666,
      "U_H1W": 0.32916666666666666,
      "U_H2": 0.31500000000000006,
      "U_H3": 0.27701388888888895,
      "U_H4": 0.31500000000000006,
      "dU_center": -0.014166666666666605,
      "dU_MAP_frozen": 0.04763888888888895,
      "dU_gate_frozen": 0.04763888888888895,
      "dU_gate_map": 0.0,
      "dU_init_bacc": 0.0,
      "U_H2_minus_H3": 0.03798611111111111,
      "tau0": 1.0,
      "taus": 10.0,
      "gate": 1
    },
    "Full": {
      "U_H0": 0.2673611111111111,
      "U_H1": 0.3472222222222222,
      "U_H1W": 0.3472222222222222,
      "U_H2": 0.3402777777777778,
      "U_H3": 0.3090277777777778,
      "U_H4": 0.3402777777777778,
      "dU_center": -0.00694444444444442,
      "dU_MAP_frozen": 0.07291666666666669,
      "dU_gate_frozen": 0.07291666666666669,
      "dU_gate_map": 0.0,
      "dU_init_bacc": 0.0,
      "U_H2_minus_H3": 0.03125,
      "tau0": 1.0,
      "taus": 10.0,
      "gate": 1
    }
  },
  "specificity": {
    "status": "ok",
    "rank": 8,
    "n_matched": 50,
    "n_tried": 710,
    "informed_srcval": 0.5236111111111111,
    "dGh_specific": {
      "ridge_k1": {
        "informed": -0.03749999999999998,
        "random_mean": -0.013261111111111105,
        "specific": -0.024238888888888872
      },
      "map_k1": {
        "informed": 0.015069444444444469,
        "random_mean": 0.001212500000000001,
        "specific": 0.013856944444444467
      },
      "ridge_k8": {
        "informed": -0.015138888888888861,
        "random_mean": 0.010209722222222226,
        "specific": -0.025348611111111086
      },
      "map_k8": {
        "informed": 0.01805555555555558,
        "random_mean": 0.00842916666666667,
        "specific": 0.009626388888888912
      },
      "ridge_kFull": {
        "informed": 0.045138888888888895,
        "random_mean": 0.04034722222222224,
        "specific": 0.004791666666666652
      },
      "map_kFull": {
        "informed": 0.04513888888888895,
        "random_mean": 0.040069444444444456,
        "specific": 0.0050694444444444944
      }
    }
  },
  "headroom": {
    "frozen_query_bacc": 0.2673611111111111,
    "frozen_query_nll": 1.9226329205304529,
    "fullcal_query_bacc": 0.3402777777777778,
    "fullcal_gain": 0.07291666666666669,
    "angle_Ws_Wt_deg": 97.77062028997851,
    "bias_displacement": 2.2171818342638225,
    "direction_displacement": 5.610480218101939,
    "cal_cov_condition": 28.191242816508495,
    "class_prior_shift": 0.0,
    "cal_query_mean_drift": 1.5667413466524658
  },
  "tau0": {
    "1": 1.0,
    "2": 1.0,
    "4": 1.0,
    "8": 1.0,
    "16": 1.0,
    "32": 1.0,
    "Full": 1.0
  },
  "taus": {
    "1": 10.0,
    "2": 10.0,
    "4": 10.0,
    "8": 10.0,
    "16": 10.0,
    "32": 10.0,
    "Full": 10.0
  },
  "gate": {
    "1": 1,
    "2": 1,
    "4": 1,
    "8": 1,
    "16": 1,
    "32": 1,
    "Full": 1
  },
  "firewall": {
    "source_only_construction": true,
    "tau_source_only": true,
    "gate_source_only": true,
    "Ycal_used_for_head_adapt": true,
    "Yquery_used_for_selection": false,
    "Yquery_used_for_outcome": true
  }
}