{
  "dataset": "Lee2019_MI",
  "subject": "18",
  "seed": 0,
  "status": "ok",
  "C": 2,
  "n_cal": 100,
  "n_query": 100,
  "cal_session": [
    "0"
  ],
  "query_sessions": [
    "1"
  ],
  "n_draws": 50,
  "n_tau_draws": 10,
  "init_param_diff": 6.40637981953893e-06,
  "endpoints": {
    "1": {
      "U_H0": 0.8400000000000002,
      "U_H1": 0.6801999999999999,
      "U_H1W": 0.6801999999999999,
      "U_H2": 0.8400000000000002,
      "U_H3": 0.835,
      "U_H4": 0.8400000000000002,
      "dU_center": 0.15980000000000028,
      "dU_MAP_frozen": 0.0,
      "dU_gate_frozen": 0.0,
      "dU_gate_map": 0.0,
      "dU_init_bacc": 0.0,
      "U_H2_minus_H3": 0.0050000000000002265,
      "tau0": 10.0,
      "taus": 100.0,
      "gate": 0
    },
    "2": {
      "U_H0": 0.8400000000000002,
      "U_H1": 0.7356,
      "U_H1W": 0.7356,
      "U_H2": 0.8400000000000002,
      "U_H3": 0.8501999999999998,
      "U_H4": 0.8400000000000002,
      "dU_center": 0.10440000000000016,
      "dU_MAP_frozen": 0.0,
      "dU_gate_frozen": 0.0,
      "dU_gate_map": 0.0,
      "dU_init_bacc": 0.0,
      "U_H2_minus_H3": -0.010199999999999654,
      "tau0": 10.0,
      "taus": 100.0,
      "gate": 0
    },
    "4": {
      "U_H0": 0.8400000000000002,
      "U_H1": 0.7802000000000001,
      "U_H1W": 0.7802000000000001,
      "U_H2": 0.8400000000000002,
      "U_H3": 0.8680000000000001,
      "U_H4": 0.8400000000000002,
      "dU_center": 0.059800000000000075,
      "dU_MAP_frozen": 0.0,
      "dU_gate_frozen": 0.0,
      "dU_gate_map": 0.0,
      "dU_init_bacc": 0.0,
      "U_H2_minus_H3": -0.027999999999999914,
      "tau0": 10.0,
      "taus": 100.0,
      "gate": 0
    },
    "8": {
      "U_H0": 0.8400000000000002,
      "U_H1": 0.8146000000000001,
      "U_H1W": 0.8146000000000001,
      "U_H2": 0.8408000000000001,
      "U_H3": 0.8844000000000001,
      "U_H4": 0.8400000000000002,
      "dU_center": 0.0262,
      "dU_MAP_frozen": 0.0007999999999999119,
      "dU_gate_frozen": 0.0,
      "dU_gate_map": -0.0007999999999999119,
      "dU_init_bacc": 0.0,
      "U_H2_minus_H3": -0.04359999999999997,
      "tau0": 10.0,
      "taus": 100.0,
      "gate": 0
    },
    "16": {
      "U_H0": 0.8400000000000002,
      "U_H1": 0.8380000000000001,
      "U_H1W": 0.8380000000000001,
      "U_H2": 0.8428,
      "U_H3": 0.8861999999999999,
      "U_H4": 0.8428,
      "dU_center": 0.0047999999999999154,
      "dU_MAP_frozen": 0.0027999999999998026,
      "dU_gate_frozen": 0.0027999999999998026,
      "dU_gate_map": 0.0,
      "dU_init_bacc": 0.0,
      "U_H2_minus_H3": -0.04339999999999988,
      "tau0": 10.0,
      "taus": 100.0,
      "gate": 1
    },
    "32": {
      "U_H0": 0.8400000000000002,
      "U_H1": 0.8428,
      "U_H1W": 0.8428,
      "U_H2": 0.8474,
      "U_H3": 0.8809999999999999,
      "U_H4": 0.8474,
      "dU_center": 0.0046000000000000485,
      "dU_MAP_frozen": 0.007399999999999851,
      "dU_gate_frozen": 0.007399999999999851,
      "dU_gate_map": 0.0,
      "dU_init_bacc": 0.0,
      "U_H2_minus_H3": -0.03359999999999985,
      "tau0": 10.0,
      "taus": 100.0,
      "gate": 1
    },
    "Full": {
      "U_H0": 0.84,
      "U_H1": 0.82,
      "U_H1W": 0.82,
      "U_H2": 0.85,
      "U_H3": 0.88,
      "U_H4": 0.85,
      "dU_center": 0.030000000000000027,
      "dU_MAP_frozen": 0.010000000000000009,
      "dU_gate_frozen": 0.010000000000000009,
      "dU_gate_map": 0.0,
      "dU_init_bacc": 0.0,
      "U_H2_minus_H3": -0.030000000000000027,
      "tau0": 1.0,
      "taus": 100.0,
      "gate": 1
    }
  },
  "specificity": {
    "status": "ok",
    "rank": 8,
    "n_matched": 50,
    "n_tried": 298,
    "informed_srcval": 0.639,
    "dGh_specific": {
      "ridge_k1": {
        "informed": -0.02820000000000002,
        "random_mean": -0.08771599999999997,
        "specific": 0.05951599999999996
      },
      "map_k1": {
        "informed": -0.0030000000000000027,
        "random_mean": 0.0015200000000000003,
        "specific": -0.004520000000000003
      },
      "ridge_k8": {
        "informed": 0.03939999999999997,
        "random_mean": -0.0012440000000000033,
        "specific": 0.04064399999999997
      },
      "map_k8": {
        "informed": 0.006600000000000006,
        "random_mean": 0.010035999999999996,
        "specific": -0.0034359999999999903
      },
      "ridge_kFull": {
        "informed": 0.08000000000000007,
        "random_mean": 0.03,
        "specific": 0.05000000000000007
      },
      "map_kFull": {
        "informed": 0.05999999999999994,
        "random_mean": 0.03339999999999999,
        "specific": 0.02659999999999995
      }
    }
  },
  "headroom": {
    "frozen_query_bacc": 0.84,
    "frozen_query_nll": 0.34645934525898225,
    "fullcal_query_bacc": 0.86,
    "fullcal_gain": 0.020000000000000018,
    "angle_Ws_Wt_deg": 29.411238167179253,
    "bias_displacement": 14.58382168866488,
    "direction_displacement": 40.73185890196771,
    "cal_cov_condition": 16.929757483837527,
    "class_prior_shift": 0.0,
    "cal_query_mean_drift": 1.4570241402614972
  },
  "tau0": {
    "1": 10.0,
    "2": 10.0,
    "4": 10.0,
    "8": 10.0,
    "16": 10.0,
    "32": 10.0,
    "Full": 1.0
  },
  "taus": {
    "1": 100.0,
    "2": 100.0,
    "4": 100.0,
    "8": 100.0,
    "16": 100.0,
    "32": 100.0,
    "Full": 100.0
  },
  "gate": {
    "1": 0,
    "2": 0,
    "4": 0,
    "8": 0,
    "16": 1,
    "32": 1,
    "Full": 1
  },
  "firewall": {
    "source_only_construction": true,
    "tau_source_only": true,
    "gate_source_only": true,
    "Ycal_used_for_head_adapt": true,
    "Yquery_used_for_selection": false,
    "Yquery_used_for_outcome": true
  }
}