{
  "dataset": "BNCI2014_004",
  "subject": "3",
  "seed": 2,
  "status": "ok",
  "C": 2,
  "n_cal": 120,
  "n_query": 600,
  "cal_session": [
    "0train"
  ],
  "query_sessions": [
    "1train",
    "2train",
    "3test",
    "4test"
  ],
  "n_draws": 50,
  "n_tau_draws": 10,
  "init_param_diff": 8.848407688542594e-06,
  "endpoints": {
    "1": {
      "U_H0": 0.5255208333333333,
      "U_H1": 0.50675,
      "U_H1W": 0.50675,
      "U_H2": 0.5240520833333333,
      "U_H3": 0.5211666666666666,
      "U_H4": 0.5255208333333333,
      "dU_center": 0.017302083333333274,
      "dU_MAP_frozen": -0.0014687500000000187,
      "dU_gate_frozen": 0.0,
      "dU_gate_map": 0.0014687500000000187,
      "dU_init_bacc": 0.0,
      "U_H2_minus_H3": 0.0028854166666667513,
      "tau0": 10.0,
      "taus": 100.0,
      "gate": 0
    },
    "2": {
      "U_H0": 0.5255208333333333,
      "U_H1": 0.5060104166666667,
      "U_H1W": 0.5060104166666667,
      "U_H2": 0.5247916666666665,
      "U_H3": 0.5303958333333333,
      "U_H4": 0.5255208333333333,
      "dU_center": 0.01878124999999986,
      "dU_MAP_frozen": -0.0007291666666667806,
      "dU_gate_frozen": 0.0,
      "dU_gate_map": 0.0007291666666667806,
      "dU_init_bacc": 0.0,
      "U_H2_minus_H3": -0.005604166666666743,
      "tau0": 10.0,
      "taus": 100.0,
      "gate": 0
    },
    "4": {
      "U_H0": 0.5255208333333333,
      "U_H1": 0.5157604166666666,
      "U_H1W": 0.5157604166666666,
      "U_H2": 0.5267291666666667,
      "U_H3": 0.5312395833333333,
      "U_H4": 0.5267291666666667,
      "dU_center": 0.010968750000000083,
      "dU_MAP_frozen": 0.0012083333333333668,
      "dU_gate_frozen": 0.0012083333333333668,
      "dU_gate_map": 0.0,
      "dU_init_bacc": 0.0,
      "U_H2_minus_H3": -0.004510416666666628,
      "tau0": 10.0,
      "taus": 100.0,
      "gate": 1
    },
    "8": {
      "U_H0": 0.5255208333333333,
      "U_H1": 0.5278333333333333,
      "U_H1W": 0.5278333333333333,
      "U_H2": 0.5284895833333334,
      "U_H3": 0.54009375,
      "U_H4": 0.5255208333333333,
      "dU_center": 0.0006562500000001359,
      "dU_MAP_frozen": 0.0029687500000000755,
      "dU_gate_frozen": 0.0,
      "dU_gate_map": -0.0029687500000000755,
      "dU_init_bacc": 0.0,
      "U_H2_minus_H3": -0.011604166666666638,
      "tau0": 10.0,
      "taus": 100.0,
      "gate": 0
    },
    "16": {
      "U_H0": 0.5255208333333333,
      "U_H1": 0.52790625,
      "U_H1W": 0.52790625,
      "U_H2": 0.529625,
      "U_H3": 0.5445208333333335,
      "U_H4": 0.529625,
      "dU_center": 0.0017187499999999911,
      "dU_MAP_frozen": 0.0041041666666666865,
      "dU_gate_frozen": 0.0041041666666666865,
      "dU_gate_map": 0.0,
      "dU_init_bacc": 0.0,
      "U_H2_minus_H3": -0.014895833333333441,
      "tau0": 10.0,
      "taus": 100.0,
      "gate": 1
    },
    "32": {
      "U_H0": 0.5255208333333333,
      "U_H1": 0.5385520833333333,
      "U_H1W": 0.5385520833333333,
      "U_H2": 0.5321041666666667,
      "U_H3": 0.5460937499999999,
      "U_H4": 0.5321041666666667,
      "dU_center": -0.006447916666666553,
      "dU_MAP_frozen": 0.0065833333333333854,
      "dU_gate_frozen": 0.0065833333333333854,
      "dU_gate_map": 0.0,
      "dU_init_bacc": 0.0,
      "U_H2_minus_H3": -0.013989583333333222,
      "tau0": 10.0,
      "taus": 100.0,
      "gate": 1
    },
    "Full": {
      "U_H0": 0.5255208333333333,
      "U_H1": 0.5489583333333333,
      "U_H1W": 0.5489583333333333,
      "U_H2": 0.5291666666666667,
      "U_H3": 0.5520833333333334,
      "U_H4": 0.5291666666666667,
      "dU_center": -0.019791666666666652,
      "dU_MAP_frozen": 0.003645833333333348,
      "dU_gate_frozen": 0.003645833333333348,
      "dU_gate_map": 0.0,
      "dU_init_bacc": 0.0,
      "U_H2_minus_H3": -0.022916666666666696,
      "tau0": 10.0,
      "taus": 100.0,
      "gate": 1
    }
  },
  "specificity": {
    "status": "ok",
    "rank": 8,
    "n_matched": 50,
    "n_tried": 98,
    "informed_srcval": 0.6441450273803214,
    "dGh_specific": {
      "ridge_k1": {
        "informed": -0.020010416666666694,
        "random_mean": -0.013268124999999995,
        "specific": -0.0067422916666666985
      },
      "map_k1": {
        "informed": -0.003322916666666711,
        "random_mean": 8.500000000000497e-05,
        "specific": -0.0034079166666667157
      },
      "ridge_k8": {
        "informed": -0.015000000000000034,
        "random_mean": -4.16666666660237e-07,
        "specific": -0.014999583333333373
      },
      "map_k8": {
        "informed": -0.006697916666666692,
        "random_mean": 0.0016679166666666739,
        "specific": -0.008365833333333366
      },
      "ridge_kFull": {
        "informed": -0.013541666666666785,
        "random_mean": 0.010083333333333326,
        "specific": -0.02362500000000011
      },
      "map_kFull": {
        "informed": -0.011979166666666652,
        "random_mean": 0.006145833333333336,
        "specific": -0.01812499999999999
      }
    }
  },
  "headroom": {
    "frozen_query_bacc": 0.5255208333333333,
    "frozen_query_nll": 0.8447310387705684,
    "fullcal_query_bacc": 0.5614583333333334,
    "fullcal_gain": 0.03593750000000007,
    "angle_Ws_Wt_deg": 54.88594226281998,
    "bias_displacement": 0.2817527285308288,
    "direction_displacement": 1.168925131865232,
    "cal_cov_condition": 19.610795312415707,
    "class_prior_shift": 0.0,
    "cal_query_mean_drift": 0.49558681137977506
  },
  "tau0": {
    "1": 10.0,
    "2": 10.0,
    "4": 10.0,
    "8": 10.0,
    "16": 10.0,
    "32": 10.0,
    "Full": 10.0
  },
  "taus": {
    "1": 100.0,
    "2": 100.0,
    "4": 100.0,
    "8": 100.0,
    "16": 100.0,
    "32": 100.0,
    "Full": 100.0
  },
  "gate": {
    "1": 0,
    "2": 0,
    "4": 1,
    "8": 0,
    "16": 1,
    "32": 1,
    "Full": 1
  },
  "firewall": {
    "source_only_construction": true,
    "tau_source_only": true,
    "gate_source_only": true,
    "Ycal_used_for_head_adapt": true,
    "Yquery_used_for_selection": false,
    "Yquery_used_for_outcome": true
  }
}