{
  "dataset": "Lee2019_MI",
  "subject": "27",
  "seed": 0,
  "status": "ok",
  "C": 2,
  "n_cal": 100,
  "n_query": 100,
  "cal_session": [
    "0"
  ],
  "query_sessions": [
    "1"
  ],
  "n_draws": 50,
  "n_tau_draws": 10,
  "init_param_diff": 8.994896961861416e-06,
  "endpoints": {
    "1": {
      "U_H0": 0.5,
      "U_H1": 0.47840000000000005,
      "U_H1W": 0.47840000000000005,
      "U_H2": 0.4982000000000001,
      "U_H3": 0.49520000000000003,
      "U_H4": 0.5,
      "dU_center": 0.01980000000000004,
      "dU_MAP_frozen": -0.0017999999999999128,
      "dU_gate_frozen": 0.0,
      "dU_gate_map": 0.0017999999999999128,
      "dU_init_bacc": 0.0,
      "U_H2_minus_H3": 0.003000000000000058,
      "tau0": 1.0,
      "taus": 100.0,
      "gate": 0
    },
    "2": {
      "U_H0": 0.5,
      "U_H1": 0.46980000000000005,
      "U_H1W": 0.46980000000000005,
      "U_H2": 0.49920000000000003,
      "U_H3": 0.4984,
      "U_H4": 0.5,
      "dU_center": 0.02939999999999998,
      "dU_MAP_frozen": -0.0007999999999999674,
      "dU_gate_frozen": 0.0,
      "dU_gate_map": 0.0007999999999999674,
      "dU_init_bacc": 0.0,
      "U_H2_minus_H3": 0.0008000000000000229,
      "tau0": 10.0,
      "taus": 100.0,
      "gate": 0
    },
    "4": {
      "U_H0": 0.5,
      "U_H1": 0.47519999999999996,
      "U_H1W": 0.47519999999999996,
      "U_H2": 0.49920000000000003,
      "U_H3": 0.5007999999999999,
      "U_H4": 0.49920000000000003,
      "dU_center": 0.024000000000000077,
      "dU_MAP_frozen": -0.0007999999999999674,
      "dU_gate_frozen": -0.0007999999999999674,
      "dU_gate_map": 0.0,
      "dU_init_bacc": 0.0,
      "U_H2_minus_H3": -0.0015999999999998793,
      "tau0": 10.0,
      "taus": 100.0,
      "gate": 1
    },
    "8": {
      "U_H0": 0.5,
      "U_H1": 0.46759999999999996,
      "U_H1W": 0.46759999999999996,
      "U_H2": 0.49879999999999997,
      "U_H3": 0.5025999999999999,
      "U_H4": 0.5,
      "dU_center": 0.031200000000000006,
      "dU_MAP_frozen": -0.0012000000000000344,
      "dU_gate_frozen": 0.0,
      "dU_gate_map": 0.0012000000000000344,
      "dU_init_bacc": 0.0,
      "U_H2_minus_H3": -0.00379999999999997,
      "tau0": 10.0,
      "taus": 100.0,
      "gate": 0
    },
    "16": {
      "U_H0": 0.5,
      "U_H1": 0.4558,
      "U_H1W": 0.4558,
      "U_H2": 0.502,
      "U_H3": 0.499,
      "U_H4": 0.5,
      "dU_center": 0.04620000000000002,
      "dU_MAP_frozen": 0.0020000000000000018,
      "dU_gate_frozen": 0.0,
      "dU_gate_map": -0.0020000000000000018,
      "dU_init_bacc": 0.0,
      "U_H2_minus_H3": 0.0030000000000000027,
      "tau0": 10.0,
      "taus": 100.0,
      "gate": 0
    },
    "32": {
      "U_H0": 0.5,
      "U_H1": 0.4507999999999999,
      "U_H1W": 0.4507999999999999,
      "U_H2": 0.5038,
      "U_H3": 0.49440000000000006,
      "U_H4": 0.5,
      "dU_center": 0.0530000000000001,
      "dU_MAP_frozen": 0.0038000000000000256,
      "dU_gate_frozen": 0.0,
      "dU_gate_map": -0.0038000000000000256,
      "dU_init_bacc": 0.0,
      "U_H2_minus_H3": 0.009399999999999964,
      "tau0": 10.0,
      "taus": 100.0,
      "gate": 0
    },
    "Full": {
      "U_H0": 0.5,
      "U_H1": 0.43,
      "U_H1W": 0.43,
      "U_H2": 0.51,
      "U_H3": 0.5,
      "U_H4": 0.5,
      "dU_center": 0.08000000000000002,
      "dU_MAP_frozen": 0.010000000000000009,
      "dU_gate_frozen": 0.0,
      "dU_gate_map": -0.010000000000000009,
      "dU_init_bacc": 0.0,
      "U_H2_minus_H3": 0.010000000000000009,
      "tau0": 1.0,
      "taus": 100.0,
      "gate": 0
    }
  },
  "specificity": {
    "status": "ok",
    "rank": 8,
    "n_matched": 50,
    "n_tried": 139,
    "informed_srcval": 0.672,
    "dGh_specific": {
      "ridge_k1": {
        "informed": 0.013400000000000033,
        "random_mean": -0.012007999999999998,
        "specific": 0.02540800000000003
      },
      "map_k1": {
        "informed": 0.001400000000000009,
        "random_mean": 0.00046400000000000277,
        "specific": 0.0009360000000000063
      },
      "ridge_k8": {
        "informed": 0.01480000000000004,
        "random_mean": -0.008848000000000002,
        "specific": 0.023648000000000044
      },
      "map_k8": {
        "informed": -0.012199999999999983,
        "random_mean": -0.0021959999999999983,
        "specific": -0.010003999999999985
      },
      "ridge_kFull": {
        "informed": 5.551115123125783e-17,
        "random_mean": -0.03499999999999999,
        "specific": 0.035000000000000045
      },
      "map_kFull": {
        "informed": -0.02999999999999997,
        "random_mean": -0.010799999999999999,
        "specific": -0.019199999999999974
      }
    }
  },
  "headroom": {
    "frozen_query_bacc": 0.5,
    "frozen_query_nll": 0.9074068554283578,
    "fullcal_query_bacc": 0.45,
    "fullcal_gain": -0.04999999999999999,
    "angle_Ws_Wt_deg": 47.295867781071394,
    "bias_displacement": 0.11274386902254713,
    "direction_displacement": 1.676313284335768,
    "cal_cov_condition": 17.609894549284387,
    "class_prior_shift": 0.0,
    "cal_query_mean_drift": 1.1360424424771287
  },
  "tau0": {
    "1": 1.0,
    "2": 10.0,
    "4": 10.0,
    "8": 10.0,
    "16": 10.0,
    "32": 10.0,
    "Full": 1.0
  },
  "taus": {
    "1": 100.0,
    "2": 100.0,
    "4": 100.0,
    "8": 100.0,
    "16": 100.0,
    "32": 100.0,
    "Full": 100.0
  },
  "gate": {
    "1": 0,
    "2": 0,
    "4": 1,
    "8": 0,
    "16": 0,
    "32": 0,
    "Full": 0
  },
  "firewall": {
    "source_only_construction": true,
    "tau_source_only": true,
    "gate_source_only": true,
    "Ycal_used_for_head_adapt": true,
    "Yquery_used_for_selection": false,
    "Yquery_used_for_outcome": true
  }
}