{
  "dataset": "BNCI2014_004",
  "subject": "5",
  "seed": 2,
  "status": "ok",
  "C": 2,
  "n_cal": 120,
  "n_query": 620,
  "cal_session": [
    "0train"
  ],
  "query_sessions": [
    "1train",
    "2train",
    "3test",
    "4test"
  ],
  "n_draws": 50,
  "n_tau_draws": 10,
  "init_param_diff": 7.506149562499739e-06,
  "endpoints": {
    "1": {
      "U_H0": 0.5651785714285714,
      "U_H1": 0.5208571428571428,
      "U_H1W": 0.5208571428571428,
      "U_H2": 0.5643928571428571,
      "U_H3": 0.5440178571428571,
      "U_H4": 0.5643928571428571,
      "dU_center": 0.043535714285714344,
      "dU_MAP_frozen": -0.0007857142857142785,
      "dU_gate_frozen": -0.0007857142857142785,
      "dU_gate_map": 0.0,
      "dU_init_bacc": 0.0,
      "U_H2_minus_H3": 0.020375000000000032,
      "tau0": 10.0,
      "taus": 100.0,
      "gate": 1
    },
    "2": {
      "U_H0": 0.5651785714285714,
      "U_H1": 0.5531071428571428,
      "U_H1W": 0.5531071428571428,
      "U_H2": 0.56578125,
      "U_H3": 0.5508526785714285,
      "U_H4": 0.56578125,
      "dU_center": 0.012674107142857216,
      "dU_MAP_frozen": 0.0006026785714285943,
      "dU_gate_frozen": 0.0006026785714285943,
      "dU_gate_map": 0.0,
      "dU_init_bacc": 0.0,
      "U_H2_minus_H3": 0.014928571428571513,
      "tau0": 10.0,
      "taus": 100.0,
      "gate": 1
    },
    "4": {
      "U_H0": 0.5651785714285714,
      "U_H1": 0.5584330357142857,
      "U_H1W": 0.5584330357142857,
      "U_H2": 0.5665982142857142,
      "U_H3": 0.5514553571428571,
      "U_H4": 0.5665982142857142,
      "dU_center": 0.00816517857142851,
      "dU_MAP_frozen": 0.0014196428571428,
      "dU_gate_frozen": 0.0014196428571428,
      "dU_gate_map": 0.0,
      "dU_init_bacc": 0.0,
      "U_H2_minus_H3": 0.015142857142857125,
      "tau0": 10.0,
      "taus": 100.0,
      "gate": 1
    },
    "8": {
      "U_H0": 0.5651785714285714,
      "U_H1": 0.5993035714285715,
      "U_H1W": 0.5993348214285714,
      "U_H2": 0.5687142857142857,
      "U_H3": 0.5484508928571428,
      "U_H4": 0.5687142857142857,
      "dU_center": -0.030589285714285763,
      "dU_MAP_frozen": 0.0035357142857143087,
      "dU_gate_frozen": 0.0035357142857143087,
      "dU_gate_map": 0.0,
      "dU_init_bacc": 3.124999999992717e-05,
      "U_H2_minus_H3": 0.02026339285714296,
      "tau0": 10.0,
      "taus": 100.0,
      "gate": 1
    },
    "16": {
      "U_H0": 0.5651785714285714,
      "U_H1": 0.6196741071428571,
      "U_H1W": 0.6196741071428571,
      "U_H2": 0.57190625,
      "U_H3": 0.5505223214285714,
      "U_H4": 0.57190625,
      "dU_center": -0.04776785714285714,
      "dU_MAP_frozen": 0.00672767857142853,
      "dU_gate_frozen": 0.00672767857142853,
      "dU_gate_map": 0.0,
      "dU_init_bacc": 0.0,
      "U_H2_minus_H3": 0.021383928571428568,
      "tau0": 10.0,
      "taus": 100.0,
      "gate": 1
    },
    "32": {
      "U_H0": 0.5651785714285714,
      "U_H1": 0.6298258928571429,
      "U_H1W": 0.6298258928571429,
      "U_H2": 0.5760089285714285,
      "U_H3": 0.5529196428571428,
      "U_H4": 0.5760089285714285,
      "dU_center": -0.053816964285714364,
      "dU_MAP_frozen": 0.010830357142857072,
      "dU_gate_frozen": 0.010830357142857072,
      "dU_gate_map": 0.0,
      "dU_init_bacc": 0.0,
      "U_H2_minus_H3": 0.0230892857142857,
      "tau0": 10.0,
      "taus": 100.0,
      "gate": 1
    },
    "Full": {
      "U_H0": 0.5651785714285714,
      "U_H1": 0.6395089285714286,
      "U_H1W": 0.6395089285714286,
      "U_H2": 0.5899553571428571,
      "U_H3": 0.5607142857142856,
      "U_H4": 0.5899553571428571,
      "dU_center": -0.04955357142857153,
      "dU_MAP_frozen": 0.024776785714285654,
      "dU_gate_frozen": 0.024776785714285654,
      "dU_gate_map": 0.0,
      "dU_init_bacc": 0.0,
      "U_H2_minus_H3": 0.029241071428571463,
      "tau0": 10.0,
      "taus": 100.0,
      "gate": 1
    }
  },
  "specificity": {
    "status": "ok",
    "rank": 8,
    "n_matched": 50,
    "n_tried": 98,
    "informed_srcval": 0.5903811164105282,
    "dGh_specific": {
      "ridge_k1": {
        "informed": 0.021374999999999984,
        "random_mean": -0.01589178571428572,
        "specific": 0.037266785714285704
      },
      "map_k1": {
        "informed": -0.0029241071428571562,
        "random_mean": 0.000448392857142858,
        "specific": -0.0033725000000000144
      },
      "ridge_k8": {
        "informed": 0.07866964285714284,
        "random_mean": 0.03883732142857142,
        "specific": 0.03983232142857142
      },
      "map_k8": {
        "informed": 0.012499999999999978,
        "random_mean": 0.008584375,
        "specific": 0.003915624999999978
      },
      "ridge_kFull": {
        "informed": 0.1026785714285714,
        "random_mean": 0.07146428571428572,
        "specific": 0.03121428571428568
      },
      "map_kFull": {
        "informed": 0.059598214285714324,
        "random_mean": 0.04795535714285716,
        "specific": 0.011642857142857163
      }
    }
  },
  "headroom": {
    "frozen_query_bacc": 0.5651785714285714,
    "frozen_query_nll": 0.7196570764769603,
    "fullcal_query_bacc": 0.6084821428571429,
    "fullcal_gain": 0.04330357142857144,
    "angle_Ws_Wt_deg": 87.3397990892659,
    "bias_displacement": 0.9025714900928252,
    "direction_displacement": 1.9889859208520257,
    "cal_cov_condition": 11.409579291009628,
    "class_prior_shift": 0.0,
    "cal_query_mean_drift": 0.8314185003993035
  },
  "tau0": {
    "1": 10.0,
    "2": 10.0,
    "4": 10.0,
    "8": 10.0,
    "16": 10.0,
    "32": 10.0,
    "Full": 10.0
  },
  "taus": {
    "1": 100.0,
    "2": 100.0,
    "4": 100.0,
    "8": 100.0,
    "16": 100.0,
    "32": 100.0,
    "Full": 100.0
  },
  "gate": {
    "1": 1,
    "2": 1,
    "4": 1,
    "8": 1,
    "16": 1,
    "32": 1,
    "Full": 1
  },
  "firewall": {
    "source_only_construction": true,
    "tau_source_only": true,
    "gate_source_only": true,
    "Ycal_used_for_head_adapt": true,
    "Yquery_used_for_selection": false,
    "Yquery_used_for_outcome": true
  }
}