{
  "dataset": "BNCI2014_001",
  "subject": "5",
  "seed": 0,
  "status": "ok",
  "C": 4,
  "n_cal": 288,
  "n_query": 288,
  "cal_session": [
    "0train"
  ],
  "query_sessions": [
    "1test"
  ],
  "n_draws": 50,
  "n_tau_draws": 10,
  "init_param_diff": 0.00032571487720382564,
  "endpoints": {
    "1": {
      "U_H0": 0.2638888888888889,
      "U_H1": 0.2526388888888889,
      "U_H1W": 0.2526388888888889,
      "U_H2": 0.28256944444444443,
      "U_H3": 0.2914583333333334,
      "U_H4": 0.28256944444444443,
      "dU_center": 0.029930555555555516,
      "dU_MAP_frozen": 0.018680555555555534,
      "dU_gate_frozen": 0.018680555555555534,
      "dU_gate_map": 0.0,
      "dU_init_bacc": 0.0,
      "U_H2_minus_H3": -0.008888888888888946,
      "tau0": 1.0,
      "taus": 10.0,
      "gate": 1
    },
    "2": {
      "U_H0": 0.2638888888888889,
      "U_H1": 0.2658333333333333,
      "U_H1W": 0.2658333333333333,
      "U_H2": 0.29666666666666663,
      "U_H3": 0.28631944444444446,
      "U_H4": 0.29666666666666663,
      "dU_center": 0.030833333333333324,
      "dU_MAP_frozen": 0.03277777777777774,
      "dU_gate_frozen": 0.03277777777777774,
      "dU_gate_map": 0.0,
      "dU_init_bacc": 0.0,
      "U_H2_minus_H3": 0.010347222222222174,
      "tau0": 1.0,
      "taus": 10.0,
      "gate": 1
    },
    "4": {
      "U_H0": 0.2638888888888889,
      "U_H1": 0.26458333333333334,
      "U_H1W": 0.26458333333333334,
      "U_H2": 0.30749999999999994,
      "U_H3": 0.30180555555555555,
      "U_H4": 0.30749999999999994,
      "dU_center": 0.0429166666666666,
      "dU_MAP_frozen": 0.043611111111111045,
      "dU_gate_frozen": 0.043611111111111045,
      "dU_gate_map": 0.0,
      "dU_init_bacc": 0.0,
      "U_H2_minus_H3": 0.005694444444444391,
      "tau0": 1.0,
      "taus": 10.0,
      "gate": 1
    },
    "8": {
      "U_H0": 0.2638888888888889,
      "U_H1": 0.2642361111111111,
      "U_H1W": 0.2643055555555555,
      "U_H2": 0.3076388888888889,
      "U_H3": 0.3004861111111111,
      "U_H4": 0.3076388888888889,
      "dU_center": 0.04340277777777779,
      "dU_MAP_frozen": 0.04375000000000001,
      "dU_gate_frozen": 0.04375000000000001,
      "dU_gate_map": 0.0,
      "dU_init_bacc": 6.944444444439979e-05,
      "U_H2_minus_H3": 0.007152777777777786,
      "tau0": 1.0,
      "taus": 10.0,
      "gate": 1
    },
    "16": {
      "U_H0": 0.2638888888888889,
      "U_H1": 0.2748611111111111,
      "U_H1W": 0.2749305555555555,
      "U_H2": 0.31479166666666664,
      "U_H3": 0.3020138888888889,
      "U_H4": 0.31479166666666664,
      "dU_center": 0.039930555555555525,
      "dU_MAP_frozen": 0.05090277777777774,
      "dU_gate_frozen": 0.05090277777777774,
      "dU_gate_map": 0.0,
      "dU_init_bacc": 6.944444444439979e-05,
      "U_H2_minus_H3": 0.012777777777777721,
      "tau0": 1.0,
      "taus": 10.0,
      "gate": 1
    },
    "32": {
      "U_H0": 0.2638888888888889,
      "U_H1": 0.28534722222222225,
      "U_H1W": 0.28534722222222225,
      "U_H2": 0.3146527777777778,
      "U_H3": 0.29986111111111113,
      "U_H4": 0.3146527777777778,
      "dU_center": 0.02930555555555553,
      "dU_MAP_frozen": 0.050763888888888886,
      "dU_gate_frozen": 0.050763888888888886,
      "dU_gate_map": 0.0,
      "dU_init_bacc": 0.0,
      "U_H2_minus_H3": 0.014791666666666647,
      "tau0": 1.0,
      "taus": 10.0,
      "gate": 1
    },
    "Full": {
      "U_H0": 0.2638888888888889,
      "U_H1": 0.29513888888888884,
      "U_H1W": 0.29513888888888884,
      "U_H2": 0.3125,
      "U_H3": 0.29513888888888884,
      "U_H4": 0.3125,
      "dU_center": 0.01736111111111116,
      "dU_MAP_frozen": 0.048611111111111105,
      "dU_gate_frozen": 0.048611111111111105,
      "dU_gate_map": 0.0,
      "dU_init_bacc": 0.0,
      "U_H2_minus_H3": 0.01736111111111116,
      "tau0": 1.0,
      "taus": 10.0,
      "gate": 1
    }
  },
  "specificity": {
    "status": "ok",
    "rank": 8,
    "n_matched": 50,
    "n_tried": 107,
    "informed_srcval": 0.471875,
    "dGh_specific": {
      "ridge_k1": {
        "informed": -0.028541666666666677,
        "random_mean": -0.021451388888888884,
        "specific": -0.0070902777777777926
      },
      "map_k1": {
        "informed": -0.01791666666666667,
        "random_mean": 0.003831944444444443,
        "specific": -0.021748611111111114
      },
      "ridge_k8": {
        "informed": -0.028263888888888894,
        "random_mean": -0.013222222222222222,
        "specific": -0.015041666666666672
      },
      "map_k8": {
        "informed": -0.03347222222222223,
        "random_mean": 0.012229166666666666,
        "specific": -0.045701388888888896
      },
      "ridge_kFull": {
        "informed": 0.017361111111111105,
        "random_mean": 0.015000000000000005,
        "specific": 0.0023611111111111003
      },
      "map_kFull": {
        "informed": -0.02083333333333337,
        "random_mean": 0.02631944444444444,
        "specific": -0.04715277777777781
      }
    }
  },
  "headroom": {
    "frozen_query_bacc": 0.2638888888888889,
    "frozen_query_nll": 2.358435376847195,
    "fullcal_query_bacc": 0.3055555555555556,
    "fullcal_gain": 0.041666666666666685,
    "angle_Ws_Wt_deg": 64.29279914338899,
    "bias_displacement": 5.00694228894555,
    "direction_displacement": 4.351545771481385,
    "cal_cov_condition": 62.12345421852509,
    "class_prior_shift": 0.0,
    "cal_query_mean_drift": 1.0321383506868038
  },
  "tau0": {
    "1": 1.0,
    "2": 1.0,
    "4": 1.0,
    "8": 1.0,
    "16": 1.0,
    "32": 1.0,
    "Full": 1.0
  },
  "taus": {
    "1": 10.0,
    "2": 10.0,
    "4": 10.0,
    "8": 10.0,
    "16": 10.0,
    "32": 10.0,
    "Full": 10.0
  },
  "gate": {
    "1": 1,
    "2": 1,
    "4": 1,
    "8": 1,
    "16": 1,
    "32": 1,
    "Full": 1
  },
  "firewall": {
    "source_only_construction": true,
    "tau_source_only": true,
    "gate_source_only": true,
    "Ycal_used_for_head_adapt": true,
    "Yquery_used_for_selection": false,
    "Yquery_used_for_outcome": true
  }
}