{
  "dataset": "BNCI2014_004",
  "subject": "9",
  "seed": 2,
  "status": "ok",
  "C": 2,
  "n_cal": 120,
  "n_query": 600,
  "cal_session": [
    "0train"
  ],
  "query_sessions": [
    "1train",
    "2train",
    "3test",
    "4test"
  ],
  "n_draws": 50,
  "n_tau_draws": 10,
  "init_param_diff": 8.199902721826388e-06,
  "endpoints": {
    "1": {
      "U_H0": 0.7364583333333333,
      "U_H1": 0.5159687500000001,
      "U_H1W": 0.5159687500000001,
      "U_H2": 0.7277291666666668,
      "U_H3": 0.6846770833333333,
      "U_H4": 0.7364583333333333,
      "dU_center": 0.21176041666666667,
      "dU_MAP_frozen": -0.008729166666666566,
      "dU_gate_frozen": 0.0,
      "dU_gate_map": 0.008729166666666566,
      "dU_init_bacc": 0.0,
      "U_H2_minus_H3": 0.043052083333333435,
      "tau0": 10.0,
      "taus": 10.0,
      "gate": 0
    },
    "2": {
      "U_H0": 0.7364583333333333,
      "U_H1": 0.53940625,
      "U_H1W": 0.5394375,
      "U_H2": 0.7361562499999998,
      "U_H3": 0.6600208333333335,
      "U_H4": 0.7364583333333333,
      "dU_center": 0.19674999999999987,
      "dU_MAP_frozen": -0.0003020833333334805,
      "dU_gate_frozen": 0.0,
      "dU_gate_map": 0.0003020833333334805,
      "dU_init_bacc": 3.125000000003819e-05,
      "U_H2_minus_H3": 0.07613541666666634,
      "tau0": 10.0,
      "taus": 100.0,
      "gate": 0
    },
    "4": {
      "U_H0": 0.7364583333333333,
      "U_H1": 0.5502604166666667,
      "U_H1W": 0.5502604166666667,
      "U_H2": 0.7375416666666667,
      "U_H3": 0.6790104166666667,
      "U_H4": 0.7364583333333333,
      "dU_center": 0.18728124999999995,
      "dU_MAP_frozen": 0.001083333333333325,
      "dU_gate_frozen": 0.0,
      "dU_gate_map": -0.001083333333333325,
      "dU_init_bacc": 0.0,
      "U_H2_minus_H3": 0.058531249999999924,
      "tau0": 10.0,
      "taus": 100.0,
      "gate": 0
    },
    "8": {
      "U_H0": 0.7364583333333333,
      "U_H1": 0.5830416666666666,
      "U_H1W": 0.5830416666666666,
      "U_H2": 0.7384479166666668,
      "U_H3": 0.7037916666666668,
      "U_H4": 0.7364583333333333,
      "dU_center": 0.1554062500000002,
      "dU_MAP_frozen": 0.0019895833333334334,
      "dU_gate_frozen": 0.0,
      "dU_gate_map": -0.0019895833333334334,
      "dU_init_bacc": 0.0,
      "U_H2_minus_H3": 0.034656249999999944,
      "tau0": 10.0,
      "taus": 100.0,
      "gate": 0
    },
    "16": {
      "U_H0": 0.7364583333333333,
      "U_H1": 0.5950104166666667,
      "U_H1W": 0.5950104166666667,
      "U_H2": 0.73775,
      "U_H3": 0.6984583333333333,
      "U_H4": 0.7364583333333333,
      "dU_center": 0.14273958333333336,
      "dU_MAP_frozen": 0.001291666666666691,
      "dU_gate_frozen": 0.0,
      "dU_gate_map": -0.001291666666666691,
      "dU_init_bacc": 0.0,
      "U_H2_minus_H3": 0.039291666666666725,
      "tau0": 10.0,
      "taus": 100.0,
      "gate": 0
    },
    "32": {
      "U_H0": 0.7364583333333333,
      "U_H1": 0.6409999999999999,
      "U_H1W": 0.6409999999999999,
      "U_H2": 0.7379166666666667,
      "U_H3": 0.7092395833333335,
      "U_H4": 0.7364583333333333,
      "dU_center": 0.09691666666666676,
      "dU_MAP_frozen": 0.0014583333333333393,
      "dU_gate_frozen": 0.0,
      "dU_gate_map": -0.0014583333333333393,
      "dU_init_bacc": 0.0,
      "U_H2_minus_H3": 0.028677083333333186,
      "tau0": 10.0,
      "taus": 100.0,
      "gate": 0
    },
    "Full": {
      "U_H0": 0.7364583333333334,
      "U_H1": 0.6708333333333334,
      "U_H1W": 0.6708333333333334,
      "U_H2": 0.7458333333333333,
      "U_H3": 0.709375,
      "U_H4": 0.7364583333333334,
      "dU_center": 0.07499999999999996,
      "dU_MAP_frozen": 0.009374999999999911,
      "dU_gate_frozen": 0.0,
      "dU_gate_map": -0.009374999999999911,
      "dU_init_bacc": 0.0,
      "U_H2_minus_H3": 0.03645833333333337,
      "tau0": 10.0,
      "taus": 100.0,
      "gate": 0
    }
  },
  "specificity": {
    "status": "ok",
    "rank": 8,
    "n_matched": 50,
    "n_tried": 125,
    "informed_srcval": 0.5830259671436142,
    "dGh_specific": {
      "ridge_k1": {
        "informed": -0.08118749999999991,
        "random_mean": -0.098773125,
        "specific": 0.01758562500000009
      },
      "map_k1": {
        "informed": -0.002458333333333267,
        "random_mean": -0.00740645833333333,
        "specific": 0.004948125000000064
      },
      "ridge_k8": {
        "informed": -0.03199999999999993,
        "random_mean": -0.06203208333333333,
        "specific": 0.030032083333333397
      },
      "map_k8": {
        "informed": 0.0021666666666667347,
        "random_mean": 0.003279583333333339,
        "specific": -0.0011129166666666046
      },
      "ridge_kFull": {
        "informed": 0.04947916666666674,
        "random_mean": -0.015489583333333305,
        "specific": 0.06496875000000005
      },
      "map_kFull": {
        "informed": 0.027604166666666652,
        "random_mean": 0.013979166666666671,
        "specific": 0.013624999999999981
      }
    }
  },
  "headroom": {
    "frozen_query_bacc": 0.7364583333333334,
    "frozen_query_nll": 0.5247530639877536,
    "fullcal_query_bacc": 0.6932291666666667,
    "fullcal_gain": -0.04322916666666676,
    "angle_Ws_Wt_deg": 50.7756323222553,
    "bias_displacement": 0.42094573186187967,
    "direction_displacement": 0.9635449560273089,
    "cal_cov_condition": 16.776382626076376,
    "class_prior_shift": 0.0,
    "cal_query_mean_drift": 1.5182031996835368
  },
  "tau0": {
    "1": 10.0,
    "2": 10.0,
    "4": 10.0,
    "8": 10.0,
    "16": 10.0,
    "32": 10.0,
    "Full": 10.0
  },
  "taus": {
    "1": 10.0,
    "2": 100.0,
    "4": 100.0,
    "8": 100.0,
    "16": 100.0,
    "32": 100.0,
    "Full": 100.0
  },
  "gate": {
    "1": 0,
    "2": 0,
    "4": 0,
    "8": 0,
    "16": 0,
    "32": 0,
    "Full": 0
  },
  "firewall": {
    "source_only_construction": true,
    "tau_source_only": true,
    "gate_source_only": true,
    "Ycal_used_for_head_adapt": true,
    "Yquery_used_for_selection": false,
    "Yquery_used_for_outcome": true
  }
}