{
  "dataset": "BNCI2015_001",
  "subject": "8",
  "seed": 0,
  "status": "ok",
  "C": 2,
  "n_cal": 200,
  "n_query": 400,
  "cal_session": [
    "0A"
  ],
  "query_sessions": [
    "1B",
    "2C"
  ],
  "n_draws": 50,
  "n_tau_draws": 10,
  "init_param_diff": 5.209981841161013e-05,
  "endpoints": {
    "1": {
      "U_H0": 0.58,
      "U_H1": 0.5150000000000001,
      "U_H1W": 0.5150000000000001,
      "U_H2": 0.5806,
      "U_H3": 0.54885,
      "U_H4": 0.5806,
      "dU_center": 0.06559999999999988,
      "dU_MAP_frozen": 0.0006000000000000449,
      "dU_gate_frozen": 0.0006000000000000449,
      "dU_gate_map": 0.0,
      "dU_init_bacc": 0.0,
      "U_H2_minus_H3": 0.031750000000000056,
      "tau0": 1.0,
      "taus": 10.0,
      "gate": 1
    },
    "2": {
      "U_H0": 0.58,
      "U_H1": 0.52225,
      "U_H1W": 0.52225,
      "U_H2": 0.58395,
      "U_H3": 0.5737000000000001,
      "U_H4": 0.58395,
      "dU_center": 0.06169999999999998,
      "dU_MAP_frozen": 0.003950000000000009,
      "dU_gate_frozen": 0.003950000000000009,
      "dU_gate_map": 0.0,
      "dU_init_bacc": 0.0,
      "U_H2_minus_H3": 0.01024999999999987,
      "tau0": 1.0,
      "taus": 10.0,
      "gate": 1
    },
    "4": {
      "U_H0": 0.58,
      "U_H1": 0.5289,
      "U_H1W": 0.5289,
      "U_H2": 0.5853,
      "U_H3": 0.58255,
      "U_H4": 0.5853,
      "dU_center": 0.056400000000000006,
      "dU_MAP_frozen": 0.005300000000000082,
      "dU_gate_frozen": 0.005300000000000082,
      "dU_gate_map": 0.0,
      "dU_init_bacc": 0.0,
      "U_H2_minus_H3": 0.00275000000000003,
      "tau0": 1.0,
      "taus": 10.0,
      "gate": 1
    },
    "8": {
      "U_H0": 0.58,
      "U_H1": 0.5341,
      "U_H1W": 0.5341,
      "U_H2": 0.58515,
      "U_H3": 0.5844,
      "U_H4": 0.58515,
      "dU_center": 0.05104999999999993,
      "dU_MAP_frozen": 0.005149999999999988,
      "dU_gate_frozen": 0.005149999999999988,
      "dU_gate_map": 0.0,
      "dU_init_bacc": 0.0,
      "U_H2_minus_H3": 0.0007499999999999174,
      "tau0": 1.0,
      "taus": 10.0,
      "gate": 1
    },
    "16": {
      "U_H0": 0.58,
      "U_H1": 0.54255,
      "U_H1W": 0.54255,
      "U_H2": 0.58625,
      "U_H3": 0.5865499999999999,
      "U_H4": 0.58625,
      "dU_center": 0.04370000000000007,
      "dU_MAP_frozen": 0.006250000000000089,
      "dU_gate_frozen": 0.006250000000000089,
      "dU_gate_map": 0.0,
      "dU_init_bacc": 0.0,
      "U_H2_minus_H3": -0.00029999999999985594,
      "tau0": 1.0,
      "taus": 10.0,
      "gate": 1
    },
    "32": {
      "U_H0": 0.58,
      "U_H1": 0.5727,
      "U_H1W": 0.5727,
      "U_H2": 0.5985499999999999,
      "U_H3": 0.5834,
      "U_H4": 0.5985499999999999,
      "dU_center": 0.02584999999999993,
      "dU_MAP_frozen": 0.018549999999999955,
      "dU_gate_frozen": 0.018549999999999955,
      "dU_gate_map": 0.0,
      "dU_init_bacc": 0.0,
      "U_H2_minus_H3": 0.015149999999999886,
      "tau0": 1.0,
      "taus": 10.0,
      "gate": 1
    },
    "Full": {
      "U_H0": 0.58,
      "U_H1": 0.5700000000000001,
      "U_H1W": 0.5700000000000001,
      "U_H2": 0.6125,
      "U_H3": 0.5875,
      "U_H4": 0.6125,
      "dU_center": 0.04249999999999998,
      "dU_MAP_frozen": 0.032500000000000084,
      "dU_gate_frozen": 0.032500000000000084,
      "dU_gate_map": 0.0,
      "dU_init_bacc": 0.0,
      "U_H2_minus_H3": 0.025000000000000022,
      "tau0": 1.0,
      "taus": 10.0,
      "gate": 1
    }
  },
  "specificity": {
    "status": "ok",
    "rank": 8,
    "n_matched": 50,
    "n_tried": 468,
    "informed_srcval": 0.632,
    "dGh_specific": {
      "ridge_k1": {
        "informed": 0.000650000000000045,
        "random_mean": -0.029386999999999993,
        "specific": 0.03003700000000004
      },
      "map_k1": {
        "informed": 0.0011500000000000377,
        "random_mean": -0.001275999999999988,
        "specific": 0.002426000000000026
      },
      "ridge_k8": {
        "informed": 0.0017000000000000437,
        "random_mean": -0.01521299999999999,
        "specific": 0.016913000000000036
      },
      "map_k8": {
        "informed": 0.01525000000000004,
        "random_mean": 0.0027430000000000115,
        "specific": 0.012507000000000029
      },
      "ridge_kFull": {
        "informed": 0.030000000000000027,
        "random_mean": 0.024300000000000002,
        "specific": 0.0057000000000000245
      },
      "map_kFull": {
        "informed": 0.03750000000000009,
        "random_mean": 0.02640000000000001,
        "specific": 0.011100000000000079
      }
    }
  },
  "headroom": {
    "frozen_query_bacc": 0.58,
    "frozen_query_nll": 0.8597192842233176,
    "fullcal_query_bacc": 0.58,
    "fullcal_gain": 0.0,
    "angle_Ws_Wt_deg": 36.123983039212156,
    "bias_displacement": 0.7927669379847443,
    "direction_displacement": 1.3650548438295629,
    "cal_cov_condition": 13.373692202948236,
    "class_prior_shift": 0.0,
    "cal_query_mean_drift": 0.9171797110999452
  },
  "tau0": {
    "1": 1.0,
    "2": 1.0,
    "4": 1.0,
    "8": 1.0,
    "16": 1.0,
    "32": 1.0,
    "Full": 1.0
  },
  "taus": {
    "1": 10.0,
    "2": 10.0,
    "4": 10.0,
    "8": 10.0,
    "16": 10.0,
    "32": 10.0,
    "Full": 10.0
  },
  "gate": {
    "1": 1,
    "2": 1,
    "4": 1,
    "8": 1,
    "16": 1,
    "32": 1,
    "Full": 1
  },
  "firewall": {
    "source_only_construction": true,
    "tau_source_only": true,
    "gate_source_only": true,
    "Ycal_used_for_head_adapt": true,
    "Yquery_used_for_selection": false,
    "Yquery_used_for_outcome": true
  }
}