{
  "dataset": "Lee2019_MI",
  "subject": "39",
  "seed": 1,
  "status": "ok",
  "C": 2,
  "n_cal": 100,
  "n_query": 100,
  "cal_session": [
    "0"
  ],
  "query_sessions": [
    "1"
  ],
  "n_draws": 50,
  "n_tau_draws": 10,
  "init_param_diff": 2.410487345488829e-05,
  "endpoints": {
    "1": {
      "U_H0": 0.7599999999999999,
      "U_H1": 0.5506,
      "U_H1W": 0.5506,
      "U_H2": 0.7541999999999999,
      "U_H3": 0.7032,
      "U_H4": 0.7599999999999999,
      "dU_center": 0.2035999999999999,
      "dU_MAP_frozen": -0.005800000000000027,
      "dU_gate_frozen": 0.0,
      "dU_gate_map": 0.005800000000000027,
      "dU_init_bacc": 0.0,
      "U_H2_minus_H3": 0.05099999999999982,
      "tau0": 1.0,
      "taus": 100.0,
      "gate": 0
    },
    "2": {
      "U_H0": 0.7599999999999999,
      "U_H1": 0.5592000000000001,
      "U_H1W": 0.5592000000000001,
      "U_H2": 0.7528,
      "U_H3": 0.7118000000000001,
      "U_H4": 0.7599999999999999,
      "dU_center": 0.19359999999999988,
      "dU_MAP_frozen": -0.007199999999999873,
      "dU_gate_frozen": 0.0,
      "dU_gate_map": 0.007199999999999873,
      "dU_init_bacc": 0.0,
      "U_H2_minus_H3": 0.040999999999999925,
      "tau0": 10.0,
      "taus": 100.0,
      "gate": 0
    },
    "4": {
      "U_H0": 0.7599999999999999,
      "U_H1": 0.5890000000000001,
      "U_H1W": 0.5890000000000001,
      "U_H2": 0.7504,
      "U_H3": 0.7165999999999998,
      "U_H4": 0.7599999999999999,
      "dU_center": 0.16139999999999988,
      "dU_MAP_frozen": -0.009599999999999942,
      "dU_gate_frozen": 0.0,
      "dU_gate_map": 0.009599999999999942,
      "dU_init_bacc": 0.0,
      "U_H2_minus_H3": 0.03380000000000016,
      "tau0": 10.0,
      "taus": 100.0,
      "gate": 0
    },
    "8": {
      "U_H0": 0.7599999999999999,
      "U_H1": 0.5957999999999999,
      "U_H1W": 0.5957999999999999,
      "U_H2": 0.755,
      "U_H3": 0.7356,
      "U_H4": 0.7599999999999999,
      "dU_center": 0.15920000000000012,
      "dU_MAP_frozen": -0.004999999999999893,
      "dU_gate_frozen": 0.0,
      "dU_gate_map": 0.004999999999999893,
      "dU_init_bacc": 0.0,
      "U_H2_minus_H3": 0.019399999999999973,
      "tau0": 10.0,
      "taus": 100.0,
      "gate": 0
    },
    "16": {
      "U_H0": 0.7599999999999999,
      "U_H1": 0.6178,
      "U_H1W": 0.6178,
      "U_H2": 0.7768,
      "U_H3": 0.7484000000000001,
      "U_H4": 0.7599999999999999,
      "dU_center": 0.15900000000000003,
      "dU_MAP_frozen": 0.016800000000000148,
      "dU_gate_frozen": 0.0,
      "dU_gate_map": -0.016800000000000148,
      "dU_init_bacc": 0.0,
      "U_H2_minus_H3": 0.02839999999999998,
      "tau0": 10.0,
      "taus": 100.0,
      "gate": 0
    },
    "32": {
      "U_H0": 0.7599999999999999,
      "U_H1": 0.68,
      "U_H1W": 0.68,
      "U_H2": 0.7832000000000001,
      "U_H3": 0.757,
      "U_H4": 0.7599999999999999,
      "dU_center": 0.10320000000000007,
      "dU_MAP_frozen": 0.02320000000000022,
      "dU_gate_frozen": 0.0,
      "dU_gate_map": -0.02320000000000022,
      "dU_init_bacc": 0.0,
      "U_H2_minus_H3": 0.026200000000000112,
      "tau0": 1.0,
      "taus": 100.0,
      "gate": 0
    },
    "Full": {
      "U_H0": 0.76,
      "U_H1": 0.69,
      "U_H1W": 0.69,
      "U_H2": 0.79,
      "U_H3": 0.78,
      "U_H4": 0.76,
      "dU_center": 0.10000000000000009,
      "dU_MAP_frozen": 0.030000000000000027,
      "dU_gate_frozen": 0.0,
      "dU_gate_map": -0.030000000000000027,
      "dU_init_bacc": 0.0,
      "U_H2_minus_H3": 0.010000000000000009,
      "tau0": 1.0,
      "taus": 100.0,
      "gate": 0
    }
  },
  "specificity": {
    "status": "ok",
    "rank": 8,
    "n_matched": 50,
    "n_tried": 153,
    "informed_srcval": 0.7010000000000001,
    "dGh_specific": {
      "ridge_k1": {
        "informed": -0.03459999999999993,
        "random_mean": -0.09385199999999999,
        "specific": 0.05925200000000006
      },
      "map_k1": {
        "informed": 0.001400000000000008,
        "random_mean": 0.0010960000000000004,
        "specific": 0.0003040000000000076
      },
      "ridge_k8": {
        "informed": -0.028599999999999924,
        "random_mean": -0.05706799999999999,
        "specific": 0.028468000000000063
      },
      "map_k8": {
        "informed": 0.0052000000000000405,
        "random_mean": 0.005992,
        "specific": -0.0007919999999999594
      },
      "ridge_kFull": {
        "informed": -0.019999999999999907,
        "random_mean": -0.010999999999999992,
        "specific": -0.008999999999999914
      },
      "map_kFull": {
        "informed": 0.010000000000000009,
        "random_mean": 0.015199999999999983,
        "specific": -0.005199999999999974
      }
    }
  },
  "headroom": {
    "frozen_query_bacc": 0.76,
    "frozen_query_nll": 0.49466588287831376,
    "fullcal_query_bacc": 0.7,
    "fullcal_gain": -0.06000000000000005,
    "angle_Ws_Wt_deg": 35.830524562334254,
    "bias_displacement": 0.07775558230880625,
    "direction_displacement": 1.9400569102871048,
    "cal_cov_condition": 9.4598748501641,
    "class_prior_shift": 0.0,
    "cal_query_mean_drift": 1.597243512541682
  },
  "tau0": {
    "1": 1.0,
    "2": 10.0,
    "4": 10.0,
    "8": 10.0,
    "16": 10.0,
    "32": 1.0,
    "Full": 1.0
  },
  "taus": {
    "1": 100.0,
    "2": 100.0,
    "4": 100.0,
    "8": 100.0,
    "16": 100.0,
    "32": 100.0,
    "Full": 100.0
  },
  "gate": {
    "1": 0,
    "2": 0,
    "4": 0,
    "8": 0,
    "16": 0,
    "32": 0,
    "Full": 0
  },
  "firewall": {
    "source_only_construction": true,
    "tau_source_only": true,
    "gate_source_only": true,
    "Ycal_used_for_head_adapt": true,
    "Yquery_used_for_selection": false,
    "Yquery_used_for_outcome": true
  }
}