{
  "dataset": "Lee2019_MI",
  "subject": "53",
  "seed": 1,
  "status": "ok",
  "C": 2,
  "n_cal": 100,
  "n_query": 100,
  "cal_session": [
    "0"
  ],
  "query_sessions": [
    "1"
  ],
  "n_draws": 50,
  "n_tau_draws": 10,
  "init_param_diff": 9.486884868601718e-06,
  "endpoints": {
    "1": {
      "U_H0": 0.5700000000000002,
      "U_H1": 0.5192,
      "U_H1W": 0.5192,
      "U_H2": 0.5704000000000001,
      "U_H3": 0.5508000000000001,
      "U_H4": 0.5704000000000001,
      "dU_center": 0.051200000000000134,
      "dU_MAP_frozen": 0.00039999999999995595,
      "dU_gate_frozen": 0.00039999999999995595,
      "dU_gate_map": 0.0,
      "dU_init_bacc": 0.0,
      "U_H2_minus_H3": 0.019600000000000062,
      "tau0": 1.0,
      "taus": 100.0,
      "gate": 1
    },
    "2": {
      "U_H0": 0.5700000000000002,
      "U_H1": 0.515,
      "U_H1W": 0.515,
      "U_H2": 0.5710000000000001,
      "U_H3": 0.5514,
      "U_H4": 0.5710000000000001,
      "dU_center": 0.05600000000000005,
      "dU_MAP_frozen": 0.0009999999999998899,
      "dU_gate_frozen": 0.0009999999999998899,
      "dU_gate_map": 0.0,
      "dU_init_bacc": 0.0,
      "U_H2_minus_H3": 0.019600000000000062,
      "tau0": 10.0,
      "taus": 100.0,
      "gate": 1
    },
    "4": {
      "U_H0": 0.5700000000000002,
      "U_H1": 0.5378,
      "U_H1W": 0.5378,
      "U_H2": 0.5702000000000002,
      "U_H3": 0.5596,
      "U_H4": 0.5700000000000002,
      "dU_center": 0.032400000000000206,
      "dU_MAP_frozen": 0.00019999999999997797,
      "dU_gate_frozen": 0.0,
      "dU_gate_map": -0.00019999999999997797,
      "dU_init_bacc": 0.0,
      "U_H2_minus_H3": 0.010600000000000165,
      "tau0": 10.0,
      "taus": 100.0,
      "gate": 0
    },
    "8": {
      "U_H0": 0.5700000000000002,
      "U_H1": 0.5244,
      "U_H1W": 0.5244,
      "U_H2": 0.5710000000000001,
      "U_H3": 0.5660000000000001,
      "U_H4": 0.5700000000000002,
      "dU_center": 0.046600000000000086,
      "dU_MAP_frozen": 0.0009999999999998899,
      "dU_gate_frozen": 0.0,
      "dU_gate_map": -0.0009999999999998899,
      "dU_init_bacc": 0.0,
      "U_H2_minus_H3": 0.0050000000000000044,
      "tau0": 10.0,
      "taus": 100.0,
      "gate": 0
    },
    "16": {
      "U_H0": 0.5700000000000002,
      "U_H1": 0.5666,
      "U_H1W": 0.5668,
      "U_H2": 0.5716000000000001,
      "U_H3": 0.5688,
      "U_H4": 0.5700000000000002,
      "dU_center": 0.0050000000000001155,
      "dU_MAP_frozen": 0.0015999999999999348,
      "dU_gate_frozen": 0.0,
      "dU_gate_map": -0.0015999999999999348,
      "dU_init_bacc": 0.00019999999999997797,
      "U_H2_minus_H3": 0.0028000000000001357,
      "tau0": 10.0,
      "taus": 100.0,
      "gate": 0
    },
    "32": {
      "U_H0": 0.5700000000000002,
      "U_H1": 0.5698000000000001,
      "U_H1W": 0.5698000000000001,
      "U_H2": 0.5686,
      "U_H3": 0.5708,
      "U_H4": 0.5686,
      "dU_center": -0.0012000000000000899,
      "dU_MAP_frozen": -0.0014000000000001789,
      "dU_gate_frozen": -0.0014000000000001789,
      "dU_gate_map": 0.0,
      "dU_init_bacc": 0.0,
      "U_H2_minus_H3": -0.0021999999999999797,
      "tau0": 10.0,
      "taus": 100.0,
      "gate": 1
    },
    "Full": {
      "U_H0": 0.5700000000000001,
      "U_H1": 0.5800000000000001,
      "U_H1W": 0.5800000000000001,
      "U_H2": 0.57,
      "U_H3": 0.58,
      "U_H4": 0.57,
      "dU_center": -0.01000000000000012,
      "dU_MAP_frozen": -1.1102230246251565e-16,
      "dU_gate_frozen": -1.1102230246251565e-16,
      "dU_gate_map": 0.0,
      "dU_init_bacc": 0.0,
      "U_H2_minus_H3": -0.010000000000000009,
      "tau0": 1.0,
      "taus": 100.0,
      "gate": 1
    }
  },
  "specificity": {
    "status": "ok",
    "rank": 8,
    "n_matched": 50,
    "n_tried": 236,
    "informed_srcval": 0.6519999999999999,
    "dGh_specific": {
      "ridge_k1": {
        "informed": -0.009600000000000013,
        "random_mean": -0.034387999999999995,
        "specific": 0.024787999999999984
      },
      "map_k1": {
        "informed": 0.00040000000000000034,
        "random_mean": 0.002080000000000004,
        "specific": -0.0016800000000000038
      },
      "ridge_k8": {
        "informed": -0.018200000000000015,
        "random_mean": -0.029919999999999995,
        "specific": 0.01171999999999998
      },
      "map_k8": {
        "informed": -0.009400000000000009,
        "random_mean": 0.004256000000000005,
        "specific": -0.013656000000000014
      },
      "ridge_kFull": {
        "informed": 0.010000000000000009,
        "random_mean": 0.010800000000000002,
        "specific": -0.0007999999999999934
      },
      "map_kFull": {
        "informed": 0.0,
        "random_mean": 0.0174,
        "specific": -0.0174
      }
    }
  },
  "headroom": {
    "frozen_query_bacc": 0.5700000000000001,
    "frozen_query_nll": 0.7281728167181103,
    "fullcal_query_bacc": 0.58,
    "fullcal_gain": 0.009999999999999898,
    "angle_Ws_Wt_deg": 38.388613623586274,
    "bias_displacement": 0.314299200454313,
    "direction_displacement": 1.3776008600363772,
    "cal_cov_condition": 13.801052850385195,
    "class_prior_shift": 0.0,
    "cal_query_mean_drift": 1.106327543656109
  },
  "tau0": {
    "1": 1.0,
    "2": 10.0,
    "4": 10.0,
    "8": 10.0,
    "16": 10.0,
    "32": 10.0,
    "Full": 1.0
  },
  "taus": {
    "1": 100.0,
    "2": 100.0,
    "4": 100.0,
    "8": 100.0,
    "16": 100.0,
    "32": 100.0,
    "Full": 100.0
  },
  "gate": {
    "1": 1,
    "2": 1,
    "4": 0,
    "8": 0,
    "16": 0,
    "32": 1,
    "Full": 1
  },
  "firewall": {
    "source_only_construction": true,
    "tau_source_only": true,
    "gate_source_only": true,
    "Ycal_used_for_head_adapt": true,
    "Yquery_used_for_selection": false,
    "Yquery_used_for_outcome": true
  }
}