{
  "dataset": "Lee2019_MI",
  "subject": "21",
  "seed": 1,
  "status": "ok",
  "C": 2,
  "n_cal": 100,
  "n_query": 100,
  "cal_session": [
    "0"
  ],
  "query_sessions": [
    "1"
  ],
  "n_draws": 50,
  "n_tau_draws": 10,
  "init_param_diff": 1.2851384283686575e-05,
  "endpoints": {
    "1": {
      "U_H0": 0.9500000000000002,
      "U_H1": 0.6936,
      "U_H1W": 0.6936,
      "U_H2": 0.9494000000000001,
      "U_H3": 0.9204000000000001,
      "U_H4": 0.9494000000000001,
      "dU_center": 0.25580000000000014,
      "dU_MAP_frozen": -0.0006000000000000449,
      "dU_gate_frozen": -0.0006000000000000449,
      "dU_gate_map": 0.0,
      "dU_init_bacc": 0.0,
      "U_H2_minus_H3": 0.029000000000000026,
      "tau0": 1.0,
      "taus": 100.0,
      "gate": 1
    },
    "2": {
      "U_H0": 0.9500000000000002,
      "U_H1": 0.7948000000000001,
      "U_H1W": 0.7948000000000001,
      "U_H2": 0.9496000000000001,
      "U_H3": 0.9406,
      "U_H4": 0.9500000000000002,
      "dU_center": 0.15480000000000005,
      "dU_MAP_frozen": -0.00040000000000006697,
      "dU_gate_frozen": 0.0,
      "dU_gate_map": 0.00040000000000006697,
      "dU_init_bacc": 0.0,
      "U_H2_minus_H3": 0.009000000000000119,
      "tau0": 10.0,
      "taus": 100.0,
      "gate": 0
    },
    "4": {
      "U_H0": 0.9500000000000002,
      "U_H1": 0.8567999999999999,
      "U_H1W": 0.8567999999999999,
      "U_H2": 0.9496000000000001,
      "U_H3": 0.9410000000000001,
      "U_H4": 0.9500000000000002,
      "dU_center": 0.09280000000000022,
      "dU_MAP_frozen": -0.00040000000000006697,
      "dU_gate_frozen": 0.0,
      "dU_gate_map": 0.00040000000000006697,
      "dU_init_bacc": 0.0,
      "U_H2_minus_H3": 0.008600000000000052,
      "tau0": 10.0,
      "taus": 100.0,
      "gate": 0
    },
    "8": {
      "U_H0": 0.9500000000000002,
      "U_H1": 0.9299999999999998,
      "U_H1W": 0.9299999999999998,
      "U_H2": 0.9504000000000002,
      "U_H3": 0.9564,
      "U_H4": 0.9500000000000002,
      "dU_center": 0.020400000000000418,
      "dU_MAP_frozen": 0.00040000000000006697,
      "dU_gate_frozen": 0.0,
      "dU_gate_map": -0.00040000000000006697,
      "dU_init_bacc": 0.0,
      "U_H2_minus_H3": -0.005999999999999783,
      "tau0": 10.0,
      "taus": 100.0,
      "gate": 0
    },
    "16": {
      "U_H0": 0.9500000000000002,
      "U_H1": 0.9598,
      "U_H1W": 0.9598,
      "U_H2": 0.9512,
      "U_H3": 0.9606,
      "U_H4": 0.9500000000000002,
      "dU_center": -0.008599999999999941,
      "dU_MAP_frozen": 0.0011999999999998678,
      "dU_gate_frozen": 0.0,
      "dU_gate_map": -0.0011999999999998678,
      "dU_init_bacc": 0.0,
      "U_H2_minus_H3": -0.009399999999999964,
      "tau0": 10.0,
      "taus": 100.0,
      "gate": 0
    },
    "32": {
      "U_H0": 0.9500000000000002,
      "U_H1": 0.9789999999999999,
      "U_H1W": 0.9789999999999999,
      "U_H2": 0.9582,
      "U_H3": 0.9612,
      "U_H4": 0.9500000000000002,
      "dU_center": -0.02079999999999982,
      "dU_MAP_frozen": 0.008199999999999874,
      "dU_gate_frozen": 0.0,
      "dU_gate_map": -0.008199999999999874,
      "dU_init_bacc": 0.0,
      "U_H2_minus_H3": -0.0030000000000000027,
      "tau0": 10.0,
      "taus": 100.0,
      "gate": 0
    },
    "Full": {
      "U_H0": 0.95,
      "U_H1": 0.97,
      "U_H1W": 0.97,
      "U_H2": 0.96,
      "U_H3": 0.96,
      "U_H4": 0.96,
      "dU_center": -0.010000000000000009,
      "dU_MAP_frozen": 0.010000000000000009,
      "dU_gate_frozen": 0.010000000000000009,
      "dU_gate_map": 0.0,
      "dU_init_bacc": 0.0,
      "U_H2_minus_H3": 0.0,
      "tau0": 1.0,
      "taus": 100.0,
      "gate": 1
    }
  },
  "specificity": {
    "status": "ok",
    "rank": 8,
    "n_matched": 50,
    "n_tried": 173,
    "informed_srcval": 0.6910000000000001,
    "dGh_specific": {
      "ridge_k1": {
        "informed": -0.10659999999999997,
        "random_mean": -0.17052399999999998,
        "specific": 0.06392400000000001
      },
      "map_k1": {
        "informed": 0.004200000000000004,
        "random_mean": 0.006231999999999995,
        "specific": -0.0020319999999999913
      },
      "ridge_k8": {
        "informed": -0.003799999999999978,
        "random_mean": 0.008587999999999998,
        "specific": -0.012387999999999975
      },
      "map_k8": {
        "informed": 0.028000000000000025,
        "random_mean": 0.029003999999999988,
        "specific": -0.0010039999999999633
      },
      "ridge_kFull": {
        "informed": 0.17000000000000004,
        "random_mean": 0.07339999999999998,
        "specific": 0.09660000000000006
      },
      "map_kFull": {
        "informed": 0.07000000000000006,
        "random_mean": 0.06899999999999999,
        "specific": 0.0010000000000000703
      }
    }
  },
  "headroom": {
    "frozen_query_bacc": 0.95,
    "frozen_query_nll": 0.1126425767959745,
    "fullcal_query_bacc": 0.9299999999999999,
    "fullcal_gain": -0.020000000000000018,
    "angle_Ws_Wt_deg": 51.24817732965207,
    "bias_displacement": 1.994536205734647,
    "direction_displacement": 4.430814053721125,
    "cal_cov_condition": 23.532070761622133,
    "class_prior_shift": 0.0,
    "cal_query_mean_drift": 2.5385456529412753
  },
  "tau0": {
    "1": 1.0,
    "2": 10.0,
    "4": 10.0,
    "8": 10.0,
    "16": 10.0,
    "32": 10.0,
    "Full": 1.0
  },
  "taus": {
    "1": 100.0,
    "2": 100.0,
    "4": 100.0,
    "8": 100.0,
    "16": 100.0,
    "32": 100.0,
    "Full": 100.0
  },
  "gate": {
    "1": 1,
    "2": 0,
    "4": 0,
    "8": 0,
    "16": 0,
    "32": 0,
    "Full": 1
  },
  "firewall": {
    "source_only_construction": true,
    "tau_source_only": true,
    "gate_source_only": true,
    "Ycal_used_for_head_adapt": true,
    "Yquery_used_for_selection": false,
    "Yquery_used_for_outcome": true
  }
}