{
  "dataset": "Lee2019_MI",
  "subject": "9",
  "seed": 1,
  "status": "ok",
  "C": 2,
  "n_cal": 100,
  "n_query": 100,
  "cal_session": [
    "0"
  ],
  "query_sessions": [
    "1"
  ],
  "n_draws": 50,
  "n_tau_draws": 10,
  "init_param_diff": 8.030438095031378e-06,
  "endpoints": {
    "1": {
      "U_H0": 0.8100000000000003,
      "U_H1": 0.5972,
      "U_H1W": 0.5972,
      "U_H2": 0.8100000000000003,
      "U_H3": 0.7622,
      "U_H4": 0.8100000000000003,
      "dU_center": 0.21280000000000032,
      "dU_MAP_frozen": 0.0,
      "dU_gate_frozen": 0.0,
      "dU_gate_map": 0.0,
      "dU_init_bacc": 0.0,
      "U_H2_minus_H3": 0.04780000000000029,
      "tau0": 1.0,
      "taus": 100.0,
      "gate": 0
    },
    "2": {
      "U_H0": 0.8100000000000003,
      "U_H1": 0.6359999999999999,
      "U_H1W": 0.6359999999999999,
      "U_H2": 0.8100000000000003,
      "U_H3": 0.7514,
      "U_H4": 0.8100000000000003,
      "dU_center": 0.17400000000000038,
      "dU_MAP_frozen": 0.0,
      "dU_gate_frozen": 0.0,
      "dU_gate_map": 0.0,
      "dU_init_bacc": 0.0,
      "U_H2_minus_H3": 0.05860000000000032,
      "tau0": 10.0,
      "taus": 100.0,
      "gate": 0
    },
    "4": {
      "U_H0": 0.8100000000000003,
      "U_H1": 0.6754000000000001,
      "U_H1W": 0.6754000000000001,
      "U_H2": 0.8100000000000003,
      "U_H3": 0.7800000000000001,
      "U_H4": 0.8100000000000003,
      "dU_center": 0.13460000000000016,
      "dU_MAP_frozen": 0.0,
      "dU_gate_frozen": 0.0,
      "dU_gate_map": 0.0,
      "dU_init_bacc": 0.0,
      "U_H2_minus_H3": 0.030000000000000138,
      "tau0": 10.0,
      "taus": 100.0,
      "gate": 0
    },
    "8": {
      "U_H0": 0.8100000000000003,
      "U_H1": 0.704,
      "U_H1W": 0.704,
      "U_H2": 0.8100000000000003,
      "U_H3": 0.7826,
      "U_H4": 0.8100000000000003,
      "dU_center": 0.10600000000000032,
      "dU_MAP_frozen": 0.0,
      "dU_gate_frozen": 0.0,
      "dU_gate_map": 0.0,
      "dU_init_bacc": 0.0,
      "U_H2_minus_H3": 0.027400000000000313,
      "tau0": 10.0,
      "taus": 100.0,
      "gate": 0
    },
    "16": {
      "U_H0": 0.8100000000000003,
      "U_H1": 0.7522,
      "U_H1W": 0.7522,
      "U_H2": 0.8100000000000003,
      "U_H3": 0.785,
      "U_H4": 0.8100000000000003,
      "dU_center": 0.057800000000000296,
      "dU_MAP_frozen": 0.0,
      "dU_gate_frozen": 0.0,
      "dU_gate_map": 0.0,
      "dU_init_bacc": 0.0,
      "U_H2_minus_H3": 0.025000000000000244,
      "tau0": 10.0,
      "taus": 100.0,
      "gate": 0
    },
    "32": {
      "U_H0": 0.8100000000000003,
      "U_H1": 0.777,
      "U_H1W": 0.777,
      "U_H2": 0.8094000000000002,
      "U_H3": 0.7904000000000001,
      "U_H4": 0.8100000000000003,
      "dU_center": 0.032400000000000206,
      "dU_MAP_frozen": -0.0006000000000000449,
      "dU_gate_frozen": 0.0,
      "dU_gate_map": 0.0006000000000000449,
      "dU_init_bacc": 0.0,
      "U_H2_minus_H3": 0.019000000000000128,
      "tau0": 10.0,
      "taus": 100.0,
      "gate": 0
    },
    "Full": {
      "U_H0": 0.81,
      "U_H1": 0.76,
      "U_H1W": 0.76,
      "U_H2": 0.81,
      "U_H3": 0.79,
      "U_H4": 0.81,
      "dU_center": 0.050000000000000044,
      "dU_MAP_frozen": 0.0,
      "dU_gate_frozen": 0.0,
      "dU_gate_map": 0.0,
      "dU_init_bacc": 0.0,
      "U_H2_minus_H3": 0.020000000000000018,
      "tau0": 1.0,
      "taus": 100.0,
      "gate": 0
    }
  },
  "specificity": {
    "status": "ok",
    "rank": 8,
    "n_matched": 50,
    "n_tried": 305,
    "informed_srcval": 0.653,
    "dGh_specific": {
      "ridge_k1": {
        "informed": -0.11879999999999999,
        "random_mean": -0.13699999999999998,
        "specific": 0.018199999999999994
      },
      "map_k1": {
        "informed": 0.0015999999999999947,
        "random_mean": 0.0010119999999999973,
        "specific": 0.0005879999999999974
      },
      "ridge_k8": {
        "informed": -0.1052,
        "random_mean": -0.07505199999999998,
        "specific": -0.030148000000000022
      },
      "map_k8": {
        "informed": 0.013199999999999991,
        "random_mean": 0.0029199999999999946,
        "specific": 0.010279999999999997
      },
      "ridge_kFull": {
        "informed": -0.020000000000000018,
        "random_mean": -0.017000000000000005,
        "specific": -0.003000000000000013
      },
      "map_kFull": {
        "informed": 0.019999999999999907,
        "random_mean": 0.006800000000000008,
        "specific": 0.0131999999999999
      }
    }
  },
  "headroom": {
    "frozen_query_bacc": 0.81,
    "frozen_query_nll": 0.4348825417286038,
    "fullcal_query_bacc": 0.74,
    "fullcal_gain": -0.07000000000000006,
    "angle_Ws_Wt_deg": 50.17777212540401,
    "bias_displacement": 0.647816430544859,
    "direction_displacement": 1.9438768193889664,
    "cal_cov_condition": 13.046943101591134,
    "class_prior_shift": 0.0,
    "cal_query_mean_drift": 1.6601972230814728
  },
  "tau0": {
    "1": 1.0,
    "2": 10.0,
    "4": 10.0,
    "8": 10.0,
    "16": 10.0,
    "32": 10.0,
    "Full": 1.0
  },
  "taus": {
    "1": 100.0,
    "2": 100.0,
    "4": 100.0,
    "8": 100.0,
    "16": 100.0,
    "32": 100.0,
    "Full": 100.0
  },
  "gate": {
    "1": 0,
    "2": 0,
    "4": 0,
    "8": 0,
    "16": 0,
    "32": 0,
    "Full": 0
  },
  "firewall": {
    "source_only_construction": true,
    "tau_source_only": true,
    "gate_source_only": true,
    "Ycal_used_for_head_adapt": true,
    "Yquery_used_for_selection": false,
    "Yquery_used_for_outcome": true
  }
}