group,mode,regime,pooled_auc,within_target_mean_auc,pooled_minus_within,within_min,within_max
in_regime:S0_full_support,in_regime,S0_full_support,0.5607135728542915,0.6634537753212009,-0.1027402024669094,0.5704484195050232,0.7317460317460317
in_regime:S2_rare_cells,in_regime,S2_rare_cells,0.5366566866267465,0.6714139723248264,-0.13475728569807988,0.574780701754386,0.7604910714285714
in_regime:S3_nonestimable_cells,in_regime,S3_nonestimable_cells,0.5331162674650699,0.6525664823818376,-0.11945021491676766,0.5289473684210526,0.7529017857142857
cross_regime:S4_missing_cells,cross_regime,S4_missing_cells,0.49987774451097805,0.6413747164340197,-0.14149697192304161,0.549161230195713,0.7141812865497076
cross_regime:S5_block_class_by_domain,cross_regime,S5_block_class_by_domain,0.5114446107784432,0.6341844690959175,-0.12273985831747436,0.5573159366262814,0.7510204081632653
cross_regime:S6_boundary_aligned_mask,cross_regime,S6_boundary_aligned_mask,0.5318413173652694,0.6517330747477139,-0.11989175738244451,0.5707589285714286,0.7532467532467533
cross_regime:S7_random_matched_mask,cross_regime,S7_random_matched_mask,0.5359505988023953,0.6318386172546522,-0.09588801845225692,0.5552875695732838,0.7428571428571429
