left_out_target,mean_raw_M_coefficient,mean_effective_M_coefficient,mean_top_gap_coefficient,raw_M_sign_stable
1,0.02586282884448829,-0.19898791421703785,0.06730978107367772,1
2,-0.011525714104856685,-0.1701962595194184,0.07564367447121503,0
3,0.004433772110571582,-0.16737480292907894,0.0681763970403634,1
4,-0.018652941268523127,-0.16589044384870646,0.07372841143610366,0
5,-0.09519171937034124,-0.09906676760640601,0.08052386247572932,0
6,0.02254464013587188,-0.19856506738176913,0.06818813526562267,1
7,0.04680126763955204,-0.22586252459062203,0.06591004507301937,1
8,0.036561422878030415,-0.20520236373778417,0.06690558905104357,1
9,0.021660024302426147,-0.1892228811703482,0.06855550567047172,1
