field_level,rows,raw_M_mean,effective_M_mean,near_tie_M_mean,raw_effective_spearman,effective_top1_spearman,raw_top1_spearman
target_subsample,13824,21.0,5.181759621179963,2.5694444444444446,0.7479018525902723,-0.4515194592622512,-0.3806421432356046
trajectory_cell,54,19.48148148148148,6.590660114559057,3.574074074074074,0.30763383036902203,-0.33385396034999304,-0.08996041694528539
