{
  "dataset": "BNCI2014_001",
  "subject": "1",
  "seed": 2,
  "warmup_hash": "9bb15c95d5b4b7c7",
  "A_4": 0.8452592469683199,
  "A_16": 0.9358803102148625,
  "B_4": 0.6454717332429063,
  "B_16": 0.406470685446492,
  "SNR_4": 0.09103538136183409,
  "SNR_16": 0.39454600253744937,
  "full_grad_norm": 1.3099639415740967,
  "mean_grad_norm_4": 0.632956326007843,
  "mean_grad_norm_16": 0.9604302048683167,
  "dw_full": 0.0781196871151526,
  "dw_k4": 0.04893763097943757,
  "dw_k16": 0.05781932281686943,
  "K16": 16,
  "k16_reason": "ok",
  "L_full": 0.1669183224439621,
  "true_vs_shuffle_reldist": 1.031794811686121,
  "true_vs_shuffle_cos": -0.06973507197300118,
  "n_subjects": 8,
  "n_source": 3680
}