{
  "dataset": "BNCI2015_001",
  "subject": "11",
  "seed": 0,
  "warmup_hash": "7bf622464536664e",
  "A_4": 0.8324465917863768,
  "A_16": 0.9678045533932529,
  "B_4": 0.6884416162165878,
  "B_16": 0.2711251243174553,
  "SNR_4": 0.21053316301372274,
  "SNR_16": 0.9709864019360944,
  "full_grad_norm": 0.6165771484375,
  "mean_grad_norm_4": 0.7651746273040771,
  "mean_grad_norm_16": 0.6588586568832397,
  "dw_full": 0.0706014308062467,
  "dw_k4": 0.04210263303474249,
  "dw_k16": 0.05458646205884697,
  "K16": 16,
  "k16_reason": "ok",
  "L_full": 0.1180303543806076,
  "true_vs_shuffle_reldist": 0.9581882957876462,
  "true_vs_shuffle_cos": 0.5968548857393567,
  "n_subjects": 11,
  "n_source": 4000
}