{
  "dataset": "BNCI2014_001",
  "subject": "9",
  "seed": 1,
  "warmup_hash": "4d0020f3fea2e592",
  "A_4": 0.7466855699482303,
  "A_16": 0.9458738156321133,
  "B_4": 0.6859068073013898,
  "B_16": 0.3328142459181334,
  "SNR_4": 0.11331304205054309,
  "SNR_16": 0.620886292184793,
  "full_grad_norm": 1.3140476942062378,
  "mean_grad_norm_4": 0.7612686157226562,
  "mean_grad_norm_16": 1.145979404449463,
  "dw_full": 0.07179038195560383,
  "dw_k4": 0.05017956974208315,
  "dw_k16": 0.05919895605692806,
  "K16": 16,
  "k16_reason": "ok",
  "L_full": 0.21790152788162231,
  "true_vs_shuffle_reldist": 0.9455228784162966,
  "true_vs_shuffle_cos": 0.43772064381556436,
  "n_subjects": 8,
  "n_source": 3680
}