{
  "dataset": "BNCI2015_001",
  "subject": "4",
  "seed": 0,
  "warmup_hash": "09e64cdfd7467f76",
  "A_4": 0.8365981636166661,
  "A_16": 0.9511805554679391,
  "B_4": 0.6935751744027362,
  "B_16": 0.37466431022060803,
  "SNR_4": 0.2439729244078946,
  "SNR_16": 0.6115483422193886,
  "full_grad_norm": 0.6121558547019958,
  "mean_grad_norm_4": 0.7725235819816589,
  "mean_grad_norm_16": 0.7122983336448669,
  "dw_full": 0.08243947137485852,
  "dw_k4": 0.04727991335946934,
  "dw_k16": 0.058636490519010875,
  "K16": 16,
  "k16_reason": "ok",
  "L_full": 0.12801623344421387,
  "true_vs_shuffle_reldist": 0.8961227994845478,
  "true_vs_shuffle_cos": 0.655504805337948,
  "n_subjects": 11,
  "n_source": 4160
}