{
  "dataset": "BNCI2014_001",
  "subject": "3",
  "seed": 0,
  "warmup_hash": "e23566e89a41383d",
  "A_4": 0.21602470472433385,
  "A_16": 0.8176089492613108,
  "B_4": 1.0744338808071732,
  "B_16": 0.5820191429093444,
  "SNR_4": 0.08225306242951579,
  "SNR_16": 0.2387153013990742,
  "full_grad_norm": 0.8246608972549438,
  "mean_grad_norm_4": 0.547936201095581,
  "mean_grad_norm_16": 0.6041271090507507,
  "dw_full": 0.07522274243334937,
  "dw_k4": 0.0470826057589649,
  "dw_k16": 0.05811824360550579,
  "K16": 16,
  "k16_reason": "ok",
  "L_full": 0.2122902274131775,
  "true_vs_shuffle_reldist": 0.9705907565113747,
  "true_vs_shuffle_cos": 0.2410513686779137,
  "n_subjects": 8,
  "n_source": 3680
}