{
  "dataset": "BNCI2014_001",
  "subject": "5",
  "seed": 2,
  "warmup_hash": "11a6ad38951ff570",
  "A_4": 0.8143278921415905,
  "A_16": 0.9063729900385914,
  "B_4": 0.584826985110735,
  "B_16": 0.42631615108849286,
  "SNR_4": 0.17199752919135464,
  "SNR_16": 0.503322241069677,
  "full_grad_norm": 0.8857383728027344,
  "mean_grad_norm_4": 0.7848599553108215,
  "mean_grad_norm_16": 0.8533625602722168,
  "dw_full": 0.06377707794308662,
  "dw_k4": 0.038380891553812115,
  "dw_k16": 0.04826423542593855,
  "K16": 16,
  "k16_reason": "ok",
  "L_full": 0.1581832468509674,
  "true_vs_shuffle_reldist": 0.9216433076637699,
  "true_vs_shuffle_cos": 0.551055808565266,
  "n_subjects": 8,
  "n_source": 3680
}