{
  "dataset": "BNCI2015_001",
  "subject": "1",
  "seed": 2,
  "warmup_hash": "1ba3ecd71fc30aba",
  "A_4": 0.8357373817210114,
  "A_16": 0.9489769107906988,
  "B_4": 0.6366257906570003,
  "B_16": 0.3240573540925856,
  "SNR_4": 0.28640150329271097,
  "SNR_16": 0.7970047170643556,
  "full_grad_norm": 0.7640385627746582,
  "mean_grad_norm_4": 0.8846335411071777,
  "mean_grad_norm_16": 0.7820788025856018,
  "dw_full": 0.09145320545543323,
  "dw_k4": 0.05403768108864092,
  "dw_k16": 0.06950911791456559,
  "K16": 16,
  "k16_reason": "ok",
  "L_full": 0.15336355566978455,
  "true_vs_shuffle_reldist": 0.9152440546575593,
  "true_vs_shuffle_cos": 0.573687990107143,
  "n_subjects": 11,
  "n_source": 4160
}