{
  "dataset": "BNCI2015_001",
  "subject": "3",
  "seed": 0,
  "warmup_hash": "98d77b1452369585",
  "A_4": 0.8959251406732239,
  "A_16": 0.9640647008665917,
  "B_4": 0.5347149719662905,
  "B_16": 0.29795450980324345,
  "SNR_4": 0.31749162029559314,
  "SNR_16": 1.0394074186701379,
  "full_grad_norm": 0.7151163816452026,
  "mean_grad_norm_4": 0.8535535931587219,
  "mean_grad_norm_16": 0.7858870029449463,
  "dw_full": 0.07999539917165588,
  "dw_k4": 0.04526438397327541,
  "dw_k16": 0.060365324988337944,
  "K16": 16,
  "k16_reason": "ok",
  "L_full": 0.13268055021762848,
  "true_vs_shuffle_reldist": 0.8933893953659481,
  "true_vs_shuffle_cos": 0.7046068301302392,
  "n_subjects": 11,
  "n_source": 4160
}