{
  "dataset": "BNCI2014_001",
  "subject": "3",
  "seed": 2,
  "warmup_hash": "823676b6f2a4af4c",
  "A_4": 0.7235388630744609,
  "A_16": 0.8798940342082302,
  "B_4": 0.7012428565360336,
  "B_16": 0.4804651071155283,
  "SNR_4": 0.14800994919396845,
  "SNR_16": 0.2782425192548757,
  "full_grad_norm": 0.8683332204818726,
  "mean_grad_norm_4": 0.7355038523674011,
  "mean_grad_norm_16": 0.7022719979286194,
  "dw_full": 0.07870847514520085,
  "dw_k4": 0.048258069248610536,
  "dw_k16": 0.060901151333066325,
  "K16": 16,
  "k16_reason": "ok",
  "L_full": 0.17874889075756073,
  "true_vs_shuffle_reldist": 1.081898714556352,
  "true_vs_shuffle_cos": -0.12666310137833908,
  "n_subjects": 8,
  "n_source": 3680
}