{
  "dataset": "BNCI2014_001",
  "subject": "8",
  "seed": 2,
  "warmup_hash": "bcfb05ea0cc4375d",
  "A_4": 0.8606967352774391,
  "A_16": 0.944936217360914,
  "B_4": 0.5252262475563928,
  "B_16": 0.35435923501132244,
  "SNR_4": 0.15812686742155582,
  "SNR_16": 0.45671627318350166,
  "full_grad_norm": 1.1835963726043701,
  "mean_grad_norm_4": 0.8659389019012451,
  "mean_grad_norm_16": 0.9575459361076355,
  "dw_full": 0.06285301502794027,
  "dw_k4": 0.03758705168362667,
  "dw_k16": 0.047295676176849766,
  "K16": 16,
  "k16_reason": "ok",
  "L_full": 0.17034170031547546,
  "true_vs_shuffle_reldist": 1.017877218083313,
  "true_vs_shuffle_cos": -0.009107171100595467,
  "n_subjects": 8,
  "n_source": 3680
}