{
  "dataset": "BNCI2015_001",
  "subject": "3",
  "seed": 2,
  "warmup_hash": "031a70ed51e86f1e",
  "A_4": 0.7479937750624885,
  "A_16": 0.9467495192410046,
  "B_4": 0.7357501004326825,
  "B_16": 0.3221533498248428,
  "SNR_4": 0.13689658262701435,
  "SNR_16": 0.47688774466013767,
  "full_grad_norm": 0.549998939037323,
  "mean_grad_norm_4": 0.5860347151756287,
  "mean_grad_norm_16": 0.5266672968864441,
  "dw_full": 0.07640855420719495,
  "dw_k4": 0.04143002447342377,
  "dw_k16": 0.057893978625564224,
  "K16": 16,
  "k16_reason": "ok",
  "L_full": 0.134677454829216,
  "true_vs_shuffle_reldist": 0.968447732746969,
  "true_vs_shuffle_cos": 0.4283464400613884,
  "n_subjects": 11,
  "n_source": 4160
}