{
  "dataset": "BNCI2014_001",
  "subject": "5",
  "seed": 1,
  "warmup_hash": "49a5c6edfb0da33a",
  "A_4": 0.7574758544861843,
  "A_16": 0.9731688831825469,
  "B_4": 0.6535928438679948,
  "B_16": 0.2578151093667819,
  "SNR_4": 0.2027298158757918,
  "SNR_16": 0.8192669589091124,
  "full_grad_norm": 0.880866527557373,
  "mean_grad_norm_4": 0.6944332122802734,
  "mean_grad_norm_16": 0.7547853589057922,
  "dw_full": 0.04976266141359997,
  "dw_k4": 0.0343873257896221,
  "dw_k16": 0.04011285840331694,
  "K16": 16,
  "k16_reason": "ok",
  "L_full": 0.21339678764343262,
  "true_vs_shuffle_reldist": 0.9667477484830506,
  "true_vs_shuffle_cos": 0.2819898036927121,
  "n_subjects": 8,
  "n_source": 3680
}