{
  "dataset": "BNCI2015_001",
  "subject": "6",
  "seed": 2,
  "warmup_hash": "129226be487cc167",
  "A_4": 0.7339918485513821,
  "A_16": 0.9582047922833683,
  "B_4": 0.9830879603623499,
  "B_16": 0.30576797862486005,
  "SNR_4": 0.1837862989733549,
  "SNR_16": 0.4955525354577072,
  "full_grad_norm": 0.49776211380958557,
  "mean_grad_norm_4": 0.7191519141197205,
  "mean_grad_norm_16": 0.530685544013977,
  "dw_full": 0.07070009816776612,
  "dw_k4": 0.040009491461487766,
  "dw_k16": 0.055194482912342954,
  "K16": 16,
  "k16_reason": "ok",
  "L_full": 0.11639133840799332,
  "true_vs_shuffle_reldist": 0.9353485858816537,
  "true_vs_shuffle_cos": 0.5592434867394668,
  "n_subjects": 11,
  "n_source": 4160
}