{
  "dataset": "BNCI2015_001",
  "subject": "8",
  "seed": 0,
  "warmup_hash": "325394d560cb0689",
  "A_4": 0.7439760487614349,
  "A_16": 0.8776423978413523,
  "B_4": 1.0140579067596145,
  "B_16": 0.5269216685762975,
  "SNR_4": 0.20116850748841755,
  "SNR_16": 0.29338689964651904,
  "full_grad_norm": 0.41321370005607605,
  "mean_grad_norm_4": 0.6226069927215576,
  "mean_grad_norm_16": 0.4530925452709198,
  "dw_full": 0.04924474521116773,
  "dw_k4": 0.031356152710011874,
  "dw_k16": 0.03627018665122839,
  "K16": 16,
  "k16_reason": "ok",
  "L_full": 0.08942203223705292,
  "true_vs_shuffle_reldist": 0.9392628324039518,
  "true_vs_shuffle_cos": 0.48900304675489537,
  "n_subjects": 11,
  "n_source": 4000
}