{
  "dataset": "BNCI2015_001",
  "subject": "8",
  "seed": 2,
  "warmup_hash": "ffc41f6855efa1cf",
  "A_4": 0.7380777049542799,
  "A_16": 0.929519627942888,
  "B_4": 0.8963059997028973,
  "B_16": 0.3771518534320543,
  "SNR_4": 0.20877127212180993,
  "SNR_16": 0.4947447043292827,
  "full_grad_norm": 0.54669588804245,
  "mean_grad_norm_4": 0.726065456867218,
  "mean_grad_norm_16": 0.5513858199119568,
  "dw_full": 0.054703707044774785,
  "dw_k4": 0.029196504454570827,
  "dw_k16": 0.03819044707074161,
  "K16": 16,
  "k16_reason": "ok",
  "L_full": 0.07910824567079544,
  "true_vs_shuffle_reldist": 0.9521705924567476,
  "true_vs_shuffle_cos": 0.5122046731027923,
  "n_subjects": 11,
  "n_source": 4000
}