{
  "dataset": "BNCI2014_001",
  "subject": "2",
  "seed": 1,
  "warmup_hash": "6620b01cb4d2d901",
  "A_4": 0.7936451408887222,
  "A_16": 0.9387435472409422,
  "B_4": 0.6118568767901634,
  "B_16": 0.348631251507326,
  "SNR_4": 0.16935624093419793,
  "SNR_16": 0.6992926952863788,
  "full_grad_norm": 0.686339259147644,
  "mean_grad_norm_4": 0.5894090533256531,
  "mean_grad_norm_16": 0.6080877184867859,
  "dw_full": 0.04400293653210008,
  "dw_k4": 0.025635121959072082,
  "dw_k16": 0.03427816112636635,
  "K16": 16,
  "k16_reason": "ok",
  "L_full": 0.13097470998764038,
  "true_vs_shuffle_reldist": 0.9430671422709346,
  "true_vs_shuffle_cos": 0.5325546901733483,
  "n_subjects": 8,
  "n_source": 3680
}