{
  "dataset": "BNCI2015_001",
  "subject": "12",
  "seed": 0,
  "warmup_hash": "d5118a38b4df046b",
  "A_4": 0.6512885257534552,
  "A_16": 0.8610568361573194,
  "B_4": 1.4826713586154365,
  "B_16": 0.6973750497966809,
  "SNR_4": 0.2437015411007072,
  "SNR_16": 0.5132966289719879,
  "full_grad_norm": 0.38795071840286255,
  "mean_grad_norm_4": 0.7468279600143433,
  "mean_grad_norm_16": 0.5191901922225952,
  "dw_full": 0.0350606874986128,
  "dw_k4": 0.014693274366114012,
  "dw_k16": 0.01948660109904768,
  "K16": 16,
  "k16_reason": "ok",
  "L_full": 0.060580942779779434,
  "true_vs_shuffle_reldist": 0.9182433816204467,
  "true_vs_shuffle_cos": 0.6746335385330916,
  "n_subjects": 11,
  "n_source": 4160
}