{
  "dataset": "BNCI2015_001",
  "subject": "9",
  "seed": 2,
  "warmup_hash": "775e5377fe0f2372",
  "A_4": 0.7734272656705918,
  "A_16": 0.9222026266076695,
  "B_4": 1.0345332265986567,
  "B_16": 0.47721245791787564,
  "SNR_4": 0.21013113272450998,
  "SNR_16": 0.46364275625643914,
  "full_grad_norm": 0.4508921205997467,
  "mean_grad_norm_4": 0.7173758149147034,
  "mean_grad_norm_16": 0.5418940782546997,
  "dw_full": 0.06319522315805604,
  "dw_k4": 0.029885201294709132,
  "dw_k16": 0.04127082624745518,
  "K16": 16,
  "k16_reason": "ok",
  "L_full": 0.09190956503152847,
  "true_vs_shuffle_reldist": 0.9364314409994309,
  "true_vs_shuffle_cos": 0.573396295411627,
  "n_subjects": 11,
  "n_source": 4000
}