{
  "dataset": "BNCI2014_001",
  "subject": "3",
  "seed": 1,
  "warmup_hash": "e979129a56c8d424",
  "A_4": 0.4526709248525003,
  "A_16": 0.8845902045192772,
  "B_4": 0.9310061172263601,
  "B_16": 0.46911425741055907,
  "SNR_4": 0.06921666177408127,
  "SNR_16": 0.2746080381423865,
  "full_grad_norm": 0.7382827997207642,
  "mean_grad_norm_4": 0.5318652391433716,
  "mean_grad_norm_16": 0.6156653761863708,
  "dw_full": 0.05519828572869301,
  "dw_k4": 0.032907111612563815,
  "dw_k16": 0.040808986448033754,
  "K16": 16,
  "k16_reason": "ok",
  "L_full": 0.201802060008049,
  "true_vs_shuffle_reldist": 0.937088629156843,
  "true_vs_shuffle_cos": 0.40561972100631216,
  "n_subjects": 8,
  "n_source": 3680
}