{
  "dataset": "BNCI2014_001",
  "subject": "6",
  "seed": 0,
  "warmup_hash": "60cb7745022e8439",
  "A_4": 0.5637556322935086,
  "A_16": 0.9210874574515171,
  "B_4": 0.8350728199009301,
  "B_16": 0.39004067780296503,
  "SNR_4": 0.09302117563893601,
  "SNR_16": 0.3884220866394317,
  "full_grad_norm": 0.8445912599563599,
  "mean_grad_norm_4": 0.5801585912704468,
  "mean_grad_norm_16": 0.7974533438682556,
  "dw_full": 0.0583128953973453,
  "dw_k4": 0.03761123670870219,
  "dw_k16": 0.045457482787332054,
  "K16": 16,
  "k16_reason": "ok",
  "L_full": 0.18670950829982758,
  "true_vs_shuffle_reldist": 0.9915954887429165,
  "true_vs_shuffle_cos": 0.13058688427221415,
  "n_subjects": 8,
  "n_source": 3680
}