{
  "dataset": "BNCI2014_001",
  "subject": "9",
  "seed": 0,
  "warmup_hash": "df8985b535f1429d",
  "A_4": 0.5345926464351566,
  "A_16": 0.9235960348302542,
  "B_4": 0.8608619444222289,
  "B_16": 0.3837861621159152,
  "SNR_4": 0.06506463184963045,
  "SNR_16": 0.24946007405373594,
  "full_grad_norm": 0.7467657327651978,
  "mean_grad_norm_4": 0.5216323137283325,
  "mean_grad_norm_16": 0.7031011581420898,
  "dw_full": 0.06251674331724644,
  "dw_k4": 0.037859272889563214,
  "dw_k16": 0.04569967856808987,
  "K16": 16,
  "k16_reason": "ok",
  "L_full": 0.1592978835105896,
  "true_vs_shuffle_reldist": 0.9386391989547359,
  "true_vs_shuffle_cos": 0.40898257695483936,
  "n_subjects": 8,
  "n_source": 3680
}