{
  "dataset": "BNCI2014_001",
  "subject": "5",
  "seed": 0,
  "warmup_hash": "88b889faa811db4a",
  "A_4": 0.8398266554924474,
  "A_16": 0.9567457822071115,
  "B_4": 0.5447753666582985,
  "B_16": 0.2922957827161498,
  "SNR_4": 0.17596538516240223,
  "SNR_16": 0.6387106788684563,
  "full_grad_norm": 0.8645145297050476,
  "mean_grad_norm_4": 0.6865286231040955,
  "mean_grad_norm_16": 0.8026787638664246,
  "dw_full": 0.05616902847153438,
  "dw_k4": 0.03840941318752228,
  "dw_k16": 0.04623162596160311,
  "K16": 16,
  "k16_reason": "ok",
  "L_full": 0.21531665325164795,
  "true_vs_shuffle_reldist": 0.9616874401496252,
  "true_vs_shuffle_cos": 0.3050828994566593,
  "n_subjects": 8,
  "n_source": 3680
}