{
  "dataset": "BNCI2014_001",
  "subject": "8",
  "seed": 0,
  "warmup_hash": "a6ce764068495ca6",
  "A_4": 0.7663298846738643,
  "A_16": 0.9480155033381583,
  "B_4": 0.6498936892641364,
  "B_16": 0.3243841312913178,
  "SNR_4": 0.1271726276117349,
  "SNR_16": 0.4755410739309337,
  "full_grad_norm": 1.0855584144592285,
  "mean_grad_norm_4": 0.7254032492637634,
  "mean_grad_norm_16": 0.9608266949653625,
  "dw_full": 0.06577035055185365,
  "dw_k4": 0.04314839801100215,
  "dw_k16": 0.052793651875985316,
  "K16": 16,
  "k16_reason": "ok",
  "L_full": 0.21770767867565155,
  "true_vs_shuffle_reldist": 0.9038284273645895,
  "true_vs_shuffle_cos": 0.5476226495917326,
  "n_subjects": 8,
  "n_source": 3680
}