{
  "dataset": "BNCI2014_001",
  "subject": "1",
  "seed": 0,
  "warmup_hash": "6878f4b92bdb50b3",
  "A_4": 0.8067126731271177,
  "A_16": 0.9194924606141326,
  "B_4": 0.5958982532367172,
  "B_16": 0.40772993165018245,
  "SNR_4": 0.12074760241861258,
  "SNR_16": 0.29194384177495775,
  "full_grad_norm": 0.7700895667076111,
  "mean_grad_norm_4": 0.680292010307312,
  "mean_grad_norm_16": 0.6247578859329224,
  "dw_full": 0.07508121617138386,
  "dw_k4": 0.051012055045110465,
  "dw_k16": 0.06218408596327512,
  "K16": 16,
  "k16_reason": "ok",
  "L_full": 0.19352063536643982,
  "true_vs_shuffle_reldist": 0.9373148939547157,
  "true_vs_shuffle_cos": 0.46123951296573884,
  "n_subjects": 8,
  "n_source": 3680
}