{
  "boundary_classes": [
    1,
    3
  ],
  "config_hash": "664007686afb520f",
  "decomposition": {
    "cross_regime:S4_missing_cells": {
      "mode": "cross_regime",
      "n": 1268,
      "per_target_auc": {
        "1": 0.6763392857142857,
        "2": 0.7141812865497076,
        "3": 0.6888392857142858,
        "4": 0.7042671614100185,
        "5": 0.5748311411304657,
        "6": 0.549161230195713,
        "7": 0.6456140350877193,
        "8": 0.5726537613330066,
        "9": 0.646485260770975
      },
      "pooled_auc": 0.49987774451097805,
      "pooled_minus_within": -0.14149697192304161,
      "regime": "S4_missing_cells",
      "within_target_max": 0.7141812865497076,
      "within_target_mean_auc": 0.6413747164340197,
      "within_target_min": 0.549161230195713
    },
    "cross_regime:S5_block_class_by_domain": {
      "mode": "cross_regime",
      "n": 1268,
      "per_target_auc": {
        "1": 0.6375,
        "2": 0.6850877192982456,
        "3": 0.7073660714285714,
        "4": 0.7510204081632653,
        "5": 0.5684322787060079,
        "6": 0.5573159366262814,
        "7": 0.5973684210526315,
        "8": 0.5797598627787307,
        "9": 0.6238095238095238
      },
      "pooled_auc": 0.5114446107784432,
      "pooled_minus_within": -0.12273985831747436,
      "regime": "S5_block_class_by_domain",
      "within_target_max": 0.7510204081632653,
      "within_target_mean_auc": 0.6341844690959175,
      "within_target_min": 0.5573159366262814
    },
    "cross_regime:S6_boundary_aligned_mask": {
      "mode": "cross_regime",
      "n": 1268,
      "per_target_auc": {
        "1": 0.5707589285714286,
        "2": 0.7048245614035088,
        "3": 0.7207589285714285,
        "4": 0.7532467532467533,
        "5": 0.5897618201208674,
        "6": 0.5992544268406338,
        "7": 0.6087719298245614,
        "8": 0.5998529772114678,
        "9": 0.7183673469387755
      },
      "pooled_auc": 0.5318413173652694,
      "pooled_minus_within": -0.11989175738244451,
      "regime": "S6_boundary_aligned_mask",
      "within_target_max": 0.7532467532467533,
      "within_target_mean_auc": 0.6517330747477139,
      "within_target_min": 0.5707589285714286
    },
    "cross_regime:S7_random_matched_mask": {
      "mode": "cross_regime",
      "n": 1268,
      "per_target_auc": {
        "1": 0.6488839285714286,
        "2": 0.6883040935672514,
        "3": 0.6229910714285715,
        "4": 0.5552875695732838,
        "5": 0.6910771418414504,
        "6": 0.5657036346691519,
        "7": 0.606140350877193,
        "8": 0.5653026219063955,
        "9": 0.7428571428571429
      },
      "pooled_auc": 0.5359505988023953,
      "pooled_minus_within": -0.09588801845225692,
      "regime": "S7_random_matched_mask",
      "within_target_max": 0.7428571428571429,
      "within_target_mean_auc": 0.6318386172546522,
      "within_target_min": 0.5552875695732838
    },
    "in_regime:S0_full_support": {
      "mode": "in_regime",
      "n": 1268,
      "per_target_auc": {
        "1": 0.7033482142857143,
        "2": 0.7264619883040936,
        "3": 0.6676339285714286,
        "4": 0.7009276437847867,
        "5": 0.6150017774617845,
        "6": 0.6386300093196645,
        "7": 0.6168859649122806,
        "8": 0.5704484195050232,
        "9": 0.7317460317460317
      },
      "pooled_auc": 0.5607135728542915,
      "pooled_minus_within": -0.1027402024669094,
      "regime": "S0_full_support",
      "within_target_max": 0.7317460317460317,
      "within_target_mean_auc": 0.6634537753212009,
      "within_target_min": 0.5704484195050232
    },
    "in_regime:S2_rare_cells": {
      "mode": "in_regime",
      "n": 1268,
      "per_target_auc": {
        "1": 0.7604910714285714,
        "2": 0.6947368421052632,
        "3": 0.7162946428571428,
        "4": 0.6883116883116883,
        "5": 0.6238890863846427,
        "6": 0.6029822926374651,
        "7": 0.574780701754386,
        "8": 0.6451850036755697,
        "9": 0.7360544217687075
      },
      "pooled_auc": 0.5366566866267465,
      "pooled_minus_within": -0.13475728569807988,
      "regime": "S2_rare_cells",
      "within_target_max": 0.7604910714285714,
      "within_target_mean_auc": 0.6714139723248264,
      "within_target_min": 0.574780701754386
    },
    "in_regime:S3_nonestimable_cells": {
      "mode": "in_regime",
      "n": 1268,
      "per_target_auc": {
        "1": 0.7529017857142857,
        "2": 0.6992690058479533,
        "3": 0.6787946428571429,
        "4": 0.6933209647495362,
        "5": 0.6317099182367579,
        "6": 0.625116495806151,
        "7": 0.5289473684210526,
        "8": 0.5866209262435678,
        "9": 0.6764172335600908
      },
      "pooled_auc": 0.5331162674650699,
      "pooled_minus_within": -0.11945021491676766,
      "regime": "S3_nonestimable_cells",
      "within_target_max": 0.7529017857142857,
      "within_target_mean_auc": 0.6525664823818376,
      "within_target_min": 0.5289473684210526
    }
  },
  "decomposition_summary": {
    "mean_pooled_auc": 0.5299429712004563,
    "mean_pooled_minus_within": -0.11956632987956776,
    "mean_within_target_auc": 0.649509301080024,
    "within_exceeds_pooled_everywhere": true
  },
  "diagnostic_only_non_deployable": true,
  "epoch_confound": {
    "baseline_within_target_strength": {
      "R_src": 0.6690819429027496,
      "epoch": 0.5545847694569417,
      "order": 0.5545127963791404,
      "train_surrogate": 0.6002453552973308
    },
    "best_training_log_baseline_strength": 0.6690819429027496,
    "best_trajectory_baseline_strength": 0.5545847694569417,
    "epoch_confounded": false,
    "n_targets_partial": 9,
    "note": "T2 (trajectory confound) fires ONLY if the probe fails to beat the epoch/order baselines OR the residual controlling epoch vanishes. Training-log baselines (R_src/train_surrogate) are a SEPARATE source-observable overlap: source_risk_overlap means a single source-risk scalar matches the probe (a low-dimensional / risk-family finding, echoing C17), NOT a trajectory proxy. Reported BEFORE any normalization-rescue interpretation.",
    "partial_spearman_score_label_given_R_src": 0.16252838954579057,
    "partial_spearman_score_label_given_epoch": 0.22519165309004988,
    "probe_adds_over_source_risk": true,
    "probe_beats_trajectory": true,
    "probe_within_target_auc": 0.658600107451297,
    "probe_within_target_strength": 0.658600107451297,
    "residual_signal_present": true,
    "source_risk_overlap": true,
    "training_log_baseline_strength": {
      "R_src": 0.6690819429027496,
      "train_surrogate": 0.6002453552973308
    },
    "trajectory_baseline_strength": {
      "epoch": 0.5545847694569417,
      "order": 0.5545127963791404
    }
  },
  "feature_shift": {
    "n_features": 16,
    "n_offset_dominated": 12,
    "n_usable_ranking": 16,
    "note": "interpretive decomposition of the FROZEN robust-core set; NOT feature selection.",
    "offset_dominated_fraction": 0.75,
    "per_feature": {
      "audit_leakage_point": {
        "offset_dominated": false,
        "regime_between_fraction": 0.9336749733287361,
        "target_between_fraction": 0.03196073557593537,
        "usable_ranking": true,
        "within_target_label_spearman": 0.11260754470310344
      },
      "selection_leakage_point": {
        "offset_dominated": false,
        "regime_between_fraction": 0.0005885248086409478,
        "target_between_fraction": 0.2940965670690385,
        "usable_ranking": true,
        "within_target_label_spearman": 0.17451058968021618
      },
      "source_audit_conf_on_wrong": {
        "offset_dominated": true,
        "regime_between_fraction": 0.0006387948664773513,
        "target_between_fraction": 0.6475942187212546,
        "usable_ranking": true,
        "within_target_label_spearman": 0.2155378596460261
      },
      "source_audit_confidence": {
        "offset_dominated": true,
        "regime_between_fraction": 5.953073575375523e-05,