{
  "all_requested_datasets": [
    "BNCI2014_001",
    "Cho2017",
    "Lee2019_MI"
  ],
  "dataset_macro": {
    "rct": {
      "mean_acc": 0.6098275862068966,
      "mean_bacc": 0.6098275862068965
    },
    "source_only_tsmnet": {
      "mean_acc": 0.5308620689655171,
      "mean_bacc": 0.5308620689655171
    },
    "spdim_bias": {
      "mean_acc": 0.6035057471264367,
      "mean_bacc": 0.6035057471264367
    },
    "spdim_geodesic": {
      "mean_acc": 0.6083333333333333,
      "mean_bacc": 0.6083333333333332
    }
  },
  "datasets": [
    "Cho2017"
  ],
  "deltas": {
    "rct_minus_source_only_tsmnet": {
      "mean_acc_delta": 0.07896551724137932,
      "mean_bacc_delta": 0.07896551724137932,
      "n": 29
    },
    "spdim_bias_minus_rct": {
      "mean_acc_delta": -0.006321839080459768,
      "mean_bacc_delta": -0.006321839080459773,
      "n": 29
    },
    "spdim_bias_minus_source_only_tsmnet": {
      "mean_acc_delta": 0.07264367816091953,
      "mean_bacc_delta": 0.07264367816091953,
      "n": 29
    },
    "spdim_geodesic_minus_rct": {
      "mean_acc_delta": -0.0014942528735632146,
      "mean_bacc_delta": -0.0014942528735632224,
      "n": 29
    },
    "spdim_geodesic_minus_source_only_tsmnet": {
      "mean_acc_delta": 0.07747126436781611,
      "mean_bacc_delta": 0.07747126436781611,
      "n": 29
    }
  },
  "elapsed_seconds": 30517.477418899536,
  "expected_rows_by_dataset": {
    "BNCI2014_001": 0,
    "Cho2017": 116,
    "Lee2019_MI": 0
  },
  "final_squeue_absent": null,
  "harm": {
    "rct_vs_source_only_tsmnet": {
      "harm_count": 2,
      "harm_rate": 0.06896551724137931,
      "n": 29
    },
    "spdim_bias_vs_rct": {
      "harm_count": 14,
      "harm_rate": 0.4827586206896552,
      "n": 29
    },
    "spdim_bias_vs_source_only_tsmnet": {
      "harm_count": 3,
      "harm_rate": 0.10344827586206896,
      "n": 29
    },
    "spdim_geodesic_vs_rct": {
      "harm_count": 10,
      "harm_rate": 0.3448275862068966,
      "n": 29
    },
    "spdim_geodesic_vs_source_only_tsmnet": {
      "harm_count": 2,
      "harm_rate": 0.06896551724137931,
      "n": 29
    }
  },
  "label": "W1 repaired-split seed-0 official SPDIM expansion, not full three-seed baseline.",
  "launch_provenance": {
    "clean_worktree": true,
    "command_line": "/home/infres/yinwang/CMI_AAAI_spdim_clean_a8b9368/h2cmi/run_spdim_w1_repaired_seed0.py --mode run --external-spdim-path /home/infres/yinwang/.cache/h2cmi_external/SPDIM_1b0de0ccd4c48a4ff28f087b866a0b671b029c39 --datasets BNCI2014_001,Cho2017,Lee2019_MI --manifest h2cmi/results/review_completion/w1_repaired_split_manifest.csv --manifest-hash 231246def0ac1dd8cef02920b77502767467738a839ca0a99673117df31b6d8e --target-spec Cho2017=21-49 --shard-id shard1 --seed 0 --epochs 20 --adapt-epochs 30 --device cuda --out /home/infres/yinwang/.cache/h2cmi_training_caches/p8_repaired_seed0_4shard_763e11c4412938017f0a7b1be3cfbe9e40ec3d41/shard1_results.csv --audit /home/infres/yinwang/.cache/h2cmi_training_caches/p8_repaired_seed0_4shard_763e11c4412938017f0a7b1be3cfbe9e40ec3d41/shard1_audit.md --summary /home/infres/yinwang/.cache/h2cmi_training_caches/p8_repaired_seed0_4shard_763e11c4412938017f0a7b1be3cfbe9e40ec3d41/shard1_summary.json --digest /home/infres/yinwang/.cache/h2cmi_training_caches/p8_repaired_seed0_4shard_763e11c4412938017f0a7b1be3cfbe9e40ec3d41/shard1_result_digest.md --legacy-compare /home/infres/yinwang/.cache/h2cmi_training_caches/p8_repaired_seed0_4shard_763e11c4412938017f0a7b1be3cfbe9e40ec3d41/shard1_legacy_compare.md --failure-trace /home/infres/yinwang/.cache/h2cmi_training_caches/p8_repaired_seed0_4shard_763e11c4412938017f0a7b1be3cfbe9e40ec3d41/shard1_failure_trace.txt",
    "config_file": "h2cmi/config.py",
    "config_sha256": "6f27455570996064b8e8ea360b1e0324a9b8ea2e5995d35297a66697a76e6a6b",
    "environment_name": "base",
    "external_spdim_commit": "1b0de0ccd4c48a4ff28f087b866a0b671b029c39",
    "git_status_porcelain": "",
    "launch_commit": "763e11c4412938017f0a7b1be3cfbe9e40ec3d41",
    "manifest": "h2cmi/results/review_completion/w1_repaired_split_manifest.csv",
    "manifest_file_sha256": "e9ebe6e9421bdcf10f8a952623285cec0842f5cb6b868e8147f13dde23e8a712",
    "manifest_hash": "231246def0ac1dd8cef02920b77502767467738a839ca0a99673117df31b6d8e",
    "manifest_hash_matches_p7": true,
    "run_config_sha256": "8a8840ff9bbda4b649e13ecf51a69b4720b6f924b0055cff8aeb29306947210f",
    "runner_dirty_allowed": false,
    "runner_file": "h2cmi/run_spdim_w1_repaired_seed0.py",
    "runner_file_sha256": "946b28b93f0ddbce395ade7c6a13d30b20f368fe7a1ae22fbefa01f291e82be8",
    "slurm_job_id": "891458"
  },
  "legacy_compare": {
    "legacy_rows": 460,
    "legacy_source": "h2cmi/results/review_completion/spdim_w1_seed0_results.csv",
    "legacy_status": "diagnostic_only_old_split",
    "new_dataset_macro": {
      "rct": {
        "mean_acc": 0.6098275862068966,
        "mean_bacc": 0.6098275862068965
      },
      "source_only_tsmnet": {
        "mean_acc": 0.5308620689655171,
        "mean_bacc": 0.5308620689655171
      },
      "spdim_bias": {
        "mean_acc": 0.6035057471264367,
        "mean_bacc": 0.6035057471264367
      },
      "spdim_geodesic": {
        "mean_acc": 0.6083333333333333,
        "mean_bacc": 0.6083333333333332
      }
    },
    "new_per_dataset": {
      "Cho2017": {
        "rct": {
          "mean_acc": 0.6098275862068966,
          "mean_bacc": 0.6098275862068965,
          "mean_macro_f1": 0.60400151107924,
          "n": 29
        },
        "source_only_tsmnet": {
          "mean_acc": 0.5308620689655171,
          "mean_bacc": 0.5308620689655171,
          "mean_macro_f1": 0.40690725642196907,
          "n": 29
        },
        "spdim_bias": {
          "mean_acc": 0.6035057471264367,
          "mean_bacc": 0.6035057471264367,
          "mean_macro_f1": 0.5986047558326226,
          "n": 29
        },
        "spdim_geodesic": {
          "mean_acc": 0.6083333333333333,
          "mean_bacc": 0.6083333333333332,
          "mean_macro_f1": 0.6028207014903576,
          "n": 29
        }
      }
    },
    "new_rows": 116,
    "new_subject_weighted": {
      "rct": {
        "mean_acc": 0.6098275862068966,
        "mean_bacc": 0.6098275862068965,
        "n": 29
      },
      "source_only_tsmnet": {
        "mean_acc": 0.5308620689655171,
        "mean_bacc": 0.5308620689655171,
        "n": 29
      },
      "spdim_bias": {
        "mean_acc": 0.6035057471264367,
        "mean_bacc": 0.6035057471264367,
        "n": 29
      },
      "spdim_geodesic": {
        "mean_acc": 0.6083333333333333,
        "mean_bacc": 0.6083333333333332,
        "n": 29
      }
    },
    "old_dataset_macro": {
      "rct": {
        "mean_acc": 0.6849679487179487,
        "mean_bacc": 0.6849679487179487
      },
      "source_only_tsmnet": {
        "mean_acc": 0.8941987179487181,
        "mean_bacc": 0.8941987179487181
      },
      "spdim_bias": {
        "mean_acc": 0.6706089743589743,
        "mean_bacc": 0.6706089743589743
      },
      "spdim_geodesic": {
        "mean_acc": 0.6693910256410256,
        "mean_bacc": 0.6693910256410256
      }
    },
    "old_per_dataset": {
      "Cho2017": {
        "rct": {
          "mean_acc": 0.6849679487179487,
          "mean_bacc": 0.6849679487179487,
          "mean_macro_f1": 0.4136209680767356,
          "n": 52
        },
        "source_only_tsmnet": {
          "mean_acc": 0.8941987179487181,
          "mean_bacc": 0.8941987179487181,
          "mean_macro_f1": 0.7273541997039045,
          "n": 52
        },
        "spdim_bias": {
          "mean_acc": 0.6706089743589743,
          "mean_bacc": 0.6706089743589743,
          "mean_macro_f1": 0.4077377739201108,
          "n": 52
        },
        "spdim_geodesic": {
          "mean_acc": 0.6693910256410256,
          "mean_bacc": 0.6693910256410256,
          "mean_macro_f1": 0.40716911164047587,
          "n": 52
        }
      }
    },